ISO-10303-21;
HEADER;
/* Generated by software containing ST-Developer
 * from STEP Tools, Inc. (www.steptools.com) 
 */

FILE_DESCRIPTION(
/* description */ ('STEP AP214'),
/* implementation_level */ '2;1');

FILE_NAME(
/* name */ '20A ATM FUSE, YELLOW.step',
/* time_stamp */ '2026-01-12T17:52:28+07:00',
/* author */ (''),
/* organization */ (''),
/* preprocessor_version */ 'ST-DEVELOPER v20.1',
/* originating_system */ 'Autodesk Translation Framework v14.21.0.0',
/* authorisation */ '');

FILE_SCHEMA (('AUTOMOTIVE_DESIGN { 1 0 10303 214 3 1 1 }'));
ENDSEC;

DATA;
#10=MECHANICAL_DESIGN_GEOMETRIC_PRESENTATION_REPRESENTATION('',(#43,#44,
#45),#4819);
#11=SHAPE_REPRESENTATION_RELATIONSHIP('SRR','None',#4826,#12);
#12=ADVANCED_BREP_SHAPE_REPRESENTATION('',(#46,#47,#48),#4818);
#13=ELLIPSE('',#3047,0.59905780188562,0.317500000000027);
#14=ELLIPSE('',#3048,0.599057801885618,0.317500000000029);
#15=ELLIPSE('',#3049,0.599057801885514,0.317499999999977);
#16=ELLIPSE('',#3050,0.599057801885603,0.317499999999999);
#17=ELLIPSE('',#3051,0.599057801885614,0.317500000000005);
#18=ELLIPSE('',#3052,0.599057801885604,0.317499999999992);
#19=ELLIPSE('',#3053,0.599057801885599,0.317499999999991);
#20=ELLIPSE('',#3054,0.599057801885624,0.317499999999998);
#21=ELLIPSE('',#3055,0.59905780188561,0.317500000000005);
#22=ELLIPSE('',#3056,0.59905780188558,0.317499999999991);
#23=ELLIPSE('',#3057,0.59905780188556,0.317499999999999);
#24=ELLIPSE('',#3058,0.59905780188552,0.317499999999978);
#25=ELLIPSE('',#3059,0.599057801885634,0.317500000000006);
#26=ELLIPSE('',#3060,0.599057801885647,0.317499999999998);
#27=ELLIPSE('',#3061,0.599057801885599,0.317499999999999);
#28=ELLIPSE('',#3067,0.599057801885522,0.317499999999957);
#29=ELLIPSE('',#3068,0.599057801885662,0.317499999999998);
#30=ELLIPSE('',#3069,0.599057801885699,0.317500000000026);
#31=ELLIPSE('',#3070,0.599057801885573,0.317499999999985);
#32=ELLIPSE('',#3071,0.599057801885551,0.317499999999999);
#33=ELLIPSE('',#3072,0.599057801885614,0.317500000000026);
#34=ELLIPSE('',#3073,0.599057801885606,0.317499999999984);
#35=ELLIPSE('',#3074,0.599057801885582,0.317499999999998);
#36=ELLIPSE('',#3075,0.599057801885646,0.317499999999991);
#37=ELLIPSE('',#3076,0.599057801885655,0.317499999999991);
#38=ELLIPSE('',#3077,0.599057801885643,0.317499999999964);
#39=ELLIPSE('',#3078,0.599057801885582,0.317500000000009);
#40=ELLIPSE('',#3079,0.599057801885576,0.317499999999995);
#41=ELLIPSE('',#3080,0.599057801885555,0.317499999999998);
#42=ELLIPSE('',#3081,0.599057801885565,0.317499999999978);
#43=STYLED_ITEM('',(#4836),#46);
#44=STYLED_ITEM('',(#4836),#47);
#45=STYLED_ITEM('',(#4837),#48);
#46=MANIFOLD_SOLID_BREP('Body1',#2937);
#47=MANIFOLD_SOLID_BREP('Body2',#2938);
#48=MANIFOLD_SOLID_BREP('Body3',#2939);
#49=CIRCLE('',#2967,1.04963102400866);
#50=CIRCLE('',#2968,1.04963102400866);
#51=CIRCLE('',#2971,0.581891131781761);
#52=CIRCLE('',#2972,0.581891131781761);
#53=CIRCLE('',#2975,1.08989113178176);
#54=CIRCLE('',#2976,1.08989113178176);
#55=CIRCLE('',#2979,0.54163102400866);
#56=CIRCLE('',#2980,0.54163102400866);
#57=CIRCLE('',#2983,1.10167034356438);
#58=CIRCLE('',#2984,1.10167034356438);
#59=CIRCLE('',#2986,0.593670343564378);
#60=CIRCLE('',#2987,0.593670343564378);
#61=CIRCLE('',#3084,0.317500000000001);
#62=CIRCLE('',#3085,0.317500000000001);
#63=CIRCLE('',#3086,0.317500000000001);
#64=CIRCLE('',#3087,0.317500000000001);
#65=CIRCLE('',#3088,0.317500000000001);
#66=CIRCLE('',#3089,0.317500000000001);
#67=CIRCLE('',#3090,0.317500000000001);
#68=CIRCLE('',#3091,0.317500000000001);
#69=CIRCLE('',#3092,0.317500000000001);
#70=CIRCLE('',#3093,0.317500000000001);
#71=CIRCLE('',#3094,0.317500000000001);
#72=CIRCLE('',#3095,0.317500000000001);
#73=CIRCLE('',#3096,0.317500000000001);
#74=CIRCLE('',#3097,0.317500000000001);
#75=CIRCLE('',#3098,0.317500000000001);
#76=CIRCLE('',#3099,0.317500000000001);
#77=CIRCLE('',#3100,0.317500000000001);
#78=CIRCLE('',#3101,0.317500000000001);
#79=CIRCLE('',#3102,0.317500000000001);
#80=CIRCLE('',#3103,0.317500000000001);
#81=CIRCLE('',#3104,0.317500000000001);
#82=CIRCLE('',#3105,0.317500000000001);
#83=CIRCLE('',#3106,0.317500000000001);
#84=CIRCLE('',#3107,0.317500000000001);
#85=CIRCLE('',#3108,0.317500000000001);
#86=CIRCLE('',#3109,0.317500000000001);
#87=CIRCLE('',#3110,0.317500000000001);
#88=CIRCLE('',#3111,0.317500000000001);
#89=CIRCLE('',#3112,0.317500000000001);
#90=CIRCLE('',#3113,0.317500000000001);
#91=CYLINDRICAL_SURFACE('',#2966,1.04963102400866);
#92=CYLINDRICAL_SURFACE('',#2970,0.581891131781761);
#93=CYLINDRICAL_SURFACE('',#2974,1.08989113178176);
#94=CYLINDRICAL_SURFACE('',#2978,0.54163102400866);
#95=CYLINDRICAL_SURFACE('',#2982,1.10167034356438);
#96=CYLINDRICAL_SURFACE('',#2985,0.593670343564378);
#97=CYLINDRICAL_SURFACE('',#3126,0.317500000000001);
#98=CYLINDRICAL_SURFACE('',#3127,0.317500000000001);
#99=CYLINDRICAL_SURFACE('',#3128,0.317500000000001);
#100=CYLINDRICAL_SURFACE('',#3129,0.317500000000001);
#101=CYLINDRICAL_SURFACE('',#3130,0.317500000000001);
#102=CYLINDRICAL_SURFACE('',#3131,0.317500000000001);
#103=CYLINDRICAL_SURFACE('',#3132,0.317500000000001);
#104=CYLINDRICAL_SURFACE('',#3133,0.317500000000001);
#105=CYLINDRICAL_SURFACE('',#3134,0.317500000000001);
#106=CYLINDRICAL_SURFACE('',#3135,0.317500000000001);
#107=CYLINDRICAL_SURFACE('',#3136,0.317500000000001);
#108=CYLINDRICAL_SURFACE('',#3137,0.317500000000001);
#109=CYLINDRICAL_SURFACE('',#3138,0.317500000000001);
#110=CYLINDRICAL_SURFACE('',#3139,0.317500000000001);
#111=CYLINDRICAL_SURFACE('',#3140,0.317500000000001);
#112=CYLINDRICAL_SURFACE('',#3141,0.317500000000001);
#113=CYLINDRICAL_SURFACE('',#3142,0.317500000000001);
#114=CYLINDRICAL_SURFACE('',#3143,0.317500000000001);
#115=CYLINDRICAL_SURFACE('',#3144,0.317500000000001);
#116=CYLINDRICAL_SURFACE('',#3145,0.317500000000001);
#117=CYLINDRICAL_SURFACE('',#3146,0.317500000000001);
#118=CYLINDRICAL_SURFACE('',#3147,0.317500000000001);
#119=CYLINDRICAL_SURFACE('',#3148,0.317500000000001);
#120=CYLINDRICAL_SURFACE('',#3149,0.317500000000001);
#121=CYLINDRICAL_SURFACE('',#3150,0.317500000000001);
#122=CYLINDRICAL_SURFACE('',#3151,0.317500000000001);
#123=CYLINDRICAL_SURFACE('',#3152,0.317500000000001);
#124=CYLINDRICAL_SURFACE('',#3153,0.317500000000001);
#125=CYLINDRICAL_SURFACE('',#3154,0.317500000000001);
#126=CYLINDRICAL_SURFACE('',#3155,0.317500000000001);
#127=FACE_BOUND('',#285,.T.);
#128=FACE_BOUND('',#288,.T.);
#129=FACE_BOUND('',#294,.T.);
#130=FACE_BOUND('',#319,.T.);
#131=FACE_BOUND('',#322,.T.);
#132=FACE_BOUND('',#377,.T.);
#133=FACE_BOUND('',#378,.T.);
#134=FACE_OUTER_BOUND('',#283,.T.);
#135=FACE_OUTER_BOUND('',#284,.T.);
#136=FACE_OUTER_BOUND('',#286,.T.);
#137=FACE_OUTER_BOUND('',#287,.T.);
#138=FACE_OUTER_BOUND('',#289,.T.);
#139=FACE_OUTER_BOUND('',#290,.T.);
#140=FACE_OUTER_BOUND('',#291,.T.);
#141=FACE_OUTER_BOUND('',#292,.T.);
#142=FACE_OUTER_BOUND('',#293,.T.);
#143=FACE_OUTER_BOUND('',#295,.T.);
#144=FACE_OUTER_BOUND('',#296,.T.);
#145=FACE_OUTER_BOUND('',#297,.T.);
#146=FACE_OUTER_BOUND('',#298,.T.);
#147=FACE_OUTER_BOUND('',#299,.T.);
#148=FACE_OUTER_BOUND('',#300,.T.);
#149=FACE_OUTER_BOUND('',#301,.T.);
#150=FACE_OUTER_BOUND('',#302,.T.);
#151=FACE_OUTER_BOUND('',#303,.T.);
#152=FACE_OUTER_BOUND('',#304,.T.);
#153=FACE_OUTER_BOUND('',#305,.T.);
#154=FACE_OUTER_BOUND('',#306,.T.);
#155=FACE_OUTER_BOUND('',#307,.T.);
#156=FACE_OUTER_BOUND('',#308,.T.);
#157=FACE_OUTER_BOUND('',#309,.T.);
#158=FACE_OUTER_BOUND('',#310,.T.);
#159=FACE_OUTER_BOUND('',#311,.T.);
#160=FACE_OUTER_BOUND('',#312,.T.);
#161=FACE_OUTER_BOUND('',#313,.T.);
#162=FACE_OUTER_BOUND('',#314,.T.);
#163=FACE_OUTER_BOUND('',#315,.T.);
#164=FACE_OUTER_BOUND('',#316,.T.);
#165=FACE_OUTER_BOUND('',#317,.T.);
#166=FACE_OUTER_BOUND('',#318,.T.);
#167=FACE_OUTER_BOUND('',#320,.T.);
#168=FACE_OUTER_BOUND('',#321,.T.);
#169=FACE_OUTER_BOUND('',#323,.T.);
#170=FACE_OUTER_BOUND('',#324,.T.);
#171=FACE_OUTER_BOUND('',#325,.T.);
#172=FACE_OUTER_BOUND('',#326,.T.);
#173=FACE_OUTER_BOUND('',#327,.T.);
#174=FACE_OUTER_BOUND('',#328,.T.);
#175=FACE_OUTER_BOUND('',#329,.T.);
#176=FACE_OUTER_BOUND('',#330,.T.);
#177=FACE_OUTER_BOUND('',#331,.T.);
#178=FACE_OUTER_BOUND('',#332,.T.);
#179=FACE_OUTER_BOUND('',#333,.T.);
#180=FACE_OUTER_BOUND('',#334,.T.);
#181=FACE_OUTER_BOUND('',#335,.T.);
#182=FACE_OUTER_BOUND('',#336,.T.);
#183=FACE_OUTER_BOUND('',#337,.T.);
#184=FACE_OUTER_BOUND('',#338,.T.);
#185=FACE_OUTER_BOUND('',#339,.T.);
#186=FACE_OUTER_BOUND('',#340,.T.);
#187=FACE_OUTER_BOUND('',#341,.T.);
#188=FACE_OUTER_BOUND('',#342,.T.);
#189=FACE_OUTER_BOUND('',#343,.T.);
#190=FACE_OUTER_BOUND('',#344,.T.);
#191=FACE_OUTER_BOUND('',#345,.T.);
#192=FACE_OUTER_BOUND('',#346,.T.);
#193=FACE_OUTER_BOUND('',#347,.T.);
#194=FACE_OUTER_BOUND('',#348,.T.);
#195=FACE_OUTER_BOUND('',#349,.T.);
#196=FACE_OUTER_BOUND('',#350,.T.);
#197=FACE_OUTER_BOUND('',#351,.T.);
#198=FACE_OUTER_BOUND('',#352,.T.);
#199=FACE_OUTER_BOUND('',#353,.T.);
#200=FACE_OUTER_BOUND('',#354,.T.);
#201=FACE_OUTER_BOUND('',#355,.T.);
#202=FACE_OUTER_BOUND('',#356,.T.);
#203=FACE_OUTER_BOUND('',#357,.T.);
#204=FACE_OUTER_BOUND('',#358,.T.);
#205=FACE_OUTER_BOUND('',#359,.T.);
#206=FACE_OUTER_BOUND('',#360,.T.);
#207=FACE_OUTER_BOUND('',#361,.T.);
#208=FACE_OUTER_BOUND('',#362,.T.);
#209=FACE_OUTER_BOUND('',#363,.T.);
#210=FACE_OUTER_BOUND('',#364,.T.);
#211=FACE_OUTER_BOUND('',#365,.T.);
#212=FACE_OUTER_BOUND('',#366,.T.);
#213=FACE_OUTER_BOUND('',#367,.T.);
#214=FACE_OUTER_BOUND('',#368,.T.);
#215=FACE_OUTER_BOUND('',#369,.T.);
#216=FACE_OUTER_BOUND('',#370,.T.);
#217=FACE_OUTER_BOUND('',#371,.T.);
#218=FACE_OUTER_BOUND('',#372,.T.);
#219=FACE_OUTER_BOUND('',#373,.T.);
#220=FACE_OUTER_BOUND('',#374,.T.);
#221=FACE_OUTER_BOUND('',#375,.T.);
#222=FACE_OUTER_BOUND('',#376,.T.);
#223=FACE_OUTER_BOUND('',#379,.T.);
#224=FACE_OUTER_BOUND('',#380,.T.);
#225=FACE_OUTER_BOUND('',#381,.T.);
#226=FACE_OUTER_BOUND('',#382,.T.);
#227=FACE_OUTER_BOUND('',#383,.T.);
#228=FACE_OUTER_BOUND('',#384,.T.);
#229=FACE_OUTER_BOUND('',#385,.T.);
#230=FACE_OUTER_BOUND('',#386,.T.);
#231=FACE_OUTER_BOUND('',#387,.T.);
#232=FACE_OUTER_BOUND('',#388,.T.);
#233=FACE_OUTER_BOUND('',#389,.T.);
#234=FACE_OUTER_BOUND('',#390,.T.);
#235=FACE_OUTER_BOUND('',#391,.T.);
#236=FACE_OUTER_BOUND('',#392,.T.);
#237=FACE_OUTER_BOUND('',#393,.T.);
#238=FACE_OUTER_BOUND('',#394,.T.);
#239=FACE_OUTER_BOUND('',#395,.T.);
#240=FACE_OUTER_BOUND('',#396,.T.);
#241=FACE_OUTER_BOUND('',#397,.T.);
#242=FACE_OUTER_BOUND('',#398,.T.);
#243=FACE_OUTER_BOUND('',#399,.T.);
#244=FACE_OUTER_BOUND('',#400,.T.);
#245=FACE_OUTER_BOUND('',#401,.T.);
#246=FACE_OUTER_BOUND('',#402,.T.);
#247=FACE_OUTER_BOUND('',#403,.T.);
#248=FACE_OUTER_BOUND('',#404,.T.);
#249=FACE_OUTER_BOUND('',#405,.T.);
#250=FACE_OUTER_BOUND('',#406,.T.);
#251=FACE_OUTER_BOUND('',#407,.T.);
#252=FACE_OUTER_BOUND('',#408,.T.);
#253=FACE_OUTER_BOUND('',#409,.T.);
#254=FACE_OUTER_BOUND('',#410,.T.);
#255=FACE_OUTER_BOUND('',#411,.T.);
#256=FACE_OUTER_BOUND('',#412,.T.);
#257=FACE_OUTER_BOUND('',#413,.T.);
#258=FACE_OUTER_BOUND('',#414,.T.);
#259=FACE_OUTER_BOUND('',#415,.T.);
#260=FACE_OUTER_BOUND('',#416,.T.);
#261=FACE_OUTER_BOUND('',#417,.T.);
#262=FACE_OUTER_BOUND('',#418,.T.);
#263=FACE_OUTER_BOUND('',#419,.T.);
#264=FACE_OUTER_BOUND('',#420,.T.);
#265=FACE_OUTER_BOUND('',#421,.T.);
#266=FACE_OUTER_BOUND('',#422,.T.);
#267=FACE_OUTER_BOUND('',#423,.T.);
#268=FACE_OUTER_BOUND('',#424,.T.);
#269=FACE_OUTER_BOUND('',#425,.T.);
#270=FACE_OUTER_BOUND('',#426,.T.);
#271=FACE_OUTER_BOUND('',#427,.T.);
#272=FACE_OUTER_BOUND('',#428,.T.);
#273=FACE_OUTER_BOUND('',#429,.T.);
#274=FACE_OUTER_BOUND('',#430,.T.);
#275=FACE_OUTER_BOUND('',#431,.T.);
#276=FACE_OUTER_BOUND('',#432,.T.);
#277=FACE_OUTER_BOUND('',#433,.T.);
#278=FACE_OUTER_BOUND('',#434,.T.);
#279=FACE_OUTER_BOUND('',#435,.T.);
#280=FACE_OUTER_BOUND('',#436,.T.);
#281=FACE_OUTER_BOUND('',#437,.T.);
#282=FACE_OUTER_BOUND('',#438,.T.);
#283=EDGE_LOOP('',(#1835,#1836,#1837,#1838));
#284=EDGE_LOOP('',(#1839,#1840,#1841,#1842,#1843,#1844,#1845,#1846,#1847,
#1848,#1849,#1850));
#285=EDGE_LOOP('',(#1851,#1852,#1853,#1854));
#286=EDGE_LOOP('',(#1855,#1856,#1857,#1858));
#287=EDGE_LOOP('',(#1859,#1860,#1861,#1862,#1863,#1864,#1865,#1866,#1867,
#1868,#1869,#1870));
#288=EDGE_LOOP('',(#1871,#1872,#1873,#1874));
#289=EDGE_LOOP('',(#1875,#1876,#1877,#1878));
#290=EDGE_LOOP('',(#1879,#1880,#1881,#1882));
#291=EDGE_LOOP('',(#1883,#1884,#1885,#1886));
#292=EDGE_LOOP('',(#1887,#1888,#1889,#1890));
#293=EDGE_LOOP('',(#1891,#1892,#1893,#1894));
#294=EDGE_LOOP('',(#1895,#1896,#1897,#1898));
#295=EDGE_LOOP('',(#1899,#1900,#1901,#1902));
#296=EDGE_LOOP('',(#1903,#1904,#1905,#1906));
#297=EDGE_LOOP('',(#1907,#1908,#1909,#1910));
#298=EDGE_LOOP('',(#1911,#1912,#1913,#1914));
#299=EDGE_LOOP('',(#1915,#1916,#1917,#1918));
#300=EDGE_LOOP('',(#1919,#1920,#1921,#1922));
#301=EDGE_LOOP('',(#1923,#1924,#1925,#1926));
#302=EDGE_LOOP('',(#1927,#1928,#1929,#1930));
#303=EDGE_LOOP('',(#1931,#1932,#1933,#1934));
#304=EDGE_LOOP('',(#1935,#1936,#1937,#1938));
#305=EDGE_LOOP('',(#1939,#1940,#1941,#1942));
#306=EDGE_LOOP('',(#1943,#1944,#1945,#1946));
#307=EDGE_LOOP('',(#1947,#1948,#1949,#1950));
#308=EDGE_LOOP('',(#1951,#1952,#1953,#1954));
#309=EDGE_LOOP('',(#1955,#1956,#1957,#1958,#1959,#1960,#1961,#1962,#1963,
#1964,#1965,#1966));
#310=EDGE_LOOP('',(#1967,#1968,#1969,#1970,#1971,#1972,#1973,#1974,#1975,
#1976,#1977,#1978));
#311=EDGE_LOOP('',(#1979,#1980,#1981,#1982));
#312=EDGE_LOOP('',(#1983,#1984,#1985,#1986));
#313=EDGE_LOOP('',(#1987,#1988,#1989,#1990));
#314=EDGE_LOOP('',(#1991,#1992,#1993,#1994));
#315=EDGE_LOOP('',(#1995,#1996,#1997,#1998));
#316=EDGE_LOOP('',(#1999,#2000,#2001,#2002));
#317=EDGE_LOOP('',(#2003,#2004,#2005,#2006));
#318=EDGE_LOOP('',(#2007,#2008,#2009,#2010,#2011,#2012,#2013,#2014,#2015,
#2016,#2017,#2018));
#319=EDGE_LOOP('',(#2019,#2020,#2021,#2022));
#320=EDGE_LOOP('',(#2023,#2024,#2025,#2026));
#321=EDGE_LOOP('',(#2027,#2028,#2029,#2030,#2031,#2032,#2033,#2034,#2035,
#2036,#2037,#2038));
#322=EDGE_LOOP('',(#2039,#2040,#2041,#2042));
#323=EDGE_LOOP('',(#2043,#2044,#2045,#2046));
#324=EDGE_LOOP('',(#2047,#2048,#2049,#2050));
#325=EDGE_LOOP('',(#2051,#2052,#2053,#2054));
#326=EDGE_LOOP('',(#2055,#2056,#2057,#2058));
#327=EDGE_LOOP('',(#2059,#2060,#2061,#2062));
#328=EDGE_LOOP('',(#2063,#2064,#2065,#2066));
#329=EDGE_LOOP('',(#2067,#2068,#2069,#2070));
#330=EDGE_LOOP('',(#2071,#2072,#2073,#2074));
#331=EDGE_LOOP('',(#2075,#2076,#2077,#2078));
#332=EDGE_LOOP('',(#2079,#2080,#2081,#2082));
#333=EDGE_LOOP('',(#2083,#2084,#2085,#2086));
#334=EDGE_LOOP('',(#2087,#2088,#2089,#2090));
#335=EDGE_LOOP('',(#2091,#2092,#2093,#2094));
#336=EDGE_LOOP('',(#2095,#2096,#2097,#2098));
#337=EDGE_LOOP('',(#2099,#2100,#2101,#2102));
#338=EDGE_LOOP('',(#2103,#2104,#2105,#2106));
#339=EDGE_LOOP('',(#2107,#2108,#2109,#2110));
#340=EDGE_LOOP('',(#2111,#2112,#2113,#2114));
#341=EDGE_LOOP('',(#2115,#2116,#2117,#2118));
#342=EDGE_LOOP('',(#2119,#2120,#2121,#2122));
#343=EDGE_LOOP('',(#2123,#2124,#2125,#2126));
#344=EDGE_LOOP('',(#2127,#2128,#2129,#2130));
#345=EDGE_LOOP('',(#2131,#2132,#2133,#2134));
#346=EDGE_LOOP('',(#2135,#2136,#2137,#2138));
#347=EDGE_LOOP('',(#2139,#2140,#2141,#2142));
#348=EDGE_LOOP('',(#2143,#2144,#2145,#2146));
#349=EDGE_LOOP('',(#2147,#2148,#2149,#2150));
#350=EDGE_LOOP('',(#2151,#2152,#2153,#2154));
#351=EDGE_LOOP('',(#2155,#2156,#2157,#2158));
#352=EDGE_LOOP('',(#2159,#2160,#2161,#2162));
#353=EDGE_LOOP('',(#2163,#2164,#2165,#2166));
#354=EDGE_LOOP('',(#2167,#2168,#2169,#2170));
#355=EDGE_LOOP('',(#2171,#2172,#2173,#2174));
#356=EDGE_LOOP('',(#2175,#2176,#2177,#2178));
#357=EDGE_LOOP('',(#2179,#2180,#2181,#2182));
#358=EDGE_LOOP('',(#2183,#2184,#2185,#2186));
#359=EDGE_LOOP('',(#2187,#2188,#2189,#2190));
#360=EDGE_LOOP('',(#2191,#2192,#2193,#2194));
#361=EDGE_LOOP('',(#2195,#2196,#2197,#2198));
#362=EDGE_LOOP('',(#2199,#2200,#2201,#2202));
#363=EDGE_LOOP('',(#2203,#2204,#2205,#2206));
#364=EDGE_LOOP('',(#2207,#2208,#2209,#2210));
#365=EDGE_LOOP('',(#2211,#2212,#2213,#2214));
#366=EDGE_LOOP('',(#2215,#2216,#2217,#2218));
#367=EDGE_LOOP('',(#2219,#2220,#2221,#2222));
#368=EDGE_LOOP('',(#2223,#2224,#2225,#2226));
#369=EDGE_LOOP('',(#2227,#2228,#2229,#2230,#2231,#2232,#2233,#2234,#2235,
#2236,#2237,#2238,#2239,#2240,#2241,#2242,#2243,#2244,#2245,#2246,#2247,
#2248,#2249,#2250,#2251,#2252,#2253,#2254,#2255,#2256,#2257,#2258,#2259,
#2260,#2261,#2262,#2263,#2264,#2265,#2266,#2267,#2268));
#370=EDGE_LOOP('',(#2269,#2270,#2271,#2272,#2273));
#371=EDGE_LOOP('',(#2274,#2275,#2276));
#372=EDGE_LOOP('',(#2277,#2278,#2279));
#373=EDGE_LOOP('',(#2280,#2281,#2282,#2283,#2284));
#374=EDGE_LOOP('',(#2285,#2286,#2287,#2288,#2289,#2290,#2291,#2292,#2293,
#2294,#2295,#2296,#2297,#2298,#2299,#2300,#2301,#2302,#2303,#2304,#2305,
#2306,#2307,#2308,#2309,#2310,#2311,#2312,#2313,#2314,#2315,#2316,#2317,
#2318,#2319,#2320,#2321,#2322,#2323,#2324,#2325,#2326));
#375=EDGE_LOOP('',(#2327,#2328,#2329,#2330));
#376=EDGE_LOOP('',(#2331,#2332,#2333,#2334,#2335,#2336,#2337,#2338,#2339,
#2340,#2341,#2342,#2343,#2344,#2345,#2346,#2347,#2348,#2349,#2350,#2351,
#2352,#2353,#2354,#2355,#2356,#2357,#2358,#2359,#2360,#2361,#2362,#2363,
#2364,#2365,#2366,#2367,#2368,#2369,#2370,#2371,#2372,#2373,#2374,#2375,
#2376,#2377,#2378,#2379,#2380,#2381,#2382,#2383,#2384,#2385,#2386,#2387,
#2388,#2389,#2390,#2391,#2392,#2393,#2394));
#377=EDGE_LOOP('',(#2395,#2396,#2397,#2398));
#378=EDGE_LOOP('',(#2399,#2400,#2401,#2402));
#379=EDGE_LOOP('',(#2403,#2404,#2405,#2406));
#380=EDGE_LOOP('',(#2407,#2408,#2409,#2410,#2411));
#381=EDGE_LOOP('',(#2412,#2413,#2414));
#382=EDGE_LOOP('',(#2415,#2416,#2417));
#383=EDGE_LOOP('',(#2418,#2419,#2420,#2421,#2422));
#384=EDGE_LOOP('',(#2423,#2424,#2425,#2426,#2427,#2428,#2429,#2430));
#385=EDGE_LOOP('',(#2431,#2432,#2433,#2434,#2435,#2436,#2437,#2438));
#386=EDGE_LOOP('',(#2439,#2440,#2441,#2442,#2443,#2444,#2445,#2446,#2447,
#2448));
#387=EDGE_LOOP('',(#2449,#2450,#2451,#2452,#2453,#2454,#2455,#2456,#2457,
#2458));
#388=EDGE_LOOP('',(#2459,#2460,#2461,#2462));
#389=EDGE_LOOP('',(#2463,#2464,#2465,#2466,#2467,#2468,#2469,#2470,#2471,
#2472,#2473,#2474));
#390=EDGE_LOOP('',(#2475,#2476,#2477,#2478));
#391=EDGE_LOOP('',(#2479,#2480,#2481,#2482));
#392=EDGE_LOOP('',(#2483,#2484,#2485,#2486));
#393=EDGE_LOOP('',(#2487,#2488,#2489,#2490));
#394=EDGE_LOOP('',(#2491,#2492,#2493,#2494));
#395=EDGE_LOOP('',(#2495,#2496,#2497,#2498));
#396=EDGE_LOOP('',(#2499,#2500,#2501,#2502));
#397=EDGE_LOOP('',(#2503,#2504,#2505,#2506));
#398=EDGE_LOOP('',(#2507,#2508,#2509,#2510));
#399=EDGE_LOOP('',(#2511,#2512,#2513,#2514));
#400=EDGE_LOOP('',(#2515,#2516,#2517,#2518));
#401=EDGE_LOOP('',(#2519,#2520,#2521,#2522));
#402=EDGE_LOOP('',(#2523,#2524,#2525,#2526));
#403=EDGE_LOOP('',(#2527,#2528,#2529,#2530));
#404=EDGE_LOOP('',(#2531,#2532,#2533,#2534));
#405=EDGE_LOOP('',(#2535,#2536,#2537,#2538));
#406=EDGE_LOOP('',(#2539,#2540,#2541,#2542));
#407=EDGE_LOOP('',(#2543,#2544,#2545,#2546));
#408=EDGE_LOOP('',(#2547,#2548,#2549,#2550));
#409=EDGE_LOOP('',(#2551,#2552,#2553,#2554));
#410=EDGE_LOOP('',(#2555,#2556,#2557,#2558));
#411=EDGE_LOOP('',(#2559,#2560,#2561,#2562));
#412=EDGE_LOOP('',(#2563,#2564,#2565,#2566));
#413=EDGE_LOOP('',(#2567,#2568,#2569,#2570));
#414=EDGE_LOOP('',(#2571,#2572,#2573,#2574));
#415=EDGE_LOOP('',(#2575,#2576,#2577,#2578));
#416=EDGE_LOOP('',(#2579,#2580,#2581,#2582));
#417=EDGE_LOOP('',(#2583,#2584,#2585,#2586));
#418=EDGE_LOOP('',(#2587,#2588,#2589,#2590));
#419=EDGE_LOOP('',(#2591,#2592,#2593,#2594));
#420=EDGE_LOOP('',(#2595,#2596,#2597,#2598));
#421=EDGE_LOOP('',(#2599,#2600,#2601,#2602));
#422=EDGE_LOOP('',(#2603,#2604,#2605,#2606));
#423=EDGE_LOOP('',(#2607,#2608,#2609,#2610));
#424=EDGE_LOOP('',(#2611,#2612,#2613,#2614));
#425=EDGE_LOOP('',(#2615,#2616,#2617,#2618));
#426=EDGE_LOOP('',(#2619,#2620,#2621,#2622));
#427=EDGE_LOOP('',(#2623,#2624,#2625,#2626));
#428=EDGE_LOOP('',(#2627,#2628,#2629,#2630));
#429=EDGE_LOOP('',(#2631,#2632,#2633,#2634));
#430=EDGE_LOOP('',(#2635,#2636,#2637,#2638));
#431=EDGE_LOOP('',(#2639,#2640,#2641,#2642));
#432=EDGE_LOOP('',(#2643,#2644,#2645,#2646));
#433=EDGE_LOOP('',(#2647,#2648,#2649,#2650));
#434=EDGE_LOOP('',(#2651,#2652,#2653,#2654));
#435=EDGE_LOOP('',(#2655,#2656,#2657,#2658));
#436=EDGE_LOOP('',(#2659,#2660,#2661,#2662));
#437=EDGE_LOOP('',(#2663,#2664,#2665,#2666,#2667,#2668));
#438=EDGE_LOOP('',(#2669,#2670,#2671,#2672,#2673,#2674));
#439=LINE('',#3970,#787);
#440=LINE('',#3972,#788);
#441=LINE('',#3974,#789);
#442=LINE('',#3975,#790);
#443=LINE('',#3979,#791);
#444=LINE('',#3981,#792);
#445=LINE('',#3983,#793);
#446=LINE('',#3985,#794);
#447=LINE('',#3987,#795);
#448=LINE('',#3989,#796);
#449=LINE('',#3991,#797);
#450=LINE('',#3993,#798);
#451=LINE('',#3994,#799);
#452=LINE('',#3996,#800);
#453=LINE('',#3997,#801);
#454=LINE('',#4000,#802);
#455=LINE('',#4002,#803);
#456=LINE('',#4004,#804);
#457=LINE('',#4005,#805);
#458=LINE('',#4009,#806);
#459=LINE('',#4010,#807);
#460=LINE('',#4011,#808);
#461=LINE('',#4015,#809);
#462=LINE('',#4017,#810);
#463=LINE('',#4019,#811);
#464=LINE('',#4021,#812);
#465=LINE('',#4022,#813);
#466=LINE('',#4024,#814);
#467=LINE('',#4026,#815);
#468=LINE('',#4027,#816);
#469=LINE('',#4029,#817);
#470=LINE('',#4030,#818);
#471=LINE('',#4033,#819);
#472=LINE('',#4035,#820);
#473=LINE('',#4037,#821);
#474=LINE('',#4038,#822);
#475=LINE('',#4040,#823);
#476=LINE('',#4041,#824);
#477=LINE('',#4045,#825);
#478=LINE('',#4047,#826);
#479=LINE('',#4048,#827);
#480=LINE('',#4051,#828);
#481=LINE('',#4053,#829);
#482=LINE('',#4055,#830);
#483=LINE('',#4056,#831);
#484=LINE('',#4058,#832);
#485=LINE('',#4060,#833);
#486=LINE('',#4065,#834);
#487=LINE('',#4067,#835);
#488=LINE('',#4069,#836);
#489=LINE('',#4070,#837);
#490=LINE('',#4075,#838);
#491=LINE('',#4079,#839);
#492=LINE('',#4081,#840);
#493=LINE('',#4082,#841);
#494=LINE('',#4087,#842);
#495=LINE('',#4091,#843);
#496=LINE('',#4093,#844);
#497=LINE('',#4094,#845);
#498=LINE('',#4099,#846);
#499=LINE('',#4103,#847);
#500=LINE('',#4105,#848);
#501=LINE('',#4106,#849);
#502=LINE('',#4111,#850);
#503=LINE('',#4115,#851);
#504=LINE('',#4117,#852);
#505=LINE('',#4118,#853);
#506=LINE('',#4128,#854);
#507=LINE('',#4131,#855);
#508=LINE('',#4132,#856);
#509=LINE('',#4134,#857);
#510=LINE('',#4136,#858);
#511=LINE('',#4141,#859);
#512=LINE('',#4143,#860);
#513=LINE('',#4145,#861);
#514=LINE('',#4146,#862);
#515=LINE('',#4150,#863);
#516=LINE('',#4152,#864);
#517=LINE('',#4154,#865);
#518=LINE('',#4156,#866);
#519=LINE('',#4158,#867);
#520=LINE('',#4160,#868);
#521=LINE('',#4162,#869);
#522=LINE('',#4164,#870);
#523=LINE('',#4165,#871);
#524=LINE('',#4167,#872);
#525=LINE('',#4168,#873);
#526=LINE('',#4171,#874);
#527=LINE('',#4173,#875);
#528=LINE('',#4175,#876);
#529=LINE('',#4176,#877);
#530=LINE('',#4180,#878);
#531=LINE('',#4181,#879);
#532=LINE('',#4182,#880);
#533=LINE('',#4186,#881);
#534=LINE('',#4188,#882);
#535=LINE('',#4190,#883);
#536=LINE('',#4192,#884);
#537=LINE('',#4193,#885);
#538=LINE('',#4195,#886);
#539=LINE('',#4197,#887);
#540=LINE('',#4198,#888);
#541=LINE('',#4200,#889);
#542=LINE('',#4201,#890);
#543=LINE('',#4204,#891);
#544=LINE('',#4206,#892);
#545=LINE('',#4208,#893);
#546=LINE('',#4209,#894);
#547=LINE('',#4211,#895);
#548=LINE('',#4212,#896);
#549=LINE('',#4216,#897);
#550=LINE('',#4218,#898);
#551=LINE('',#4219,#899);
#552=LINE('',#4221,#900);
#553=LINE('',#4223,#901);
#554=LINE('',#4226,#902);
#555=LINE('',#4229,#903);
#556=LINE('',#4230,#904);
#557=LINE('',#4232,#905);
#558=LINE('',#4234,#906);
#559=LINE('',#4239,#907);
#560=LINE('',#4241,#908);
#561=LINE('',#4243,#909);
#562=LINE('',#4244,#910);
#563=LINE('',#4248,#911);
#564=LINE('',#4250,#912);
#565=LINE('',#4252,#913);
#566=LINE('',#4253,#914);
#567=LINE('',#4257,#915);
#568=LINE('',#4259,#916);
#569=LINE('',#4261,#917);
#570=LINE('',#4262,#918);
#571=LINE('',#4266,#919);
#572=LINE('',#4268,#920);
#573=LINE('',#4270,#921);
#574=LINE('',#4271,#922);
#575=LINE('',#4275,#923);
#576=LINE('',#4277,#924);
#577=LINE('',#4279,#925);
#578=LINE('',#4280,#926);
#579=LINE('',#4284,#927);
#580=LINE('',#4286,#928);
#581=LINE('',#4288,#929);
#582=LINE('',#4289,#930);
#583=LINE('',#4293,#931);
#584=LINE('',#4295,#932);
#585=LINE('',#4297,#933);
#586=LINE('',#4298,#934);
#587=LINE('',#4302,#935);
#588=LINE('',#4304,#936);
#589=LINE('',#4306,#937);
#590=LINE('',#4307,#938);
#591=LINE('',#4311,#939);
#592=LINE('',#4313,#940);
#593=LINE('',#4315,#941);
#594=LINE('',#4316,#942);
#595=LINE('',#4320,#943);
#596=LINE('',#4322,#944);
#597=LINE('',#4324,#945);
#598=LINE('',#4325,#946);
#599=LINE('',#4329,#947);
#600=LINE('',#4331,#948);
#601=LINE('',#4333,#949);
#602=LINE('',#4334,#950);
#603=LINE('',#4338,#951);
#604=LINE('',#4340,#952);
#605=LINE('',#4342,#953);
#606=LINE('',#4343,#954);
#607=LINE('',#4347,#955);
#608=LINE('',#4349,#956);
#609=LINE('',#4351,#957);
#610=LINE('',#4352,#958);
#611=LINE('',#4356,#959);
#612=LINE('',#4358,#960);
#613=LINE('',#4360,#961);
#614=LINE('',#4361,#962);
#615=LINE('',#4365,#963);
#616=LINE('',#4367,#964);
#617=LINE('',#4369,#965);
#618=LINE('',#4370,#966);
#619=LINE('',#4374,#967);
#620=LINE('',#4376,#968);
#621=LINE('',#4378,#969);
#622=LINE('',#4379,#970);
#623=LINE('',#4383,#971);
#624=LINE('',#4385,#972);
#625=LINE('',#4387,#973);
#626=LINE('',#4388,#974);
#627=LINE('',#4392,#975);
#628=LINE('',#4394,#976);
#629=LINE('',#4396,#977);
#630=LINE('',#4397,#978);
#631=LINE('',#4401,#979);
#632=LINE('',#4403,#980);
#633=LINE('',#4405,#981);
#634=LINE('',#4406,#982);
#635=LINE('',#4410,#983);
#636=LINE('',#4412,#984);
#637=LINE('',#4414,#985);
#638=LINE('',#4415,#986);
#639=LINE('',#4419,#987);
#640=LINE('',#4421,#988);
#641=LINE('',#4423,#989);
#642=LINE('',#4424,#990);
#643=LINE('',#4428,#991);
#644=LINE('',#4430,#992);
#645=LINE('',#4432,#993);
#646=LINE('',#4433,#994);
#647=LINE('',#4437,#995);
#648=LINE('',#4439,#996);
#649=LINE('',#4441,#997);
#650=LINE('',#4442,#998);
#651=LINE('',#4446,#999);
#652=LINE('',#4448,#1000);
#653=LINE('',#4450,#1001);
#654=LINE('',#4451,#1002);
#655=LINE('',#4455,#1003);
#656=LINE('',#4457,#1004);
#657=LINE('',#4459,#1005);
#658=LINE('',#4460,#1006);
#659=LINE('',#4464,#1007);
#660=LINE('',#4466,#1008);
#661=LINE('',#4468,#1009);
#662=LINE('',#4469,#1010);
#663=LINE('',#4473,#1011);
#664=LINE('',#4475,#1012);
#665=LINE('',#4477,#1013);
#666=LINE('',#4478,#1014);
#667=LINE('',#4482,#1015);
#668=LINE('',#4484,#1016);
#669=LINE('',#4486,#1017);
#670=LINE('',#4487,#1018);
#671=LINE('',#4491,#1019);
#672=LINE('',#4493,#1020);
#673=LINE('',#4495,#1021);
#674=LINE('',#4496,#1022);
#675=LINE('',#4500,#1023);
#676=LINE('',#4502,#1024);
#677=LINE('',#4504,#1025);
#678=LINE('',#4505,#1026);
#679=LINE('',#4509,#1027);
#680=LINE('',#4511,#1028);
#681=LINE('',#4513,#1029);
#682=LINE('',#4514,#1030);
#683=LINE('',#4518,#1031);
#684=LINE('',#4520,#1032);
#685=LINE('',#4522,#1033);
#686=LINE('',#4523,#1034);
#687=LINE('',#4527,#1035);
#688=LINE('',#4528,#1036);
#689=LINE('',#4530,#1037);
#690=LINE('',#4532,#1038);
#691=LINE('',#4534,#1039);
#692=LINE('',#4536,#1040);
#693=LINE('',#4553,#1041);
#694=LINE('',#4555,#1042);
#695=LINE('',#4557,#1043);
#696=LINE('',#4559,#1044);
#697=LINE('',#4560,#1045);
#698=LINE('',#4564,#1046);
#699=LINE('',#4566,#1047);
#700=LINE('',#4567,#1048);
#701=LINE('',#4568,#1049);
#702=LINE('',#4571,#1050);
#703=LINE('',#4572,#1051);
#704=LINE('',#4576,#1052);
#705=LINE('',#4578,#1053);
#706=LINE('',#4579,#1054);
#707=LINE('',#4583,#1055);
#708=LINE('',#4584,#1056);
#709=LINE('',#4586,#1057);
#710=LINE('',#4587,#1058);
#711=LINE('',#4590,#1059);
#712=LINE('',#4592,#1060);
#713=LINE('',#4594,#1061);
#714=LINE('',#4596,#1062);
#715=LINE('',#4598,#1063);
#716=LINE('',#4600,#1064);
#717=LINE('',#4602,#1065);
#718=LINE('',#4604,#1066);
#719=LINE('',#4620,#1067);
#720=LINE('',#4621,#1068);
#721=LINE('',#4625,#1069);
#722=LINE('',#4626,#1070);
#723=LINE('',#4627,#1071);
#724=LINE('',#4635,#1072);
#725=LINE('',#4653,#1073);
#726=LINE('',#4654,#1074);
#727=LINE('',#4666,#1075);
#728=LINE('',#4668,#1076);
#729=LINE('',#4670,#1077);
#730=LINE('',#4671,#1078);
#731=LINE('',#4674,#1079);
#732=LINE('',#4676,#1080);
#733=LINE('',#4678,#1081);
#734=LINE('',#4679,#1082);
#735=LINE('',#4681,#1083);
#736=LINE('',#4682,#1084);
#737=LINE('',#4685,#1085);
#738=LINE('',#4687,#1086);
#739=LINE('',#4689,#1087);
#740=LINE('',#4690,#1088);
#741=LINE('',#4693,#1089);
#742=LINE('',#4694,#1090);
#743=LINE('',#4698,#1091);
#744=LINE('',#4700,#1092);
#745=LINE('',#4701,#1093);
#746=LINE('',#4704,#1094);
#747=LINE('',#4705,#1095);
#748=LINE('',#4706,#1096);
#749=LINE('',#4708,#1097);
#750=LINE('',#4710,#1098);
#751=LINE('',#4712,#1099);
#752=LINE('',#4713,#1100);
#753=LINE('',#4715,#1101);
#754=LINE('',#4717,#1102);
#755=LINE('',#4719,#1103);
#756=LINE('',#4720,#1104);
#757=LINE('',#4723,#1105);
#758=LINE('',#4724,#1106);
#759=LINE('',#4727,#1107);
#760=LINE('',#4729,#1108);
#761=LINE('',#4731,#1109);
#762=LINE('',#4732,#1110);
#763=LINE('',#4734,#1111);
#764=LINE('',#4736,#1112);
#765=LINE('',#4737,#1113);
#766=LINE('',#4739,#1114);
#767=LINE('',#4771,#1115);
#768=LINE('',#4773,#1116);
#769=LINE('',#4776,#1117);
#770=LINE('',#4777,#1118);
#771=LINE('',#4782,#1119);
#772=LINE('',#4784,#1120);
#773=LINE('',#4785,#1121);
#774=LINE('',#4788,#1122);
#775=LINE('',#4789,#1123);
#776=LINE('',#4792,#1124);
#777=LINE('',#4793,#1125);
#778=LINE('',#4795,#1126);
#779=LINE('',#4799,#1127);
#780=LINE('',#4801,#1128);
#781=LINE('',#4802,#1129);
#782=LINE('',#4805,#1130);
#783=LINE('',#4806,#1131);
#784=LINE('',#4809,#1132);
#785=LINE('',#4810,#1133);
#786=LINE('',#4812,#1134);
#787=VECTOR('',#3178,1000.);
#788=VECTOR('',#3179,1000.);
#789=VECTOR('',#3180,1000.);
#790=VECTOR('',#3181,1000.);
#791=VECTOR('',#3184,1000.);
#792=VECTOR('',#3185,1000.);
#793=VECTOR('',#3186,1000.);
#794=VECTOR('',#3187,1000.);
#795=VECTOR('',#3188,1000.);
#796=VECTOR('',#3189,1000.);
#797=VECTOR('',#3190,1000.);
#798=VECTOR('',#3191,1000.);
#799=VECTOR('',#3192,1000.);
#800=VECTOR('',#3193,1000.);
#801=VECTOR('',#3194,1000.);
#802=VECTOR('',#3195,1000.);
#803=VECTOR('',#3196,1000.);
#804=VECTOR('',#3197,1000.);
#805=VECTOR('',#3198,1000.);
#806=VECTOR('',#3201,1000.);
#807=VECTOR('',#3202,1000.);
#808=VECTOR('',#3203,1000.);
#809=VECTOR('',#3206,1000.);
#810=VECTOR('',#3207,1000.);
#811=VECTOR('',#3208,1000.);
#812=VECTOR('',#3209,1000.);
#813=VECTOR('',#3210,1000.);
#814=VECTOR('',#3211,1000.);
#815=VECTOR('',#3212,1000.);
#816=VECTOR('',#3213,1000.);
#817=VECTOR('',#3214,1000.);
#818=VECTOR('',#3215,1000.);
#819=VECTOR('',#3216,1000.);
#820=VECTOR('',#3217,1000.);
#821=VECTOR('',#3218,1000.);
#822=VECTOR('',#3219,1000.);
#823=VECTOR('',#3222,1000.);
#824=VECTOR('',#3223,1000.);
#825=VECTOR('',#3230,1000.);
#826=VECTOR('',#3233,1000.);
#827=VECTOR('',#3234,1000.);
#828=VECTOR('',#3235,1000.);
#829=VECTOR('',#3236,1000.);
#830=VECTOR('',#3237,1000.);
#831=VECTOR('',#3238,1000.);
#832=VECTOR('',#3241,1000.);
#833=VECTOR('',#3244,1000.);
#834=VECTOR('',#3249,1000.);
#835=VECTOR('',#3250,1000.);
#836=VECTOR('',#3251,1000.);
#837=VECTOR('',#3252,1000.);
#838=VECTOR('',#3257,1000.);
#839=VECTOR('',#3262,1000.);
#840=VECTOR('',#3263,1000.);
#841=VECTOR('',#3264,1000.);
#842=VECTOR('',#3269,1000.);
#843=VECTOR('',#3274,1000.);
#844=VECTOR('',#3275,1000.);
#845=VECTOR('',#3276,1000.);
#846=VECTOR('',#3281,1000.);
#847=VECTOR('',#3286,1000.);
#848=VECTOR('',#3287,1000.);
#849=VECTOR('',#3288,1000.);
#850=VECTOR('',#3293,1000.);
#851=VECTOR('',#3298,1000.);
#852=VECTOR('',#3299,1000.);
#853=VECTOR('',#3300,1000.);
#854=VECTOR('',#3319,1000.);
#855=VECTOR('',#3324,1000.);
#856=VECTOR('',#3325,1000.);
#857=VECTOR('',#3328,1000.);
#858=VECTOR('',#3331,1000.);
#859=VECTOR('',#3336,1000.);
#860=VECTOR('',#3337,1000.);
#861=VECTOR('',#3338,1000.);
#862=VECTOR('',#3339,1000.);
#863=VECTOR('',#3342,1000.);
#864=VECTOR('',#3343,1000.);
#865=VECTOR('',#3344,1000.);
#866=VECTOR('',#3345,1000.);
#867=VECTOR('',#3346,1000.);
#868=VECTOR('',#3347,1000.);
#869=VECTOR('',#3348,1000.);
#870=VECTOR('',#3349,1000.);
#871=VECTOR('',#3350,1000.);
#872=VECTOR('',#3351,1000.);
#873=VECTOR('',#3352,1000.);
#874=VECTOR('',#3353,1000.);
#875=VECTOR('',#3354,1000.);
#876=VECTOR('',#3355,1000.);
#877=VECTOR('',#3356,1000.);
#878=VECTOR('',#3359,1000.);
#879=VECTOR('',#3360,1000.);
#880=VECTOR('',#3361,1000.);
#881=VECTOR('',#3364,1000.);
#882=VECTOR('',#3365,1000.);
#883=VECTOR('',#3366,1000.);
#884=VECTOR('',#3367,1000.);
#885=VECTOR('',#3368,1000.);
#886=VECTOR('',#3369,1000.);
#887=VECTOR('',#3370,1000.);
#888=VECTOR('',#3371,1000.);
#889=VECTOR('',#3372,1000.);
#890=VECTOR('',#3373,1000.);
#891=VECTOR('',#3374,1000.);
#892=VECTOR('',#3375,1000.);
#893=VECTOR('',#3376,1000.);
#894=VECTOR('',#3377,1000.);
#895=VECTOR('',#3380,1000.);
#896=VECTOR('',#3381,1000.);
#897=VECTOR('',#3388,1000.);
#898=VECTOR('',#3391,1000.);
#899=VECTOR('',#3392,1000.);
#900=VECTOR('',#3395,1000.);
#901=VECTOR('',#3398,1000.);
#902=VECTOR('',#3403,1000.);
#903=VECTOR('',#3408,1000.);
#904=VECTOR('',#3409,1000.);
#905=VECTOR('',#3412,1000.);
#906=VECTOR('',#3415,1000.);
#907=VECTOR('',#3420,1000.);
#908=VECTOR('',#3421,1000.);
#909=VECTOR('',#3422,1000.);
#910=VECTOR('',#3423,1000.);
#911=VECTOR('',#3426,1000.);
#912=VECTOR('',#3427,1000.);
#913=VECTOR('',#3428,1000.);
#914=VECTOR('',#3429,1000.);
#915=VECTOR('',#3432,1000.);
#916=VECTOR('',#3433,1000.);
#917=VECTOR('',#3434,1000.);
#918=VECTOR('',#3435,1000.);
#919=VECTOR('',#3438,1000.);
#920=VECTOR('',#3439,1000.);
#921=VECTOR('',#3440,1000.);
#922=VECTOR('',#3441,1000.);
#923=VECTOR('',#3444,1000.);
#924=VECTOR('',#3445,1000.);
#925=VECTOR('',#3446,1000.);
#926=VECTOR('',#3447,1000.);
#927=VECTOR('',#3450,1000.);
#928=VECTOR('',#3451,1000.);
#929=VECTOR('',#3452,1000.);
#930=VECTOR('',#3453,1000.);
#931=VECTOR('',#3456,1000.);
#932=VECTOR('',#3457,1000.);
#933=VECTOR('',#3458,1000.);
#934=VECTOR('',#3459,1000.);
#935=VECTOR('',#3462,1000.);
#936=VECTOR('',#3463,1000.);
#937=VECTOR('',#3464,1000.);
#938=VECTOR('',#3465,1000.);
#939=VECTOR('',#3468,1000.);
#940=VECTOR('',#3469,1000.);
#941=VECTOR('',#3470,1000.);
#942=VECTOR('',#3471,1000.);
#943=VECTOR('',#3474,1000.);
#944=VECTOR('',#3475,1000.);
#945=VECTOR('',#3476,1000.);
#946=VECTOR('',#3477,1000.);
#947=VECTOR('',#3480,1000.);
#948=VECTOR('',#3481,1000.);
#949=VECTOR('',#3482,1000.);
#950=VECTOR('',#3483,1000.);
#951=VECTOR('',#3486,1000.);
#952=VECTOR('',#3487,1000.);
#953=VECTOR('',#3488,1000.);
#954=VECTOR('',#3489,1000.);
#955=VECTOR('',#3492,1000.);
#956=VECTOR('',#3493,1000.);
#957=VECTOR('',#3494,1000.);
#958=VECTOR('',#3495,1000.);
#959=VECTOR('',#3498,1000.);
#960=VECTOR('',#3499,1000.);
#961=VECTOR('',#3500,1000.);
#962=VECTOR('',#3501,1000.);
#963=VECTOR('',#3504,1000.);
#964=VECTOR('',#3505,1000.);
#965=VECTOR('',#3506,1000.);
#966=VECTOR('',#3507,1000.);
#967=VECTOR('',#3510,1000.);
#968=VECTOR('',#3511,1000.);
#969=VECTOR('',#3512,1000.);
#970=VECTOR('',#3513,1000.);
#971=VECTOR('',#3516,1000.);
#972=VECTOR('',#3517,1000.);
#973=VECTOR('',#3518,1000.);
#974=VECTOR('',#3519,1000.);
#975=VECTOR('',#3522,1000.);
#976=VECTOR('',#3523,1000.);
#977=VECTOR('',#3524,1000.);
#978=VECTOR('',#3525,1000.);
#979=VECTOR('',#3528,1000.);
#980=VECTOR('',#3529,1000.);
#981=VECTOR('',#3530,1000.);
#982=VECTOR('',#3531,1000.);
#983=VECTOR('',#3534,1000.);
#984=VECTOR('',#3535,1000.);
#985=VECTOR('',#3536,1000.);
#986=VECTOR('',#3537,1000.);
#987=VECTOR('',#3540,1000.);
#988=VECTOR('',#3541,1000.);
#989=VECTOR('',#3542,1000.);
#990=VECTOR('',#3543,1000.);
#991=VECTOR('',#3546,1000.);
#992=VECTOR('',#3547,1000.);
#993=VECTOR('',#3548,1000.);
#994=VECTOR('',#3549,1000.);
#995=VECTOR('',#3552,1000.);
#996=VECTOR('',#3553,1000.);
#997=VECTOR('',#3554,1000.);
#998=VECTOR('',#3555,1000.);
#999=VECTOR('',#3558,1000.);
#1000=VECTOR('',#3559,1000.);
#1001=VECTOR('',#3560,1000.);
#1002=VECTOR('',#3561,1000.);
#1003=VECTOR('',#3564,1000.);
#1004=VECTOR('',#3565,1000.);
#1005=VECTOR('',#3566,1000.);
#1006=VECTOR('',#3567,1000.);
#1007=VECTOR('',#3570,1000.);
#1008=VECTOR('',#3571,1000.);
#1009=VECTOR('',#3572,1000.);
#1010=VECTOR('',#3573,1000.);
#1011=VECTOR('',#3576,1000.);
#1012=VECTOR('',#3577,1000.);
#1013=VECTOR('',#3578,1000.);
#1014=VECTOR('',#3579,1000.);
#1015=VECTOR('',#3582,1000.);
#1016=VECTOR('',#3583,1000.);
#1017=VECTOR('',#3584,1000.);
#1018=VECTOR('',#3585,1000.);
#1019=VECTOR('',#3588,1000.);
#1020=VECTOR('',#3589,1000.);
#1021=VECTOR('',#3590,1000.);
#1022=VECTOR('',#3591,1000.);
#1023=VECTOR('',#3594,1000.);
#1024=VECTOR('',#3595,1000.);
#1025=VECTOR('',#3596,1000.);
#1026=VECTOR('',#3597,1000.);
#1027=VECTOR('',#3600,1000.);
#1028=VECTOR('',#3601,1000.);
#1029=VECTOR('',#3602,1000.);
#1030=VECTOR('',#3603,1000.);
#1031=VECTOR('',#3606,1000.);
#1032=VECTOR('',#3607,1000.);
#1033=VECTOR('',#3608,1000.);
#1034=VECTOR('',#3609,1000.);
#1035=VECTOR('',#3612,1000.);
#1036=VECTOR('',#3613,1000.);
#1037=VECTOR('',#3614,1000.);
#1038=VECTOR('',#3615,1000.);
#1039=VECTOR('',#3616,1000.);
#1040=VECTOR('',#3617,1000.);
#1041=VECTOR('',#3648,1000.);
#1042=VECTOR('',#3649,1000.);
#1043=VECTOR('',#3650,1000.);
#1044=VECTOR('',#3651,1000.);
#1045=VECTOR('',#3652,1000.);
#1046=VECTOR('',#3655,1000.);
#1047=VECTOR('',#3656,1000.);
#1048=VECTOR('',#3657,1000.);
#1049=VECTOR('',#3658,1000.);
#1050=VECTOR('',#3661,1000.);
#1051=VECTOR('',#3662,1000.);
#1052=VECTOR('',#3665,1000.);
#1053=VECTOR('',#3666,1000.);
#1054=VECTOR('',#3667,1000.);
#1055=VECTOR('',#3670,1000.);
#1056=VECTOR('',#3671,1000.);
#1057=VECTOR('',#3672,1000.);
#1058=VECTOR('',#3673,1000.);
#1059=VECTOR('',#3676,1000.);
#1060=VECTOR('',#3677,1000.);
#1061=VECTOR('',#3678,1000.);
#1062=VECTOR('',#3679,1000.);
#1063=VECTOR('',#3680,1000.);
#1064=VECTOR('',#3681,1000.);
#1065=VECTOR('',#3682,1000.);
#1066=VECTOR('',#3683,1000.);
#1067=VECTOR('',#3714,1000.);
#1068=VECTOR('',#3715,1000.);
#1069=VECTOR('',#3718,1000.);
#1070=VECTOR('',#3719,1000.);
#1071=VECTOR('',#3720,1000.);
#1072=VECTOR('',#3735,1000.);
#1073=VECTOR('',#3766,1000.);
#1074=VECTOR('',#3767,1000.);
#1075=VECTOR('',#3786,1000.);
#1076=VECTOR('',#3787,1000.);
#1077=VECTOR('',#3788,1000.);
#1078=VECTOR('',#3789,1000.);
#1079=VECTOR('',#3790,1000.);
#1080=VECTOR('',#3791,1000.);
#1081=VECTOR('',#3792,1000.);
#1082=VECTOR('',#3793,1000.);
#1083=VECTOR('',#3796,1000.);
#1084=VECTOR('',#3797,1000.);
#1085=VECTOR('',#3800,1000.);
#1086=VECTOR('',#3801,1000.);
#1087=VECTOR('',#3802,1000.);
#1088=VECTOR('',#3803,1000.);
#1089=VECTOR('',#3806,1000.);
#1090=VECTOR('',#3807,1000.);
#1091=VECTOR('',#3810,1000.);
#1092=VECTOR('',#3811,1000.);
#1093=VECTOR('',#3812,1000.);
#1094=VECTOR('',#3815,1000.);
#1095=VECTOR('',#3816,1000.);
#1096=VECTOR('',#3817,1000.);
#1097=VECTOR('',#3820,1000.);
#1098=VECTOR('',#3823,1000.);
#1099=VECTOR('',#3826,1000.);
#1100=VECTOR('',#3827,1000.);
#1101=VECTOR('',#3830,1000.);
#1102=VECTOR('',#3831,1000.);
#1103=VECTOR('',#3832,1000.);
#1104=VECTOR('',#3833,1000.);
#1105=VECTOR('',#3836,1000.);
#1106=VECTOR('',#3837,1000.);
#1107=VECTOR('',#3840,1000.);
#1108=VECTOR('',#3841,1000.);
#1109=VECTOR('',#3842,1000.);
#1110=VECTOR('',#3843,1000.);
#1111=VECTOR('',#3844,1000.);
#1112=VECTOR('',#3845,1000.);
#1113=VECTOR('',#3846,1000.);
#1114=VECTOR('',#3849,1000.);
#1115=VECTOR('',#3912,1000.);
#1116=VECTOR('',#3915,1000.);
#1117=VECTOR('',#3920,1000.);
#1118=VECTOR('',#3921,1000.);
#1119=VECTOR('',#3928,1000.);
#1120=VECTOR('',#3929,1000.);
#1121=VECTOR('',#3930,1000.);
#1122=VECTOR('',#3933,1000.);
#1123=VECTOR('',#3934,1000.);
#1124=VECTOR('',#3937,1000.);
#1125=VECTOR('',#3938,1000.);
#1126=VECTOR('',#3941,1000.);
#1127=VECTOR('',#3946,1000.);
#1128=VECTOR('',#3947,1000.);
#1129=VECTOR('',#3948,1000.);
#1130=VECTOR('',#3951,1000.);
#1131=VECTOR('',#3952,1000.);
#1132=VECTOR('',#3955,1000.);
#1133=VECTOR('',#3956,1000.);
#1134=VECTOR('',#3959,1000.);
#1135=VERTEX_POINT('',#3968);
#1136=VERTEX_POINT('',#3969);
#1137=VERTEX_POINT('',#3971);
#1138=VERTEX_POINT('',#3973);
#1139=VERTEX_POINT('',#3977);
#1140=VERTEX_POINT('',#3978);
#1141=VERTEX_POINT('',#3980);
#1142=VERTEX_POINT('',#3982);
#1143=VERTEX_POINT('',#3984);
#1144=VERTEX_POINT('',#3986);
#1145=VERTEX_POINT('',#3988);
#1146=VERTEX_POINT('',#3990);
#1147=VERTEX_POINT('',#3992);
#1148=VERTEX_POINT('',#3995);
#1149=VERTEX_POINT('',#3998);
#1150=VERTEX_POINT('',#3999);
#1151=VERTEX_POINT('',#4001);
#1152=VERTEX_POINT('',#4003);
#1153=VERTEX_POINT('',#4007);
#1154=VERTEX_POINT('',#4008);
#1155=VERTEX_POINT('',#4013);
#1156=VERTEX_POINT('',#4014);
#1157=VERTEX_POINT('',#4016);
#1158=VERTEX_POINT('',#4018);
#1159=VERTEX_POINT('',#4020);
#1160=VERTEX_POINT('',#4023);
#1161=VERTEX_POINT('',#4025);
#1162=VERTEX_POINT('',#4028);
#1163=VERTEX_POINT('',#4031);
#1164=VERTEX_POINT('',#4032);
#1165=VERTEX_POINT('',#4034);
#1166=VERTEX_POINT('',#4036);
#1167=VERTEX_POINT('',#4049);
#1168=VERTEX_POINT('',#4050);
#1169=VERTEX_POINT('',#4052);
#1170=VERTEX_POINT('',#4054);
#1171=VERTEX_POINT('',#4063);
#1172=VERTEX_POINT('',#4064);
#1173=VERTEX_POINT('',#4066);
#1174=VERTEX_POINT('',#4068);
#1175=VERTEX_POINT('',#4072);
#1176=VERTEX_POINT('',#4074);
#1177=VERTEX_POINT('',#4078);
#1178=VERTEX_POINT('',#4080);
#1179=VERTEX_POINT('',#4084);
#1180=VERTEX_POINT('',#4086);
#1181=VERTEX_POINT('',#4090);
#1182=VERTEX_POINT('',#4092);
#1183=VERTEX_POINT('',#4096);
#1184=VERTEX_POINT('',#4098);
#1185=VERTEX_POINT('',#4102);
#1186=VERTEX_POINT('',#4104);
#1187=VERTEX_POINT('',#4108);
#1188=VERTEX_POINT('',#4110);
#1189=VERTEX_POINT('',#4114);
#1190=VERTEX_POINT('',#4116);
#1191=VERTEX_POINT('',#4139);
#1192=VERTEX_POINT('',#4140);
#1193=VERTEX_POINT('',#4142);
#1194=VERTEX_POINT('',#4144);
#1195=VERTEX_POINT('',#4148);
#1196=VERTEX_POINT('',#4149);
#1197=VERTEX_POINT('',#4151);
#1198=VERTEX_POINT('',#4153);
#1199=VERTEX_POINT('',#4155);
#1200=VERTEX_POINT('',#4157);
#1201=VERTEX_POINT('',#4159);
#1202=VERTEX_POINT('',#4161);
#1203=VERTEX_POINT('',#4163);
#1204=VERTEX_POINT('',#4166);
#1205=VERTEX_POINT('',#4169);
#1206=VERTEX_POINT('',#4170);
#1207=VERTEX_POINT('',#4172);
#1208=VERTEX_POINT('',#4174);
#1209=VERTEX_POINT('',#4178);
#1210=VERTEX_POINT('',#4179);
#1211=VERTEX_POINT('',#4184);
#1212=VERTEX_POINT('',#4185);
#1213=VERTEX_POINT('',#4187);
#1214=VERTEX_POINT('',#4189);
#1215=VERTEX_POINT('',#4191);
#1216=VERTEX_POINT('',#4194);
#1217=VERTEX_POINT('',#4196);
#1218=VERTEX_POINT('',#4199);
#1219=VERTEX_POINT('',#4202);
#1220=VERTEX_POINT('',#4203);
#1221=VERTEX_POINT('',#4205);
#1222=VERTEX_POINT('',#4207);
#1223=VERTEX_POINT('',#4237);
#1224=VERTEX_POINT('',#4238);
#1225=VERTEX_POINT('',#4240);
#1226=VERTEX_POINT('',#4242);
#1227=VERTEX_POINT('',#4246);
#1228=VERTEX_POINT('',#4247);
#1229=VERTEX_POINT('',#4249);
#1230=VERTEX_POINT('',#4251);
#1231=VERTEX_POINT('',#4255);
#1232=VERTEX_POINT('',#4256);
#1233=VERTEX_POINT('',#4258);
#1234=VERTEX_POINT('',#4260);
#1235=VERTEX_POINT('',#4264);
#1236=VERTEX_POINT('',#4265);
#1237=VERTEX_POINT('',#4267);
#1238=VERTEX_POINT('',#4269);
#1239=VERTEX_POINT('',#4273);
#1240=VERTEX_POINT('',#4274);
#1241=VERTEX_POINT('',#4276);
#1242=VERTEX_POINT('',#4278);
#1243=VERTEX_POINT('',#4282);
#1244=VERTEX_POINT('',#4283);
#1245=VERTEX_POINT('',#4285);
#1246=VERTEX_POINT('',#4287);
#1247=VERTEX_POINT('',#4291);
#1248=VERTEX_POINT('',#4292);
#1249=VERTEX_POINT('',#4294);
#1250=VERTEX_POINT('',#4296);
#1251=VERTEX_POINT('',#4300);
#1252=VERTEX_POINT('',#4301);
#1253=VERTEX_POINT('',#4303);
#1254=VERTEX_POINT('',#4305);
#1255=VERTEX_POINT('',#4309);
#1256=VERTEX_POINT('',#4310);
#1257=VERTEX_POINT('',#4312);
#1258=VERTEX_POINT('',#4314);
#1259=VERTEX_POINT('',#4318);
#1260=VERTEX_POINT('',#4319);
#1261=VERTEX_POINT('',#4321);
#1262=VERTEX_POINT('',#4323);
#1263=VERTEX_POINT('',#4327);
#1264=VERTEX_POINT('',#4328);
#1265=VERTEX_POINT('',#4330);
#1266=VERTEX_POINT('',#4332);
#1267=VERTEX_POINT('',#4336);
#1268=VERTEX_POINT('',#4337);
#1269=VERTEX_POINT('',#4339);
#1270=VERTEX_POINT('',#4341);
#1271=VERTEX_POINT('',#4345);
#1272=VERTEX_POINT('',#4346);
#1273=VERTEX_POINT('',#4348);
#1274=VERTEX_POINT('',#4350);
#1275=VERTEX_POINT('',#4354);
#1276=VERTEX_POINT('',#4355);
#1277=VERTEX_POINT('',#4357);
#1278=VERTEX_POINT('',#4359);
#1279=VERTEX_POINT('',#4363);
#1280=VERTEX_POINT('',#4364);
#1281=VERTEX_POINT('',#4366);
#1282=VERTEX_POINT('',#4368);
#1283=VERTEX_POINT('',#4372);
#1284=VERTEX_POINT('',#4373);
#1285=VERTEX_POINT('',#4375);
#1286=VERTEX_POINT('',#4377);
#1287=VERTEX_POINT('',#4381);
#1288=VERTEX_POINT('',#4382);
#1289=VERTEX_POINT('',#4384);
#1290=VERTEX_POINT('',#4386);
#1291=VERTEX_POINT('',#4390);
#1292=VERTEX_POINT('',#4391);
#1293=VERTEX_POINT('',#4393);
#1294=VERTEX_POINT('',#4395);
#1295=VERTEX_POINT('',#4399);
#1296=VERTEX_POINT('',#4400);
#1297=VERTEX_POINT('',#4402);
#1298=VERTEX_POINT('',#4404);
#1299=VERTEX_POINT('',#4408);
#1300=VERTEX_POINT('',#4409);
#1301=VERTEX_POINT('',#4411);
#1302=VERTEX_POINT('',#4413);
#1303=VERTEX_POINT('',#4417);
#1304=VERTEX_POINT('',#4418);
#1305=VERTEX_POINT('',#4420);
#1306=VERTEX_POINT('',#4422);
#1307=VERTEX_POINT('',#4426);
#1308=VERTEX_POINT('',#4427);
#1309=VERTEX_POINT('',#4429);
#1310=VERTEX_POINT('',#4431);
#1311=VERTEX_POINT('',#4435);
#1312=VERTEX_POINT('',#4436);
#1313=VERTEX_POINT('',#4438);
#1314=VERTEX_POINT('',#4440);
#1315=VERTEX_POINT('',#4444);
#1316=VERTEX_POINT('',#4445);
#1317=VERTEX_POINT('',#4447);
#1318=VERTEX_POINT('',#4449);
#1319=VERTEX_POINT('',#4453);
#1320=VERTEX_POINT('',#4454);
#1321=VERTEX_POINT('',#4456);
#1322=VERTEX_POINT('',#4458);
#1323=VERTEX_POINT('',#4462);
#1324=VERTEX_POINT('',#4463);
#1325=VERTEX_POINT('',#4465);
#1326=VERTEX_POINT('',#4467);
#1327=VERTEX_POINT('',#4471);
#1328=VERTEX_POINT('',#4472);
#1329=VERTEX_POINT('',#4474);
#1330=VERTEX_POINT('',#4476);
#1331=VERTEX_POINT('',#4480);
#1332=VERTEX_POINT('',#4481);
#1333=VERTEX_POINT('',#4483);
#1334=VERTEX_POINT('',#4485);
#1335=VERTEX_POINT('',#4489);
#1336=VERTEX_POINT('',#4490);
#1337=VERTEX_POINT('',#4492);
#1338=VERTEX_POINT('',#4494);
#1339=VERTEX_POINT('',#4498);
#1340=VERTEX_POINT('',#4499);
#1341=VERTEX_POINT('',#4501);
#1342=VERTEX_POINT('',#4503);
#1343=VERTEX_POINT('',#4507);
#1344=VERTEX_POINT('',#4508);
#1345=VERTEX_POINT('',#4510);
#1346=VERTEX_POINT('',#4512);
#1347=VERTEX_POINT('',#4516);
#1348=VERTEX_POINT('',#4517);
#1349=VERTEX_POINT('',#4519);
#1350=VERTEX_POINT('',#4521);
#1351=VERTEX_POINT('',#4525);
#1352=VERTEX_POINT('',#4526);
#1353=VERTEX_POINT('',#4529);
#1354=VERTEX_POINT('',#4531);
#1355=VERTEX_POINT('',#4533);
#1356=VERTEX_POINT('',#4535);
#1357=VERTEX_POINT('',#4552);
#1358=VERTEX_POINT('',#4554);
#1359=VERTEX_POINT('',#4556);
#1360=VERTEX_POINT('',#4558);
#1361=VERTEX_POINT('',#4562);
#1362=VERTEX_POINT('',#4563);
#1363=VERTEX_POINT('',#4565);
#1364=VERTEX_POINT('',#4570);
#1365=VERTEX_POINT('',#4574);
#1366=VERTEX_POINT('',#4575);
#1367=VERTEX_POINT('',#4577);
#1368=VERTEX_POINT('',#4581);
#1369=VERTEX_POINT('',#4582);
#1370=VERTEX_POINT('',#4585);
#1371=VERTEX_POINT('',#4589);
#1372=VERTEX_POINT('',#4591);
#1373=VERTEX_POINT('',#4593);
#1374=VERTEX_POINT('',#4595);
#1375=VERTEX_POINT('',#4597);
#1376=VERTEX_POINT('',#4599);
#1377=VERTEX_POINT('',#4601);
#1378=VERTEX_POINT('',#4603);
#1379=VERTEX_POINT('',#4623);
#1380=VERTEX_POINT('',#4624);
#1381=VERTEX_POINT('',#4650);
#1382=VERTEX_POINT('',#4652);
#1383=VERTEX_POINT('',#4664);
#1384=VERTEX_POINT('',#4665);
#1385=VERTEX_POINT('',#4667);
#1386=VERTEX_POINT('',#4669);
#1387=VERTEX_POINT('',#4672);
#1388=VERTEX_POINT('',#4673);
#1389=VERTEX_POINT('',#4675);
#1390=VERTEX_POINT('',#4677);
#1391=VERTEX_POINT('',#4684);
#1392=VERTEX_POINT('',#4686);
#1393=VERTEX_POINT('',#4688);
#1394=VERTEX_POINT('',#4692);
#1395=VERTEX_POINT('',#4696);
#1396=VERTEX_POINT('',#4697);
#1397=VERTEX_POINT('',#4699);
#1398=VERTEX_POINT('',#4703);
#1399=VERTEX_POINT('',#4716);
#1400=VERTEX_POINT('',#4718);
#1401=VERTEX_POINT('',#4722);
#1402=VERTEX_POINT('',#4726);
#1403=VERTEX_POINT('',#4728);
#1404=VERTEX_POINT('',#4730);
#1405=VERTEX_POINT('',#4733);
#1406=VERTEX_POINT('',#4735);
#1407=VERTEX_POINT('',#4781);
#1408=VERTEX_POINT('',#4783);
#1409=VERTEX_POINT('',#4787);
#1410=VERTEX_POINT('',#4791);
#1411=VERTEX_POINT('',#4798);
#1412=VERTEX_POINT('',#4800);
#1413=VERTEX_POINT('',#4804);
#1414=VERTEX_POINT('',#4808);
#1415=EDGE_CURVE('',#1135,#1136,#439,.T.);
#1416=EDGE_CURVE('',#1135,#1137,#440,.T.);
#1417=EDGE_CURVE('',#1137,#1138,#441,.T.);
#1418=EDGE_CURVE('',#1138,#1136,#442,.T.);
#1419=EDGE_CURVE('',#1139,#1140,#443,.T.);
#1420=EDGE_CURVE('',#1139,#1141,#444,.T.);
#1421=EDGE_CURVE('',#1141,#1142,#445,.T.);
#1422=EDGE_CURVE('',#1142,#1143,#446,.T.);
#1423=EDGE_CURVE('',#1143,#1144,#447,.T.);
#1424=EDGE_CURVE('',#1145,#1144,#448,.T.);
#1425=EDGE_CURVE('',#1145,#1146,#449,.T.);
#1426=EDGE_CURVE('',#1147,#1146,#450,.T.);
#1427=EDGE_CURVE('',#1147,#1135,#451,.T.);
#1428=EDGE_CURVE('',#1136,#1148,#452,.T.);
#1429=EDGE_CURVE('',#1140,#1148,#453,.T.);
#1430=EDGE_CURVE('',#1149,#1150,#454,.T.);
#1431=EDGE_CURVE('',#1151,#1149,#455,.T.);
#1432=EDGE_CURVE('',#1152,#1151,#456,.T.);
#1433=EDGE_CURVE('',#1150,#1152,#457,.T.);
#1434=EDGE_CURVE('',#1153,#1154,#458,.T.);
#1435=EDGE_CURVE('',#1153,#1145,#459,.T.);
#1436=EDGE_CURVE('',#1144,#1154,#460,.T.);
#1437=EDGE_CURVE('',#1155,#1156,#461,.T.);
#1438=EDGE_CURVE('',#1156,#1157,#462,.T.);
#1439=EDGE_CURVE('',#1158,#1157,#463,.T.);
#1440=EDGE_CURVE('',#1158,#1159,#464,.T.);
#1441=EDGE_CURVE('',#1159,#1138,#465,.T.);
#1442=EDGE_CURVE('',#1137,#1160,#466,.T.);
#1443=EDGE_CURVE('',#1161,#1160,#467,.T.);
#1444=EDGE_CURVE('',#1161,#1153,#468,.T.);
#1445=EDGE_CURVE('',#1154,#1162,#469,.T.);
#1446=EDGE_CURVE('',#1155,#1162,#470,.T.);
#1447=EDGE_CURVE('',#1163,#1164,#471,.T.);
#1448=EDGE_CURVE('',#1164,#1165,#472,.T.);
#1449=EDGE_CURVE('',#1165,#1166,#473,.T.);
#1450=EDGE_CURVE('',#1166,#1163,#474,.T.);
#1451=EDGE_CURVE('',#1160,#1147,#475,.T.);
#1452=EDGE_CURVE('',#1146,#1161,#476,.T.);
#1453=EDGE_CURVE('',#1148,#1159,#477,.T.);
#1454=EDGE_CURVE('',#1155,#1142,#478,.T.);
#1455=EDGE_CURVE('',#1162,#1143,#479,.T.);
#1456=EDGE_CURVE('',#1167,#1168,#480,.T.);
#1457=EDGE_CURVE('',#1167,#1169,#481,.T.);
#1458=EDGE_CURVE('',#1169,#1170,#482,.T.);
#1459=EDGE_CURVE('',#1168,#1170,#483,.T.);
#1460=EDGE_CURVE('',#1140,#1158,#484,.T.);
#1461=EDGE_CURVE('',#1139,#1157,#485,.T.);
#1462=EDGE_CURVE('',#1171,#1172,#486,.T.);
#1463=EDGE_CURVE('',#1173,#1171,#487,.T.);
#1464=EDGE_CURVE('',#1173,#1174,#488,.T.);
#1465=EDGE_CURVE('',#1174,#1172,#489,.T.);
#1466=EDGE_CURVE('',#1171,#1175,#49,.T.);
#1467=EDGE_CURVE('',#1176,#1175,#490,.T.);
#1468=EDGE_CURVE('',#1173,#1176,#50,.T.);
#1469=EDGE_CURVE('',#1175,#1177,#491,.T.);
#1470=EDGE_CURVE('',#1178,#1177,#492,.T.);
#1471=EDGE_CURVE('',#1176,#1178,#493,.T.);
#1472=EDGE_CURVE('',#1179,#1177,#51,.T.);
#1473=EDGE_CURVE('',#1180,#1179,#494,.T.);
#1474=EDGE_CURVE('',#1180,#1178,#52,.T.);
#1475=EDGE_CURVE('',#1179,#1181,#495,.T.);
#1476=EDGE_CURVE('',#1182,#1181,#496,.T.);
#1477=EDGE_CURVE('',#1180,#1182,#497,.T.);
#1478=EDGE_CURVE('',#1181,#1183,#53,.T.);
#1479=EDGE_CURVE('',#1184,#1183,#498,.T.);
#1480=EDGE_CURVE('',#1182,#1184,#54,.T.);
#1481=EDGE_CURVE('',#1185,#1183,#499,.T.);
#1482=EDGE_CURVE('',#1186,#1185,#500,.T.);
#1483=EDGE_CURVE('',#1186,#1184,#501,.T.);
#1484=EDGE_CURVE('',#1187,#1185,#55,.T.);
#1485=EDGE_CURVE('',#1188,#1187,#502,.T.);
#1486=EDGE_CURVE('',#1188,#1186,#56,.T.);
#1487=EDGE_CURVE('',#1187,#1189,#503,.T.);
#1488=EDGE_CURVE('',#1190,#1189,#504,.T.);
#1489=EDGE_CURVE('',#1188,#1190,#505,.T.);
#1490=EDGE_CURVE('',#1189,#1170,#57,.T.);
#1491=EDGE_CURVE('',#1190,#1169,#58,.T.);
#1492=EDGE_CURVE('',#1172,#1168,#59,.T.);
#1493=EDGE_CURVE('',#1174,#1167,#60,.T.);
#1494=EDGE_CURVE('',#1156,#1141,#506,.T.);
#1495=EDGE_CURVE('',#1164,#1151,#507,.T.);
#1496=EDGE_CURVE('',#1165,#1149,#508,.T.);
#1497=EDGE_CURVE('',#1163,#1152,#509,.T.);
#1498=EDGE_CURVE('',#1166,#1150,#510,.T.);
#1499=EDGE_CURVE('',#1191,#1192,#511,.T.);
#1500=EDGE_CURVE('',#1191,#1193,#512,.T.);
#1501=EDGE_CURVE('',#1193,#1194,#513,.T.);
#1502=EDGE_CURVE('',#1194,#1192,#514,.T.);
#1503=EDGE_CURVE('',#1195,#1196,#515,.T.);
#1504=EDGE_CURVE('',#1196,#1197,#516,.T.);
#1505=EDGE_CURVE('',#1198,#1197,#517,.T.);
#1506=EDGE_CURVE('',#1198,#1199,#518,.T.);
#1507=EDGE_CURVE('',#1199,#1200,#519,.T.);
#1508=EDGE_CURVE('',#1201,#1200,#520,.T.);
#1509=EDGE_CURVE('',#1201,#1202,#521,.T.);
#1510=EDGE_CURVE('',#1203,#1202,#522,.T.);
#1511=EDGE_CURVE('',#1203,#1191,#523,.T.);
#1512=EDGE_CURVE('',#1192,#1204,#524,.T.);
#1513=EDGE_CURVE('',#1195,#1204,#525,.T.);
#1514=EDGE_CURVE('',#1205,#1206,#526,.T.);
#1515=EDGE_CURVE('',#1207,#1205,#527,.T.);
#1516=EDGE_CURVE('',#1208,#1207,#528,.T.);
#1517=EDGE_CURVE('',#1206,#1208,#529,.T.);
#1518=EDGE_CURVE('',#1209,#1210,#530,.T.);
#1519=EDGE_CURVE('',#1209,#1201,#531,.T.);
#1520=EDGE_CURVE('',#1200,#1210,#532,.T.);
#1521=EDGE_CURVE('',#1211,#1212,#533,.T.);
#1522=EDGE_CURVE('',#1211,#1213,#534,.T.);
#1523=EDGE_CURVE('',#1213,#1214,#535,.T.);
#1524=EDGE_CURVE('',#1214,#1215,#536,.T.);
#1525=EDGE_CURVE('',#1215,#1194,#537,.T.);
#1526=EDGE_CURVE('',#1193,#1216,#538,.T.);
#1527=EDGE_CURVE('',#1217,#1216,#539,.T.);
#1528=EDGE_CURVE('',#1217,#1209,#540,.T.);
#1529=EDGE_CURVE('',#1210,#1218,#541,.T.);
#1530=EDGE_CURVE('',#1212,#1218,#542,.T.);
#1531=EDGE_CURVE('',#1219,#1220,#543,.T.);
#1532=EDGE_CURVE('',#1220,#1221,#544,.T.);
#1533=EDGE_CURVE('',#1221,#1222,#545,.T.);
#1534=EDGE_CURVE('',#1222,#1219,#546,.T.);
#1535=EDGE_CURVE('',#1216,#1203,#547,.T.);
#1536=EDGE_CURVE('',#1202,#1217,#548,.T.);
#1537=EDGE_CURVE('',#1204,#1215,#549,.T.);
#1538=EDGE_CURVE('',#1218,#1199,#550,.T.);
#1539=EDGE_CURVE('',#1212,#1198,#551,.T.);
#1540=EDGE_CURVE('',#1214,#1195,#552,.T.);
#1541=EDGE_CURVE('',#1211,#1197,#553,.T.);
#1542=EDGE_CURVE('',#1213,#1196,#554,.T.);
#1543=EDGE_CURVE('',#1220,#1207,#555,.T.);
#1544=EDGE_CURVE('',#1221,#1205,#556,.T.);
#1545=EDGE_CURVE('',#1219,#1208,#557,.T.);
#1546=EDGE_CURVE('',#1222,#1206,#558,.T.);
#1547=EDGE_CURVE('',#1223,#1224,#559,.T.);
#1548=EDGE_CURVE('',#1224,#1225,#560,.T.);
#1549=EDGE_CURVE('',#1226,#1225,#561,.T.);
#1550=EDGE_CURVE('',#1223,#1226,#562,.T.);
#1551=EDGE_CURVE('',#1227,#1228,#563,.T.);
#1552=EDGE_CURVE('',#1228,#1229,#564,.T.);
#1553=EDGE_CURVE('',#1230,#1229,#565,.T.);
#1554=EDGE_CURVE('',#1227,#1230,#566,.T.);
#1555=EDGE_CURVE('',#1231,#1232,#567,.T.);
#1556=EDGE_CURVE('',#1232,#1233,#568,.T.);
#1557=EDGE_CURVE('',#1234,#1233,#569,.T.);
#1558=EDGE_CURVE('',#1234,#1231,#570,.T.);
#1559=EDGE_CURVE('',#1235,#1236,#571,.T.);
#1560=EDGE_CURVE('',#1235,#1237,#572,.T.);
#1561=EDGE_CURVE('',#1237,#1238,#573,.T.);
#1562=EDGE_CURVE('',#1238,#1236,#574,.T.);
#1563=EDGE_CURVE('',#1239,#1240,#575,.T.);
#1564=EDGE_CURVE('',#1240,#1241,#576,.T.);
#1565=EDGE_CURVE('',#1242,#1241,#577,.T.);
#1566=EDGE_CURVE('',#1242,#1239,#578,.T.);
#1567=EDGE_CURVE('',#1243,#1244,#579,.T.);
#1568=EDGE_CURVE('',#1243,#1245,#580,.T.);
#1569=EDGE_CURVE('',#1245,#1246,#581,.T.);
#1570=EDGE_CURVE('',#1246,#1244,#582,.T.);
#1571=EDGE_CURVE('',#1247,#1248,#583,.T.);
#1572=EDGE_CURVE('',#1248,#1249,#584,.T.);
#1573=EDGE_CURVE('',#1250,#1249,#585,.T.);
#1574=EDGE_CURVE('',#1247,#1250,#586,.T.);
#1575=EDGE_CURVE('',#1251,#1252,#587,.T.);
#1576=EDGE_CURVE('',#1252,#1253,#588,.T.);
#1577=EDGE_CURVE('',#1254,#1253,#589,.T.);
#1578=EDGE_CURVE('',#1254,#1251,#590,.T.);
#1579=EDGE_CURVE('',#1255,#1256,#591,.T.);
#1580=EDGE_CURVE('',#1255,#1257,#592,.T.);
#1581=EDGE_CURVE('',#1257,#1258,#593,.T.);
#1582=EDGE_CURVE('',#1258,#1256,#594,.T.);
#1583=EDGE_CURVE('',#1259,#1260,#595,.T.);
#1584=EDGE_CURVE('',#1259,#1261,#596,.T.);
#1585=EDGE_CURVE('',#1261,#1262,#597,.T.);
#1586=EDGE_CURVE('',#1262,#1260,#598,.T.);
#1587=EDGE_CURVE('',#1263,#1264,#599,.T.);
#1588=EDGE_CURVE('',#1263,#1265,#600,.T.);
#1589=EDGE_CURVE('',#1265,#1266,#601,.T.);
#1590=EDGE_CURVE('',#1266,#1264,#602,.T.);
#1591=EDGE_CURVE('',#1267,#1268,#603,.T.);
#1592=EDGE_CURVE('',#1268,#1269,#604,.T.);
#1593=EDGE_CURVE('',#1270,#1269,#605,.T.);
#1594=EDGE_CURVE('',#1270,#1267,#606,.T.);
#1595=EDGE_CURVE('',#1271,#1272,#607,.T.);
#1596=EDGE_CURVE('',#1272,#1273,#608,.T.);
#1597=EDGE_CURVE('',#1274,#1273,#609,.T.);
#1598=EDGE_CURVE('',#1274,#1271,#610,.T.);
#1599=EDGE_CURVE('',#1275,#1276,#611,.T.);
#1600=EDGE_CURVE('',#1275,#1277,#612,.T.);
#1601=EDGE_CURVE('',#1277,#1278,#613,.T.);
#1602=EDGE_CURVE('',#1278,#1276,#614,.T.);
#1603=EDGE_CURVE('',#1279,#1280,#615,.T.);
#1604=EDGE_CURVE('',#1279,#1281,#616,.T.);
#1605=EDGE_CURVE('',#1281,#1282,#617,.T.);
#1606=EDGE_CURVE('',#1282,#1280,#618,.T.);
#1607=EDGE_CURVE('',#1283,#1284,#619,.T.);
#1608=EDGE_CURVE('',#1283,#1285,#620,.T.);
#1609=EDGE_CURVE('',#1285,#1286,#621,.T.);
#1610=EDGE_CURVE('',#1286,#1284,#622,.T.);
#1611=EDGE_CURVE('',#1287,#1288,#623,.T.);
#1612=EDGE_CURVE('',#1287,#1289,#624,.T.);
#1613=EDGE_CURVE('',#1289,#1290,#625,.T.);
#1614=EDGE_CURVE('',#1290,#1288,#626,.T.);
#1615=EDGE_CURVE('',#1291,#1292,#627,.T.);
#1616=EDGE_CURVE('',#1291,#1293,#628,.T.);
#1617=EDGE_CURVE('',#1293,#1294,#629,.T.);
#1618=EDGE_CURVE('',#1294,#1292,#630,.T.);
#1619=EDGE_CURVE('',#1295,#1296,#631,.T.);
#1620=EDGE_CURVE('',#1295,#1297,#632,.T.);
#1621=EDGE_CURVE('',#1297,#1298,#633,.T.);
#1622=EDGE_CURVE('',#1298,#1296,#634,.T.);
#1623=EDGE_CURVE('',#1299,#1300,#635,.T.);
#1624=EDGE_CURVE('',#1299,#1301,#636,.T.);
#1625=EDGE_CURVE('',#1301,#1302,#637,.T.);
#1626=EDGE_CURVE('',#1302,#1300,#638,.T.);
#1627=EDGE_CURVE('',#1303,#1304,#639,.T.);
#1628=EDGE_CURVE('',#1303,#1305,#640,.T.);
#1629=EDGE_CURVE('',#1305,#1306,#641,.T.);
#1630=EDGE_CURVE('',#1306,#1304,#642,.T.);
#1631=EDGE_CURVE('',#1307,#1308,#643,.T.);
#1632=EDGE_CURVE('',#1307,#1309,#644,.T.);
#1633=EDGE_CURVE('',#1309,#1310,#645,.T.);
#1634=EDGE_CURVE('',#1310,#1308,#646,.T.);
#1635=EDGE_CURVE('',#1311,#1312,#647,.T.);
#1636=EDGE_CURVE('',#1312,#1313,#648,.T.);
#1637=EDGE_CURVE('',#1314,#1313,#649,.T.);
#1638=EDGE_CURVE('',#1314,#1311,#650,.T.);
#1639=EDGE_CURVE('',#1315,#1316,#651,.T.);
#1640=EDGE_CURVE('',#1315,#1317,#652,.T.);
#1641=EDGE_CURVE('',#1317,#1318,#653,.T.);
#1642=EDGE_CURVE('',#1318,#1316,#654,.T.);
#1643=EDGE_CURVE('',#1319,#1320,#655,.T.);
#1644=EDGE_CURVE('',#1319,#1321,#656,.T.);
#1645=EDGE_CURVE('',#1321,#1322,#657,.T.);
#1646=EDGE_CURVE('',#1322,#1320,#658,.T.);
#1647=EDGE_CURVE('',#1323,#1324,#659,.T.);
#1648=EDGE_CURVE('',#1323,#1325,#660,.T.);
#1649=EDGE_CURVE('',#1325,#1326,#661,.T.);
#1650=EDGE_CURVE('',#1326,#1324,#662,.T.);
#1651=EDGE_CURVE('',#1327,#1328,#663,.T.);
#1652=EDGE_CURVE('',#1328,#1329,#664,.T.);
#1653=EDGE_CURVE('',#1330,#1329,#665,.T.);
#1654=EDGE_CURVE('',#1330,#1327,#666,.T.);
#1655=EDGE_CURVE('',#1331,#1332,#667,.T.);
#1656=EDGE_CURVE('',#1332,#1333,#668,.T.);
#1657=EDGE_CURVE('',#1334,#1333,#669,.T.);
#1658=EDGE_CURVE('',#1334,#1331,#670,.T.);
#1659=EDGE_CURVE('',#1335,#1336,#671,.T.);
#1660=EDGE_CURVE('',#1335,#1337,#672,.T.);
#1661=EDGE_CURVE('',#1337,#1338,#673,.T.);
#1662=EDGE_CURVE('',#1338,#1336,#674,.T.);
#1663=EDGE_CURVE('',#1339,#1340,#675,.T.);
#1664=EDGE_CURVE('',#1339,#1341,#676,.T.);
#1665=EDGE_CURVE('',#1341,#1342,#677,.T.);
#1666=EDGE_CURVE('',#1342,#1340,#678,.T.);
#1667=EDGE_CURVE('',#1343,#1344,#679,.T.);
#1668=EDGE_CURVE('',#1343,#1345,#680,.T.);
#1669=EDGE_CURVE('',#1345,#1346,#681,.T.);
#1670=EDGE_CURVE('',#1346,#1344,#682,.T.);
#1671=EDGE_CURVE('',#1347,#1348,#683,.T.);
#1672=EDGE_CURVE('',#1348,#1349,#684,.T.);
#1673=EDGE_CURVE('',#1350,#1349,#685,.T.);
#1674=EDGE_CURVE('',#1350,#1347,#686,.T.);
#1675=EDGE_CURVE('',#1351,#1352,#687,.T.);
#1676=EDGE_CURVE('',#1352,#1224,#688,.T.);
#1677=EDGE_CURVE('',#1353,#1223,#689,.T.);
#1678=EDGE_CURVE('',#1354,#1353,#690,.T.);
#1679=EDGE_CURVE('',#1355,#1354,#691,.T.);
#1680=EDGE_CURVE('',#1355,#1356,#692,.T.);
#1681=EDGE_CURVE('',#1356,#1307,#13,.T.);
#1682=EDGE_CURVE('',#1308,#1314,#14,.T.);
#1683=EDGE_CURVE('',#1313,#1299,#15,.T.);
#1684=EDGE_CURVE('',#1300,#1303,#16,.T.);
#1685=EDGE_CURVE('',#1304,#1323,#17,.T.);
#1686=EDGE_CURVE('',#1324,#1330,#18,.T.);
#1687=EDGE_CURVE('',#1329,#1315,#19,.T.);
#1688=EDGE_CURVE('',#1316,#1319,#20,.T.);
#1689=EDGE_CURVE('',#1320,#1334,#21,.T.);
#1690=EDGE_CURVE('',#1333,#1291,#22,.T.);
#1691=EDGE_CURVE('',#1292,#1295,#23,.T.);
#1692=EDGE_CURVE('',#1296,#1343,#24,.T.);
#1693=EDGE_CURVE('',#1344,#1350,#25,.T.);
#1694=EDGE_CURVE('',#1349,#1335,#26,.T.);
#1695=EDGE_CURVE('',#1336,#1339,#27,.T.);
#1696=EDGE_CURVE('',#1340,#1357,#693,.T.);
#1697=EDGE_CURVE('',#1358,#1357,#694,.T.);
#1698=EDGE_CURVE('',#1358,#1359,#695,.T.);
#1699=EDGE_CURVE('',#1360,#1359,#696,.T.);
#1700=EDGE_CURVE('',#1360,#1351,#697,.T.);
#1701=EDGE_CURVE('',#1361,#1362,#698,.T.);
#1702=EDGE_CURVE('',#1361,#1363,#699,.T.);
#1703=EDGE_CURVE('',#1354,#1363,#700,.T.);
#1704=EDGE_CURVE('',#1362,#1353,#701,.T.);
#1705=EDGE_CURVE('',#1364,#1362,#702,.T.);
#1706=EDGE_CURVE('',#1364,#1361,#703,.T.);
#1707=EDGE_CURVE('',#1365,#1366,#704,.T.);
#1708=EDGE_CURVE('',#1365,#1367,#705,.T.);
#1709=EDGE_CURVE('',#1366,#1367,#706,.T.);
#1710=EDGE_CURVE('',#1368,#1369,#707,.T.);
#1711=EDGE_CURVE('',#1368,#1365,#708,.T.);
#1712=EDGE_CURVE('',#1370,#1366,#709,.T.);
#1713=EDGE_CURVE('',#1369,#1370,#710,.T.);
#1714=EDGE_CURVE('',#1229,#1371,#711,.T.);
#1715=EDGE_CURVE('',#1371,#1372,#712,.T.);
#1716=EDGE_CURVE('',#1372,#1373,#713,.T.);
#1717=EDGE_CURVE('',#1373,#1374,#714,.T.);
#1718=EDGE_CURVE('',#1374,#1375,#715,.T.);
#1719=EDGE_CURVE('',#1375,#1376,#716,.T.);
#1720=EDGE_CURVE('',#1376,#1377,#717,.T.);
#1721=EDGE_CURVE('',#1378,#1377,#718,.T.);
#1722=EDGE_CURVE('',#1378,#1278,#28,.T.);
#1723=EDGE_CURVE('',#1277,#1272,#29,.T.);
#1724=EDGE_CURVE('',#1271,#1286,#30,.T.);
#1725=EDGE_CURVE('',#1285,#1282,#31,.T.);
#1726=EDGE_CURVE('',#1281,#1238,#32,.T.);
#1727=EDGE_CURVE('',#1237,#1232,#33,.T.);
#1728=EDGE_CURVE('',#1231,#1268,#34,.T.);
#1729=EDGE_CURVE('',#1267,#1290,#35,.T.);
#1730=EDGE_CURVE('',#1289,#1258,#36,.T.);
#1731=EDGE_CURVE('',#1257,#1252,#37,.T.);
#1732=EDGE_CURVE('',#1251,#1266,#38,.T.);
#1733=EDGE_CURVE('',#1265,#1262,#39,.T.);
#1734=EDGE_CURVE('',#1261,#1246,#40,.T.);
#1735=EDGE_CURVE('',#1245,#1240,#41,.T.);
#1736=EDGE_CURVE('',#1239,#1248,#42,.T.);
#1737=EDGE_CURVE('',#1369,#1247,#719,.T.);
#1738=EDGE_CURVE('',#1230,#1370,#720,.T.);
#1739=EDGE_CURVE('',#1379,#1380,#721,.T.);
#1740=EDGE_CURVE('',#1379,#1378,#722,.T.);
#1741=EDGE_CURVE('',#1377,#1380,#723,.T.);
#1742=EDGE_CURVE('',#1233,#1235,#61,.T.);
#1743=EDGE_CURVE('',#1236,#1279,#62,.T.);
#1744=EDGE_CURVE('',#1280,#1283,#63,.T.);
#1745=EDGE_CURVE('',#1284,#1274,#64,.T.);
#1746=EDGE_CURVE('',#1273,#1275,#65,.T.);
#1747=EDGE_CURVE('',#1276,#1379,#66,.T.);
#1748=EDGE_CURVE('',#1380,#1342,#724,.T.);
#1749=EDGE_CURVE('',#1338,#1341,#67,.T.);
#1750=EDGE_CURVE('',#1348,#1337,#68,.T.);
#1751=EDGE_CURVE('',#1346,#1347,#69,.T.);
#1752=EDGE_CURVE('',#1298,#1345,#70,.T.);
#1753=EDGE_CURVE('',#1294,#1297,#71,.T.);
#1754=EDGE_CURVE('',#1332,#1293,#72,.T.);
#1755=EDGE_CURVE('',#1322,#1331,#73,.T.);
#1756=EDGE_CURVE('',#1318,#1321,#74,.T.);
#1757=EDGE_CURVE('',#1328,#1317,#75,.T.);
#1758=EDGE_CURVE('',#1326,#1327,#76,.T.);
#1759=EDGE_CURVE('',#1306,#1325,#77,.T.);
#1760=EDGE_CURVE('',#1302,#1305,#78,.T.);
#1761=EDGE_CURVE('',#1312,#1301,#79,.T.);
#1762=EDGE_CURVE('',#1310,#1311,#80,.T.);
#1763=EDGE_CURVE('',#1381,#1309,#81,.T.);
#1764=EDGE_CURVE('',#1382,#1381,#725,.T.);
#1765=EDGE_CURVE('',#1250,#1382,#726,.T.);
#1766=EDGE_CURVE('',#1249,#1242,#82,.T.);
#1767=EDGE_CURVE('',#1241,#1243,#83,.T.);
#1768=EDGE_CURVE('',#1244,#1259,#84,.T.);
#1769=EDGE_CURVE('',#1260,#1263,#85,.T.);
#1770=EDGE_CURVE('',#1264,#1254,#86,.T.);
#1771=EDGE_CURVE('',#1253,#1255,#87,.T.);
#1772=EDGE_CURVE('',#1256,#1287,#88,.T.);
#1773=EDGE_CURVE('',#1288,#1270,#89,.T.);
#1774=EDGE_CURVE('',#1269,#1234,#90,.T.);
#1775=EDGE_CURVE('',#1383,#1384,#727,.T.);
#1776=EDGE_CURVE('',#1385,#1383,#728,.T.);
#1777=EDGE_CURVE('',#1386,#1385,#729,.T.);
#1778=EDGE_CURVE('',#1384,#1386,#730,.T.);
#1779=EDGE_CURVE('',#1387,#1388,#731,.T.);
#1780=EDGE_CURVE('',#1389,#1387,#732,.T.);
#1781=EDGE_CURVE('',#1390,#1389,#733,.T.);
#1782=EDGE_CURVE('',#1388,#1390,#734,.T.);
#1783=EDGE_CURVE('',#1381,#1356,#735,.T.);
#1784=EDGE_CURVE('',#1382,#1355,#736,.T.);
#1785=EDGE_CURVE('',#1357,#1391,#737,.T.);
#1786=EDGE_CURVE('',#1391,#1392,#738,.T.);
#1787=EDGE_CURVE('',#1393,#1392,#739,.T.);
#1788=EDGE_CURVE('',#1393,#1358,#740,.T.);
#1789=EDGE_CURVE('',#1392,#1394,#741,.T.);
#1790=EDGE_CURVE('',#1394,#1393,#742,.T.);
#1791=EDGE_CURVE('',#1395,#1396,#743,.T.);
#1792=EDGE_CURVE('',#1396,#1397,#744,.T.);
#1793=EDGE_CURVE('',#1395,#1397,#745,.T.);
#1794=EDGE_CURVE('',#1397,#1398,#746,.T.);
#1795=EDGE_CURVE('',#1398,#1376,#747,.T.);
#1796=EDGE_CURVE('',#1375,#1395,#748,.T.);
#1797=EDGE_CURVE('',#1363,#1368,#749,.T.);
#1798=EDGE_CURVE('',#1398,#1391,#750,.T.);
#1799=EDGE_CURVE('',#1226,#1227,#751,.T.);
#1800=EDGE_CURVE('',#1367,#1364,#752,.T.);
#1801=EDGE_CURVE('',#1394,#1396,#753,.T.);
#1802=EDGE_CURVE('',#1399,#1374,#754,.T.);
#1803=EDGE_CURVE('',#1400,#1399,#755,.T.);
#1804=EDGE_CURVE('',#1359,#1400,#756,.T.);
#1805=EDGE_CURVE('',#1401,#1400,#757,.T.);
#1806=EDGE_CURVE('',#1401,#1360,#758,.T.);
#1807=EDGE_CURVE('',#1402,#1399,#759,.T.);
#1808=EDGE_CURVE('',#1402,#1403,#760,.T.);
#1809=EDGE_CURVE('',#1403,#1404,#761,.T.);
#1810=EDGE_CURVE('',#1404,#1228,#762,.T.);
#1811=EDGE_CURVE('',#1225,#1405,#763,.T.);
#1812=EDGE_CURVE('',#1405,#1406,#764,.T.);
#1813=EDGE_CURVE('',#1406,#1401,#765,.T.);
#1814=EDGE_CURVE('',#1373,#1402,#766,.T.);
#1815=EDGE_CURVE('',#1372,#1403,#767,.T.);
#1816=EDGE_CURVE('',#1371,#1404,#768,.T.);
#1817=EDGE_CURVE('',#1351,#1406,#769,.T.);
#1818=EDGE_CURVE('',#1352,#1405,#770,.T.);
#1819=EDGE_CURVE('',#1407,#1387,#771,.T.);
#1820=EDGE_CURVE('',#1408,#1407,#772,.T.);
#1821=EDGE_CURVE('',#1408,#1389,#773,.T.);
#1822=EDGE_CURVE('',#1409,#1408,#774,.T.);
#1823=EDGE_CURVE('',#1409,#1390,#775,.T.);
#1824=EDGE_CURVE('',#1410,#1409,#776,.T.);
#1825=EDGE_CURVE('',#1410,#1388,#777,.T.);
#1826=EDGE_CURVE('',#1407,#1410,#778,.T.);
#1827=EDGE_CURVE('',#1411,#1383,#779,.T.);
#1828=EDGE_CURVE('',#1412,#1411,#780,.T.);
#1829=EDGE_CURVE('',#1412,#1385,#781,.T.);
#1830=EDGE_CURVE('',#1413,#1412,#782,.T.);
#1831=EDGE_CURVE('',#1413,#1386,#783,.T.);
#1832=EDGE_CURVE('',#1414,#1413,#784,.T.);
#1833=EDGE_CURVE('',#1414,#1384,#785,.T.);
#1834=EDGE_CURVE('',#1411,#1414,#786,.T.);
#1835=ORIENTED_EDGE('',*,*,#1415,.F.);
#1836=ORIENTED_EDGE('',*,*,#1416,.T.);
#1837=ORIENTED_EDGE('',*,*,#1417,.T.);
#1838=ORIENTED_EDGE('',*,*,#1418,.T.);
#1839=ORIENTED_EDGE('',*,*,#1419,.F.);
#1840=ORIENTED_EDGE('',*,*,#1420,.T.);
#1841=ORIENTED_EDGE('',*,*,#1421,.T.);
#1842=ORIENTED_EDGE('',*,*,#1422,.T.);
#1843=ORIENTED_EDGE('',*,*,#1423,.T.);
#1844=ORIENTED_EDGE('',*,*,#1424,.F.);
#1845=ORIENTED_EDGE('',*,*,#1425,.T.);
#1846=ORIENTED_EDGE('',*,*,#1426,.F.);
#1847=ORIENTED_EDGE('',*,*,#1427,.T.);
#1848=ORIENTED_EDGE('',*,*,#1415,.T.);
#1849=ORIENTED_EDGE('',*,*,#1428,.T.);
#1850=ORIENTED_EDGE('',*,*,#1429,.F.);
#1851=ORIENTED_EDGE('',*,*,#1430,.F.);
#1852=ORIENTED_EDGE('',*,*,#1431,.F.);
#1853=ORIENTED_EDGE('',*,*,#1432,.F.);
#1854=ORIENTED_EDGE('',*,*,#1433,.F.);
#1855=ORIENTED_EDGE('',*,*,#1434,.F.);
#1856=ORIENTED_EDGE('',*,*,#1435,.T.);
#1857=ORIENTED_EDGE('',*,*,#1424,.T.);
#1858=ORIENTED_EDGE('',*,*,#1436,.T.);
#1859=ORIENTED_EDGE('',*,*,#1437,.T.);
#1860=ORIENTED_EDGE('',*,*,#1438,.T.);
#1861=ORIENTED_EDGE('',*,*,#1439,.F.);
#1862=ORIENTED_EDGE('',*,*,#1440,.T.);
#1863=ORIENTED_EDGE('',*,*,#1441,.T.);
#1864=ORIENTED_EDGE('',*,*,#1417,.F.);
#1865=ORIENTED_EDGE('',*,*,#1442,.T.);
#1866=ORIENTED_EDGE('',*,*,#1443,.F.);
#1867=ORIENTED_EDGE('',*,*,#1444,.T.);
#1868=ORIENTED_EDGE('',*,*,#1434,.T.);
#1869=ORIENTED_EDGE('',*,*,#1445,.T.);
#1870=ORIENTED_EDGE('',*,*,#1446,.F.);
#1871=ORIENTED_EDGE('',*,*,#1447,.T.);
#1872=ORIENTED_EDGE('',*,*,#1448,.T.);
#1873=ORIENTED_EDGE('',*,*,#1449,.T.);
#1874=ORIENTED_EDGE('',*,*,#1450,.T.);
#1875=ORIENTED_EDGE('',*,*,#1443,.T.);
#1876=ORIENTED_EDGE('',*,*,#1451,.T.);
#1877=ORIENTED_EDGE('',*,*,#1426,.T.);
#1878=ORIENTED_EDGE('',*,*,#1452,.T.);
#1879=ORIENTED_EDGE('',*,*,#1442,.F.);
#1880=ORIENTED_EDGE('',*,*,#1416,.F.);
#1881=ORIENTED_EDGE('',*,*,#1427,.F.);
#1882=ORIENTED_EDGE('',*,*,#1451,.F.);
#1883=ORIENTED_EDGE('',*,*,#1425,.F.);
#1884=ORIENTED_EDGE('',*,*,#1435,.F.);
#1885=ORIENTED_EDGE('',*,*,#1444,.F.);
#1886=ORIENTED_EDGE('',*,*,#1452,.F.);
#1887=ORIENTED_EDGE('',*,*,#1418,.F.);
#1888=ORIENTED_EDGE('',*,*,#1441,.F.);
#1889=ORIENTED_EDGE('',*,*,#1453,.F.);
#1890=ORIENTED_EDGE('',*,*,#1428,.F.);
#1891=ORIENTED_EDGE('',*,*,#1422,.F.);
#1892=ORIENTED_EDGE('',*,*,#1454,.F.);
#1893=ORIENTED_EDGE('',*,*,#1446,.T.);
#1894=ORIENTED_EDGE('',*,*,#1455,.T.);
#1895=ORIENTED_EDGE('',*,*,#1456,.F.);
#1896=ORIENTED_EDGE('',*,*,#1457,.T.);
#1897=ORIENTED_EDGE('',*,*,#1458,.T.);
#1898=ORIENTED_EDGE('',*,*,#1459,.F.);
#1899=ORIENTED_EDGE('',*,*,#1453,.T.);
#1900=ORIENTED_EDGE('',*,*,#1440,.F.);
#1901=ORIENTED_EDGE('',*,*,#1460,.F.);
#1902=ORIENTED_EDGE('',*,*,#1429,.T.);
#1903=ORIENTED_EDGE('',*,*,#1461,.F.);
#1904=ORIENTED_EDGE('',*,*,#1419,.T.);
#1905=ORIENTED_EDGE('',*,*,#1460,.T.);
#1906=ORIENTED_EDGE('',*,*,#1439,.T.);
#1907=ORIENTED_EDGE('',*,*,#1436,.F.);
#1908=ORIENTED_EDGE('',*,*,#1423,.F.);
#1909=ORIENTED_EDGE('',*,*,#1455,.F.);
#1910=ORIENTED_EDGE('',*,*,#1445,.F.);
#1911=ORIENTED_EDGE('',*,*,#1462,.F.);
#1912=ORIENTED_EDGE('',*,*,#1463,.F.);
#1913=ORIENTED_EDGE('',*,*,#1464,.T.);
#1914=ORIENTED_EDGE('',*,*,#1465,.T.);
#1915=ORIENTED_EDGE('',*,*,#1466,.T.);
#1916=ORIENTED_EDGE('',*,*,#1467,.F.);
#1917=ORIENTED_EDGE('',*,*,#1468,.F.);
#1918=ORIENTED_EDGE('',*,*,#1463,.T.);
#1919=ORIENTED_EDGE('',*,*,#1469,.T.);
#1920=ORIENTED_EDGE('',*,*,#1470,.F.);
#1921=ORIENTED_EDGE('',*,*,#1471,.F.);
#1922=ORIENTED_EDGE('',*,*,#1467,.T.);
#1923=ORIENTED_EDGE('',*,*,#1472,.F.);
#1924=ORIENTED_EDGE('',*,*,#1473,.F.);
#1925=ORIENTED_EDGE('',*,*,#1474,.T.);
#1926=ORIENTED_EDGE('',*,*,#1470,.T.);
#1927=ORIENTED_EDGE('',*,*,#1475,.T.);
#1928=ORIENTED_EDGE('',*,*,#1476,.F.);
#1929=ORIENTED_EDGE('',*,*,#1477,.F.);
#1930=ORIENTED_EDGE('',*,*,#1473,.T.);
#1931=ORIENTED_EDGE('',*,*,#1478,.T.);
#1932=ORIENTED_EDGE('',*,*,#1479,.F.);
#1933=ORIENTED_EDGE('',*,*,#1480,.F.);
#1934=ORIENTED_EDGE('',*,*,#1476,.T.);
#1935=ORIENTED_EDGE('',*,*,#1481,.F.);
#1936=ORIENTED_EDGE('',*,*,#1482,.F.);
#1937=ORIENTED_EDGE('',*,*,#1483,.T.);
#1938=ORIENTED_EDGE('',*,*,#1479,.T.);
#1939=ORIENTED_EDGE('',*,*,#1484,.F.);
#1940=ORIENTED_EDGE('',*,*,#1485,.F.);
#1941=ORIENTED_EDGE('',*,*,#1486,.T.);
#1942=ORIENTED_EDGE('',*,*,#1482,.T.);
#1943=ORIENTED_EDGE('',*,*,#1487,.T.);
#1944=ORIENTED_EDGE('',*,*,#1488,.F.);
#1945=ORIENTED_EDGE('',*,*,#1489,.F.);
#1946=ORIENTED_EDGE('',*,*,#1485,.T.);
#1947=ORIENTED_EDGE('',*,*,#1490,.T.);
#1948=ORIENTED_EDGE('',*,*,#1458,.F.);
#1949=ORIENTED_EDGE('',*,*,#1491,.F.);
#1950=ORIENTED_EDGE('',*,*,#1488,.T.);
#1951=ORIENTED_EDGE('',*,*,#1492,.F.);
#1952=ORIENTED_EDGE('',*,*,#1465,.F.);
#1953=ORIENTED_EDGE('',*,*,#1493,.T.);
#1954=ORIENTED_EDGE('',*,*,#1456,.T.);
#1955=ORIENTED_EDGE('',*,*,#1464,.F.);
#1956=ORIENTED_EDGE('',*,*,#1468,.T.);
#1957=ORIENTED_EDGE('',*,*,#1471,.T.);
#1958=ORIENTED_EDGE('',*,*,#1474,.F.);
#1959=ORIENTED_EDGE('',*,*,#1477,.T.);
#1960=ORIENTED_EDGE('',*,*,#1480,.T.);
#1961=ORIENTED_EDGE('',*,*,#1483,.F.);
#1962=ORIENTED_EDGE('',*,*,#1486,.F.);
#1963=ORIENTED_EDGE('',*,*,#1489,.T.);
#1964=ORIENTED_EDGE('',*,*,#1491,.T.);
#1965=ORIENTED_EDGE('',*,*,#1457,.F.);
#1966=ORIENTED_EDGE('',*,*,#1493,.F.);
#1967=ORIENTED_EDGE('',*,*,#1462,.T.);
#1968=ORIENTED_EDGE('',*,*,#1492,.T.);
#1969=ORIENTED_EDGE('',*,*,#1459,.T.);
#1970=ORIENTED_EDGE('',*,*,#1490,.F.);
#1971=ORIENTED_EDGE('',*,*,#1487,.F.);
#1972=ORIENTED_EDGE('',*,*,#1484,.T.);
#1973=ORIENTED_EDGE('',*,*,#1481,.T.);
#1974=ORIENTED_EDGE('',*,*,#1478,.F.);
#1975=ORIENTED_EDGE('',*,*,#1475,.F.);
#1976=ORIENTED_EDGE('',*,*,#1472,.T.);
#1977=ORIENTED_EDGE('',*,*,#1469,.F.);
#1978=ORIENTED_EDGE('',*,*,#1466,.F.);
#1979=ORIENTED_EDGE('',*,*,#1494,.F.);
#1980=ORIENTED_EDGE('',*,*,#1437,.F.);
#1981=ORIENTED_EDGE('',*,*,#1454,.T.);
#1982=ORIENTED_EDGE('',*,*,#1421,.F.);
#1983=ORIENTED_EDGE('',*,*,#1461,.T.);
#1984=ORIENTED_EDGE('',*,*,#1438,.F.);
#1985=ORIENTED_EDGE('',*,*,#1494,.T.);
#1986=ORIENTED_EDGE('',*,*,#1420,.F.);
#1987=ORIENTED_EDGE('',*,*,#1495,.T.);
#1988=ORIENTED_EDGE('',*,*,#1431,.T.);
#1989=ORIENTED_EDGE('',*,*,#1496,.F.);
#1990=ORIENTED_EDGE('',*,*,#1448,.F.);
#1991=ORIENTED_EDGE('',*,*,#1497,.T.);
#1992=ORIENTED_EDGE('',*,*,#1432,.T.);
#1993=ORIENTED_EDGE('',*,*,#1495,.F.);
#1994=ORIENTED_EDGE('',*,*,#1447,.F.);
#1995=ORIENTED_EDGE('',*,*,#1498,.T.);
#1996=ORIENTED_EDGE('',*,*,#1433,.T.);
#1997=ORIENTED_EDGE('',*,*,#1497,.F.);
#1998=ORIENTED_EDGE('',*,*,#1450,.F.);
#1999=ORIENTED_EDGE('',*,*,#1496,.T.);
#2000=ORIENTED_EDGE('',*,*,#1430,.T.);
#2001=ORIENTED_EDGE('',*,*,#1498,.F.);
#2002=ORIENTED_EDGE('',*,*,#1449,.F.);
#2003=ORIENTED_EDGE('',*,*,#1499,.F.);
#2004=ORIENTED_EDGE('',*,*,#1500,.T.);
#2005=ORIENTED_EDGE('',*,*,#1501,.T.);
#2006=ORIENTED_EDGE('',*,*,#1502,.T.);
#2007=ORIENTED_EDGE('',*,*,#1503,.T.);
#2008=ORIENTED_EDGE('',*,*,#1504,.T.);
#2009=ORIENTED_EDGE('',*,*,#1505,.F.);
#2010=ORIENTED_EDGE('',*,*,#1506,.T.);
#2011=ORIENTED_EDGE('',*,*,#1507,.T.);
#2012=ORIENTED_EDGE('',*,*,#1508,.F.);
#2013=ORIENTED_EDGE('',*,*,#1509,.T.);
#2014=ORIENTED_EDGE('',*,*,#1510,.F.);
#2015=ORIENTED_EDGE('',*,*,#1511,.T.);
#2016=ORIENTED_EDGE('',*,*,#1499,.T.);
#2017=ORIENTED_EDGE('',*,*,#1512,.T.);
#2018=ORIENTED_EDGE('',*,*,#1513,.F.);
#2019=ORIENTED_EDGE('',*,*,#1514,.F.);
#2020=ORIENTED_EDGE('',*,*,#1515,.F.);
#2021=ORIENTED_EDGE('',*,*,#1516,.F.);
#2022=ORIENTED_EDGE('',*,*,#1517,.F.);
#2023=ORIENTED_EDGE('',*,*,#1518,.F.);
#2024=ORIENTED_EDGE('',*,*,#1519,.T.);
#2025=ORIENTED_EDGE('',*,*,#1508,.T.);
#2026=ORIENTED_EDGE('',*,*,#1520,.T.);
#2027=ORIENTED_EDGE('',*,*,#1521,.F.);
#2028=ORIENTED_EDGE('',*,*,#1522,.T.);
#2029=ORIENTED_EDGE('',*,*,#1523,.T.);
#2030=ORIENTED_EDGE('',*,*,#1524,.T.);
#2031=ORIENTED_EDGE('',*,*,#1525,.T.);
#2032=ORIENTED_EDGE('',*,*,#1501,.F.);
#2033=ORIENTED_EDGE('',*,*,#1526,.T.);
#2034=ORIENTED_EDGE('',*,*,#1527,.F.);
#2035=ORIENTED_EDGE('',*,*,#1528,.T.);
#2036=ORIENTED_EDGE('',*,*,#1518,.T.);
#2037=ORIENTED_EDGE('',*,*,#1529,.T.);
#2038=ORIENTED_EDGE('',*,*,#1530,.F.);
#2039=ORIENTED_EDGE('',*,*,#1531,.T.);
#2040=ORIENTED_EDGE('',*,*,#1532,.T.);
#2041=ORIENTED_EDGE('',*,*,#1533,.T.);
#2042=ORIENTED_EDGE('',*,*,#1534,.T.);
#2043=ORIENTED_EDGE('',*,*,#1527,.T.);
#2044=ORIENTED_EDGE('',*,*,#1535,.T.);
#2045=ORIENTED_EDGE('',*,*,#1510,.T.);
#2046=ORIENTED_EDGE('',*,*,#1536,.T.);
#2047=ORIENTED_EDGE('',*,*,#1526,.F.);
#2048=ORIENTED_EDGE('',*,*,#1500,.F.);
#2049=ORIENTED_EDGE('',*,*,#1511,.F.);
#2050=ORIENTED_EDGE('',*,*,#1535,.F.);
#2051=ORIENTED_EDGE('',*,*,#1509,.F.);
#2052=ORIENTED_EDGE('',*,*,#1519,.F.);
#2053=ORIENTED_EDGE('',*,*,#1528,.F.);
#2054=ORIENTED_EDGE('',*,*,#1536,.F.);
#2055=ORIENTED_EDGE('',*,*,#1502,.F.);
#2056=ORIENTED_EDGE('',*,*,#1525,.F.);
#2057=ORIENTED_EDGE('',*,*,#1537,.F.);
#2058=ORIENTED_EDGE('',*,*,#1512,.F.);
#2059=ORIENTED_EDGE('',*,*,#1538,.T.);
#2060=ORIENTED_EDGE('',*,*,#1506,.F.);
#2061=ORIENTED_EDGE('',*,*,#1539,.F.);
#2062=ORIENTED_EDGE('',*,*,#1530,.T.);
#2063=ORIENTED_EDGE('',*,*,#1524,.F.);
#2064=ORIENTED_EDGE('',*,*,#1540,.T.);
#2065=ORIENTED_EDGE('',*,*,#1513,.T.);
#2066=ORIENTED_EDGE('',*,*,#1537,.T.);
#2067=ORIENTED_EDGE('',*,*,#1541,.F.);
#2068=ORIENTED_EDGE('',*,*,#1521,.T.);
#2069=ORIENTED_EDGE('',*,*,#1539,.T.);
#2070=ORIENTED_EDGE('',*,*,#1505,.T.);
#2071=ORIENTED_EDGE('',*,*,#1520,.F.);
#2072=ORIENTED_EDGE('',*,*,#1507,.F.);
#2073=ORIENTED_EDGE('',*,*,#1538,.F.);
#2074=ORIENTED_EDGE('',*,*,#1529,.F.);
#2075=ORIENTED_EDGE('',*,*,#1540,.F.);
#2076=ORIENTED_EDGE('',*,*,#1523,.F.);
#2077=ORIENTED_EDGE('',*,*,#1542,.T.);
#2078=ORIENTED_EDGE('',*,*,#1503,.F.);
#2079=ORIENTED_EDGE('',*,*,#1542,.F.);
#2080=ORIENTED_EDGE('',*,*,#1522,.F.);
#2081=ORIENTED_EDGE('',*,*,#1541,.T.);
#2082=ORIENTED_EDGE('',*,*,#1504,.F.);
#2083=ORIENTED_EDGE('',*,*,#1543,.T.);
#2084=ORIENTED_EDGE('',*,*,#1515,.T.);
#2085=ORIENTED_EDGE('',*,*,#1544,.F.);
#2086=ORIENTED_EDGE('',*,*,#1532,.F.);
#2087=ORIENTED_EDGE('',*,*,#1545,.T.);
#2088=ORIENTED_EDGE('',*,*,#1516,.T.);
#2089=ORIENTED_EDGE('',*,*,#1543,.F.);
#2090=ORIENTED_EDGE('',*,*,#1531,.F.);
#2091=ORIENTED_EDGE('',*,*,#1546,.T.);
#2092=ORIENTED_EDGE('',*,*,#1517,.T.);
#2093=ORIENTED_EDGE('',*,*,#1545,.F.);
#2094=ORIENTED_EDGE('',*,*,#1534,.F.);
#2095=ORIENTED_EDGE('',*,*,#1544,.T.);
#2096=ORIENTED_EDGE('',*,*,#1514,.T.);
#2097=ORIENTED_EDGE('',*,*,#1546,.F.);
#2098=ORIENTED_EDGE('',*,*,#1533,.F.);
#2099=ORIENTED_EDGE('',*,*,#1547,.T.);
#2100=ORIENTED_EDGE('',*,*,#1548,.T.);
#2101=ORIENTED_EDGE('',*,*,#1549,.F.);
#2102=ORIENTED_EDGE('',*,*,#1550,.F.);
#2103=ORIENTED_EDGE('',*,*,#1551,.T.);
#2104=ORIENTED_EDGE('',*,*,#1552,.T.);
#2105=ORIENTED_EDGE('',*,*,#1553,.F.);
#2106=ORIENTED_EDGE('',*,*,#1554,.F.);
#2107=ORIENTED_EDGE('',*,*,#1555,.T.);
#2108=ORIENTED_EDGE('',*,*,#1556,.T.);
#2109=ORIENTED_EDGE('',*,*,#1557,.F.);
#2110=ORIENTED_EDGE('',*,*,#1558,.T.);
#2111=ORIENTED_EDGE('',*,*,#1559,.F.);
#2112=ORIENTED_EDGE('',*,*,#1560,.T.);
#2113=ORIENTED_EDGE('',*,*,#1561,.T.);
#2114=ORIENTED_EDGE('',*,*,#1562,.T.);
#2115=ORIENTED_EDGE('',*,*,#1563,.T.);
#2116=ORIENTED_EDGE('',*,*,#1564,.T.);
#2117=ORIENTED_EDGE('',*,*,#1565,.F.);
#2118=ORIENTED_EDGE('',*,*,#1566,.T.);
#2119=ORIENTED_EDGE('',*,*,#1567,.F.);
#2120=ORIENTED_EDGE('',*,*,#1568,.T.);
#2121=ORIENTED_EDGE('',*,*,#1569,.T.);
#2122=ORIENTED_EDGE('',*,*,#1570,.T.);
#2123=ORIENTED_EDGE('',*,*,#1571,.T.);
#2124=ORIENTED_EDGE('',*,*,#1572,.T.);
#2125=ORIENTED_EDGE('',*,*,#1573,.F.);
#2126=ORIENTED_EDGE('',*,*,#1574,.F.);
#2127=ORIENTED_EDGE('',*,*,#1575,.T.);
#2128=ORIENTED_EDGE('',*,*,#1576,.T.);
#2129=ORIENTED_EDGE('',*,*,#1577,.F.);
#2130=ORIENTED_EDGE('',*,*,#1578,.T.);
#2131=ORIENTED_EDGE('',*,*,#1579,.F.);
#2132=ORIENTED_EDGE('',*,*,#1580,.T.);
#2133=ORIENTED_EDGE('',*,*,#1581,.T.);
#2134=ORIENTED_EDGE('',*,*,#1582,.T.);
#2135=ORIENTED_EDGE('',*,*,#1583,.F.);
#2136=ORIENTED_EDGE('',*,*,#1584,.T.);
#2137=ORIENTED_EDGE('',*,*,#1585,.T.);
#2138=ORIENTED_EDGE('',*,*,#1586,.T.);
#2139=ORIENTED_EDGE('',*,*,#1587,.F.);
#2140=ORIENTED_EDGE('',*,*,#1588,.T.);
#2141=ORIENTED_EDGE('',*,*,#1589,.T.);
#2142=ORIENTED_EDGE('',*,*,#1590,.T.);
#2143=ORIENTED_EDGE('',*,*,#1591,.T.);
#2144=ORIENTED_EDGE('',*,*,#1592,.T.);
#2145=ORIENTED_EDGE('',*,*,#1593,.F.);
#2146=ORIENTED_EDGE('',*,*,#1594,.T.);
#2147=ORIENTED_EDGE('',*,*,#1595,.T.);
#2148=ORIENTED_EDGE('',*,*,#1596,.T.);
#2149=ORIENTED_EDGE('',*,*,#1597,.F.);
#2150=ORIENTED_EDGE('',*,*,#1598,.T.);
#2151=ORIENTED_EDGE('',*,*,#1599,.F.);
#2152=ORIENTED_EDGE('',*,*,#1600,.T.);
#2153=ORIENTED_EDGE('',*,*,#1601,.T.);
#2154=ORIENTED_EDGE('',*,*,#1602,.T.);
#2155=ORIENTED_EDGE('',*,*,#1603,.F.);
#2156=ORIENTED_EDGE('',*,*,#1604,.T.);
#2157=ORIENTED_EDGE('',*,*,#1605,.T.);
#2158=ORIENTED_EDGE('',*,*,#1606,.T.);
#2159=ORIENTED_EDGE('',*,*,#1607,.F.);
#2160=ORIENTED_EDGE('',*,*,#1608,.T.);
#2161=ORIENTED_EDGE('',*,*,#1609,.T.);
#2162=ORIENTED_EDGE('',*,*,#1610,.T.);
#2163=ORIENTED_EDGE('',*,*,#1611,.F.);
#2164=ORIENTED_EDGE('',*,*,#1612,.T.);
#2165=ORIENTED_EDGE('',*,*,#1613,.T.);
#2166=ORIENTED_EDGE('',*,*,#1614,.T.);
#2167=ORIENTED_EDGE('',*,*,#1615,.F.);
#2168=ORIENTED_EDGE('',*,*,#1616,.T.);
#2169=ORIENTED_EDGE('',*,*,#1617,.T.);
#2170=ORIENTED_EDGE('',*,*,#1618,.T.);
#2171=ORIENTED_EDGE('',*,*,#1619,.F.);
#2172=ORIENTED_EDGE('',*,*,#1620,.T.);
#2173=ORIENTED_EDGE('',*,*,#1621,.T.);
#2174=ORIENTED_EDGE('',*,*,#1622,.T.);
#2175=ORIENTED_EDGE('',*,*,#1623,.F.);
#2176=ORIENTED_EDGE('',*,*,#1624,.T.);
#2177=ORIENTED_EDGE('',*,*,#1625,.T.);
#2178=ORIENTED_EDGE('',*,*,#1626,.T.);
#2179=ORIENTED_EDGE('',*,*,#1627,.F.);
#2180=ORIENTED_EDGE('',*,*,#1628,.T.);
#2181=ORIENTED_EDGE('',*,*,#1629,.T.);
#2182=ORIENTED_EDGE('',*,*,#1630,.T.);
#2183=ORIENTED_EDGE('',*,*,#1631,.F.);
#2184=ORIENTED_EDGE('',*,*,#1632,.T.);
#2185=ORIENTED_EDGE('',*,*,#1633,.T.);
#2186=ORIENTED_EDGE('',*,*,#1634,.T.);
#2187=ORIENTED_EDGE('',*,*,#1635,.T.);
#2188=ORIENTED_EDGE('',*,*,#1636,.T.);
#2189=ORIENTED_EDGE('',*,*,#1637,.F.);
#2190=ORIENTED_EDGE('',*,*,#1638,.T.);
#2191=ORIENTED_EDGE('',*,*,#1639,.F.);
#2192=ORIENTED_EDGE('',*,*,#1640,.T.);
#2193=ORIENTED_EDGE('',*,*,#1641,.T.);
#2194=ORIENTED_EDGE('',*,*,#1642,.T.);
#2195=ORIENTED_EDGE('',*,*,#1643,.F.);
#2196=ORIENTED_EDGE('',*,*,#1644,.T.);
#2197=ORIENTED_EDGE('',*,*,#1645,.T.);
#2198=ORIENTED_EDGE('',*,*,#1646,.T.);
#2199=ORIENTED_EDGE('',*,*,#1647,.F.);
#2200=ORIENTED_EDGE('',*,*,#1648,.T.);
#2201=ORIENTED_EDGE('',*,*,#1649,.T.);
#2202=ORIENTED_EDGE('',*,*,#1650,.T.);
#2203=ORIENTED_EDGE('',*,*,#1651,.T.);
#2204=ORIENTED_EDGE('',*,*,#1652,.T.);
#2205=ORIENTED_EDGE('',*,*,#1653,.F.);
#2206=ORIENTED_EDGE('',*,*,#1654,.T.);
#2207=ORIENTED_EDGE('',*,*,#1655,.T.);
#2208=ORIENTED_EDGE('',*,*,#1656,.T.);
#2209=ORIENTED_EDGE('',*,*,#1657,.F.);
#2210=ORIENTED_EDGE('',*,*,#1658,.T.);
#2211=ORIENTED_EDGE('',*,*,#1659,.F.);
#2212=ORIENTED_EDGE('',*,*,#1660,.T.);
#2213=ORIENTED_EDGE('',*,*,#1661,.T.);
#2214=ORIENTED_EDGE('',*,*,#1662,.T.);
#2215=ORIENTED_EDGE('',*,*,#1663,.F.);
#2216=ORIENTED_EDGE('',*,*,#1664,.T.);
#2217=ORIENTED_EDGE('',*,*,#1665,.T.);
#2218=ORIENTED_EDGE('',*,*,#1666,.T.);
#2219=ORIENTED_EDGE('',*,*,#1667,.F.);
#2220=ORIENTED_EDGE('',*,*,#1668,.T.);
#2221=ORIENTED_EDGE('',*,*,#1669,.T.);
#2222=ORIENTED_EDGE('',*,*,#1670,.T.);
#2223=ORIENTED_EDGE('',*,*,#1671,.T.);
#2224=ORIENTED_EDGE('',*,*,#1672,.T.);
#2225=ORIENTED_EDGE('',*,*,#1673,.F.);
#2226=ORIENTED_EDGE('',*,*,#1674,.T.);
#2227=ORIENTED_EDGE('',*,*,#1675,.T.);
#2228=ORIENTED_EDGE('',*,*,#1676,.T.);
#2229=ORIENTED_EDGE('',*,*,#1547,.F.);
#2230=ORIENTED_EDGE('',*,*,#1677,.F.);
#2231=ORIENTED_EDGE('',*,*,#1678,.F.);
#2232=ORIENTED_EDGE('',*,*,#1679,.F.);
#2233=ORIENTED_EDGE('',*,*,#1680,.T.);
#2234=ORIENTED_EDGE('',*,*,#1681,.T.);
#2235=ORIENTED_EDGE('',*,*,#1631,.T.);
#2236=ORIENTED_EDGE('',*,*,#1682,.T.);
#2237=ORIENTED_EDGE('',*,*,#1637,.T.);
#2238=ORIENTED_EDGE('',*,*,#1683,.T.);
#2239=ORIENTED_EDGE('',*,*,#1623,.T.);
#2240=ORIENTED_EDGE('',*,*,#1684,.T.);
#2241=ORIENTED_EDGE('',*,*,#1627,.T.);
#2242=ORIENTED_EDGE('',*,*,#1685,.T.);
#2243=ORIENTED_EDGE('',*,*,#1647,.T.);
#2244=ORIENTED_EDGE('',*,*,#1686,.T.);
#2245=ORIENTED_EDGE('',*,*,#1653,.T.);
#2246=ORIENTED_EDGE('',*,*,#1687,.T.);
#2247=ORIENTED_EDGE('',*,*,#1639,.T.);
#2248=ORIENTED_EDGE('',*,*,#1688,.T.);
#2249=ORIENTED_EDGE('',*,*,#1643,.T.);
#2250=ORIENTED_EDGE('',*,*,#1689,.T.);
#2251=ORIENTED_EDGE('',*,*,#1657,.T.);
#2252=ORIENTED_EDGE('',*,*,#1690,.T.);
#2253=ORIENTED_EDGE('',*,*,#1615,.T.);
#2254=ORIENTED_EDGE('',*,*,#1691,.T.);
#2255=ORIENTED_EDGE('',*,*,#1619,.T.);
#2256=ORIENTED_EDGE('',*,*,#1692,.T.);
#2257=ORIENTED_EDGE('',*,*,#1667,.T.);
#2258=ORIENTED_EDGE('',*,*,#1693,.T.);
#2259=ORIENTED_EDGE('',*,*,#1673,.T.);
#2260=ORIENTED_EDGE('',*,*,#1694,.T.);
#2261=ORIENTED_EDGE('',*,*,#1659,.T.);
#2262=ORIENTED_EDGE('',*,*,#1695,.T.);
#2263=ORIENTED_EDGE('',*,*,#1663,.T.);
#2264=ORIENTED_EDGE('',*,*,#1696,.T.);
#2265=ORIENTED_EDGE('',*,*,#1697,.F.);
#2266=ORIENTED_EDGE('',*,*,#1698,.T.);
#2267=ORIENTED_EDGE('',*,*,#1699,.F.);
#2268=ORIENTED_EDGE('',*,*,#1700,.T.);
#2269=ORIENTED_EDGE('',*,*,#1701,.F.);
#2270=ORIENTED_EDGE('',*,*,#1702,.T.);
#2271=ORIENTED_EDGE('',*,*,#1703,.F.);
#2272=ORIENTED_EDGE('',*,*,#1678,.T.);
#2273=ORIENTED_EDGE('',*,*,#1704,.F.);
#2274=ORIENTED_EDGE('',*,*,#1705,.F.);
#2275=ORIENTED_EDGE('',*,*,#1706,.T.);
#2276=ORIENTED_EDGE('',*,*,#1701,.T.);
#2277=ORIENTED_EDGE('',*,*,#1707,.F.);
#2278=ORIENTED_EDGE('',*,*,#1708,.T.);
#2279=ORIENTED_EDGE('',*,*,#1709,.F.);
#2280=ORIENTED_EDGE('',*,*,#1710,.F.);
#2281=ORIENTED_EDGE('',*,*,#1711,.T.);
#2282=ORIENTED_EDGE('',*,*,#1707,.T.);
#2283=ORIENTED_EDGE('',*,*,#1712,.F.);
#2284=ORIENTED_EDGE('',*,*,#1713,.F.);
#2285=ORIENTED_EDGE('',*,*,#1553,.T.);
#2286=ORIENTED_EDGE('',*,*,#1714,.T.);
#2287=ORIENTED_EDGE('',*,*,#1715,.T.);
#2288=ORIENTED_EDGE('',*,*,#1716,.T.);
#2289=ORIENTED_EDGE('',*,*,#1717,.T.);
#2290=ORIENTED_EDGE('',*,*,#1718,.T.);
#2291=ORIENTED_EDGE('',*,*,#1719,.T.);
#2292=ORIENTED_EDGE('',*,*,#1720,.T.);
#2293=ORIENTED_EDGE('',*,*,#1721,.F.);
#2294=ORIENTED_EDGE('',*,*,#1722,.T.);
#2295=ORIENTED_EDGE('',*,*,#1601,.F.);
#2296=ORIENTED_EDGE('',*,*,#1723,.T.);
#2297=ORIENTED_EDGE('',*,*,#1595,.F.);
#2298=ORIENTED_EDGE('',*,*,#1724,.T.);
#2299=ORIENTED_EDGE('',*,*,#1609,.F.);
#2300=ORIENTED_EDGE('',*,*,#1725,.T.);
#2301=ORIENTED_EDGE('',*,*,#1605,.F.);
#2302=ORIENTED_EDGE('',*,*,#1726,.T.);
#2303=ORIENTED_EDGE('',*,*,#1561,.F.);
#2304=ORIENTED_EDGE('',*,*,#1727,.T.);
#2305=ORIENTED_EDGE('',*,*,#1555,.F.);
#2306=ORIENTED_EDGE('',*,*,#1728,.T.);
#2307=ORIENTED_EDGE('',*,*,#1591,.F.);
#2308=ORIENTED_EDGE('',*,*,#1729,.T.);
#2309=ORIENTED_EDGE('',*,*,#1613,.F.);
#2310=ORIENTED_EDGE('',*,*,#1730,.T.);
#2311=ORIENTED_EDGE('',*,*,#1581,.F.);
#2312=ORIENTED_EDGE('',*,*,#1731,.T.);
#2313=ORIENTED_EDGE('',*,*,#1575,.F.);
#2314=ORIENTED_EDGE('',*,*,#1732,.T.);
#2315=ORIENTED_EDGE('',*,*,#1589,.F.);
#2316=ORIENTED_EDGE('',*,*,#1733,.T.);
#2317=ORIENTED_EDGE('',*,*,#1585,.F.);
#2318=ORIENTED_EDGE('',*,*,#1734,.T.);
#2319=ORIENTED_EDGE('',*,*,#1569,.F.);
#2320=ORIENTED_EDGE('',*,*,#1735,.T.);
#2321=ORIENTED_EDGE('',*,*,#1563,.F.);
#2322=ORIENTED_EDGE('',*,*,#1736,.T.);
#2323=ORIENTED_EDGE('',*,*,#1571,.F.);
#2324=ORIENTED_EDGE('',*,*,#1737,.F.);
#2325=ORIENTED_EDGE('',*,*,#1713,.T.);
#2326=ORIENTED_EDGE('',*,*,#1738,.F.);
#2327=ORIENTED_EDGE('',*,*,#1739,.F.);
#2328=ORIENTED_EDGE('',*,*,#1740,.T.);
#2329=ORIENTED_EDGE('',*,*,#1721,.T.);
#2330=ORIENTED_EDGE('',*,*,#1741,.T.);
#2331=ORIENTED_EDGE('',*,*,#1557,.T.);
#2332=ORIENTED_EDGE('',*,*,#1742,.T.);
#2333=ORIENTED_EDGE('',*,*,#1559,.T.);
#2334=ORIENTED_EDGE('',*,*,#1743,.T.);
#2335=ORIENTED_EDGE('',*,*,#1603,.T.);
#2336=ORIENTED_EDGE('',*,*,#1744,.T.);
#2337=ORIENTED_EDGE('',*,*,#1607,.T.);
#2338=ORIENTED_EDGE('',*,*,#1745,.T.);
#2339=ORIENTED_EDGE('',*,*,#1597,.T.);
#2340=ORIENTED_EDGE('',*,*,#1746,.T.);
#2341=ORIENTED_EDGE('',*,*,#1599,.T.);
#2342=ORIENTED_EDGE('',*,*,#1747,.T.);
#2343=ORIENTED_EDGE('',*,*,#1739,.T.);
#2344=ORIENTED_EDGE('',*,*,#1748,.T.);
#2345=ORIENTED_EDGE('',*,*,#1665,.F.);
#2346=ORIENTED_EDGE('',*,*,#1749,.F.);
#2347=ORIENTED_EDGE('',*,*,#1661,.F.);
#2348=ORIENTED_EDGE('',*,*,#1750,.F.);
#2349=ORIENTED_EDGE('',*,*,#1671,.F.);
#2350=ORIENTED_EDGE('',*,*,#1751,.F.);
#2351=ORIENTED_EDGE('',*,*,#1669,.F.);
#2352=ORIENTED_EDGE('',*,*,#1752,.F.);
#2353=ORIENTED_EDGE('',*,*,#1621,.F.);
#2354=ORIENTED_EDGE('',*,*,#1753,.F.);
#2355=ORIENTED_EDGE('',*,*,#1617,.F.);
#2356=ORIENTED_EDGE('',*,*,#1754,.F.);
#2357=ORIENTED_EDGE('',*,*,#1655,.F.);
#2358=ORIENTED_EDGE('',*,*,#1755,.F.);
#2359=ORIENTED_EDGE('',*,*,#1645,.F.);
#2360=ORIENTED_EDGE('',*,*,#1756,.F.);
#2361=ORIENTED_EDGE('',*,*,#1641,.F.);
#2362=ORIENTED_EDGE('',*,*,#1757,.F.);
#2363=ORIENTED_EDGE('',*,*,#1651,.F.);
#2364=ORIENTED_EDGE('',*,*,#1758,.F.);
#2365=ORIENTED_EDGE('',*,*,#1649,.F.);
#2366=ORIENTED_EDGE('',*,*,#1759,.F.);
#2367=ORIENTED_EDGE('',*,*,#1629,.F.);
#2368=ORIENTED_EDGE('',*,*,#1760,.F.);
#2369=ORIENTED_EDGE('',*,*,#1625,.F.);
#2370=ORIENTED_EDGE('',*,*,#1761,.F.);
#2371=ORIENTED_EDGE('',*,*,#1635,.F.);
#2372=ORIENTED_EDGE('',*,*,#1762,.F.);
#2373=ORIENTED_EDGE('',*,*,#1633,.F.);
#2374=ORIENTED_EDGE('',*,*,#1763,.F.);
#2375=ORIENTED_EDGE('',*,*,#1764,.F.);
#2376=ORIENTED_EDGE('',*,*,#1765,.F.);
#2377=ORIENTED_EDGE('',*,*,#1573,.T.);
#2378=ORIENTED_EDGE('',*,*,#1766,.T.);
#2379=ORIENTED_EDGE('',*,*,#1565,.T.);
#2380=ORIENTED_EDGE('',*,*,#1767,.T.);
#2381=ORIENTED_EDGE('',*,*,#1567,.T.);
#2382=ORIENTED_EDGE('',*,*,#1768,.T.);
#2383=ORIENTED_EDGE('',*,*,#1583,.T.);
#2384=ORIENTED_EDGE('',*,*,#1769,.T.);
#2385=ORIENTED_EDGE('',*,*,#1587,.T.);
#2386=ORIENTED_EDGE('',*,*,#1770,.T.);
#2387=ORIENTED_EDGE('',*,*,#1577,.T.);
#2388=ORIENTED_EDGE('',*,*,#1771,.T.);
#2389=ORIENTED_EDGE('',*,*,#1579,.T.);
#2390=ORIENTED_EDGE('',*,*,#1772,.T.);
#2391=ORIENTED_EDGE('',*,*,#1611,.T.);
#2392=ORIENTED_EDGE('',*,*,#1773,.T.);
#2393=ORIENTED_EDGE('',*,*,#1593,.T.);
#2394=ORIENTED_EDGE('',*,*,#1774,.T.);
#2395=ORIENTED_EDGE('',*,*,#1775,.F.);
#2396=ORIENTED_EDGE('',*,*,#1776,.F.);
#2397=ORIENTED_EDGE('',*,*,#1777,.F.);
#2398=ORIENTED_EDGE('',*,*,#1778,.F.);
#2399=ORIENTED_EDGE('',*,*,#1779,.F.);
#2400=ORIENTED_EDGE('',*,*,#1780,.F.);
#2401=ORIENTED_EDGE('',*,*,#1781,.F.);
#2402=ORIENTED_EDGE('',*,*,#1782,.F.);
#2403=ORIENTED_EDGE('',*,*,#1764,.T.);
#2404=ORIENTED_EDGE('',*,*,#1783,.T.);
#2405=ORIENTED_EDGE('',*,*,#1680,.F.);
#2406=ORIENTED_EDGE('',*,*,#1784,.F.);
#2407=ORIENTED_EDGE('',*,*,#1785,.T.);
#2408=ORIENTED_EDGE('',*,*,#1786,.T.);
#2409=ORIENTED_EDGE('',*,*,#1787,.F.);
#2410=ORIENTED_EDGE('',*,*,#1788,.T.);
#2411=ORIENTED_EDGE('',*,*,#1697,.T.);
#2412=ORIENTED_EDGE('',*,*,#1787,.T.);
#2413=ORIENTED_EDGE('',*,*,#1789,.T.);
#2414=ORIENTED_EDGE('',*,*,#1790,.T.);
#2415=ORIENTED_EDGE('',*,*,#1791,.T.);
#2416=ORIENTED_EDGE('',*,*,#1792,.T.);
#2417=ORIENTED_EDGE('',*,*,#1793,.F.);
#2418=ORIENTED_EDGE('',*,*,#1793,.T.);
#2419=ORIENTED_EDGE('',*,*,#1794,.T.);
#2420=ORIENTED_EDGE('',*,*,#1795,.T.);
#2421=ORIENTED_EDGE('',*,*,#1719,.F.);
#2422=ORIENTED_EDGE('',*,*,#1796,.T.);
#2423=ORIENTED_EDGE('',*,*,#1703,.T.);
#2424=ORIENTED_EDGE('',*,*,#1797,.T.);
#2425=ORIENTED_EDGE('',*,*,#1710,.T.);
#2426=ORIENTED_EDGE('',*,*,#1737,.T.);
#2427=ORIENTED_EDGE('',*,*,#1574,.T.);
#2428=ORIENTED_EDGE('',*,*,#1765,.T.);
#2429=ORIENTED_EDGE('',*,*,#1784,.T.);
#2430=ORIENTED_EDGE('',*,*,#1679,.T.);
#2431=ORIENTED_EDGE('',*,*,#1795,.F.);
#2432=ORIENTED_EDGE('',*,*,#1798,.T.);
#2433=ORIENTED_EDGE('',*,*,#1785,.F.);
#2434=ORIENTED_EDGE('',*,*,#1696,.F.);
#2435=ORIENTED_EDGE('',*,*,#1666,.F.);
#2436=ORIENTED_EDGE('',*,*,#1748,.F.);
#2437=ORIENTED_EDGE('',*,*,#1741,.F.);
#2438=ORIENTED_EDGE('',*,*,#1720,.F.);
#2439=ORIENTED_EDGE('',*,*,#1704,.T.);
#2440=ORIENTED_EDGE('',*,*,#1677,.T.);
#2441=ORIENTED_EDGE('',*,*,#1550,.T.);
#2442=ORIENTED_EDGE('',*,*,#1799,.T.);
#2443=ORIENTED_EDGE('',*,*,#1554,.T.);
#2444=ORIENTED_EDGE('',*,*,#1738,.T.);
#2445=ORIENTED_EDGE('',*,*,#1712,.T.);
#2446=ORIENTED_EDGE('',*,*,#1709,.T.);
#2447=ORIENTED_EDGE('',*,*,#1800,.T.);
#2448=ORIENTED_EDGE('',*,*,#1705,.T.);
#2449=ORIENTED_EDGE('',*,*,#1698,.F.);
#2450=ORIENTED_EDGE('',*,*,#1788,.F.);
#2451=ORIENTED_EDGE('',*,*,#1790,.F.);
#2452=ORIENTED_EDGE('',*,*,#1801,.T.);
#2453=ORIENTED_EDGE('',*,*,#1791,.F.);
#2454=ORIENTED_EDGE('',*,*,#1796,.F.);
#2455=ORIENTED_EDGE('',*,*,#1718,.F.);
#2456=ORIENTED_EDGE('',*,*,#1802,.F.);
#2457=ORIENTED_EDGE('',*,*,#1803,.F.);
#2458=ORIENTED_EDGE('',*,*,#1804,.F.);
#2459=ORIENTED_EDGE('',*,*,#1805,.F.);
#2460=ORIENTED_EDGE('',*,*,#1806,.T.);
#2461=ORIENTED_EDGE('',*,*,#1699,.T.);
#2462=ORIENTED_EDGE('',*,*,#1804,.T.);
#2463=ORIENTED_EDGE('',*,*,#1807,.F.);
#2464=ORIENTED_EDGE('',*,*,#1808,.T.);
#2465=ORIENTED_EDGE('',*,*,#1809,.T.);
#2466=ORIENTED_EDGE('',*,*,#1810,.T.);
#2467=ORIENTED_EDGE('',*,*,#1551,.F.);
#2468=ORIENTED_EDGE('',*,*,#1799,.F.);
#2469=ORIENTED_EDGE('',*,*,#1549,.T.);
#2470=ORIENTED_EDGE('',*,*,#1811,.T.);
#2471=ORIENTED_EDGE('',*,*,#1812,.T.);
#2472=ORIENTED_EDGE('',*,*,#1813,.T.);
#2473=ORIENTED_EDGE('',*,*,#1805,.T.);
#2474=ORIENTED_EDGE('',*,*,#1803,.T.);
#2475=ORIENTED_EDGE('',*,*,#1717,.F.);
#2476=ORIENTED_EDGE('',*,*,#1814,.T.);
#2477=ORIENTED_EDGE('',*,*,#1807,.T.);
#2478=ORIENTED_EDGE('',*,*,#1802,.T.);
#2479=ORIENTED_EDGE('',*,*,#1693,.F.);
#2480=ORIENTED_EDGE('',*,*,#1670,.F.);
#2481=ORIENTED_EDGE('',*,*,#1751,.T.);
#2482=ORIENTED_EDGE('',*,*,#1674,.F.);
#2483=ORIENTED_EDGE('',*,*,#1692,.F.);
#2484=ORIENTED_EDGE('',*,*,#1622,.F.);
#2485=ORIENTED_EDGE('',*,*,#1752,.T.);
#2486=ORIENTED_EDGE('',*,*,#1668,.F.);
#2487=ORIENTED_EDGE('',*,*,#1695,.F.);
#2488=ORIENTED_EDGE('',*,*,#1662,.F.);
#2489=ORIENTED_EDGE('',*,*,#1749,.T.);
#2490=ORIENTED_EDGE('',*,*,#1664,.F.);
#2491=ORIENTED_EDGE('',*,*,#1694,.F.);
#2492=ORIENTED_EDGE('',*,*,#1672,.F.);
#2493=ORIENTED_EDGE('',*,*,#1750,.T.);
#2494=ORIENTED_EDGE('',*,*,#1660,.F.);
#2495=ORIENTED_EDGE('',*,*,#1689,.F.);
#2496=ORIENTED_EDGE('',*,*,#1646,.F.);
#2497=ORIENTED_EDGE('',*,*,#1755,.T.);
#2498=ORIENTED_EDGE('',*,*,#1658,.F.);
#2499=ORIENTED_EDGE('',*,*,#1686,.F.);
#2500=ORIENTED_EDGE('',*,*,#1650,.F.);
#2501=ORIENTED_EDGE('',*,*,#1758,.T.);
#2502=ORIENTED_EDGE('',*,*,#1654,.F.);
#2503=ORIENTED_EDGE('',*,*,#1685,.F.);
#2504=ORIENTED_EDGE('',*,*,#1630,.F.);
#2505=ORIENTED_EDGE('',*,*,#1759,.T.);
#2506=ORIENTED_EDGE('',*,*,#1648,.F.);
#2507=ORIENTED_EDGE('',*,*,#1688,.F.);
#2508=ORIENTED_EDGE('',*,*,#1642,.F.);
#2509=ORIENTED_EDGE('',*,*,#1756,.T.);
#2510=ORIENTED_EDGE('',*,*,#1644,.F.);
#2511=ORIENTED_EDGE('',*,*,#1687,.F.);
#2512=ORIENTED_EDGE('',*,*,#1652,.F.);
#2513=ORIENTED_EDGE('',*,*,#1757,.T.);
#2514=ORIENTED_EDGE('',*,*,#1640,.F.);
#2515=ORIENTED_EDGE('',*,*,#1682,.F.);
#2516=ORIENTED_EDGE('',*,*,#1634,.F.);
#2517=ORIENTED_EDGE('',*,*,#1762,.T.);
#2518=ORIENTED_EDGE('',*,*,#1638,.F.);
#2519=ORIENTED_EDGE('',*,*,#1681,.F.);
#2520=ORIENTED_EDGE('',*,*,#1783,.F.);
#2521=ORIENTED_EDGE('',*,*,#1763,.T.);
#2522=ORIENTED_EDGE('',*,*,#1632,.F.);
#2523=ORIENTED_EDGE('',*,*,#1684,.F.);
#2524=ORIENTED_EDGE('',*,*,#1626,.F.);
#2525=ORIENTED_EDGE('',*,*,#1760,.T.);
#2526=ORIENTED_EDGE('',*,*,#1628,.F.);
#2527=ORIENTED_EDGE('',*,*,#1683,.F.);
#2528=ORIENTED_EDGE('',*,*,#1636,.F.);
#2529=ORIENTED_EDGE('',*,*,#1761,.T.);
#2530=ORIENTED_EDGE('',*,*,#1624,.F.);
#2531=ORIENTED_EDGE('',*,*,#1691,.F.);
#2532=ORIENTED_EDGE('',*,*,#1618,.F.);
#2533=ORIENTED_EDGE('',*,*,#1753,.T.);
#2534=ORIENTED_EDGE('',*,*,#1620,.F.);
#2535=ORIENTED_EDGE('',*,*,#1690,.F.);
#2536=ORIENTED_EDGE('',*,*,#1656,.F.);
#2537=ORIENTED_EDGE('',*,*,#1754,.T.);
#2538=ORIENTED_EDGE('',*,*,#1616,.F.);
#2539=ORIENTED_EDGE('',*,*,#1729,.F.);
#2540=ORIENTED_EDGE('',*,*,#1594,.F.);
#2541=ORIENTED_EDGE('',*,*,#1773,.F.);
#2542=ORIENTED_EDGE('',*,*,#1614,.F.);
#2543=ORIENTED_EDGE('',*,*,#1724,.F.);
#2544=ORIENTED_EDGE('',*,*,#1598,.F.);
#2545=ORIENTED_EDGE('',*,*,#1745,.F.);
#2546=ORIENTED_EDGE('',*,*,#1610,.F.);
#2547=ORIENTED_EDGE('',*,*,#1725,.F.);
#2548=ORIENTED_EDGE('',*,*,#1608,.F.);
#2549=ORIENTED_EDGE('',*,*,#1744,.F.);
#2550=ORIENTED_EDGE('',*,*,#1606,.F.);
#2551=ORIENTED_EDGE('',*,*,#1722,.F.);
#2552=ORIENTED_EDGE('',*,*,#1740,.F.);
#2553=ORIENTED_EDGE('',*,*,#1747,.F.);
#2554=ORIENTED_EDGE('',*,*,#1602,.F.);
#2555=ORIENTED_EDGE('',*,*,#1723,.F.);
#2556=ORIENTED_EDGE('',*,*,#1600,.F.);
#2557=ORIENTED_EDGE('',*,*,#1746,.F.);
#2558=ORIENTED_EDGE('',*,*,#1596,.F.);
#2559=ORIENTED_EDGE('',*,*,#1728,.F.);
#2560=ORIENTED_EDGE('',*,*,#1558,.F.);
#2561=ORIENTED_EDGE('',*,*,#1774,.F.);
#2562=ORIENTED_EDGE('',*,*,#1592,.F.);
#2563=ORIENTED_EDGE('',*,*,#1732,.F.);
#2564=ORIENTED_EDGE('',*,*,#1578,.F.);
#2565=ORIENTED_EDGE('',*,*,#1770,.F.);
#2566=ORIENTED_EDGE('',*,*,#1590,.F.);
#2567=ORIENTED_EDGE('',*,*,#1733,.F.);
#2568=ORIENTED_EDGE('',*,*,#1588,.F.);
#2569=ORIENTED_EDGE('',*,*,#1769,.F.);
#2570=ORIENTED_EDGE('',*,*,#1586,.F.);
#2571=ORIENTED_EDGE('',*,*,#1730,.F.);
#2572=ORIENTED_EDGE('',*,*,#1612,.F.);
#2573=ORIENTED_EDGE('',*,*,#1772,.F.);
#2574=ORIENTED_EDGE('',*,*,#1582,.F.);
#2575=ORIENTED_EDGE('',*,*,#1731,.F.);
#2576=ORIENTED_EDGE('',*,*,#1580,.F.);
#2577=ORIENTED_EDGE('',*,*,#1771,.F.);
#2578=ORIENTED_EDGE('',*,*,#1576,.F.);
#2579=ORIENTED_EDGE('',*,*,#1736,.F.);
#2580=ORIENTED_EDGE('',*,*,#1566,.F.);
#2581=ORIENTED_EDGE('',*,*,#1766,.F.);
#2582=ORIENTED_EDGE('',*,*,#1572,.F.);
#2583=ORIENTED_EDGE('',*,*,#1734,.F.);
#2584=ORIENTED_EDGE('',*,*,#1584,.F.);
#2585=ORIENTED_EDGE('',*,*,#1768,.F.);
#2586=ORIENTED_EDGE('',*,*,#1570,.F.);
#2587=ORIENTED_EDGE('',*,*,#1735,.F.);
#2588=ORIENTED_EDGE('',*,*,#1568,.F.);
#2589=ORIENTED_EDGE('',*,*,#1767,.F.);
#2590=ORIENTED_EDGE('',*,*,#1564,.F.);
#2591=ORIENTED_EDGE('',*,*,#1726,.F.);
#2592=ORIENTED_EDGE('',*,*,#1604,.F.);
#2593=ORIENTED_EDGE('',*,*,#1743,.F.);
#2594=ORIENTED_EDGE('',*,*,#1562,.F.);
#2595=ORIENTED_EDGE('',*,*,#1727,.F.);
#2596=ORIENTED_EDGE('',*,*,#1560,.F.);
#2597=ORIENTED_EDGE('',*,*,#1742,.F.);
#2598=ORIENTED_EDGE('',*,*,#1556,.F.);
#2599=ORIENTED_EDGE('',*,*,#1716,.F.);
#2600=ORIENTED_EDGE('',*,*,#1815,.T.);
#2601=ORIENTED_EDGE('',*,*,#1808,.F.);
#2602=ORIENTED_EDGE('',*,*,#1814,.F.);
#2603=ORIENTED_EDGE('',*,*,#1714,.F.);
#2604=ORIENTED_EDGE('',*,*,#1552,.F.);
#2605=ORIENTED_EDGE('',*,*,#1810,.F.);
#2606=ORIENTED_EDGE('',*,*,#1816,.F.);
#2607=ORIENTED_EDGE('',*,*,#1715,.F.);
#2608=ORIENTED_EDGE('',*,*,#1816,.T.);
#2609=ORIENTED_EDGE('',*,*,#1809,.F.);
#2610=ORIENTED_EDGE('',*,*,#1815,.F.);
#2611=ORIENTED_EDGE('',*,*,#1675,.F.);
#2612=ORIENTED_EDGE('',*,*,#1817,.T.);
#2613=ORIENTED_EDGE('',*,*,#1812,.F.);
#2614=ORIENTED_EDGE('',*,*,#1818,.F.);
#2615=ORIENTED_EDGE('',*,*,#1676,.F.);
#2616=ORIENTED_EDGE('',*,*,#1818,.T.);
#2617=ORIENTED_EDGE('',*,*,#1811,.F.);
#2618=ORIENTED_EDGE('',*,*,#1548,.F.);
#2619=ORIENTED_EDGE('',*,*,#1700,.F.);
#2620=ORIENTED_EDGE('',*,*,#1806,.F.);
#2621=ORIENTED_EDGE('',*,*,#1813,.F.);
#2622=ORIENTED_EDGE('',*,*,#1817,.F.);
#2623=ORIENTED_EDGE('',*,*,#1780,.T.);
#2624=ORIENTED_EDGE('',*,*,#1819,.F.);
#2625=ORIENTED_EDGE('',*,*,#1820,.F.);
#2626=ORIENTED_EDGE('',*,*,#1821,.T.);
#2627=ORIENTED_EDGE('',*,*,#1781,.T.);
#2628=ORIENTED_EDGE('',*,*,#1821,.F.);
#2629=ORIENTED_EDGE('',*,*,#1822,.F.);
#2630=ORIENTED_EDGE('',*,*,#1823,.T.);
#2631=ORIENTED_EDGE('',*,*,#1782,.T.);
#2632=ORIENTED_EDGE('',*,*,#1823,.F.);
#2633=ORIENTED_EDGE('',*,*,#1824,.F.);
#2634=ORIENTED_EDGE('',*,*,#1825,.T.);
#2635=ORIENTED_EDGE('',*,*,#1779,.T.);
#2636=ORIENTED_EDGE('',*,*,#1825,.F.);
#2637=ORIENTED_EDGE('',*,*,#1826,.F.);
#2638=ORIENTED_EDGE('',*,*,#1819,.T.);
#2639=ORIENTED_EDGE('',*,*,#1820,.T.);
#2640=ORIENTED_EDGE('',*,*,#1826,.T.);
#2641=ORIENTED_EDGE('',*,*,#1824,.T.);
#2642=ORIENTED_EDGE('',*,*,#1822,.T.);
#2643=ORIENTED_EDGE('',*,*,#1776,.T.);
#2644=ORIENTED_EDGE('',*,*,#1827,.F.);
#2645=ORIENTED_EDGE('',*,*,#1828,.F.);
#2646=ORIENTED_EDGE('',*,*,#1829,.T.);
#2647=ORIENTED_EDGE('',*,*,#1777,.T.);
#2648=ORIENTED_EDGE('',*,*,#1829,.F.);
#2649=ORIENTED_EDGE('',*,*,#1830,.F.);
#2650=ORIENTED_EDGE('',*,*,#1831,.T.);
#2651=ORIENTED_EDGE('',*,*,#1778,.T.);
#2652=ORIENTED_EDGE('',*,*,#1831,.F.);
#2653=ORIENTED_EDGE('',*,*,#1832,.F.);
#2654=ORIENTED_EDGE('',*,*,#1833,.T.);
#2655=ORIENTED_EDGE('',*,*,#1775,.T.);
#2656=ORIENTED_EDGE('',*,*,#1833,.F.);
#2657=ORIENTED_EDGE('',*,*,#1834,.F.);
#2658=ORIENTED_EDGE('',*,*,#1827,.T.);
#2659=ORIENTED_EDGE('',*,*,#1828,.T.);
#2660=ORIENTED_EDGE('',*,*,#1834,.T.);
#2661=ORIENTED_EDGE('',*,*,#1832,.T.);
#2662=ORIENTED_EDGE('',*,*,#1830,.T.);
#2663=ORIENTED_EDGE('',*,*,#1786,.F.);
#2664=ORIENTED_EDGE('',*,*,#1798,.F.);
#2665=ORIENTED_EDGE('',*,*,#1794,.F.);
#2666=ORIENTED_EDGE('',*,*,#1792,.F.);
#2667=ORIENTED_EDGE('',*,*,#1801,.F.);
#2668=ORIENTED_EDGE('',*,*,#1789,.F.);
#2669=ORIENTED_EDGE('',*,*,#1706,.F.);
#2670=ORIENTED_EDGE('',*,*,#1800,.F.);
#2671=ORIENTED_EDGE('',*,*,#1708,.F.);
#2672=ORIENTED_EDGE('',*,*,#1711,.F.);
#2673=ORIENTED_EDGE('',*,*,#1797,.F.);
#2674=ORIENTED_EDGE('',*,*,#1702,.F.);
#2675=PLANE('',#2953);
#2676=PLANE('',#2954);
#2677=PLANE('',#2955);
#2678=PLANE('',#2956);
#2679=PLANE('',#2957);
#2680=PLANE('',#2958);
#2681=PLANE('',#2959);
#2682=PLANE('',#2960);
#2683=PLANE('',#2961);
#2684=PLANE('',#2962);
#2685=PLANE('',#2963);
#2686=PLANE('',#2964);
#2687=PLANE('',#2965);
#2688=PLANE('',#2969);
#2689=PLANE('',#2973);
#2690=PLANE('',#2977);
#2691=PLANE('',#2981);
#2692=PLANE('',#2988);
#2693=PLANE('',#2989);
#2694=PLANE('',#2990);
#2695=PLANE('',#2991);
#2696=PLANE('',#2992);
#2697=PLANE('',#2993);
#2698=PLANE('',#2994);
#2699=PLANE('',#2995);
#2700=PLANE('',#2996);
#2701=PLANE('',#2997);
#2702=PLANE('',#2998);
#2703=PLANE('',#2999);
#2704=PLANE('',#3000);
#2705=PLANE('',#3001);
#2706=PLANE('',#3002);
#2707=PLANE('',#3003);
#2708=PLANE('',#3004);
#2709=PLANE('',#3005);
#2710=PLANE('',#3006);
#2711=PLANE('',#3007);
#2712=PLANE('',#3008);
#2713=PLANE('',#3009);
#2714=PLANE('',#3010);
#2715=PLANE('',#3011);
#2716=PLANE('',#3012);
#2717=PLANE('',#3013);
#2718=PLANE('',#3014);
#2719=PLANE('',#3015);
#2720=PLANE('',#3016);
#2721=PLANE('',#3017);
#2722=PLANE('',#3018);
#2723=PLANE('',#3019);
#2724=PLANE('',#3020);
#2725=PLANE('',#3021);
#2726=PLANE('',#3022);
#2727=PLANE('',#3023);
#2728=PLANE('',#3024);
#2729=PLANE('',#3025);
#2730=PLANE('',#3026);
#2731=PLANE('',#3027);
#2732=PLANE('',#3028);
#2733=PLANE('',#3029);
#2734=PLANE('',#3030);
#2735=PLANE('',#3031);
#2736=PLANE('',#3032);
#2737=PLANE('',#3033);
#2738=PLANE('',#3034);
#2739=PLANE('',#3035);
#2740=PLANE('',#3036);
#2741=PLANE('',#3037);
#2742=PLANE('',#3038);
#2743=PLANE('',#3039);
#2744=PLANE('',#3040);
#2745=PLANE('',#3041);
#2746=PLANE('',#3042);
#2747=PLANE('',#3043);
#2748=PLANE('',#3044);
#2749=PLANE('',#3045);
#2750=PLANE('',#3046);
#2751=PLANE('',#3062);
#2752=PLANE('',#3063);
#2753=PLANE('',#3064);
#2754=PLANE('',#3065);
#2755=PLANE('',#3066);
#2756=PLANE('',#3082);
#2757=PLANE('',#3083);
#2758=PLANE('',#3114);
#2759=PLANE('',#3115);
#2760=PLANE('',#3116);
#2761=PLANE('',#3117);
#2762=PLANE('',#3118);
#2763=PLANE('',#3119);
#2764=PLANE('',#3120);
#2765=PLANE('',#3121);
#2766=PLANE('',#3122);
#2767=PLANE('',#3123);
#2768=PLANE('',#3124);
#2769=PLANE('',#3125);
#2770=PLANE('',#3156);
#2771=PLANE('',#3157);
#2772=PLANE('',#3158);
#2773=PLANE('',#3159);
#2774=PLANE('',#3160);
#2775=PLANE('',#3161);
#2776=PLANE('',#3162);
#2777=PLANE('',#3163);
#2778=PLANE('',#3164);
#2779=PLANE('',#3165);
#2780=PLANE('',#3166);
#2781=PLANE('',#3167);
#2782=PLANE('',#3168);
#2783=PLANE('',#3169);
#2784=PLANE('',#3170);
#2785=PLANE('',#3171);
#2786=PLANE('',#3172);
#2787=PLANE('',#3173);
#2788=ADVANCED_FACE('',(#134),#2675,.F.);
#2789=ADVANCED_FACE('',(#135,#127),#2676,.F.);
#2790=ADVANCED_FACE('',(#136),#2677,.F.);
#2791=ADVANCED_FACE('',(#137,#128),#2678,.F.);
#2792=ADVANCED_FACE('',(#138),#2679,.T.);
#2793=ADVANCED_FACE('',(#139),#2680,.T.);
#2794=ADVANCED_FACE('',(#140),#2681,.T.);
#2795=ADVANCED_FACE('',(#141),#2682,.F.);
#2796=ADVANCED_FACE('',(#142,#129),#2683,.F.);
#2797=ADVANCED_FACE('',(#143),#2684,.F.);
#2798=ADVANCED_FACE('',(#144),#2685,.T.);
#2799=ADVANCED_FACE('',(#145),#2686,.F.);
#2800=ADVANCED_FACE('',(#146),#2687,.T.);
#2801=ADVANCED_FACE('',(#147),#91,.T.);
#2802=ADVANCED_FACE('',(#148),#2688,.F.);
#2803=ADVANCED_FACE('',(#149),#92,.F.);
#2804=ADVANCED_FACE('',(#150),#2689,.F.);
#2805=ADVANCED_FACE('',(#151),#93,.T.);
#2806=ADVANCED_FACE('',(#152),#2690,.T.);
#2807=ADVANCED_FACE('',(#153),#94,.F.);
#2808=ADVANCED_FACE('',(#154),#2691,.F.);
#2809=ADVANCED_FACE('',(#155),#95,.T.);
#2810=ADVANCED_FACE('',(#156),#96,.F.);
#2811=ADVANCED_FACE('',(#157),#2692,.T.);
#2812=ADVANCED_FACE('',(#158),#2693,.F.);
#2813=ADVANCED_FACE('',(#159),#2694,.F.);
#2814=ADVANCED_FACE('',(#160),#2695,.F.);
#2815=ADVANCED_FACE('',(#161),#2696,.F.);
#2816=ADVANCED_FACE('',(#162),#2697,.F.);
#2817=ADVANCED_FACE('',(#163),#2698,.F.);
#2818=ADVANCED_FACE('',(#164),#2699,.F.);
#2819=ADVANCED_FACE('',(#165),#2700,.F.);
#2820=ADVANCED_FACE('',(#166,#130),#2701,.F.);
#2821=ADVANCED_FACE('',(#167),#2702,.F.);
#2822=ADVANCED_FACE('',(#168,#131),#2703,.F.);
#2823=ADVANCED_FACE('',(#169),#2704,.T.);
#2824=ADVANCED_FACE('',(#170),#2705,.T.);
#2825=ADVANCED_FACE('',(#171),#2706,.T.);
#2826=ADVANCED_FACE('',(#172),#2707,.F.);
#2827=ADVANCED_FACE('',(#173),#2708,.F.);
#2828=ADVANCED_FACE('',(#174),#2709,.F.);
#2829=ADVANCED_FACE('',(#175),#2710,.T.);
#2830=ADVANCED_FACE('',(#176),#2711,.F.);
#2831=ADVANCED_FACE('',(#177),#2712,.F.);
#2832=ADVANCED_FACE('',(#178),#2713,.F.);
#2833=ADVANCED_FACE('',(#179),#2714,.F.);
#2834=ADVANCED_FACE('',(#180),#2715,.F.);
#2835=ADVANCED_FACE('',(#181),#2716,.F.);
#2836=ADVANCED_FACE('',(#182),#2717,.F.);
#2837=ADVANCED_FACE('',(#183),#2718,.F.);
#2838=ADVANCED_FACE('',(#184),#2719,.F.);
#2839=ADVANCED_FACE('',(#185),#2720,.F.);
#2840=ADVANCED_FACE('',(#186),#2721,.F.);
#2841=ADVANCED_FACE('',(#187),#2722,.F.);
#2842=ADVANCED_FACE('',(#188),#2723,.F.);
#2843=ADVANCED_FACE('',(#189),#2724,.F.);
#2844=ADVANCED_FACE('',(#190),#2725,.F.);
#2845=ADVANCED_FACE('',(#191),#2726,.F.);
#2846=ADVANCED_FACE('',(#192),#2727,.F.);
#2847=ADVANCED_FACE('',(#193),#2728,.F.);
#2848=ADVANCED_FACE('',(#194),#2729,.F.);
#2849=ADVANCED_FACE('',(#195),#2730,.F.);
#2850=ADVANCED_FACE('',(#196),#2731,.F.);
#2851=ADVANCED_FACE('',(#197),#2732,.F.);
#2852=ADVANCED_FACE('',(#198),#2733,.F.);
#2853=ADVANCED_FACE('',(#199),#2734,.F.);
#2854=ADVANCED_FACE('',(#200),#2735,.F.);
#2855=ADVANCED_FACE('',(#201),#2736,.F.);
#2856=ADVANCED_FACE('',(#202),#2737,.F.);
#2857=ADVANCED_FACE('',(#203),#2738,.F.);
#2858=ADVANCED_FACE('',(#204),#2739,.F.);
#2859=ADVANCED_FACE('',(#205),#2740,.F.);
#2860=ADVANCED_FACE('',(#206),#2741,.F.);
#2861=ADVANCED_FACE('',(#207),#2742,.F.);
#2862=ADVANCED_FACE('',(#208),#2743,.F.);
#2863=ADVANCED_FACE('',(#209),#2744,.F.);
#2864=ADVANCED_FACE('',(#210),#2745,.F.);
#2865=ADVANCED_FACE('',(#211),#2746,.F.);
#2866=ADVANCED_FACE('',(#212),#2747,.F.);
#2867=ADVANCED_FACE('',(#213),#2748,.F.);
#2868=ADVANCED_FACE('',(#214),#2749,.F.);
#2869=ADVANCED_FACE('',(#215),#2750,.F.);
#2870=ADVANCED_FACE('',(#216),#2751,.F.);
#2871=ADVANCED_FACE('',(#217),#2752,.F.);
#2872=ADVANCED_FACE('',(#218),#2753,.F.);
#2873=ADVANCED_FACE('',(#219),#2754,.F.);
#2874=ADVANCED_FACE('',(#220),#2755,.F.);
#2875=ADVANCED_FACE('',(#221),#2756,.F.);
#2876=ADVANCED_FACE('',(#222,#132,#133),#2757,.F.);
#2877=ADVANCED_FACE('',(#223),#2758,.F.);
#2878=ADVANCED_FACE('',(#224),#2759,.F.);
#2879=ADVANCED_FACE('',(#225),#2760,.F.);
#2880=ADVANCED_FACE('',(#226),#2761,.F.);
#2881=ADVANCED_FACE('',(#227),#2762,.F.);
#2882=ADVANCED_FACE('',(#228),#2763,.F.);
#2883=ADVANCED_FACE('',(#229),#2764,.T.);
#2884=ADVANCED_FACE('',(#230),#2765,.F.);
#2885=ADVANCED_FACE('',(#231),#2766,.T.);
#2886=ADVANCED_FACE('',(#232),#2767,.F.);
#2887=ADVANCED_FACE('',(#233),#2768,.F.);
#2888=ADVANCED_FACE('',(#234),#2769,.F.);
#2889=ADVANCED_FACE('',(#235),#97,.F.);
#2890=ADVANCED_FACE('',(#236),#98,.F.);
#2891=ADVANCED_FACE('',(#237),#99,.F.);
#2892=ADVANCED_FACE('',(#238),#100,.F.);
#2893=ADVANCED_FACE('',(#239),#101,.F.);
#2894=ADVANCED_FACE('',(#240),#102,.F.);
#2895=ADVANCED_FACE('',(#241),#103,.F.);
#2896=ADVANCED_FACE('',(#242),#104,.F.);
#2897=ADVANCED_FACE('',(#243),#105,.F.);
#2898=ADVANCED_FACE('',(#244),#106,.F.);
#2899=ADVANCED_FACE('',(#245),#107,.F.);
#2900=ADVANCED_FACE('',(#246),#108,.F.);
#2901=ADVANCED_FACE('',(#247),#109,.F.);
#2902=ADVANCED_FACE('',(#248),#110,.F.);
#2903=ADVANCED_FACE('',(#249),#111,.F.);
#2904=ADVANCED_FACE('',(#250),#112,.F.);
#2905=ADVANCED_FACE('',(#251),#113,.F.);
#2906=ADVANCED_FACE('',(#252),#114,.F.);
#2907=ADVANCED_FACE('',(#253),#115,.F.);
#2908=ADVANCED_FACE('',(#254),#116,.F.);
#2909=ADVANCED_FACE('',(#255),#117,.F.);
#2910=ADVANCED_FACE('',(#256),#118,.F.);
#2911=ADVANCED_FACE('',(#257),#119,.F.);
#2912=ADVANCED_FACE('',(#258),#120,.F.);
#2913=ADVANCED_FACE('',(#259),#121,.F.);
#2914=ADVANCED_FACE('',(#260),#122,.F.);
#2915=ADVANCED_FACE('',(#261),#123,.F.);
#2916=ADVANCED_FACE('',(#262),#124,.F.);
#2917=ADVANCED_FACE('',(#263),#125,.F.);
#2918=ADVANCED_FACE('',(#264),#126,.F.);
#2919=ADVANCED_FACE('',(#265),#2770,.T.);
#2920=ADVANCED_FACE('',(#266),#2771,.T.);
#2921=ADVANCED_FACE('',(#267),#2772,.T.);
#2922=ADVANCED_FACE('',(#268),#2773,.T.);
#2923=ADVANCED_FACE('',(#269),#2774,.T.);
#2924=ADVANCED_FACE('',(#270),#2775,.T.);
#2925=ADVANCED_FACE('',(#271),#2776,.F.);
#2926=ADVANCED_FACE('',(#272),#2777,.F.);
#2927=ADVANCED_FACE('',(#273),#2778,.F.);
#2928=ADVANCED_FACE('',(#274),#2779,.F.);
#2929=ADVANCED_FACE('',(#275),#2780,.T.);
#2930=ADVANCED_FACE('',(#276),#2781,.F.);
#2931=ADVANCED_FACE('',(#277),#2782,.F.);
#2932=ADVANCED_FACE('',(#278),#2783,.F.);
#2933=ADVANCED_FACE('',(#279),#2784,.F.);
#2934=ADVANCED_FACE('',(#280),#2785,.T.);
#2935=ADVANCED_FACE('',(#281),#2786,.T.);
#2936=ADVANCED_FACE('',(#282),#2787,.F.);
#2937=CLOSED_SHELL('',(#2788,#2789,#2790,#2791,#2792,#2793,#2794,#2795,
#2796,#2797,#2798,#2799,#2800,#2801,#2802,#2803,#2804,#2805,#2806,#2807,
#2808,#2809,#2810,#2811,#2812,#2813,#2814,#2815,#2816,#2817,#2818));
#2938=CLOSED_SHELL('',(#2819,#2820,#2821,#2822,#2823,#2824,#2825,#2826,
#2827,#2828,#2829,#2830,#2831,#2832,#2833,#2834,#2835,#2836));
#2939=CLOSED_SHELL('',(#2837,#2838,#2839,#2840,#2841,#2842,#2843,#2844,
#2845,#2846,#2847,#2848,#2849,#2850,#2851,#2852,#2853,#2854,#2855,#2856,
#2857,#2858,#2859,#2860,#2861,#2862,#2863,#2864,#2865,#2866,#2867,#2868,
#2869,#2870,#2871,#2872,#2873,#2874,#2875,#2876,#2877,#2878,#2879,#2880,
#2881,#2882,#2883,#2884,#2885,#2886,#2887,#2888,#2889,#2890,#2891,#2892,
#2893,#2894,#2895,#2896,#2897,#2898,#2899,#2900,#2901,#2902,#2903,#2904,
#2905,#2906,#2907,#2908,#2909,#2910,#2911,#2912,#2913,#2914,#2915,#2916,
#2917,#2918,#2919,#2920,#2921,#2922,#2923,#2924,#2925,#2926,#2927,#2928,
#2929,#2930,#2931,#2932,#2933,#2934,#2935,#2936));
#2940=DERIVED_UNIT_ELEMENT(#2942,1.);
#2941=DERIVED_UNIT_ELEMENT(#4821,-3.);
#2942=(
MASS_UNIT()
NAMED_UNIT(*)
SI_UNIT(.KILO.,.GRAM.)
);
#2943=DERIVED_UNIT((#2940,#2941));
#2944=MEASURE_REPRESENTATION_ITEM('density measure',
POSITIVE_RATIO_MEASURE(7850.),#2943);
#2945=PROPERTY_DEFINITION_REPRESENTATION(#2950,#2947);
#2946=PROPERTY_DEFINITION_REPRESENTATION(#2951,#2948);
#2947=REPRESENTATION('material name',(#2949),#4818);
#2948=REPRESENTATION('density',(#2944),#4818);
#2949=DESCRIPTIVE_REPRESENTATION_ITEM('Steel','Steel');
#2950=PROPERTY_DEFINITION('material property','material name',#4828);
#2951=PROPERTY_DEFINITION('material property','density of part',#4828);
#2952=AXIS2_PLACEMENT_3D('',#3966,#3174,#3175);
#2953=AXIS2_PLACEMENT_3D('',#3967,#3176,#3177);
#2954=AXIS2_PLACEMENT_3D('',#3976,#3182,#3183);
#2955=AXIS2_PLACEMENT_3D('',#4006,#3199,#3200);
#2956=AXIS2_PLACEMENT_3D('',#4012,#3204,#3205);
#2957=AXIS2_PLACEMENT_3D('',#4039,#3220,#3221);
#2958=AXIS2_PLACEMENT_3D('',#4042,#3224,#3225);
#2959=AXIS2_PLACEMENT_3D('',#4043,#3226,#3227);
#2960=AXIS2_PLACEMENT_3D('',#4044,#3228,#3229);
#2961=AXIS2_PLACEMENT_3D('',#4046,#3231,#3232);
#2962=AXIS2_PLACEMENT_3D('',#4057,#3239,#3240);
#2963=AXIS2_PLACEMENT_3D('',#4059,#3242,#3243);
#2964=AXIS2_PLACEMENT_3D('',#4061,#3245,#3246);
#2965=AXIS2_PLACEMENT_3D('',#4062,#3247,#3248);
#2966=AXIS2_PLACEMENT_3D('',#4071,#3253,#3254);
#2967=AXIS2_PLACEMENT_3D('',#4073,#3255,#3256);
#2968=AXIS2_PLACEMENT_3D('',#4076,#3258,#3259);
#2969=AXIS2_PLACEMENT_3D('',#4077,#3260,#3261);
#2970=AXIS2_PLACEMENT_3D('',#4083,#3265,#3266);
#2971=AXIS2_PLACEMENT_3D('',#4085,#3267,#3268);
#2972=AXIS2_PLACEMENT_3D('',#4088,#3270,#3271);
#2973=AXIS2_PLACEMENT_3D('',#4089,#3272,#3273);
#2974=AXIS2_PLACEMENT_3D('',#4095,#3277,#3278);
#2975=AXIS2_PLACEMENT_3D('',#4097,#3279,#3280);
#2976=AXIS2_PLACEMENT_3D('',#4100,#3282,#3283);
#2977=AXIS2_PLACEMENT_3D('',#4101,#3284,#3285);
#2978=AXIS2_PLACEMENT_3D('',#4107,#3289,#3290);
#2979=AXIS2_PLACEMENT_3D('',#4109,#3291,#3292);
#2980=AXIS2_PLACEMENT_3D('',#4112,#3294,#3295);
#2981=AXIS2_PLACEMENT_3D('',#4113,#3296,#3297);
#2982=AXIS2_PLACEMENT_3D('',#4119,#3301,#3302);
#2983=AXIS2_PLACEMENT_3D('',#4120,#3303,#3304);
#2984=AXIS2_PLACEMENT_3D('',#4121,#3305,#3306);
#2985=AXIS2_PLACEMENT_3D('',#4122,#3307,#3308);
#2986=AXIS2_PLACEMENT_3D('',#4123,#3309,#3310);
#2987=AXIS2_PLACEMENT_3D('',#4124,#3311,#3312);
#2988=AXIS2_PLACEMENT_3D('',#4125,#3313,#3314);
#2989=AXIS2_PLACEMENT_3D('',#4126,#3315,#3316);
#2990=AXIS2_PLACEMENT_3D('',#4127,#3317,#3318);
#2991=AXIS2_PLACEMENT_3D('',#4129,#3320,#3321);
#2992=AXIS2_PLACEMENT_3D('',#4130,#3322,#3323);
#2993=AXIS2_PLACEMENT_3D('',#4133,#3326,#3327);
#2994=AXIS2_PLACEMENT_3D('',#4135,#3329,#3330);
#2995=AXIS2_PLACEMENT_3D('',#4137,#3332,#3333);
#2996=AXIS2_PLACEMENT_3D('',#4138,#3334,#3335);
#2997=AXIS2_PLACEMENT_3D('',#4147,#3340,#3341);
#2998=AXIS2_PLACEMENT_3D('',#4177,#3357,#3358);
#2999=AXIS2_PLACEMENT_3D('',#4183,#3362,#3363);
#3000=AXIS2_PLACEMENT_3D('',#4210,#3378,#3379);
#3001=AXIS2_PLACEMENT_3D('',#4213,#3382,#3383);
#3002=AXIS2_PLACEMENT_3D('',#4214,#3384,#3385);
#3003=AXIS2_PLACEMENT_3D('',#4215,#3386,#3387);
#3004=AXIS2_PLACEMENT_3D('',#4217,#3389,#3390);
#3005=AXIS2_PLACEMENT_3D('',#4220,#3393,#3394);
#3006=AXIS2_PLACEMENT_3D('',#4222,#3396,#3397);
#3007=AXIS2_PLACEMENT_3D('',#4224,#3399,#3400);
#3008=AXIS2_PLACEMENT_3D('',#4225,#3401,#3402);
#3009=AXIS2_PLACEMENT_3D('',#4227,#3404,#3405);
#3010=AXIS2_PLACEMENT_3D('',#4228,#3406,#3407);
#3011=AXIS2_PLACEMENT_3D('',#4231,#3410,#3411);
#3012=AXIS2_PLACEMENT_3D('',#4233,#3413,#3414);
#3013=AXIS2_PLACEMENT_3D('',#4235,#3416,#3417);
#3014=AXIS2_PLACEMENT_3D('',#4236,#3418,#3419);
#3015=AXIS2_PLACEMENT_3D('',#4245,#3424,#3425);
#3016=AXIS2_PLACEMENT_3D('',#4254,#3430,#3431);
#3017=AXIS2_PLACEMENT_3D('',#4263,#3436,#3437);
#3018=AXIS2_PLACEMENT_3D('',#4272,#3442,#3443);
#3019=AXIS2_PLACEMENT_3D('',#4281,#3448,#3449);
#3020=AXIS2_PLACEMENT_3D('',#4290,#3454,#3455);
#3021=AXIS2_PLACEMENT_3D('',#4299,#3460,#3461);
#3022=AXIS2_PLACEMENT_3D('',#4308,#3466,#3467);
#3023=AXIS2_PLACEMENT_3D('',#4317,#3472,#3473);
#3024=AXIS2_PLACEMENT_3D('',#4326,#3478,#3479);
#3025=AXIS2_PLACEMENT_3D('',#4335,#3484,#3485);
#3026=AXIS2_PLACEMENT_3D('',#4344,#3490,#3491);
#3027=AXIS2_PLACEMENT_3D('',#4353,#3496,#3497);
#3028=AXIS2_PLACEMENT_3D('',#4362,#3502,#3503);
#3029=AXIS2_PLACEMENT_3D('',#4371,#3508,#3509);
#3030=AXIS2_PLACEMENT_3D('',#4380,#3514,#3515);
#3031=AXIS2_PLACEMENT_3D('',#4389,#3520,#3521);
#3032=AXIS2_PLACEMENT_3D('',#4398,#3526,#3527);
#3033=AXIS2_PLACEMENT_3D('',#4407,#3532,#3533);
#3034=AXIS2_PLACEMENT_3D('',#4416,#3538,#3539);
#3035=AXIS2_PLACEMENT_3D('',#4425,#3544,#3545);
#3036=AXIS2_PLACEMENT_3D('',#4434,#3550,#3551);
#3037=AXIS2_PLACEMENT_3D('',#4443,#3556,#3557);
#3038=AXIS2_PLACEMENT_3D('',#4452,#3562,#3563);
#3039=AXIS2_PLACEMENT_3D('',#4461,#3568,#3569);
#3040=AXIS2_PLACEMENT_3D('',#4470,#3574,#3575);
#3041=AXIS2_PLACEMENT_3D('',#4479,#3580,#3581);
#3042=AXIS2_PLACEMENT_3D('',#4488,#3586,#3587);
#3043=AXIS2_PLACEMENT_3D('',#4497,#3592,#3593);
#3044=AXIS2_PLACEMENT_3D('',#4506,#3598,#3599);
#3045=AXIS2_PLACEMENT_3D('',#4515,#3604,#3605);
#3046=AXIS2_PLACEMENT_3D('',#4524,#3610,#3611);
#3047=AXIS2_PLACEMENT_3D('',#4537,#3618,#3619);
#3048=AXIS2_PLACEMENT_3D('',#4538,#3620,#3621);
#3049=AXIS2_PLACEMENT_3D('',#4539,#3622,#3623);
#3050=AXIS2_PLACEMENT_3D('',#4540,#3624,#3625);
#3051=AXIS2_PLACEMENT_3D('',#4541,#3626,#3627);
#3052=AXIS2_PLACEMENT_3D('',#4542,#3628,#3629);
#3053=AXIS2_PLACEMENT_3D('',#4543,#3630,#3631);
#3054=AXIS2_PLACEMENT_3D('',#4544,#3632,#3633);
#3055=AXIS2_PLACEMENT_3D('',#4545,#3634,#3635);
#3056=AXIS2_PLACEMENT_3D('',#4546,#3636,#3637);
#3057=AXIS2_PLACEMENT_3D('',#4547,#3638,#3639);
#3058=AXIS2_PLACEMENT_3D('',#4548,#3640,#3641);
#3059=AXIS2_PLACEMENT_3D('',#4549,#3642,#3643);
#3060=AXIS2_PLACEMENT_3D('',#4550,#3644,#3645);
#3061=AXIS2_PLACEMENT_3D('',#4551,#3646,#3647);
#3062=AXIS2_PLACEMENT_3D('',#4561,#3653,#3654);
#3063=AXIS2_PLACEMENT_3D('',#4569,#3659,#3660);
#3064=AXIS2_PLACEMENT_3D('',#4573,#3663,#3664);
#3065=AXIS2_PLACEMENT_3D('',#4580,#3668,#3669);
#3066=AXIS2_PLACEMENT_3D('',#4588,#3674,#3675);
#3067=AXIS2_PLACEMENT_3D('',#4605,#3684,#3685);
#3068=AXIS2_PLACEMENT_3D('',#4606,#3686,#3687);
#3069=AXIS2_PLACEMENT_3D('',#4607,#3688,#3689);
#3070=AXIS2_PLACEMENT_3D('',#4608,#3690,#3691);
#3071=AXIS2_PLACEMENT_3D('',#4609,#3692,#3693);
#3072=AXIS2_PLACEMENT_3D('',#4610,#3694,#3695);
#3073=AXIS2_PLACEMENT_3D('',#4611,#3696,#3697);
#3074=AXIS2_PLACEMENT_3D('',#4612,#3698,#3699);
#3075=AXIS2_PLACEMENT_3D('',#4613,#3700,#3701);
#3076=AXIS2_PLACEMENT_3D('',#4614,#3702,#3703);
#3077=AXIS2_PLACEMENT_3D('',#4615,#3704,#3705);
#3078=AXIS2_PLACEMENT_3D('',#4616,#3706,#3707);
#3079=AXIS2_PLACEMENT_3D('',#4617,#3708,#3709);
#3080=AXIS2_PLACEMENT_3D('',#4618,#3710,#3711);
#3081=AXIS2_PLACEMENT_3D('',#4619,#3712,#3713);
#3082=AXIS2_PLACEMENT_3D('',#4622,#3716,#3717);
#3083=AXIS2_PLACEMENT_3D('',#4628,#3721,#3722);
#3084=AXIS2_PLACEMENT_3D('',#4629,#3723,#3724);
#3085=AXIS2_PLACEMENT_3D('',#4630,#3725,#3726);
#3086=AXIS2_PLACEMENT_3D('',#4631,#3727,#3728);
#3087=AXIS2_PLACEMENT_3D('',#4632,#3729,#3730);
#3088=AXIS2_PLACEMENT_3D('',#4633,#3731,#3732);
#3089=AXIS2_PLACEMENT_3D('',#4634,#3733,#3734);
#3090=AXIS2_PLACEMENT_3D('',#4636,#3736,#3737);
#3091=AXIS2_PLACEMENT_3D('',#4637,#3738,#3739);
#3092=AXIS2_PLACEMENT_3D('',#4638,#3740,#3741);
#3093=AXIS2_PLACEMENT_3D('',#4639,#3742,#3743);
#3094=AXIS2_PLACEMENT_3D('',#4640,#3744,#3745);
#3095=AXIS2_PLACEMENT_3D('',#4641,#3746,#3747);
#3096=AXIS2_PLACEMENT_3D('',#4642,#3748,#3749);
#3097=AXIS2_PLACEMENT_3D('',#4643,#3750,#3751);
#3098=AXIS2_PLACEMENT_3D('',#4644,#3752,#3753);
#3099=AXIS2_PLACEMENT_3D('',#4645,#3754,#3755);
#3100=AXIS2_PLACEMENT_3D('',#4646,#3756,#3757);
#3101=AXIS2_PLACEMENT_3D('',#4647,#3758,#3759);
#3102=AXIS2_PLACEMENT_3D('',#4648,#3760,#3761);
#3103=AXIS2_PLACEMENT_3D('',#4649,#3762,#3763);
#3104=AXIS2_PLACEMENT_3D('',#4651,#3764,#3765);
#3105=AXIS2_PLACEMENT_3D('',#4655,#3768,#3769);
#3106=AXIS2_PLACEMENT_3D('',#4656,#3770,#3771);
#3107=AXIS2_PLACEMENT_3D('',#4657,#3772,#3773);
#3108=AXIS2_PLACEMENT_3D('',#4658,#3774,#3775);
#3109=AXIS2_PLACEMENT_3D('',#4659,#3776,#3777);
#3110=AXIS2_PLACEMENT_3D('',#4660,#3778,#3779);
#3111=AXIS2_PLACEMENT_3D('',#4661,#3780,#3781);
#3112=AXIS2_PLACEMENT_3D('',#4662,#3782,#3783);
#3113=AXIS2_PLACEMENT_3D('',#4663,#3784,#3785);
#3114=AXIS2_PLACEMENT_3D('',#4680,#3794,#3795);
#3115=AXIS2_PLACEMENT_3D('',#4683,#3798,#3799);
#3116=AXIS2_PLACEMENT_3D('',#4691,#3804,#3805);
#3117=AXIS2_PLACEMENT_3D('',#4695,#3808,#3809);
#3118=AXIS2_PLACEMENT_3D('',#4702,#3813,#3814);
#3119=AXIS2_PLACEMENT_3D('',#4707,#3818,#3819);
#3120=AXIS2_PLACEMENT_3D('',#4709,#3821,#3822);
#3121=AXIS2_PLACEMENT_3D('',#4711,#3824,#3825);
#3122=AXIS2_PLACEMENT_3D('',#4714,#3828,#3829);
#3123=AXIS2_PLACEMENT_3D('',#4721,#3834,#3835);
#3124=AXIS2_PLACEMENT_3D('',#4725,#3838,#3839);
#3125=AXIS2_PLACEMENT_3D('',#4738,#3847,#3848);
#3126=AXIS2_PLACEMENT_3D('',#4740,#3850,#3851);
#3127=AXIS2_PLACEMENT_3D('',#4741,#3852,#3853);
#3128=AXIS2_PLACEMENT_3D('',#4742,#3854,#3855);
#3129=AXIS2_PLACEMENT_3D('',#4743,#3856,#3857);
#3130=AXIS2_PLACEMENT_3D('',#4744,#3858,#3859);
#3131=AXIS2_PLACEMENT_3D('',#4745,#3860,#3861);
#3132=AXIS2_PLACEMENT_3D('',#4746,#3862,#3863);
#3133=AXIS2_PLACEMENT_3D('',#4747,#3864,#3865);
#3134=AXIS2_PLACEMENT_3D('',#4748,#3866,#3867);
#3135=AXIS2_PLACEMENT_3D('',#4749,#3868,#3869);
#3136=AXIS2_PLACEMENT_3D('',#4750,#3870,#3871);
#3137=AXIS2_PLACEMENT_3D('',#4751,#3872,#3873);
#3138=AXIS2_PLACEMENT_3D('',#4752,#3874,#3875);
#3139=AXIS2_PLACEMENT_3D('',#4753,#3876,#3877);
#3140=AXIS2_PLACEMENT_3D('',#4754,#3878,#3879);
#3141=AXIS2_PLACEMENT_3D('',#4755,#3880,#3881);
#3142=AXIS2_PLACEMENT_3D('',#4756,#3882,#3883);
#3143=AXIS2_PLACEMENT_3D('',#4757,#3884,#3885);
#3144=AXIS2_PLACEMENT_3D('',#4758,#3886,#3887);
#3145=AXIS2_PLACEMENT_3D('',#4759,#3888,#3889);
#3146=AXIS2_PLACEMENT_3D('',#4760,#3890,#3891);
#3147=AXIS2_PLACEMENT_3D('',#4761,#3892,#3893);
#3148=AXIS2_PLACEMENT_3D('',#4762,#3894,#3895);
#3149=AXIS2_PLACEMENT_3D('',#4763,#3896,#3897);
#3150=AXIS2_PLACEMENT_3D('',#4764,#3898,#3899);
#3151=AXIS2_PLACEMENT_3D('',#4765,#3900,#3901);
#3152=AXIS2_PLACEMENT_3D('',#4766,#3902,#3903);
#3153=AXIS2_PLACEMENT_3D('',#4767,#3904,#3905);
#3154=AXIS2_PLACEMENT_3D('',#4768,#3906,#3907);
#3155=AXIS2_PLACEMENT_3D('',#4769,#3908,#3909);
#3156=AXIS2_PLACEMENT_3D('',#4770,#3910,#3911);
#3157=AXIS2_PLACEMENT_3D('',#4772,#3913,#3914);
#3158=AXIS2_PLACEMENT_3D('',#4774,#3916,#3917);
#3159=AXIS2_PLACEMENT_3D('',#4775,#3918,#3919);
#3160=AXIS2_PLACEMENT_3D('',#4778,#3922,#3923);
#3161=AXIS2_PLACEMENT_3D('',#4779,#3924,#3925);
#3162=AXIS2_PLACEMENT_3D('',#4780,#3926,#3927);
#3163=AXIS2_PLACEMENT_3D('',#4786,#3931,#3932);
#3164=AXIS2_PLACEMENT_3D('',#4790,#3935,#3936);
#3165=AXIS2_PLACEMENT_3D('',#4794,#3939,#3940);
#3166=AXIS2_PLACEMENT_3D('',#4796,#3942,#3943);
#3167=AXIS2_PLACEMENT_3D('',#4797,#3944,#3945);
#3168=AXIS2_PLACEMENT_3D('',#4803,#3949,#3950);
#3169=AXIS2_PLACEMENT_3D('',#4807,#3953,#3954);
#3170=AXIS2_PLACEMENT_3D('',#4811,#3957,#3958);
#3171=AXIS2_PLACEMENT_3D('',#4813,#3960,#3961);
#3172=AXIS2_PLACEMENT_3D('',#4814,#3962,#3963);
#3173=AXIS2_PLACEMENT_3D('',#4815,#3964,#3965);
#3174=DIRECTION('axis',(0.,0.,1.));
#3175=DIRECTION('refdir',(1.,0.,0.));
#3176=DIRECTION('center_axis',(-1.,-1.85802633252678E-15,1.97087715292273E-16));
#3177=DIRECTION('ref_axis',(1.97087715292271E-16,1.00613961606656E-15,1.));
#3178=DIRECTION('',(2.63518244976434E-15,1.,6.31439345255545E-16));
#3179=DIRECTION('',(-1.97087715292271E-16,-1.00613961606656E-15,-1.));
#3180=DIRECTION('',(2.63518244976434E-15,1.,6.31439345255545E-16));
#3181=DIRECTION('',(1.97087715292271E-16,1.00613961606656E-15,1.));
#3182=DIRECTION('center_axis',(2.470014945578E-16,6.31439345255544E-16,
-1.));
#3183=DIRECTION('ref_axis',(-2.63518244976434E-15,-1.,-6.31439345255545E-16));
#3184=DIRECTION('',(1.,2.13558208868307E-15,4.191323202173E-16));
#3185=DIRECTION('',(-2.46864899607057E-15,-1.,-9.36750677027457E-16));
#3186=DIRECTION('',(-1.,-2.13558208868307E-15,-4.191323202173E-16));
#3187=DIRECTION('',(-2.63518244976434E-15,-1.,-6.31439345255545E-16));
#3188=DIRECTION('',(1.,2.13558208868307E-15,4.191323202173E-16));
#3189=DIRECTION('',(2.63518244976434E-15,1.,6.31439345255545E-16));
#3190=DIRECTION('',(0.707106781186541,-0.707106781186555,-3.71230823859033E-16));
#3191=DIRECTION('',(-1.,-2.13558208868307E-15,-4.191323202173E-16));
#3192=DIRECTION('',(0.707106781186539,0.707106781186556,7.42461647718064E-16));
#3193=DIRECTION('',(1.,2.13558208868307E-15,4.191323202173E-16));
#3194=DIRECTION('',(-2.63518244976434E-15,-1.,-6.31439345255545E-16));
#3195=DIRECTION('',(-1.,-1.85802633252678E-15,1.35979192095278E-16));
#3196=DIRECTION('',(2.63518244976434E-15,1.,6.31439345255545E-16));
#3197=DIRECTION('',(1.,1.85802633252678E-15,-1.35979192095278E-16));
#3198=DIRECTION('',(-2.63518244976434E-15,-1.,-6.31439345255545E-16));
#3199=DIRECTION('center_axis',(1.,-2.63518244976434E-15,-1.35979192095281E-16));
#3200=DIRECTION('ref_axis',(2.63518244976434E-15,1.,6.31439345255545E-16));
#3201=DIRECTION('',(2.63518244976434E-15,1.,6.31439345255545E-16));
#3202=DIRECTION('',(1.97087715292271E-16,1.00613961606656E-15,1.));
#3203=DIRECTION('',(-1.97087715292271E-16,-1.00613961606656E-15,-1.));
#3204=DIRECTION('center_axis',(3.02512645789049E-16,1.00613961606656E-15,
1.));
#3205=DIRECTION('ref_axis',(1.,2.13558208868307E-15,-3.02512645789051E-16));
#3206=DIRECTION('',(1.,2.13558208868307E-15,4.191323202173E-16));
#3207=DIRECTION('',(2.46864899607057E-15,1.,9.36750677027457E-16));
#3208=DIRECTION('',(-1.,-2.13558208868307E-15,-4.191323202173E-16));
#3209=DIRECTION('',(-2.63518244976434E-15,-1.,-6.31439345255545E-16));
#3210=DIRECTION('',(-1.,-2.13558208868307E-15,-4.191323202173E-16));
#3211=DIRECTION('',(-0.707106781186539,-0.707106781186556,-7.42461647718064E-16));
#3212=DIRECTION('',(1.,2.13558208868307E-15,4.191323202173E-16));
#3213=DIRECTION('',(-0.707106781186541,0.707106781186555,3.71230823859033E-16));
#3214=DIRECTION('',(-1.,-2.13558208868307E-15,-4.191323202173E-16));
#3215=DIRECTION('',(-2.63518244976434E-15,-1.,-6.31439345255545E-16));
#3216=DIRECTION('',(1.,2.13558208868307E-15,4.191323202173E-16));
#3217=DIRECTION('',(2.63518244976434E-15,1.,6.31439345255545E-16));
#3218=DIRECTION('',(-1.,-2.13558208868307E-15,-4.191323202173E-16));
#3219=DIRECTION('',(-2.63518244976434E-15,-1.,-6.31439345255545E-16));
#3220=DIRECTION('center_axis',(-2.63518244976434E-15,-1.,1.00613961606656E-15));
#3221=DIRECTION('ref_axis',(-1.97087715292271E-16,-1.00613961606656E-15,
-1.));
#3222=DIRECTION('',(1.97087715292271E-16,1.00613961606656E-15,1.));
#3223=DIRECTION('',(-1.97087715292271E-16,-1.00613961606656E-15,-1.));
#3224=DIRECTION('center_axis',(0.707106781186544,-0.707106781186551,5.72086085369367E-16));
#3225=DIRECTION('ref_axis',(-1.97087715292271E-16,-1.00613961606656E-15,
-1.));
#3226=DIRECTION('center_axis',(-0.707106781186555,-0.70710678118654,-5.62050406216463E-16));
#3227=DIRECTION('ref_axis',(-0.70710678118654,0.707106781186555,9.26342336171606E-16));
#3228=DIRECTION('center_axis',(-1.85802633252678E-15,1.,6.31439345255546E-16));
#3229=DIRECTION('ref_axis',(1.,1.85802633252678E-15,-1.35979192095278E-16));
#3230=DIRECTION('',(-1.97087715292271E-16,-1.00613961606656E-15,-1.));
#3231=DIRECTION('center_axis',(1.,-2.63518244976434E-15,-1.35979192095281E-16));
#3232=DIRECTION('ref_axis',(2.63518244976434E-15,1.,6.31439345255545E-16));
#3233=DIRECTION('',(1.97087715292271E-16,1.00613961606656E-15,1.));
#3234=DIRECTION('',(1.97087715292271E-16,1.00613961606656E-15,1.));
#3235=DIRECTION('',(-1.97087715292271E-16,-1.00613961606656E-15,-1.));
#3236=DIRECTION('',(-2.63518244976434E-15,-1.,-6.31439345255545E-16));
#3237=DIRECTION('',(-1.97087715292271E-16,-1.00613961606656E-15,-1.));
#3238=DIRECTION('',(-2.63518244976434E-15,-1.,-6.31439345255545E-16));
#3239=DIRECTION('center_axis',(-1.,-1.85802633252678E-15,1.97087715292273E-16));
#3240=DIRECTION('ref_axis',(1.97087715292271E-16,1.00613961606656E-15,1.));
#3241=DIRECTION('',(-1.97087715292271E-16,-1.00613961606656E-15,-1.));
#3242=DIRECTION('center_axis',(-1.85802633252678E-15,1.,6.31439345255546E-16));
#3243=DIRECTION('ref_axis',(1.,1.85802633252678E-15,-1.35979192095278E-16));
#3244=DIRECTION('',(-1.97087715292271E-16,-1.00613961606656E-15,-1.));
#3245=DIRECTION('center_axis',(-1.85802633252678E-15,1.,6.31439345255546E-16));
#3246=DIRECTION('ref_axis',(1.,1.85802633252678E-15,-1.35979192095278E-16));
#3247=DIRECTION('center_axis',(1.,-2.3021155423768E-15,-1.3597919209528E-16));
#3248=DIRECTION('ref_axis',(2.3021155423768E-15,1.,6.59194920871173E-16));
#3249=DIRECTION('',(-2.08007093745177E-15,-1.,-6.38378239159452E-16));
#3250=DIRECTION('',(-1.97087715292271E-16,-1.00613961606656E-15,-1.));
#3251=DIRECTION('',(-2.08007093745177E-15,-1.,-6.38378239159452E-16));
#3252=DIRECTION('',(-1.97087715292271E-16,-1.00613961606656E-15,-1.));
#3253=DIRECTION('center_axis',(-1.97087715292271E-16,-1.00613961606656E-15,
-1.));
#3254=DIRECTION('ref_axis',(-1.,-1.85928565927926E-15,1.97087715292273E-16));
#3255=DIRECTION('center_axis',(1.97087715292271E-16,1.00613961606656E-15,
1.));
#3256=DIRECTION('ref_axis',(1.,1.85928565927926E-15,-1.97087715292273E-16));
#3257=DIRECTION('',(-1.97087715292271E-16,-1.00613961606656E-15,-1.));
#3258=DIRECTION('center_axis',(1.97087715292271E-16,1.00613961606656E-15,
1.));
#3259=DIRECTION('ref_axis',(1.,1.85928565927926E-15,-1.97087715292273E-16));
#3260=DIRECTION('center_axis',(1.,-2.3021155423768E-15,-1.3597919209528E-16));
#3261=DIRECTION('ref_axis',(2.3021155423768E-15,1.,6.59194920871173E-16));
#3262=DIRECTION('',(-2.63518244976434E-15,-1.,-6.31439345255545E-16));
#3263=DIRECTION('',(-1.97087715292271E-16,-1.00613961606656E-15,-1.));
#3264=DIRECTION('',(-2.63518244976434E-15,-1.,-6.31439345255545E-16));
#3265=DIRECTION('center_axis',(-1.97087715292271E-16,-1.00613961606656E-15,
-1.));
#3266=DIRECTION('ref_axis',(-1.,-1.49059109275738E-15,1.97087715292272E-16));
#3267=DIRECTION('center_axis',(1.97087715292271E-16,1.00613961606656E-15,
1.));
#3268=DIRECTION('ref_axis',(1.,1.49059109275738E-15,-1.97087715292272E-16));
#3269=DIRECTION('',(-1.97087715292271E-16,-1.00613961606656E-15,-1.));
#3270=DIRECTION('center_axis',(1.97087715292271E-16,1.00613961606656E-15,
1.));
#3271=DIRECTION('ref_axis',(1.,1.49059109275738E-15,-1.97087715292272E-16));
#3272=DIRECTION('center_axis',(1.,-2.63518244976434E-15,-1.35979192095281E-16));
#3273=DIRECTION('ref_axis',(2.63518244976434E-15,1.,6.31439345255545E-16));
#3274=DIRECTION('',(-2.63518244976434E-15,-1.,-6.31439345255545E-16));
#3275=DIRECTION('',(-1.97087715292271E-16,-1.00613961606656E-15,-1.));
#3276=DIRECTION('',(-2.63518244976434E-15,-1.,-6.31439345255545E-16));
#3277=DIRECTION('center_axis',(-1.97087715292271E-16,-1.00613961606656E-15,
-1.));
#3278=DIRECTION('ref_axis',(-1.,-1.59164839991025E-15,1.97087715292272E-16));
#3279=DIRECTION('center_axis',(1.97087715292271E-16,1.00613961606656E-15,
1.));
#3280=DIRECTION('ref_axis',(1.,1.59164839991025E-15,-1.97087715292272E-16));
#3281=DIRECTION('',(-1.97087715292271E-16,-1.00613961606656E-15,-1.));
#3282=DIRECTION('center_axis',(1.97087715292271E-16,1.00613961606656E-15,
1.));
#3283=DIRECTION('ref_axis',(1.,1.59164839991025E-15,-1.97087715292272E-16));
#3284=DIRECTION('center_axis',(1.,-2.63518244976434E-15,-1.35979192095281E-16));
#3285=DIRECTION('ref_axis',(2.63518244976434E-15,1.,6.31439345255545E-16));
#3286=DIRECTION('',(-2.63518244976434E-15,-1.,-6.31439345255545E-16));
#3287=DIRECTION('',(-1.97087715292271E-16,-1.00613961606656E-15,-1.));
#3288=DIRECTION('',(-2.63518244976434E-15,-1.,-6.31439345255545E-16));
#3289=DIRECTION('center_axis',(-1.97087715292271E-16,-1.00613961606656E-15,
-1.));
#3290=DIRECTION('ref_axis',(-1.,-2.00173572861692E-15,1.97087715292273E-16));
#3291=DIRECTION('center_axis',(1.97087715292271E-16,1.00613961606656E-15,
1.));
#3292=DIRECTION('ref_axis',(1.,2.00173572861692E-15,-1.97087715292273E-16));
#3293=DIRECTION('',(-1.97087715292271E-16,-1.00613961606656E-15,-1.));
#3294=DIRECTION('center_axis',(1.97087715292271E-16,1.00613961606656E-15,
1.));
#3295=DIRECTION('ref_axis',(1.,2.00173572861692E-15,-1.97087715292273E-16));
#3296=DIRECTION('center_axis',(1.,-2.63518244976434E-15,-1.35979192095281E-16));
#3297=DIRECTION('ref_axis',(2.63518244976434E-15,1.,6.31439345255545E-16));
#3298=DIRECTION('',(-2.63518244976434E-15,-1.,-6.31439345255545E-16));
#3299=DIRECTION('',(-1.97087715292271E-16,-1.00613961606656E-15,-1.));
#3300=DIRECTION('',(-2.63518244976434E-15,-1.,-6.31439345255545E-16));
#3301=DIRECTION('center_axis',(-1.97087715292271E-16,-1.00613961606656E-15,
-1.));
#3302=DIRECTION('ref_axis',(-1.,-1.57463027493708E-15,1.97087715292272E-16));
#3303=DIRECTION('center_axis',(1.97087715292271E-16,1.00613961606656E-15,
1.));
#3304=DIRECTION('ref_axis',(1.,1.57463027493708E-15,-1.97087715292272E-16));
#3305=DIRECTION('center_axis',(1.97087715292271E-16,1.00613961606656E-15,
1.));
#3306=DIRECTION('ref_axis',(1.,1.57463027493708E-15,-1.97087715292272E-16));
#3307=DIRECTION('center_axis',(-1.97087715292271E-16,-1.00613961606656E-15,
-1.));
#3308=DIRECTION('ref_axis',(-1.,-1.46101577650113E-15,1.97087715292272E-16));
#3309=DIRECTION('center_axis',(1.97087715292271E-16,1.00613961606656E-15,
1.));
#3310=DIRECTION('ref_axis',(1.,1.46101577650113E-15,-1.97087715292272E-16));
#3311=DIRECTION('center_axis',(1.97087715292271E-16,1.00613961606656E-15,
1.));
#3312=DIRECTION('ref_axis',(1.,1.46101577650113E-15,-1.97087715292272E-16));
#3313=DIRECTION('center_axis',(1.35979192095276E-16,1.00613961606656E-15,
1.));
#3314=DIRECTION('ref_axis',(1.,1.85802633252678E-15,-1.35979192095278E-16));
#3315=DIRECTION('center_axis',(1.35979192095276E-16,1.00613961606656E-15,
1.));
#3316=DIRECTION('ref_axis',(1.,1.85802633252678E-15,-1.35979192095278E-16));
#3317=DIRECTION('center_axis',(-2.63518244976434E-15,-1.,1.00613961606656E-15));
#3318=DIRECTION('ref_axis',(-1.97087715292271E-16,-1.00613961606656E-15,
-1.));
#3319=DIRECTION('',(1.97087715292271E-16,1.00613961606656E-15,1.));
#3320=DIRECTION('center_axis',(1.,-2.13558208868303E-15,-1.35979192095279E-16));
#3321=DIRECTION('ref_axis',(2.13558208868303E-15,1.,4.09394740330519E-16));
#3322=DIRECTION('center_axis',(1.,-2.63518244976434E-15,-1.35979192095281E-16));
#3323=DIRECTION('ref_axis',(2.63518244976434E-15,1.,6.31439345255545E-16));
#3324=DIRECTION('',(1.97087715292271E-16,1.00613961606656E-15,1.));
#3325=DIRECTION('',(1.97087715292271E-16,1.00613961606656E-15,1.));
#3326=DIRECTION('center_axis',(-2.63518244976434E-15,-1.,1.00613961606656E-15));
#3327=DIRECTION('ref_axis',(-1.97087715292271E-16,-1.00613961606656E-15,
-1.));
#3328=DIRECTION('',(1.97087715292271E-16,1.00613961606656E-15,1.));
#3329=DIRECTION('center_axis',(-1.,-1.85802633252678E-15,1.97087715292273E-16));
#3330=DIRECTION('ref_axis',(1.97087715292271E-16,1.00613961606656E-15,1.));
#3331=DIRECTION('',(1.97087715292271E-16,1.00613961606656E-15,1.));
#3332=DIRECTION('center_axis',(-1.85802633252678E-15,1.,6.31439345255546E-16));
#3333=DIRECTION('ref_axis',(1.,1.85802633252678E-15,-1.35979192095278E-16));
#3334=DIRECTION('center_axis',(-1.,-1.85802633252678E-15,1.97087715292273E-16));
#3335=DIRECTION('ref_axis',(1.97087715292271E-16,1.00613961606656E-15,1.));
#3336=DIRECTION('',(2.63518244976434E-15,1.,6.31439345255545E-16));
#3337=DIRECTION('',(-1.97087715292271E-16,-1.00613961606656E-15,-1.));
#3338=DIRECTION('',(2.63518244976434E-15,1.,6.31439345255545E-16));
#3339=DIRECTION('',(1.97087715292271E-16,1.00613961606656E-15,1.));
#3340=DIRECTION('center_axis',(-3.05542615984919E-17,6.31439345255545E-16,
-1.));
#3341=DIRECTION('ref_axis',(-2.63518244976434E-15,-1.,-6.31439345255545E-16));
#3342=DIRECTION('',(-1.,-2.13558208868307E-15,-4.191323202173E-16));
#3343=DIRECTION('',(2.08007093745177E-15,1.,6.38378239159452E-16));
#3344=DIRECTION('',(1.,2.13558208868307E-15,4.191323202173E-16));
#3345=DIRECTION('',(-2.63518244976434E-15,-1.,-6.31439345255545E-16));
#3346=DIRECTION('',(1.,2.13558208868307E-15,4.191323202173E-16));
#3347=DIRECTION('',(2.63518244976434E-15,1.,6.31439345255545E-16));
#3348=DIRECTION('',(0.707106781186539,-0.707106781186556,7.63278329429788E-17));
#3349=DIRECTION('',(-1.,-2.13558208868307E-15,-4.191323202173E-16));
#3350=DIRECTION('',(0.707106781186539,0.707106781186556,7.771561172376E-16));
#3351=DIRECTION('',(1.,2.13558208868307E-15,4.191323202173E-16));
#3352=DIRECTION('',(-2.63518244976434E-15,-1.,-6.31439345255545E-16));
#3353=DIRECTION('',(-1.,-1.85802633252678E-15,1.35979192095278E-16));
#3354=DIRECTION('',(2.46864899607057E-15,1.,9.36750677027457E-16));
#3355=DIRECTION('',(1.,1.85802633252678E-15,-1.35979192095278E-16));
#3356=DIRECTION('',(-2.63518244976434E-15,-1.,-6.31439345255545E-16));
#3357=DIRECTION('center_axis',(1.,-2.63518244976434E-15,-1.35979192095281E-16));
#3358=DIRECTION('ref_axis',(2.63518244976434E-15,1.,6.31439345255545E-16));
#3359=DIRECTION('',(2.63518244976434E-15,1.,6.31439345255545E-16));
#3360=DIRECTION('',(1.97087715292271E-16,1.00613961606656E-15,1.));
#3361=DIRECTION('',(-1.97087715292271E-16,-1.00613961606656E-15,-1.));
#3362=DIRECTION('center_axis',(3.02512645789049E-16,1.00613961606656E-15,
1.));
#3363=DIRECTION('ref_axis',(1.,2.13558208868307E-15,-3.02512645789051E-16));
#3364=DIRECTION('',(-1.,-2.13558208868307E-15,-4.191323202173E-16));
#3365=DIRECTION('',(-2.08007093745177E-15,-1.,-6.38378239159452E-16));
#3366=DIRECTION('',(1.,2.13558208868307E-15,4.191323202173E-16));
#3367=DIRECTION('',(-2.63518244976434E-15,-1.,-6.31439345255545E-16));
#3368=DIRECTION('',(-1.,-2.13558208868307E-15,-4.191323202173E-16));
#3369=DIRECTION('',(-0.707106781186539,-0.707106781186556,-7.771561172376E-16));
#3370=DIRECTION('',(1.,2.13558208868307E-15,4.191323202173E-16));
#3371=DIRECTION('',(-0.707106781186539,0.707106781186556,-7.63278329429788E-17));
#3372=DIRECTION('',(-1.,-2.13558208868307E-15,-4.191323202173E-16));
#3373=DIRECTION('',(-2.63518244976434E-15,-1.,-6.31439345255545E-16));
#3374=DIRECTION('',(1.,2.13558208868307E-15,4.191323202173E-16));
#3375=DIRECTION('',(2.46864899607057E-15,1.,9.36750677027457E-16));
#3376=DIRECTION('',(-1.,-2.13558208868307E-15,-4.191323202173E-16));
#3377=DIRECTION('',(-2.63518244976434E-15,-1.,-6.31439345255545E-16));
#3378=DIRECTION('center_axis',(-2.63518244976434E-15,-1.,1.00613961606656E-15));
#3379=DIRECTION('ref_axis',(-1.97087715292271E-16,-1.00613961606656E-15,
-1.));
#3380=DIRECTION('',(1.97087715292271E-16,1.00613961606656E-15,1.));
#3381=DIRECTION('',(-1.97087715292271E-16,-1.00613961606656E-15,-1.));
#3382=DIRECTION('center_axis',(0.707106781186544,-0.707106781186551,5.72086085369367E-16));
#3383=DIRECTION('ref_axis',(-1.97087715292271E-16,-1.00613961606656E-15,
-1.));
#3384=DIRECTION('center_axis',(-0.707106781186556,-0.707106781186539,-6.31439345255532E-16));
#3385=DIRECTION('ref_axis',(-0.707106781186539,0.707106781186556,1.14491749414468E-15));
#3386=DIRECTION('center_axis',(-1.85802633252678E-15,1.,6.31439345255546E-16));
#3387=DIRECTION('ref_axis',(1.,1.85802633252678E-15,-1.35979192095278E-16));
#3388=DIRECTION('',(-1.97087715292271E-16,-1.00613961606656E-15,-1.));
#3389=DIRECTION('center_axis',(1.,-2.63518244976434E-15,-1.35979192095281E-16));
#3390=DIRECTION('ref_axis',(2.63518244976434E-15,1.,6.31439345255545E-16));
#3391=DIRECTION('',(1.97087715292271E-16,1.00613961606656E-15,1.));
#3392=DIRECTION('',(1.97087715292271E-16,1.00613961606656E-15,1.));
#3393=DIRECTION('center_axis',(-1.,-1.85802633252678E-15,1.97087715292273E-16));
#3394=DIRECTION('ref_axis',(1.97087715292271E-16,1.00613961606656E-15,1.));
#3395=DIRECTION('',(1.97087715292271E-16,1.00613961606656E-15,1.));
#3396=DIRECTION('center_axis',(-1.85802633252678E-15,1.,6.31439345255546E-16));
#3397=DIRECTION('ref_axis',(1.,1.85802633252678E-15,-1.35979192095278E-16));
#3398=DIRECTION('',(1.97087715292271E-16,1.00613961606656E-15,1.));
#3399=DIRECTION('center_axis',(-1.85802633252678E-15,1.,6.31439345255546E-16));
#3400=DIRECTION('ref_axis',(1.,1.85802633252678E-15,-1.35979192095278E-16));
#3401=DIRECTION('center_axis',(-2.63518244976434E-15,-1.,1.00613961606656E-15));
#3402=DIRECTION('ref_axis',(-1.97087715292271E-16,-1.00613961606656E-15,
-1.));
#3403=DIRECTION('',(1.97087715292271E-16,1.00613961606656E-15,1.));
#3404=DIRECTION('center_axis',(-1.,-1.96904863498929E-15,1.97087715292273E-16));
#3405=DIRECTION('ref_axis',(1.97087715292271E-16,1.00613961606656E-15,1.));
#3406=DIRECTION('center_axis',(1.,-2.3021155423768E-15,-1.3597919209528E-16));
#3407=DIRECTION('ref_axis',(2.3021155423768E-15,1.,6.03683769639918E-16));
#3408=DIRECTION('',(1.97087715292271E-16,1.00613961606656E-15,1.));
#3409=DIRECTION('',(1.97087715292271E-16,1.00613961606656E-15,1.));
#3410=DIRECTION('center_axis',(-2.63518244976434E-15,-1.,1.00613961606656E-15));
#3411=DIRECTION('ref_axis',(-1.97087715292271E-16,-1.00613961606656E-15,
-1.));
#3412=DIRECTION('',(1.97087715292271E-16,1.00613961606656E-15,1.));
#3413=DIRECTION('center_axis',(-1.,-1.85802633252678E-15,1.97087715292273E-16));
#3414=DIRECTION('ref_axis',(1.97087715292271E-16,1.00613961606656E-15,1.));
#3415=DIRECTION('',(1.97087715292271E-16,1.00613961606656E-15,1.));
#3416=DIRECTION('center_axis',(-1.85802633252678E-15,1.,6.31439345255546E-16));
#3417=DIRECTION('ref_axis',(1.,1.85802633252678E-15,-1.35979192095278E-16));
#3418=DIRECTION('center_axis',(-5.55111512312563E-17,4.16333634234434E-16,
-1.));
#3419=DIRECTION('ref_axis',(-1.33226762955019E-15,-1.,-4.16333634234434E-16));
#3420=DIRECTION('',(-1.,-1.27675647831893E-15,-1.11022302462516E-16));
#3421=DIRECTION('',(-1.33226762955019E-15,-1.,-4.16333634234434E-16));
#3422=DIRECTION('',(-1.,-1.27675647831893E-15,-1.11022302462516E-16));
#3423=DIRECTION('',(-1.33226762955019E-15,-1.,-4.16333634234434E-16));
#3424=DIRECTION('center_axis',(-1.11022302462516E-16,4.44089209850062E-16,
1.));
#3425=DIRECTION('ref_axis',(1.,1.27675647831893E-15,1.11022302462516E-16));
#3426=DIRECTION('',(-1.,-1.27675647831893E-15,-1.11022302462516E-16));
#3427=DIRECTION('',(1.38777878078145E-15,1.,5.55111512312579E-16));
#3428=DIRECTION('',(-1.,-1.27675647831893E-15,-1.11022302462516E-16));
#3429=DIRECTION('',(1.38777878078145E-15,1.,5.55111512312579E-16));
#3430=DIRECTION('center_axis',(-1.11022302462517E-16,5.9674487573602E-16,
1.));
#3431=DIRECTION('ref_axis',(1.,1.27675647831893E-15,1.11022302462516E-16));
#3432=DIRECTION('',(-1.,-1.27675647831893E-15,-1.11022302462516E-16));
#3433=DIRECTION('',(1.33226762955019E-15,1.,4.16333634234434E-16));
#3434=DIRECTION('',(-1.,-1.27675647831893E-15,-1.11022302462516E-16));
#3435=DIRECTION('',(-1.33226762955019E-15,-1.,-4.16333634234434E-16));
#3436=DIRECTION('center_axis',(-1.11022302462517E-16,5.9674487573602E-16,
1.));
#3437=DIRECTION('ref_axis',(1.,1.27675647831893E-15,1.11022302462516E-16));
#3438=DIRECTION('',(-1.,-1.27675647831893E-15,-1.11022302462516E-16));
#3439=DIRECTION('',(-1.33226762955019E-15,-1.,-4.16333634234434E-16));
#3440=DIRECTION('',(-1.,-1.27675647831893E-15,-1.11022302462516E-16));
#3441=DIRECTION('',(1.33226762955019E-15,1.,4.16333634234434E-16));
#3442=DIRECTION('center_axis',(-1.11022302462517E-16,5.9674487573602E-16,
1.));
#3443=DIRECTION('ref_axis',(1.,1.27675647831893E-15,1.11022302462516E-16));
#3444=DIRECTION('',(-1.,-1.27675647831893E-15,-1.11022302462516E-16));
#3445=DIRECTION('',(1.33226762955019E-15,1.,4.16333634234434E-16));
#3446=DIRECTION('',(-1.,-1.27675647831893E-15,-1.11022302462516E-16));
#3447=DIRECTION('',(-1.33226762955019E-15,-1.,-4.16333634234434E-16));
#3448=DIRECTION('center_axis',(-1.11022302462517E-16,5.9674487573602E-16,
1.));
#3449=DIRECTION('ref_axis',(1.,1.27675647831893E-15,1.11022302462516E-16));
#3450=DIRECTION('',(-1.,-1.27675647831893E-15,-1.11022302462516E-16));
#3451=DIRECTION('',(-1.33226762955019E-15,-1.,-4.16333634234434E-16));
#3452=DIRECTION('',(-1.,-1.27675647831893E-15,-1.11022302462516E-16));
#3453=DIRECTION('',(1.33226762955019E-15,1.,4.16333634234434E-16));
#3454=DIRECTION('center_axis',(-1.11022302462517E-16,5.9674487573602E-16,
1.));
#3455=DIRECTION('ref_axis',(1.,1.27675647831893E-15,1.11022302462516E-16));
#3456=DIRECTION('',(-1.,-1.27675647831893E-15,-1.11022302462516E-16));
#3457=DIRECTION('',(1.33226762955019E-15,1.,4.16333634234434E-16));
#3458=DIRECTION('',(-1.,-1.27675647831893E-15,-1.11022302462516E-16));
#3459=DIRECTION('',(1.33226762955019E-15,1.,4.16333634234434E-16));
#3460=DIRECTION('center_axis',(-1.11022302462517E-16,5.9674487573602E-16,
1.));
#3461=DIRECTION('ref_axis',(1.,1.27675647831893E-15,1.11022302462516E-16));
#3462=DIRECTION('',(-1.,-1.27675647831893E-15,-1.11022302462516E-16));
#3463=DIRECTION('',(1.33226762955019E-15,1.,4.16333634234434E-16));
#3464=DIRECTION('',(-1.,-1.27675647831893E-15,-1.11022302462516E-16));
#3465=DIRECTION('',(-1.33226762955019E-15,-1.,-4.16333634234434E-16));
#3466=DIRECTION('center_axis',(-1.11022302462517E-16,5.9674487573602E-16,
1.));
#3467=DIRECTION('ref_axis',(1.,1.27675647831893E-15,1.11022302462516E-16));
#3468=DIRECTION('',(-1.,-1.27675647831893E-15,-1.11022302462516E-16));
#3469=DIRECTION('',(-1.33226762955019E-15,-1.,-4.16333634234434E-16));
#3470=DIRECTION('',(-1.,-1.27675647831893E-15,-1.11022302462516E-16));
#3471=DIRECTION('',(1.33226762955019E-15,1.,4.16333634234434E-16));
#3472=DIRECTION('center_axis',(-1.11022302462517E-16,5.9674487573602E-16,
1.));
#3473=DIRECTION('ref_axis',(1.,1.27675647831893E-15,1.11022302462516E-16));
#3474=DIRECTION('',(-1.,-1.27675647831893E-15,-1.11022302462516E-16));
#3475=DIRECTION('',(-1.33226762955019E-15,-1.,-4.16333634234434E-16));
#3476=DIRECTION('',(-1.,-1.27675647831893E-15,-1.11022302462516E-16));
#3477=DIRECTION('',(1.33226762955019E-15,1.,4.16333634234434E-16));
#3478=DIRECTION('center_axis',(-1.11022302462517E-16,5.9674487573602E-16,
1.));
#3479=DIRECTION('ref_axis',(1.,1.27675647831893E-15,1.11022302462516E-16));
#3480=DIRECTION('',(-1.,-1.27675647831893E-15,-1.11022302462516E-16));
#3481=DIRECTION('',(-1.33226762955019E-15,-1.,-4.16333634234434E-16));
#3482=DIRECTION('',(-1.,-1.27675647831893E-15,-1.11022302462516E-16));
#3483=DIRECTION('',(1.33226762955019E-15,1.,4.16333634234434E-16));
#3484=DIRECTION('center_axis',(-1.11022302462517E-16,5.9674487573602E-16,
1.));
#3485=DIRECTION('ref_axis',(1.,1.27675647831893E-15,1.11022302462516E-16));
#3486=DIRECTION('',(-1.,-1.27675647831893E-15,-1.11022302462516E-16));
#3487=DIRECTION('',(1.33226762955019E-15,1.,4.16333634234434E-16));
#3488=DIRECTION('',(-1.,-1.27675647831893E-15,-1.11022302462516E-16));
#3489=DIRECTION('',(-1.33226762955019E-15,-1.,-4.16333634234434E-16));
#3490=DIRECTION('center_axis',(-1.11022302462517E-16,5.9674487573602E-16,
1.));
#3491=DIRECTION('ref_axis',(1.,1.27675647831893E-15,1.11022302462516E-16));
#3492=DIRECTION('',(-1.,-1.27675647831893E-15,-1.11022302462516E-16));
#3493=DIRECTION('',(1.33226762955019E-15,1.,4.16333634234434E-16));
#3494=DIRECTION('',(-1.,-1.27675647831893E-15,-1.11022302462516E-16));
#3495=DIRECTION('',(-1.33226762955019E-15,-1.,-4.16333634234434E-16));
#3496=DIRECTION('center_axis',(-1.11022302462517E-16,5.9674487573602E-16,
1.));
#3497=DIRECTION('ref_axis',(1.,1.27675647831893E-15,1.11022302462516E-16));
#3498=DIRECTION('',(-1.,-1.27675647831893E-15,-1.11022302462516E-16));
#3499=DIRECTION('',(-1.33226762955019E-15,-1.,-4.16333634234434E-16));
#3500=DIRECTION('',(-1.,-1.27675647831893E-15,-1.11022302462516E-16));
#3501=DIRECTION('',(1.33226762955019E-15,1.,4.16333634234434E-16));
#3502=DIRECTION('center_axis',(-1.11022302462517E-16,5.9674487573602E-16,
1.));
#3503=DIRECTION('ref_axis',(1.,1.27675647831893E-15,1.11022302462516E-16));
#3504=DIRECTION('',(-1.,-1.27675647831893E-15,-1.11022302462516E-16));
#3505=DIRECTION('',(-1.33226762955019E-15,-1.,-4.16333634234434E-16));
#3506=DIRECTION('',(-1.,-1.27675647831893E-15,-1.11022302462516E-16));
#3507=DIRECTION('',(1.33226762955019E-15,1.,4.16333634234434E-16));
#3508=DIRECTION('center_axis',(-1.11022302462517E-16,5.9674487573602E-16,
1.));
#3509=DIRECTION('ref_axis',(1.,1.27675647831893E-15,1.11022302462516E-16));
#3510=DIRECTION('',(-1.,-1.27675647831893E-15,-1.11022302462516E-16));
#3511=DIRECTION('',(-1.33226762955019E-15,-1.,-4.16333634234434E-16));
#3512=DIRECTION('',(-1.,-1.27675647831893E-15,-1.11022302462516E-16));
#3513=DIRECTION('',(1.33226762955019E-15,1.,4.16333634234434E-16));
#3514=DIRECTION('center_axis',(-1.11022302462517E-16,5.9674487573602E-16,
1.));
#3515=DIRECTION('ref_axis',(1.,1.27675647831893E-15,1.11022302462516E-16));
#3516=DIRECTION('',(-1.,-1.27675647831893E-15,-1.11022302462516E-16));
#3517=DIRECTION('',(-1.33226762955019E-15,-1.,-4.16333634234434E-16));
#3518=DIRECTION('',(-1.,-1.27675647831893E-15,-1.11022302462516E-16));
#3519=DIRECTION('',(1.33226762955019E-15,1.,4.16333634234434E-16));
#3520=DIRECTION('center_axis',(-5.55111512312563E-17,4.16333634234434E-16,
-1.));
#3521=DIRECTION('ref_axis',(-1.33226762955019E-15,-1.,-4.16333634234434E-16));
#3522=DIRECTION('',(-1.,-1.27675647831893E-15,-1.11022302462516E-16));
#3523=DIRECTION('',(1.33226762955019E-15,1.,4.16333634234434E-16));
#3524=DIRECTION('',(-1.,-1.27675647831893E-15,-1.11022302462516E-16));
#3525=DIRECTION('',(-1.33226762955019E-15,-1.,-4.16333634234434E-16));
#3526=DIRECTION('center_axis',(-5.55111512312563E-17,4.16333634234434E-16,
-1.));
#3527=DIRECTION('ref_axis',(-1.33226762955019E-15,-1.,-4.16333634234434E-16));
#3528=DIRECTION('',(-1.,-1.27675647831893E-15,-1.11022302462516E-16));
#3529=DIRECTION('',(1.33226762955019E-15,1.,4.16333634234434E-16));
#3530=DIRECTION('',(-1.,-1.27675647831893E-15,-1.11022302462516E-16));
#3531=DIRECTION('',(-1.33226762955019E-15,-1.,-4.16333634234434E-16));
#3532=DIRECTION('center_axis',(-5.55111512312563E-17,4.16333634234434E-16,
-1.));
#3533=DIRECTION('ref_axis',(-1.33226762955019E-15,-1.,-4.16333634234434E-16));
#3534=DIRECTION('',(-1.,-1.27675647831893E-15,-1.11022302462516E-16));
#3535=DIRECTION('',(1.33226762955019E-15,1.,4.16333634234434E-16));
#3536=DIRECTION('',(-1.,-1.27675647831893E-15,-1.11022302462516E-16));
#3537=DIRECTION('',(-1.33226762955019E-15,-1.,-4.16333634234434E-16));
#3538=DIRECTION('center_axis',(-5.55111512312563E-17,4.16333634234434E-16,
-1.));
#3539=DIRECTION('ref_axis',(-1.33226762955019E-15,-1.,-4.16333634234434E-16));
#3540=DIRECTION('',(-1.,-1.27675647831893E-15,-1.11022302462516E-16));
#3541=DIRECTION('',(1.33226762955019E-15,1.,4.16333634234434E-16));
#3542=DIRECTION('',(-1.,-1.27675647831893E-15,-1.11022302462516E-16));
#3543=DIRECTION('',(-1.33226762955019E-15,-1.,-4.16333634234434E-16));
#3544=DIRECTION('center_axis',(-5.55111512312563E-17,4.16333634234434E-16,
-1.));
#3545=DIRECTION('ref_axis',(-1.33226762955019E-15,-1.,-4.16333634234434E-16));
#3546=DIRECTION('',(-1.,-1.27675647831893E-15,-1.11022302462516E-16));
#3547=DIRECTION('',(1.33226762955019E-15,1.,4.16333634234434E-16));
#3548=DIRECTION('',(-1.,-1.27675647831893E-15,-1.11022302462516E-16));
#3549=DIRECTION('',(-1.33226762955019E-15,-1.,-4.16333634234434E-16));
#3550=DIRECTION('center_axis',(-5.55111512312563E-17,4.16333634234434E-16,
-1.));
#3551=DIRECTION('ref_axis',(-1.33226762955019E-15,-1.,-4.16333634234434E-16));
#3552=DIRECTION('',(-1.,-1.27675647831893E-15,-1.11022302462516E-16));
#3553=DIRECTION('',(-1.33226762955019E-15,-1.,-4.16333634234434E-16));
#3554=DIRECTION('',(-1.,-1.27675647831893E-15,-1.11022302462516E-16));
#3555=DIRECTION('',(1.33226762955019E-15,1.,4.16333634234434E-16));
#3556=DIRECTION('center_axis',(-5.55111512312563E-17,4.16333634234434E-16,
-1.));
#3557=DIRECTION('ref_axis',(-1.33226762955019E-15,-1.,-4.16333634234434E-16));
#3558=DIRECTION('',(-1.,-1.27675647831893E-15,-1.11022302462516E-16));
#3559=DIRECTION('',(1.33226762955019E-15,1.,4.16333634234434E-16));
#3560=DIRECTION('',(-1.,-1.27675647831893E-15,-1.11022302462516E-16));
#3561=DIRECTION('',(-1.33226762955019E-15,-1.,-4.16333634234434E-16));
#3562=DIRECTION('center_axis',(-5.55111512312563E-17,4.16333634234434E-16,
-1.));
#3563=DIRECTION('ref_axis',(-1.33226762955019E-15,-1.,-4.16333634234434E-16));
#3564=DIRECTION('',(-1.,-1.27675647831893E-15,-1.11022302462516E-16));
#3565=DIRECTION('',(1.33226762955019E-15,1.,4.16333634234434E-16));
#3566=DIRECTION('',(-1.,-1.27675647831893E-15,-1.11022302462516E-16));
#3567=DIRECTION('',(-1.33226762955019E-15,-1.,-4.16333634234434E-16));
#3568=DIRECTION('center_axis',(-5.55111512312563E-17,4.16333634234434E-16,
-1.));
#3569=DIRECTION('ref_axis',(-1.33226762955019E-15,-1.,-4.16333634234434E-16));
#3570=DIRECTION('',(-1.,-1.27675647831893E-15,-1.11022302462516E-16));
#3571=DIRECTION('',(1.33226762955019E-15,1.,4.16333634234434E-16));
#3572=DIRECTION('',(-1.,-1.27675647831893E-15,-1.11022302462516E-16));
#3573=DIRECTION('',(-1.33226762955019E-15,-1.,-4.16333634234434E-16));
#3574=DIRECTION('center_axis',(-5.55111512312563E-17,4.16333634234434E-16,
-1.));
#3575=DIRECTION('ref_axis',(-1.33226762955019E-15,-1.,-4.16333634234434E-16));
#3576=DIRECTION('',(-1.,-1.27675647831893E-15,-1.11022302462516E-16));
#3577=DIRECTION('',(-1.33226762955019E-15,-1.,-4.16333634234434E-16));
#3578=DIRECTION('',(-1.,-1.27675647831893E-15,-1.11022302462516E-16));
#3579=DIRECTION('',(1.33226762955019E-15,1.,4.16333634234434E-16));
#3580=DIRECTION('center_axis',(-5.55111512312563E-17,4.16333634234434E-16,
-1.));
#3581=DIRECTION('ref_axis',(-1.33226762955019E-15,-1.,-4.16333634234434E-16));
#3582=DIRECTION('',(-1.,-1.27675647831893E-15,-1.11022302462516E-16));
#3583=DIRECTION('',(-1.33226762955019E-15,-1.,-4.16333634234434E-16));
#3584=DIRECTION('',(-1.,-1.27675647831893E-15,-1.11022302462516E-16));
#3585=DIRECTION('',(1.33226762955019E-15,1.,4.16333634234434E-16));
#3586=DIRECTION('center_axis',(-5.55111512312563E-17,4.16333634234434E-16,
-1.));
#3587=DIRECTION('ref_axis',(-1.33226762955019E-15,-1.,-4.16333634234434E-16));
#3588=DIRECTION('',(-1.,-1.27675647831893E-15,-1.11022302462516E-16));
#3589=DIRECTION('',(1.33226762955019E-15,1.,4.16333634234434E-16));
#3590=DIRECTION('',(-1.,-1.27675647831893E-15,-1.11022302462516E-16));
#3591=DIRECTION('',(-1.33226762955019E-15,-1.,-4.16333634234434E-16));
#3592=DIRECTION('center_axis',(-5.55111512312563E-17,4.16333634234434E-16,
-1.));
#3593=DIRECTION('ref_axis',(-1.33226762955019E-15,-1.,-4.16333634234434E-16));
#3594=DIRECTION('',(-1.,-1.27675647831893E-15,-1.11022302462516E-16));
#3595=DIRECTION('',(1.33226762955019E-15,1.,4.16333634234434E-16));
#3596=DIRECTION('',(-1.,-1.27675647831893E-15,-1.11022302462516E-16));
#3597=DIRECTION('',(-1.33226762955019E-15,-1.,-4.16333634234434E-16));
#3598=DIRECTION('center_axis',(-5.55111512312563E-17,4.16333634234434E-16,
-1.));
#3599=DIRECTION('ref_axis',(-1.33226762955019E-15,-1.,-4.16333634234434E-16));
#3600=DIRECTION('',(-1.,-1.27675647831893E-15,-1.11022302462516E-16));
#3601=DIRECTION('',(1.33226762955019E-15,1.,4.16333634234434E-16));
#3602=DIRECTION('',(-1.,-1.27675647831893E-15,-1.11022302462516E-16));
#3603=DIRECTION('',(-1.33226762955019E-15,-1.,-4.16333634234434E-16));
#3604=DIRECTION('center_axis',(-5.55111512312563E-17,4.16333634234434E-16,
-1.));
#3605=DIRECTION('ref_axis',(-1.33226762955019E-15,-1.,-4.16333634234434E-16));
#3606=DIRECTION('',(-1.,-1.27675647831893E-15,-1.11022302462516E-16));
#3607=DIRECTION('',(-1.33226762955019E-15,-1.,-4.16333634234434E-16));
#3608=DIRECTION('',(-1.,-1.27675647831893E-15,-1.11022302462516E-16));
#3609=DIRECTION('',(1.33226762955019E-15,1.,4.16333634234434E-16));
#3610=DIRECTION('center_axis',(-5.82532855956272E-16,0.529998940003179,
-0.847998304005089));
#3611=DIRECTION('ref_axis',(-1.,-1.27675647831893E-15,-1.11022302462516E-16));
#3612=DIRECTION('',(1.,1.27675647831893E-15,1.11022302462516E-16));
#3613=DIRECTION('',(-8.32667268468867E-16,-0.847998304005087,-0.529998940003181));
#3614=DIRECTION('',(1.02695629777827E-15,0.847998304005087,0.529998940003181));
#3615=DIRECTION('',(-1.,-1.27675647831893E-15,-1.11022302462516E-16));
#3616=DIRECTION('',(-1.02695629777827E-15,-0.847998304005087,-0.529998940003181));
#3617=DIRECTION('',(-1.,-1.27675647831893E-15,-1.11022302462516E-16));
#3618=DIRECTION('center_axis',(2.40926656404397E-13,0.529998940003128,-0.847998304005121));
#3619=DIRECTION('ref_axis',(-1.27616145744515E-13,-0.847998304005121,-0.529998940003128));
#3620=DIRECTION('center_axis',(2.54826271196969E-14,0.529998940003134,-0.847998304005117));
#3621=DIRECTION('ref_axis',(-1.76292766848621E-14,-0.847998304005117,-0.529998940003134));
#3622=DIRECTION('center_axis',(-1.46084951469833E-13,0.529998940003139,
-0.847998304005114));
#3623=DIRECTION('ref_axis',(-6.84940749887429E-14,-0.847998304005114,-0.529998940003139));
#3624=DIRECTION('center_axis',(-1.01698848232246E-13,0.529998940003186,
-0.847998304005084));
#3625=DIRECTION('ref_axis',(-5.6541673114569E-14,-0.847998304005084,-0.529998940003186));
#3626=DIRECTION('center_axis',(-7.20463366747792E-14,0.529998940003201,
-0.847998304005075));
#3627=DIRECTION('ref_axis',(-1.55649585718807E-13,-0.847998304005075,-0.529998940003201));
#3628=DIRECTION('center_axis',(5.32818567048194E-14,0.529998940003123,-0.847998304005124));
#3629=DIRECTION('ref_axis',(-7.22511339543522E-14,-0.847998304005124,-0.529998940003123));
#3630=DIRECTION('center_axis',(5.5737455318165E-14,0.529998940003053,-0.847998304005167));
#3631=DIRECTION('ref_axis',(-6.93404454150452E-14,-0.847998304005167,-0.529998940003053));
#3632=DIRECTION('center_axis',(-1.59474913719993E-13,0.529998940003098,
-0.847998304005139));
#3633=DIRECTION('ref_axis',(-1.2546925490701E-13,-0.847998304005139,-0.529998940003098));
#3634=DIRECTION('center_axis',(2.54594610950412E-13,0.529998940003136,-0.847998304005116));
#3635=DIRECTION('ref_axis',(3.57127033545784E-15,-0.847998304005116,-0.529998940003136));
#3636=DIRECTION('center_axis',(-1.24864872886516E-13,0.529998940003153,
-0.847998304005105));
#3637=DIRECTION('ref_axis',(-1.73856871475308E-13,-0.847998304005105,-0.529998940003153));
#3638=DIRECTION('center_axis',(-4.37837865965744E-14,0.529998940003117,
-0.847998304005128));
#3639=DIRECTION('ref_axis',(-4.48369894139613E-14,-0.847998304005128,-0.529998940003117));
#3640=DIRECTION('center_axis',(-3.70656394468344E-14,0.529998940003186,
-0.847998304005084));
#3641=DIRECTION('ref_axis',(-7.95381768931897E-14,-0.847998304005084,-0.529998940003186));
#3642=DIRECTION('center_axis',(-6.46332087854309E-14,0.529998940003069,
-0.847998304005157));
#3643=DIRECTION('ref_axis',(-3.55269147244068E-14,-0.847998304005157,-0.529998940003069));
#3644=DIRECTION('center_axis',(-1.06193057015176E-13,0.529998940003047,
-0.847998304005171));
#3645=DIRECTION('ref_axis',(-8.7774806163961E-14,-0.847998304005171,-0.529998940003047));
#3646=DIRECTION('center_axis',(-4.61003890620114E-14,0.52999894000309,-0.847998304005144));
#3647=DIRECTION('ref_axis',(-8.31713767720139E-14,-0.847998304005144,-0.52999894000309));
#3648=DIRECTION('',(-1.02695629777827E-15,-0.847998304005087,-0.529998940003181));
#3649=DIRECTION('',(-1.,-1.27675647831893E-15,-1.11022302462516E-16));
#3650=DIRECTION('',(1.02695629777827E-15,0.847998304005087,0.529998940003181));
#3651=DIRECTION('',(-1.,-1.27675647831893E-15,-1.11022302462516E-16));
#3652=DIRECTION('',(9.43689570931382E-16,0.847998304005088,0.529998940003181));
#3653=DIRECTION('center_axis',(-5.55111512312563E-17,4.16333634234434E-16,
-1.));
#3654=DIRECTION('ref_axis',(-1.33226762955019E-15,-1.,-4.16333634234434E-16));
#3655=DIRECTION('',(-1.,-1.27675647831893E-15,-1.11022302462516E-16));
#3656=DIRECTION('',(0.447213595499959,0.894427190999916,4.67074295906755E-16));
#3657=DIRECTION('',(-1.33226762955019E-15,-1.,-4.16333634234434E-16));
#3658=DIRECTION('',(1.33226762955019E-15,1.,4.16333634234434E-16));
#3659=DIRECTION('center_axis',(-2.70993418706535E-16,0.295329324692016,
-0.955395514944967));
#3660=DIRECTION('ref_axis',(-1.,-1.27675647831893E-15,-1.11022302462516E-16));
#3661=DIRECTION('',(1.16573417585641E-15,0.955395514944966,0.295329324692017));
#3662=DIRECTION('',(0.431041925347044,0.862083850694088,0.266485070811793));
#3663=DIRECTION('center_axis',(-4.83133838369639E-16,0.295329324692017,
0.955395514944966));
#3664=DIRECTION('ref_axis',(1.,1.27675647831893E-15,1.11022302462516E-16));
#3665=DIRECTION('',(-1.,-1.27675647831893E-15,-1.11022302462516E-16));
#3666=DIRECTION('',(-0.431041925347045,-0.862083850694088,0.266485070811793));
#3667=DIRECTION('',(-1.4432899320127E-15,-0.955395514944966,0.295329324692017));
#3668=DIRECTION('center_axis',(-1.11022302462517E-16,5.9674487573602E-16,
1.));
#3669=DIRECTION('ref_axis',(1.,1.27675647831893E-15,1.11022302462516E-16));
#3670=DIRECTION('',(1.33226762955019E-15,1.,4.16333634234434E-16));
#3671=DIRECTION('',(-0.447213595499959,-0.894427190999916,-4.67074295906755E-16));
#3672=DIRECTION('',(-1.33226762955019E-15,-1.,-4.16333634234434E-16));
#3673=DIRECTION('',(-1.,-1.27675647831893E-15,-1.11022302462516E-16));
#3674=DIRECTION('center_axis',(-7.7082630434618E-16,0.52999894000318,0.847998304005088));
#3675=DIRECTION('ref_axis',(1.,1.27675647831893E-15,1.11022302462516E-16));
#3676=DIRECTION('',(9.99200722162641E-16,0.847998304005087,-0.529998940003181));
#3677=DIRECTION('',(-1.,-1.27675647831893E-15,-1.11022302462516E-16));
#3678=DIRECTION('',(-9.99200722162641E-16,-0.847998304005087,0.529998940003181));
#3679=DIRECTION('',(-1.,-1.27675647831893E-15,-1.11022302462516E-16));
#3680=DIRECTION('',(-6.10622663543836E-16,-0.847998304005087,0.529998940003181));
#3681=DIRECTION('',(-1.,-1.27675647831893E-15,-1.11022302462516E-16));
#3682=DIRECTION('',(6.10622663543836E-16,0.847998304005087,-0.529998940003181));
#3683=DIRECTION('',(-1.,-1.27675647831893E-15,-1.11022302462516E-16));
#3684=DIRECTION('center_axis',(-5.32818567048297E-14,0.529998940003209,
0.84799830400507));
#3685=DIRECTION('ref_axis',(-3.69719374035042E-14,0.84799830400507,-0.529998940003209));
#3686=DIRECTION('center_axis',(7.87644838245183E-14,0.52999894000316,0.847998304005101));
#3687=DIRECTION('ref_axis',(-8.96533356467694E-14,0.847998304005101,-0.52999894000316));
#3688=DIRECTION('center_axis',(-1.85328197234145E-14,0.529998940003179,
0.847998304005089));
#3689=DIRECTION('ref_axis',(-7.49141043200796E-14,0.847998304005089,-0.529998940003179));
#3690=DIRECTION('center_axis',(5.6200775811264E-14,0.529998940003209,0.84799830400507));
#3691=DIRECTION('ref_axis',(-7.83821587499094E-14,0.84799830400507,-0.529998940003209));
#3692=DIRECTION('center_axis',(-1.44000009250942E-13,0.529998940003197,
0.847998304005077));
#3693=DIRECTION('ref_axis',(1.03215905649085E-15,0.847998304005077,-0.529998940003197));
#3694=DIRECTION('center_axis',(-6.94980739627805E-15,0.529998940003247,
0.847998304005046));
#3695=DIRECTION('ref_axis',(-1.4099292711664E-13,0.847998304005046,-0.529998940003247));
#3696=DIRECTION('center_axis',(9.28030947650136E-14,0.529998940003248,0.847998304005046));
#3697=DIRECTION('ref_axis',(-5.32387641337942E-14,0.847998304005046,-0.529998940003248));
#3698=DIRECTION('center_axis',(-9.03474961516559E-14,0.529998940003281,
0.847998304005025));
#3699=DIRECTION('ref_axis',(-2.93339603854693E-14,0.847998304005025,-0.529998940003281));
#3700=DIRECTION('center_axis',(-2.13498083213756E-13,0.529998940003157,
0.847998304005103));
#3701=DIRECTION('ref_axis',(-2.61342673103422E-14,0.847998304005103,-0.529998940003157));
#3702=DIRECTION('center_axis',(-9.49807010826056E-15,0.529998940003105,
0.847998304005135));
#3703=DIRECTION('ref_axis',(-1.05858232833676E-13,0.847998304005135,-0.529998940003105));
#3704=DIRECTION('center_axis',(3.70656394468357E-14,0.529998940003199,0.847998304005076));
#3705=DIRECTION('ref_axis',(-5.40232050167171E-14,0.847998304005076,-0.529998940003199));
#3706=DIRECTION('center_axis',(-1.8532819723415E-14,0.529998940003208,0.84799830400507));
#3707=DIRECTION('ref_axis',(-6.9257872690529E-14,0.84799830400507,-0.529998940003208));
#3708=DIRECTION('center_axis',(-7.47335955346717E-14,0.529998940003205,
0.847998304005072));
#3709=DIRECTION('ref_axis',(-1.06828462346804E-13,0.847998304005072,-0.529998940003205));
#3710=DIRECTION('center_axis',(-7.83938274300468E-14,0.529998940003208,
0.847998304005071));
#3711=DIRECTION('ref_axis',(-4.99152119719013E-14,0.847998304005071,-0.529998940003208));
#3712=DIRECTION('center_axis',(2.48803104786933E-14,0.529998940003258,0.847998304005039));
#3713=DIRECTION('ref_axis',(-7.15905521582053E-14,0.847998304005039,-0.529998940003258));
#3714=DIRECTION('',(6.10622663543836E-16,0.847998304005087,-0.529998940003181));
#3715=DIRECTION('',(-6.10622663543836E-16,-0.847998304005087,0.529998940003181));
#3716=DIRECTION('center_axis',(-1.11022302462517E-16,5.9674487573602E-16,
1.));
#3717=DIRECTION('ref_axis',(1.,1.27675647831893E-15,1.11022302462516E-16));
#3718=DIRECTION('',(-1.,-1.27675647831893E-15,-1.11022302462516E-16));
#3719=DIRECTION('',(-1.33226762955019E-15,-1.,-4.16333634234434E-16));
#3720=DIRECTION('',(1.33226762955019E-15,1.,4.16333634234434E-16));
#3721=DIRECTION('center_axis',(-1.33226762955019E-15,-1.,5.9674487573602E-16));
#3722=DIRECTION('ref_axis',(-5.55111512312577E-17,-5.9674487573602E-16,
-1.));
#3723=DIRECTION('center_axis',(-1.33226762955019E-15,-1.,-4.16333634234434E-16));
#3724=DIRECTION('ref_axis',(5.54667823983525E-31,4.16333634234434E-16,-1.));
#3725=DIRECTION('center_axis',(-1.33226762955019E-15,-1.,-4.16333634234434E-16));
#3726=DIRECTION('ref_axis',(5.54667823983525E-31,4.16333634234434E-16,-1.));
#3727=DIRECTION('center_axis',(-1.33226762955019E-15,-1.,-4.16333634234434E-16));
#3728=DIRECTION('ref_axis',(5.54667823983525E-31,4.16333634234434E-16,-1.));
#3729=DIRECTION('center_axis',(-1.33226762955019E-15,-1.,-4.16333634234434E-16));
#3730=DIRECTION('ref_axis',(5.54667823983525E-31,4.16333634234434E-16,-1.));
#3731=DIRECTION('center_axis',(-1.33226762955019E-15,-1.,-4.16333634234434E-16));
#3732=DIRECTION('ref_axis',(5.54667823983525E-31,4.16333634234434E-16,-1.));
#3733=DIRECTION('center_axis',(-1.33226762955019E-15,-1.,-4.16333634234434E-16));
#3734=DIRECTION('ref_axis',(5.54667823983525E-31,4.16333634234434E-16,-1.));
#3735=DIRECTION('',(5.55111512312577E-17,5.9674487573602E-16,1.));
#3736=DIRECTION('center_axis',(1.33226762955019E-15,1.,4.16333634234434E-16));
#3737=DIRECTION('ref_axis',(-5.54667823983525E-31,-4.16333634234434E-16,
1.));
#3738=DIRECTION('center_axis',(1.33226762955019E-15,1.,4.16333634234434E-16));
#3739=DIRECTION('ref_axis',(-5.54667823983525E-31,-4.16333634234434E-16,
1.));
#3740=DIRECTION('center_axis',(1.33226762955019E-15,1.,4.16333634234434E-16));
#3741=DIRECTION('ref_axis',(-5.54667823983525E-31,-4.16333634234434E-16,
1.));
#3742=DIRECTION('center_axis',(1.33226762955019E-15,1.,4.16333634234434E-16));
#3743=DIRECTION('ref_axis',(-5.54667823983525E-31,-4.16333634234434E-16,
1.));
#3744=DIRECTION('center_axis',(1.33226762955019E-15,1.,4.16333634234434E-16));
#3745=DIRECTION('ref_axis',(-5.54667823983525E-31,-4.16333634234434E-16,
1.));
#3746=DIRECTION('center_axis',(1.33226762955019E-15,1.,4.16333634234434E-16));
#3747=DIRECTION('ref_axis',(-5.54667823983525E-31,-4.16333634234434E-16,
1.));
#3748=DIRECTION('center_axis',(1.33226762955019E-15,1.,4.16333634234434E-16));
#3749=DIRECTION('ref_axis',(-5.54667823983525E-31,-4.16333634234434E-16,
1.));
#3750=DIRECTION('center_axis',(1.33226762955019E-15,1.,4.16333634234434E-16));
#3751=DIRECTION('ref_axis',(5.55111512312519E-17,-4.16333634234434E-16,
1.));
#3752=DIRECTION('center_axis',(1.33226762955019E-15,1.,4.16333634234434E-16));
#3753=DIRECTION('ref_axis',(-5.54667823983525E-31,-4.16333634234434E-16,
1.));
#3754=DIRECTION('center_axis',(1.33226762955019E-15,1.,4.16333634234434E-16));
#3755=DIRECTION('ref_axis',(-5.54667823983525E-31,-4.16333634234434E-16,
1.));
#3756=DIRECTION('center_axis',(1.33226762955019E-15,1.,4.16333634234434E-16));
#3757=DIRECTION('ref_axis',(-5.54667823983525E-31,-4.16333634234434E-16,
1.));
#3758=DIRECTION('center_axis',(1.33226762955019E-15,1.,4.16333634234434E-16));
#3759=DIRECTION('ref_axis',(-5.54667823983525E-31,-4.16333634234434E-16,
1.));
#3760=DIRECTION('center_axis',(1.33226762955019E-15,1.,4.16333634234434E-16));
#3761=DIRECTION('ref_axis',(-5.54667823983525E-31,-4.16333634234434E-16,
1.));
#3762=DIRECTION('center_axis',(1.33226762955019E-15,1.,4.16333634234434E-16));
#3763=DIRECTION('ref_axis',(-5.54667823983525E-31,-4.16333634234434E-16,
1.));
#3764=DIRECTION('center_axis',(1.33226762955019E-15,1.,4.16333634234434E-16));
#3765=DIRECTION('ref_axis',(-5.54667823983525E-31,-4.16333634234434E-16,
1.));
#3766=DIRECTION('',(-1.,-1.27675647831893E-15,-1.11022302462516E-16));
#3767=DIRECTION('',(5.55111512312577E-17,5.9674487573602E-16,1.));
#3768=DIRECTION('center_axis',(-1.33226762955019E-15,-1.,-4.16333634234434E-16));
#3769=DIRECTION('ref_axis',(5.54667823983525E-31,4.16333634234434E-16,-1.));
#3770=DIRECTION('center_axis',(-1.33226762955019E-15,-1.,-4.16333634234434E-16));
#3771=DIRECTION('ref_axis',(5.54667823983525E-31,4.16333634234434E-16,-1.));
#3772=DIRECTION('center_axis',(-1.33226762955019E-15,-1.,-4.16333634234434E-16));
#3773=DIRECTION('ref_axis',(5.54667823983525E-31,4.16333634234434E-16,-1.));
#3774=DIRECTION('center_axis',(-1.33226762955019E-15,-1.,-4.16333634234434E-16));
#3775=DIRECTION('ref_axis',(5.54667823983525E-31,4.16333634234434E-16,-1.));
#3776=DIRECTION('center_axis',(-1.33226762955019E-15,-1.,-4.16333634234434E-16));
#3777=DIRECTION('ref_axis',(5.54667823983525E-31,4.16333634234434E-16,-1.));
#3778=DIRECTION('center_axis',(-1.33226762955019E-15,-1.,-4.16333634234434E-16));
#3779=DIRECTION('ref_axis',(5.54667823983525E-31,4.16333634234434E-16,-1.));
#3780=DIRECTION('center_axis',(-1.33226762955019E-15,-1.,-4.16333634234434E-16));
#3781=DIRECTION('ref_axis',(5.54667823983525E-31,4.16333634234434E-16,-1.));
#3782=DIRECTION('center_axis',(-1.33226762955019E-15,-1.,-4.16333634234434E-16));
#3783=DIRECTION('ref_axis',(-5.55111512312519E-17,4.16333634234434E-16,
-1.));
#3784=DIRECTION('center_axis',(-1.33226762955019E-15,-1.,-4.16333634234434E-16));
#3785=DIRECTION('ref_axis',(5.54667823983525E-31,4.16333634234434E-16,-1.));
#3786=DIRECTION('',(-1.,-1.27675647831893E-15,-1.11022302462516E-16));
#3787=DIRECTION('',(-4.7184478546569E-16,-4.99600361081319E-16,-1.));
#3788=DIRECTION('',(1.,1.27675647831893E-15,1.11022302462516E-16));
#3789=DIRECTION('',(5.55111512312577E-17,5.9674487573602E-16,1.));
#3790=DIRECTION('',(-1.,-1.38777878078145E-15,-1.94289029309403E-16));
#3791=DIRECTION('',(-5.55111512312577E-17,-5.9674487573602E-16,-1.));
#3792=DIRECTION('',(1.,1.27675647831893E-15,1.11022302462516E-16));
#3793=DIRECTION('',(-1.94289029309402E-16,5.55111512312577E-16,1.));
#3794=DIRECTION('center_axis',(-5.55111512312563E-17,4.16333634234434E-16,
-1.));
#3795=DIRECTION('ref_axis',(-1.33226762955019E-15,-1.,-4.16333634234434E-16));
#3796=DIRECTION('',(-1.33226762955019E-15,-1.,-4.16333634234434E-16));
#3797=DIRECTION('',(-1.33226762955019E-15,-1.,-4.16333634234434E-16));
#3798=DIRECTION('center_axis',(-5.55111512312563E-17,4.16333634234434E-16,
-1.));
#3799=DIRECTION('ref_axis',(-1.33226762955019E-15,-1.,-4.16333634234434E-16));
#3800=DIRECTION('',(-1.33226762955019E-15,-1.,-4.16333634234434E-16));
#3801=DIRECTION('',(0.447213595499957,-0.894427190999916,-4.16333634234434E-16));
#3802=DIRECTION('',(-1.,-1.27675647831893E-15,-1.11022302462516E-16));
#3803=DIRECTION('',(1.33226762955019E-15,1.,4.16333634234434E-16));
#3804=DIRECTION('center_axis',(-2.70993418706535E-16,0.295329324692016,
-0.955395514944967));
#3805=DIRECTION('ref_axis',(-1.,-1.27675647831893E-15,-1.11022302462516E-16));
#3806=DIRECTION('',(0.431041925347043,-0.862083850694089,-0.266485070811793));
#3807=DIRECTION('',(1.16573417585641E-15,0.955395514944966,0.295329324692017));
#3808=DIRECTION('center_axis',(-4.83133838369639E-16,0.295329324692017,
0.955395514944966));
#3809=DIRECTION('ref_axis',(1.,1.27675647831893E-15,1.11022302462516E-16));
#3810=DIRECTION('',(-1.4432899320127E-15,-0.955395514944966,0.295329324692017));
#3811=DIRECTION('',(-0.431041925347044,0.862083850694088,-0.266485070811793));
#3812=DIRECTION('',(-1.,-1.27675647831893E-15,-1.11022302462516E-16));
#3813=DIRECTION('center_axis',(-1.11022302462517E-16,5.9674487573602E-16,
1.));
#3814=DIRECTION('ref_axis',(1.,1.27675647831893E-15,1.11022302462516E-16));
#3815=DIRECTION('',(-0.447213595499957,0.894427190999916,4.16333634234434E-16));
#3816=DIRECTION('',(1.33226762955019E-15,1.,4.16333634234434E-16));
#3817=DIRECTION('',(-1.33226762955019E-15,-1.,-4.16333634234434E-16));
#3818=DIRECTION('center_axis',(-1.,-1.27675647831893E-15,5.55111512312584E-17));
#3819=DIRECTION('ref_axis',(5.55111512312577E-17,5.9674487573602E-16,1.));
#3820=DIRECTION('',(-5.55111512312577E-17,-5.9674487573602E-16,-1.));
#3821=DIRECTION('center_axis',(-1.,-1.27675647831893E-15,5.55111512312584E-17));
#3822=DIRECTION('ref_axis',(5.55111512312577E-17,5.9674487573602E-16,1.));
#3823=DIRECTION('',(5.55111512312577E-17,5.9674487573602E-16,1.));
#3824=DIRECTION('center_axis',(-1.,-1.27675647831893E-15,5.55111512312584E-17));
#3825=DIRECTION('ref_axis',(5.55111512312577E-17,5.9674487573602E-16,1.));
#3826=DIRECTION('',(-5.55111512312577E-17,-5.9674487573602E-16,-1.));
#3827=DIRECTION('',(5.55111512312577E-17,5.9674487573602E-16,1.));
#3828=DIRECTION('center_axis',(-1.,-1.27675647831893E-15,5.55111512312584E-17));
#3829=DIRECTION('ref_axis',(5.55111512312577E-17,5.9674487573602E-16,1.));
#3830=DIRECTION('',(-5.55111512312577E-17,-5.9674487573602E-16,-1.));
#3831=DIRECTION('',(1.38777878078145E-15,1.,5.55111512312579E-16));
#3832=DIRECTION('',(-5.55111512312577E-17,-5.9674487573602E-16,-1.));
#3833=DIRECTION('',(-1.33226762955019E-15,-1.,-4.16333634234434E-16));
#3834=DIRECTION('center_axis',(-5.55111512312563E-17,4.16333634234434E-16,
-1.));
#3835=DIRECTION('ref_axis',(-1.33226762955019E-15,-1.,-4.16333634234434E-16));
#3836=DIRECTION('',(-1.,-1.27675647831893E-15,-1.11022302462516E-16));
#3837=DIRECTION('',(1.33226762955019E-15,1.,4.16333634234434E-16));
#3838=DIRECTION('center_axis',(-1.27675647831893E-15,1.,4.16333634234434E-16));
#3839=DIRECTION('ref_axis',(1.,1.27675647831893E-15,1.11022302462516E-16));
#3840=DIRECTION('',(-1.,-1.27675647831893E-15,-1.11022302462516E-16));
#3841=DIRECTION('',(1.94289029309402E-16,-5.55111512312577E-16,-1.));
#3842=DIRECTION('',(1.,1.27675647831893E-15,1.11022302462516E-16));
#3843=DIRECTION('',(-2.77555756156289E-16,5.82867087928206E-16,1.));
#3844=DIRECTION('',(-2.77555756156289E-16,5.82867087928206E-16,1.));
#3845=DIRECTION('',(-1.,-1.27675647831893E-15,-1.11022302462516E-16));
#3846=DIRECTION('',(1.94289029309402E-16,-5.55111512312577E-16,-1.));
#3847=DIRECTION('center_axis',(-1.11022302462516E-16,4.44089209850062E-16,
1.));
#3848=DIRECTION('ref_axis',(1.,1.27675647831893E-15,1.11022302462516E-16));
#3849=DIRECTION('',(-1.38777878078145E-15,-1.,-5.55111512312579E-16));
#3850=DIRECTION('center_axis',(1.33226762955019E-15,1.,4.16333634234434E-16));
#3851=DIRECTION('ref_axis',(-1.0936841030303E-13,4.1633363423458E-16,-1.));
#3852=DIRECTION('center_axis',(1.33226762955019E-15,1.,4.16333634234434E-16));
#3853=DIRECTION('ref_axis',(-4.36432072452209E-14,4.16333634234492E-16,
-1.));
#3854=DIRECTION('center_axis',(1.33226762955019E-15,1.,4.16333634234434E-16));
#3855=DIRECTION('ref_axis',(-3.56496014679197E-14,4.16333634234482E-16,
-1.));
#3856=DIRECTION('center_axis',(1.33226762955019E-15,1.,4.16333634234434E-16));
#3857=DIRECTION('ref_axis',(-9.78220908469285E-14,4.16333634234565E-16,
-1.));
#3858=DIRECTION('center_axis',(1.33226762955019E-15,1.,4.16333634234434E-16));
#3859=DIRECTION('ref_axis',(8.51426636112973E-14,4.16333634234321E-16,-1.));
#3860=DIRECTION('center_axis',(1.33226762955019E-15,1.,4.16333634234434E-16));
#3861=DIRECTION('ref_axis',(2.11938173928883E-14,4.16333634234406E-16,-1.));
#3862=DIRECTION('center_axis',(1.33226762955019E-15,1.,4.16333634234434E-16));
#3863=DIRECTION('ref_axis',(-4.36432072452209E-14,4.16333634234492E-16,
-1.));
#3864=DIRECTION('center_axis',(1.33226762955019E-15,1.,4.16333634234434E-16));
#3865=DIRECTION('ref_axis',(-1.22746597749763E-13,4.16333634234598E-16,
-1.));
#3866=DIRECTION('center_axis',(1.33226762955019E-15,1.,4.16333634234434E-16));
#3867=DIRECTION('ref_axis',(9.84653399067992E-14,4.16333634234303E-16,-1.));
#3868=DIRECTION('center_axis',(1.33226762955019E-15,1.,4.16333634234434E-16));
#3869=DIRECTION('ref_axis',(1.63302364544908E-13,4.16333634234217E-16,-1.));
#3870=DIRECTION('center_axis',(1.33226762955019E-15,1.,4.16333634234434E-16));
#3871=DIRECTION('ref_axis',(1.57085115607007E-13,4.16333634234225E-16,-1.));
#3872=DIRECTION('center_axis',(1.33226762955019E-15,1.,4.16333634234434E-16));
#3873=DIRECTION('ref_axis',(-5.8742240380123E-14,4.16333634234513E-16,-1.));
#3874=DIRECTION('center_axis',(1.33226762955019E-15,1.,4.16333634234434E-16));
#3875=DIRECTION('ref_axis',(-1.75093613360839E-13,4.16333634234668E-16,
-1.));
#3876=DIRECTION('center_axis',(1.33226762955019E-15,1.,4.16333634234434E-16));
#3877=DIRECTION('ref_axis',(-1.22464679914735E-16,4.16333634234434E-16,
-1.));
#3878=DIRECTION('center_axis',(1.33226762955019E-15,1.,4.16333634234434E-16));
#3879=DIRECTION('ref_axis',(2.03056389731881E-14,4.16333634234407E-16,-1.));
#3880=DIRECTION('center_axis',(1.33226762955019E-15,1.,4.16333634234434E-16));
#3881=DIRECTION('ref_axis',(5.55111512312519E-17,-4.16333634234434E-16,
1.));
#3882=DIRECTION('center_axis',(1.33226762955019E-15,1.,4.16333634234434E-16));
#3883=DIRECTION('ref_axis',(-5.54667823983525E-31,-4.16333634234434E-16,
1.));
#3884=DIRECTION('center_axis',(1.33226762955019E-15,1.,4.16333634234434E-16));
#3885=DIRECTION('ref_axis',(-5.54667823983525E-31,-4.16333634234434E-16,
1.));
#3886=DIRECTION('center_axis',(1.33226762955019E-15,1.,4.16333634234434E-16));
#3887=DIRECTION('ref_axis',(-5.54667823983525E-31,-4.16333634234434E-16,
1.));
#3888=DIRECTION('center_axis',(1.33226762955019E-15,1.,4.16333634234434E-16));
#3889=DIRECTION('ref_axis',(-5.54667823983525E-31,-4.16333634234434E-16,
1.));
#3890=DIRECTION('center_axis',(1.33226762955019E-15,1.,4.16333634234434E-16));
#3891=DIRECTION('ref_axis',(-5.54667823983525E-31,-4.16333634234434E-16,
1.));
#3892=DIRECTION('center_axis',(1.33226762955019E-15,1.,4.16333634234434E-16));
#3893=DIRECTION('ref_axis',(-5.54667823983525E-31,-4.16333634234434E-16,
1.));
#3894=DIRECTION('center_axis',(1.33226762955019E-15,1.,4.16333634234434E-16));
#3895=DIRECTION('ref_axis',(-5.54667823983525E-31,-4.16333634234434E-16,
1.));
#3896=DIRECTION('center_axis',(1.33226762955019E-15,1.,4.16333634234434E-16));
#3897=DIRECTION('ref_axis',(-5.54667823983525E-31,-4.16333634234434E-16,
1.));
#3898=DIRECTION('center_axis',(1.33226762955019E-15,1.,4.16333634234434E-16));
#3899=DIRECTION('ref_axis',(-5.54667823983525E-31,-4.16333634234434E-16,
1.));
#3900=DIRECTION('center_axis',(1.33226762955019E-15,1.,4.16333634234434E-16));
#3901=DIRECTION('ref_axis',(-5.54667823983525E-31,-4.16333634234434E-16,
1.));
#3902=DIRECTION('center_axis',(1.33226762955019E-15,1.,4.16333634234434E-16));
#3903=DIRECTION('ref_axis',(-5.54667823983525E-31,-4.16333634234434E-16,
1.));
#3904=DIRECTION('center_axis',(1.33226762955019E-15,1.,4.16333634234434E-16));
#3905=DIRECTION('ref_axis',(-5.54667823983525E-31,-4.16333634234434E-16,
1.));
#3906=DIRECTION('center_axis',(1.33226762955019E-15,1.,4.16333634234434E-16));
#3907=DIRECTION('ref_axis',(-5.54667823983525E-31,-4.16333634234434E-16,
1.));
#3908=DIRECTION('center_axis',(1.33226762955019E-15,1.,4.16333634234434E-16));
#3909=DIRECTION('ref_axis',(-5.54667823983525E-31,-4.16333634234434E-16,
1.));
#3910=DIRECTION('center_axis',(-1.,-8.32667268468869E-16,-1.94289029309402E-16));
#3911=DIRECTION('ref_axis',(-1.94289029309402E-16,5.55111512312577E-16,
1.));
#3912=DIRECTION('',(-1.33226762955019E-15,-1.,-4.16333634234434E-16));
#3913=DIRECTION('center_axis',(1.,1.27675647831893E-15,-5.55111512312579E-17));
#3914=DIRECTION('ref_axis',(5.55111512312577E-17,1.38777878078144E-16,1.));
#3915=DIRECTION('',(-1.33226762955019E-15,-1.,-4.16333634234434E-16));
#3916=DIRECTION('center_axis',(-5.55111512312563E-17,4.16333634234434E-16,
-1.));
#3917=DIRECTION('ref_axis',(-1.33226762955019E-15,-1.,-4.16333634234434E-16));
#3918=DIRECTION('center_axis',(-1.11022302462517E-16,5.9674487573602E-16,
1.));
#3919=DIRECTION('ref_axis',(1.,1.27675647831893E-15,1.11022302462516E-16));
#3920=DIRECTION('',(-1.33226762955019E-15,-1.,-4.16333634234434E-16));
#3921=DIRECTION('',(-1.33226762955019E-15,-1.,-4.16333634234434E-16));
#3922=DIRECTION('center_axis',(1.,1.27675647831893E-15,-5.55111512312579E-17));
#3923=DIRECTION('ref_axis',(5.55111512312577E-17,1.38777878078144E-16,1.));
#3924=DIRECTION('center_axis',(-1.,-8.32667268468869E-16,-1.94289029309402E-16));
#3925=DIRECTION('ref_axis',(-1.94289029309402E-16,5.55111512312577E-16,
1.));
#3926=DIRECTION('center_axis',(1.,-1.33226762955019E-15,1.11022302462515E-16));
#3927=DIRECTION('ref_axis',(1.33226762955019E-15,1.,4.16333634234434E-16));
#3928=DIRECTION('',(1.33226762955019E-15,1.,4.16333634234434E-16));
#3929=DIRECTION('',(-5.55111512312577E-17,-5.9674487573602E-16,-1.));
#3930=DIRECTION('',(1.33226762955019E-15,1.,4.16333634234434E-16));
#3931=DIRECTION('center_axis',(-1.11022302462517E-16,5.9674487573602E-16,
1.));
#3932=DIRECTION('ref_axis',(1.,1.27675647831893E-15,1.11022302462516E-16));
#3933=DIRECTION('',(1.,1.27675647831893E-15,1.11022302462516E-16));
#3934=DIRECTION('',(1.33226762955019E-15,1.,4.16333634234434E-16));
#3935=DIRECTION('center_axis',(-1.,-8.32667268468869E-16,-1.94289029309402E-16));
#3936=DIRECTION('ref_axis',(-1.94289029309402E-16,5.55111512312577E-16,
1.));
#3937=DIRECTION('',(-1.94289029309402E-16,5.55111512312577E-16,1.));
#3938=DIRECTION('',(1.33226762955019E-15,1.,4.16333634234434E-16));
#3939=DIRECTION('center_axis',(-5.55111512312563E-17,4.16333634234434E-16,
-1.));
#3940=DIRECTION('ref_axis',(-1.33226762955019E-15,-1.,-4.16333634234434E-16));
#3941=DIRECTION('',(-1.,-1.38777878078145E-15,-1.94289029309403E-16));
#3942=DIRECTION('center_axis',(-1.27675647831893E-15,1.,4.16333634234434E-16));
#3943=DIRECTION('ref_axis',(1.,1.27675647831893E-15,1.11022302462516E-16));
#3944=DIRECTION('center_axis',(1.,-1.33226762955019E-15,-3.60822483003178E-16));
#3945=DIRECTION('ref_axis',(1.33226762955019E-15,1.,4.16333634234434E-16));
#3946=DIRECTION('',(1.33226762955019E-15,1.,4.16333634234434E-16));
#3947=DIRECTION('',(-4.7184478546569E-16,-4.99600361081319E-16,-1.));
#3948=DIRECTION('',(1.33226762955019E-15,1.,4.16333634234434E-16));
#3949=DIRECTION('center_axis',(-1.11022302462517E-16,5.9674487573602E-16,
1.));
#3950=DIRECTION('ref_axis',(1.,1.27675647831893E-15,1.11022302462516E-16));
#3951=DIRECTION('',(1.,1.27675647831893E-15,1.11022302462516E-16));
#3952=DIRECTION('',(1.33226762955019E-15,1.,4.16333634234434E-16));
#3953=DIRECTION('center_axis',(-1.,-1.27675647831893E-15,5.55111512312584E-17));
#3954=DIRECTION('ref_axis',(5.55111512312577E-17,5.9674487573602E-16,1.));
#3955=DIRECTION('',(5.55111512312577E-17,5.9674487573602E-16,1.));
#3956=DIRECTION('',(1.33226762955019E-15,1.,4.16333634234434E-16));
#3957=DIRECTION('center_axis',(-5.55111512312563E-17,4.16333634234434E-16,
-1.));
#3958=DIRECTION('ref_axis',(-1.33226762955019E-15,-1.,-4.16333634234434E-16));
#3959=DIRECTION('',(-1.,-1.27675647831893E-15,-1.11022302462516E-16));
#3960=DIRECTION('center_axis',(-1.27675647831893E-15,1.,4.16333634234434E-16));
#3961=DIRECTION('ref_axis',(1.,1.27675647831893E-15,1.11022302462516E-16));
#3962=DIRECTION('center_axis',(-0.894427190999916,-0.447213595499957,-3.88578058618804E-16));
#3963=DIRECTION('ref_axis',(-0.447213595499957,0.894427190999916,4.16333634234434E-16));
#3964=DIRECTION('center_axis',(-0.894427190999916,0.447213595499958,-2.17221738409136E-16));
#3965=DIRECTION('ref_axis',(5.55111512312577E-17,5.9674487573602E-16,1.));
#3966=CARTESIAN_POINT('',(0.,0.,0.));
#3967=CARTESIAN_POINT('Origin',(6.75770819430516,-13.9889334207644,0.317500000000359));
#3968=CARTESIAN_POINT('',(6.75770819430511,-13.3539334207646,0.317500000000415));
#3969=CARTESIAN_POINT('',(6.75770819430514,-7.13093342076437,0.317500000000456));
#3970=CARTESIAN_POINT('',(6.75770819430516,-13.9889334207644,0.317500000000359));
#3971=CARTESIAN_POINT('',(6.75770819430515,-13.3539334207645,-0.317499999999513));
#3972=CARTESIAN_POINT('',(6.75770819430515,-13.3539334207645,-0.317499999999513));
#3973=CARTESIAN_POINT('',(6.75770819430512,-7.13093342076432,-0.317499999999575));
#3974=CARTESIAN_POINT('',(6.75770819430516,-13.9889334207643,-0.317499999999526));
#3975=CARTESIAN_POINT('',(6.75770819430514,-7.13093342076437,0.317500000000456));
#3976=CARTESIAN_POINT('Origin',(1.67770819430481,-13.9889334207643,0.317500000000401));
#3977=CARTESIAN_POINT('',(3.32870819430521,1.7590665792358,0.317500000000484));
#3978=CARTESIAN_POINT('',(7.01170819430519,1.75906657923564,0.317500000000408));
#3979=CARTESIAN_POINT('',(1.42370819430519,1.7590665792358,0.317500000000415));
#3980=CARTESIAN_POINT('',(3.32870819430524,0.489066579235808,0.317500000000373));
#3981=CARTESIAN_POINT('',(3.32870819430485,-13.9889334207644,0.317500000000415));
#3982=CARTESIAN_POINT('',(1.42370819430521,0.489066579235697,0.317500000000401));
#3983=CARTESIAN_POINT('',(1.67770819430514,0.489066579235808,0.317500000000422));
#3984=CARTESIAN_POINT('',(1.4237081943051,-7.13093342076443,0.317500000000387));
#3985=CARTESIAN_POINT('',(1.42370819430519,1.7590665792358,0.317500000000415));
#3986=CARTESIAN_POINT('',(1.6777081943052,-7.13093342076449,0.317500000000415));
#3987=CARTESIAN_POINT('',(1.4237081943051,-7.13093342076443,0.317500000000387));
#3988=CARTESIAN_POINT('',(1.67770819430484,-13.3539334207645,0.317500000000331));
#3989=CARTESIAN_POINT('',(1.67770819430481,-13.9889334207643,0.317500000000401));
#3990=CARTESIAN_POINT('',(2.3127081943048,-13.9889334207644,0.317500000000401));
#3991=CARTESIAN_POINT('',(2.3127081943048,-13.9889334207644,0.317500000000401));
#3992=CARTESIAN_POINT('',(6.1227081943051,-13.9889334207644,0.317500000000526));
#3993=CARTESIAN_POINT('',(1.67770819430481,-13.9889334207643,0.317500000000401));
#3994=CARTESIAN_POINT('',(6.1227081943051,-13.9889334207644,0.317500000000526));
#3995=CARTESIAN_POINT('',(7.01170819430517,-7.13093342076449,0.317500000000401));
#3996=CARTESIAN_POINT('',(1.4237081943051,-7.13093342076443,0.317500000000387));
#3997=CARTESIAN_POINT('',(7.01170819430519,1.75906657923564,0.317500000000408));
#3998=CARTESIAN_POINT('',(5.34974456130055,-4.00660924548912,0.317500000000484));
#3999=CARTESIAN_POINT('',(3.08567182730959,-4.00660924548918,0.317500000000456));
#4000=CARTESIAN_POINT('',(3.08567182730959,-4.00660924548918,0.317500000000456));
#4001=CARTESIAN_POINT('',(5.34974456130058,-5.85939242189265,0.317500000000318));
#4002=CARTESIAN_POINT('',(5.34974456130055,-4.00660924548912,0.317500000000484));
#4003=CARTESIAN_POINT('',(3.08567182730958,-5.85939242189282,0.317500000000435));
#4004=CARTESIAN_POINT('',(3.08567182730958,-5.85939242189282,0.317500000000435));
#4005=CARTESIAN_POINT('',(3.08567182730959,-4.00660924548918,0.317500000000456));
#4006=CARTESIAN_POINT('Origin',(1.67770819430481,-13.9889334207643,0.317500000000401));
#4007=CARTESIAN_POINT('',(1.67770819430485,-13.3539334207645,-0.317499999999589));
#4008=CARTESIAN_POINT('',(1.67770819430511,-7.13093342076437,-0.317499999999624));
#4009=CARTESIAN_POINT('',(1.67770819430484,-13.9889334207643,-0.317499999999575));
#4010=CARTESIAN_POINT('',(1.67770819430484,-13.3539334207645,0.317500000000331));
#4011=CARTESIAN_POINT('',(1.6777081943052,-7.13093342076449,0.317500000000415));
#4012=CARTESIAN_POINT('Origin',(1.67770819430484,-13.9889334207643,-0.317499999999575));
#4013=CARTESIAN_POINT('',(1.42370819430516,0.489066579235975,-0.317499999999589));
#4014=CARTESIAN_POINT('',(3.32870819430517,0.489066579235919,-0.31749999999954));
#4015=CARTESIAN_POINT('',(1.6777081943052,0.489066579235975,-0.31749999999961));
#4016=CARTESIAN_POINT('',(3.32870819430517,1.75906657923564,-0.317499999999644));
#4017=CARTESIAN_POINT('',(3.32870819430477,-13.9889334207643,-0.317499999999568));
#4018=CARTESIAN_POINT('',(7.01170819430527,1.75906657923586,-0.317499999999582));
#4019=CARTESIAN_POINT('',(7.01170819430527,1.75906657923586,-0.317499999999582));
#4020=CARTESIAN_POINT('',(7.01170819430514,-7.13093342076437,-0.317499999999554));
#4021=CARTESIAN_POINT('',(7.01170819430527,1.75906657923586,-0.317499999999582));
#4022=CARTESIAN_POINT('',(7.01170819430514,-7.13093342076437,-0.317499999999554));
#4023=CARTESIAN_POINT('',(6.12270819430516,-13.9889334207644,-0.317499999999651));
#4024=CARTESIAN_POINT('',(6.12270819430516,-13.9889334207644,-0.317499999999651));
#4025=CARTESIAN_POINT('',(2.31270819430479,-13.9889334207643,-0.317499999999644));
#4026=CARTESIAN_POINT('',(1.67770819430484,-13.9889334207643,-0.317499999999575));
#4027=CARTESIAN_POINT('',(2.31270819430479,-13.9889334207643,-0.317499999999644));
#4028=CARTESIAN_POINT('',(1.42370819430516,-7.13093342076449,-0.317499999999589));
#4029=CARTESIAN_POINT('',(7.01170819430514,-7.13093342076437,-0.317499999999554));
#4030=CARTESIAN_POINT('',(1.42370819430518,1.75906657923575,-0.317499999999589));
#4031=CARTESIAN_POINT('',(3.08567182730961,-5.85939242189298,-0.317499999999589));
#4032=CARTESIAN_POINT('',(5.34974456130056,-5.85939242189293,-0.31749999999961));
#4033=CARTESIAN_POINT('',(1.6777081943052,-5.85939242189315,-0.317499999999547));
#4034=CARTESIAN_POINT('',(5.34974456130066,-4.00660924548885,-0.317499999999638));
#4035=CARTESIAN_POINT('',(5.34974456130078,-13.9889334207644,-0.317499999999533));
#4036=CARTESIAN_POINT('',(3.08567182730958,-4.00660924548896,-0.317499999999603));
#4037=CARTESIAN_POINT('',(1.67770819430521,-4.0066092454889,-0.317499999999596));
#4038=CARTESIAN_POINT('',(3.08567182730919,-13.9889334207642,-0.31749999999954));
#4039=CARTESIAN_POINT('Origin',(-9.57567358739198E-13,-13.9889334207645,
4.78783679369599E-13));
#4040=CARTESIAN_POINT('',(6.1227081943051,-13.9889334207644,0.317500000000526));
#4041=CARTESIAN_POINT('',(2.31270819430479,-13.9889334207643,-0.317499999999644));
#4042=CARTESIAN_POINT('Origin',(6.12270819430519,-13.9889334207645,4.92661467177413E-13));
#4043=CARTESIAN_POINT('Origin',(2.31270819430476,-13.9889334207646,4.44089209850063E-13));
#4044=CARTESIAN_POINT('Origin',(-5.82867087928207E-13,-7.13093342076415,
3.7470027081099E-13));
#4045=CARTESIAN_POINT('',(7.01170819430517,-7.13093342076449,0.317500000000401));
#4046=CARTESIAN_POINT('Origin',(1.42370819430518,1.75906657923575,-0.317499999999589));
#4047=CARTESIAN_POINT('',(1.42370819430521,0.489066579235808,-2.53999999999946));
#4048=CARTESIAN_POINT('',(1.42370819430516,-7.13093342076449,-0.317499999999589));
#4049=CARTESIAN_POINT('',(1.42370819430519,-4.73885062433938,0.2540000000004));
#4050=CARTESIAN_POINT('',(1.42370819430514,-4.73885062433899,-0.25399999999956));
#4051=CARTESIAN_POINT('',(1.42370819430519,-4.73885062433938,0.2540000000004));
#4052=CARTESIAN_POINT('',(1.42370819430521,-5.24680157499946,0.254000000000372));
#4053=CARTESIAN_POINT('',(1.42370819430519,-4.73885062433938,0.2540000000004));
#4054=CARTESIAN_POINT('',(1.42370819430516,-5.24680157499935,-0.253999999999602));
#4055=CARTESIAN_POINT('',(1.42370819430521,-5.24680157499946,0.254000000000372));
#4056=CARTESIAN_POINT('',(1.42370819430514,-4.73885062433899,-0.25399999999956));
#4057=CARTESIAN_POINT('Origin',(7.01170819430519,1.75906657923564,0.317500000000408));
#4058=CARTESIAN_POINT('',(7.01170819430519,1.75906657923564,0.317500000000408));
#4059=CARTESIAN_POINT('Origin',(-6.24500451351651E-13,1.75906657923569,
4.71844785465692E-13));
#4060=CARTESIAN_POINT('',(3.32870819430522,1.75906657923575,4.16333634234434E-13));
#4061=CARTESIAN_POINT('Origin',(-5.82867087928207E-13,-7.13093342076415,
3.7470027081099E-13));
#4062=CARTESIAN_POINT('Origin',(0.838287483111488,-1.19969654786239,0.254000000000421));
#4063=CARTESIAN_POINT('',(0.838287483111461,-1.19969654786223,-0.253999999999595));
#4064=CARTESIAN_POINT('',(0.83828748311153,-4.14523760191338,-0.25399999999956));
#4065=CARTESIAN_POINT('',(0.838287483111461,-1.19969654786223,-0.253999999999595));
#4066=CARTESIAN_POINT('',(0.838287483111488,-1.19969654786239,0.254000000000421));
#4067=CARTESIAN_POINT('',(0.838287483111488,-1.19969654786239,0.254000000000421));
#4068=CARTESIAN_POINT('',(0.838287483111391,-4.14523760191338,0.254000000000434));
#4069=CARTESIAN_POINT('',(0.838287483111488,-1.19969654786239,0.254000000000421));
#4070=CARTESIAN_POINT('',(0.838287483111391,-4.14523760191338,0.254000000000434));
#4071=CARTESIAN_POINT('Origin',(-0.211343540897177,-1.19969654786217,0.254000000000379));
#4072=CARTESIAN_POINT('',(-1.26097456490595,-1.19969654786228,-0.253999999999602));
#4073=CARTESIAN_POINT('Origin',(-0.211343540897205,-1.19969654786234,-0.253999999999539));
#4074=CARTESIAN_POINT('',(-1.26097456490588,-1.19969654786206,0.254000000000379));
#4075=CARTESIAN_POINT('',(-1.26097456490588,-1.19969654786206,0.254000000000379));
#4076=CARTESIAN_POINT('Origin',(-0.211343540897177,-1.19969654786217,0.254000000000379));
#4077=CARTESIAN_POINT('Origin',(-1.26097456490588,-1.19969654786206,0.254000000000379));
#4078=CARTESIAN_POINT('',(-1.26097456490591,-4.14523760191338,-0.253999999999636));
#4079=CARTESIAN_POINT('',(-1.26097456490595,-1.19969654786228,-0.253999999999602));
#4080=CARTESIAN_POINT('',(-1.26097456490591,-4.14523760191327,0.254000000000525));
#4081=CARTESIAN_POINT('',(-1.26097456490591,-4.14523760191327,0.254000000000525));
#4082=CARTESIAN_POINT('',(-1.26097456490588,-1.19969654786206,0.254000000000379));
#4083=CARTESIAN_POINT('Origin',(-1.84286569668773,-4.14523760191327,0.254000000000469));
#4084=CARTESIAN_POINT('',(-1.83580653786376,-4.72708591335125,-0.25399999999963));
#4085=CARTESIAN_POINT('Origin',(-1.84286569668767,-4.14523760191349,-0.253999999999574));
#4086=CARTESIAN_POINT('',(-1.83580653786375,-4.72708591335103,0.254000000000316));
#4087=CARTESIAN_POINT('',(-1.83580653786375,-4.72708591335103,0.254000000000316));
#4088=CARTESIAN_POINT('Origin',(-1.84286569668773,-4.14523760191327,0.254000000000469));
#4089=CARTESIAN_POINT('Origin',(-1.83580653786375,-4.72708591335103,0.254000000000316));
#4090=CARTESIAN_POINT('',(-1.83580653786375,-5.23512873369497,-0.253999999999678));
#4091=CARTESIAN_POINT('',(-1.83580653786376,-4.72708591335125,-0.25399999999963));
#4092=CARTESIAN_POINT('',(-1.83580653786367,-5.23512873369519,0.254000000000434));
#4093=CARTESIAN_POINT('',(-1.83580653786367,-5.23512873369519,0.254000000000434));
#4094=CARTESIAN_POINT('',(-1.83580653786375,-4.72708591335103,0.254000000000316));
#4095=CARTESIAN_POINT('Origin',(-1.83580653786369,-4.14523760191321,0.254000000000434));
#4096=CARTESIAN_POINT('',(-0.745915406081959,-4.14523760191338,-0.253999999999643));
#4097=CARTESIAN_POINT('Origin',(-1.83580653786372,-4.14523760191338,-0.25399999999956));
#4098=CARTESIAN_POINT('',(-0.745915406081973,-4.14523760191321,0.254000000000476));
#4099=CARTESIAN_POINT('',(-0.745915406081973,-4.14523760191321,0.254000000000476));
#4100=CARTESIAN_POINT('Origin',(-1.83580653786369,-4.14523760191321,0.254000000000434));
#4101=CARTESIAN_POINT('Origin',(-0.74591540608189,-1.19969654786217,0.254000000000365));
#4102=CARTESIAN_POINT('',(-0.745915406081973,-1.19969654786239,-0.253999999999623));
#4103=CARTESIAN_POINT('',(-0.745915406081973,-1.19969654786239,-0.253999999999623));
#4104=CARTESIAN_POINT('',(-0.74591540608189,-1.19969654786217,0.254000000000365));
#4105=CARTESIAN_POINT('',(-0.74591540608189,-1.19969654786217,0.254000000000365));
#4106=CARTESIAN_POINT('',(-0.74591540608189,-1.19969654786217,0.254000000000365));
#4107=CARTESIAN_POINT('Origin',(-0.204284382073233,-1.19969654786223,0.254000000000407));
#4108=CARTESIAN_POINT('',(0.337346641935451,-1.19969654786223,-0.253999999999595));
#4109=CARTESIAN_POINT('Origin',(-0.204284382073275,-1.19969654786228,-0.253999999999567));
#4110=CARTESIAN_POINT('',(0.337346641935368,-1.19969654786223,0.254000000000344));
#4111=CARTESIAN_POINT('',(0.337346641935368,-1.19969654786223,0.254000000000344));
#4112=CARTESIAN_POINT('Origin',(-0.204284382073233,-1.19969654786223,0.254000000000407));
#4113=CARTESIAN_POINT('Origin',(0.337346641935368,-1.19969654786223,0.254000000000344));
#4114=CARTESIAN_POINT('',(0.337346641935396,-4.14523760191332,-0.253999999999588));
#4115=CARTESIAN_POINT('',(0.337346641935451,-1.19969654786223,-0.253999999999595));
#4116=CARTESIAN_POINT('',(0.337346641935368,-4.14523760191338,0.254000000000427));
#4117=CARTESIAN_POINT('',(0.337346641935368,-4.14523760191338,0.254000000000427));
#4118=CARTESIAN_POINT('',(0.337346641935368,-1.19969654786223,0.254000000000344));
#4119=CARTESIAN_POINT('Origin',(1.43901698549974,-4.14523760191332,0.254000000000525));
#4120=CARTESIAN_POINT('Origin',(1.43901698549982,-4.14523760191343,-0.253999999999685));
#4121=CARTESIAN_POINT('Origin',(1.43901698549974,-4.14523760191332,0.254000000000525));
#4122=CARTESIAN_POINT('Origin',(1.43195782667575,-4.14523760191343,0.254000000000421));
#4123=CARTESIAN_POINT('Origin',(1.43195782667585,-4.14523760191332,-0.253999999999623));
#4124=CARTESIAN_POINT('Origin',(1.43195782667575,-4.14523760191343,0.254000000000421));
#4125=CARTESIAN_POINT('Origin',(1.43195782667575,-4.14523760191343,0.254000000000421));
#4126=CARTESIAN_POINT('Origin',(1.43195782667585,-4.14523760191332,-0.253999999999623));
#4127=CARTESIAN_POINT('Origin',(1.42370819430521,0.489066579235808,-2.53999999999946));
#4128=CARTESIAN_POINT('',(3.32870819430521,0.489066579235753,-2.53999999999952));
#4129=CARTESIAN_POINT('Origin',(3.32870819430522,1.75906657923586,-2.53999999999955));
#4130=CARTESIAN_POINT('Origin',(5.34974456130061,-4.00660924548918,-2.53999999999961));
#4131=CARTESIAN_POINT('',(5.34974456130062,-5.85939242189321,-2.53999999999965));
#4132=CARTESIAN_POINT('',(5.34974456130061,-4.00660924548918,-2.53999999999961));
#4133=CARTESIAN_POINT('Origin',(3.08567182730964,-5.85939242189315,-2.53999999999959));
#4134=CARTESIAN_POINT('',(3.08567182730964,-5.85939242189315,-2.53999999999959));
#4135=CARTESIAN_POINT('Origin',(3.08567182730954,-4.00660924548923,-2.5399999999996));
#4136=CARTESIAN_POINT('',(3.08567182730954,-4.00660924548923,-2.5399999999996));
#4137=CARTESIAN_POINT('Origin',(3.08567182730954,-4.00660924548923,-2.5399999999996));
#4138=CARTESIAN_POINT('Origin',(-2.09333611727601,-13.9889334207644,0.317500000000373));
#4139=CARTESIAN_POINT('',(-2.09333611727595,-13.3539334207644,0.317500000000401));
#4140=CARTESIAN_POINT('',(-2.0933361172757,-7.13093342076449,0.317500000000442));
#4141=CARTESIAN_POINT('',(-2.09333611727601,-13.9889334207644,0.317500000000373));
#4142=CARTESIAN_POINT('',(-2.093336117276,-13.3539334207646,-0.317499999999582));
#4143=CARTESIAN_POINT('',(-2.093336117276,-13.3539334207646,-0.317499999999582));
#4144=CARTESIAN_POINT('',(-2.09333611727573,-7.13093342076465,-0.317499999999624));
#4145=CARTESIAN_POINT('',(-2.09333611727604,-13.9889334207643,-0.317499999999686));
#4146=CARTESIAN_POINT('',(-2.0933361172757,-7.13093342076449,0.317500000000442));
#4147=CARTESIAN_POINT('Origin',(-7.17333611727601,-13.9889334207646,0.317500000000394));
#4148=CARTESIAN_POINT('',(-1.83933611727556,0.489066579235808,0.317500000000387));
#4149=CARTESIAN_POINT('',(-3.74433611727569,0.489066579235753,0.317500000000415));
#4150=CARTESIAN_POINT('',(-7.17333611727566,0.489066579235697,0.317500000000338));
#4151=CARTESIAN_POINT('',(-3.74433611727568,1.7590665792358,0.317500000000304));
#4152=CARTESIAN_POINT('',(-3.74433611727605,-13.9889334207644,0.317500000000387));
#4153=CARTESIAN_POINT('',(-7.42733611727572,1.75906657923586,0.317500000000435));
#4154=CARTESIAN_POINT('',(-7.42733611727572,1.75906657923586,0.317500000000435));
#4155=CARTESIAN_POINT('',(-7.42733611727571,-7.1309334207646,0.317500000000442));
#4156=CARTESIAN_POINT('',(-7.42733611727572,1.75906657923586,0.317500000000435));
#4157=CARTESIAN_POINT('',(-7.17333611727575,-7.13093342076443,0.317500000000359));
#4158=CARTESIAN_POINT('',(-7.42733611727571,-7.1309334207646,0.317500000000442));
#4159=CARTESIAN_POINT('',(-7.17333611727598,-13.3539334207645,0.317500000000352));
#4160=CARTESIAN_POINT('',(-7.17333611727601,-13.9889334207646,0.317500000000394));
#4161=CARTESIAN_POINT('',(-6.53833611727607,-13.9889334207645,0.317500000000359));
#4162=CARTESIAN_POINT('',(-6.53833611727607,-13.9889334207645,0.317500000000359));
#4163=CARTESIAN_POINT('',(-2.72833611727601,-13.9889334207644,0.317500000000387));
#4164=CARTESIAN_POINT('',(-7.17333611727601,-13.9889334207646,0.317500000000394));
#4165=CARTESIAN_POINT('',(-2.72833611727601,-13.9889334207644,0.317500000000387));
#4166=CARTESIAN_POINT('',(-1.83933611727573,-7.13093342076454,0.317500000000456));
#4167=CARTESIAN_POINT('',(-7.42733611727571,-7.1309334207646,0.317500000000442));
#4168=CARTESIAN_POINT('',(-1.83933611727564,1.7590665792358,0.317500000000401));
#4169=CARTESIAN_POINT('',(-3.42735193162268,-4.00660924548923,0.31750000000054));
#4170=CARTESIAN_POINT('',(-5.69142466561393,-4.00660924548923,0.31750000000038));
#4171=CARTESIAN_POINT('',(-5.69142466561393,-4.00660924548923,0.31750000000038));
#4172=CARTESIAN_POINT('',(-3.42735193162268,-5.85939242189287,0.317500000000408));
#4173=CARTESIAN_POINT('',(-3.42735193162268,-4.00660924548923,0.31750000000054));
#4174=CARTESIAN_POINT('',(-5.69142466561393,-5.85939242189265,0.317500000000366));
#4175=CARTESIAN_POINT('',(-5.69142466561393,-5.85939242189265,0.317500000000366));
#4176=CARTESIAN_POINT('',(-5.69142466561393,-4.00660924548923,0.31750000000038));
#4177=CARTESIAN_POINT('Origin',(-7.17333611727601,-13.9889334207646,0.317500000000394));
#4178=CARTESIAN_POINT('',(-7.17333611727607,-13.3539334207645,-0.317499999999651));
#4179=CARTESIAN_POINT('',(-7.17333611727564,-7.13093342076471,-0.317499999999526));
#4180=CARTESIAN_POINT('',(-7.17333611727596,-13.9889334207644,-0.31749999999954));
#4181=CARTESIAN_POINT('',(-7.17333611727598,-13.3539334207645,0.317500000000352));
#4182=CARTESIAN_POINT('',(-7.17333611727575,-7.13093342076443,0.317500000000359));
#4183=CARTESIAN_POINT('Origin',(-7.17333611727596,-13.9889334207644,-0.31749999999954));
#4184=CARTESIAN_POINT('',(-3.74433611727561,1.75906657923575,-0.317499999999644));
#4185=CARTESIAN_POINT('',(-7.42733611727571,1.75906657923569,-0.317499999999693));
#4186=CARTESIAN_POINT('',(-1.83933611727569,1.75906657923569,-0.317499999999665));
#4187=CARTESIAN_POINT('',(-3.74433611727566,0.489066579235864,-0.31749999999961));
#4188=CARTESIAN_POINT('',(-3.74433611727606,-13.9889334207646,-0.317499999999533));
#4189=CARTESIAN_POINT('',(-1.83933611727563,0.489066579235864,-0.317499999999568));
#4190=CARTESIAN_POINT('',(-7.17333611727566,0.489066579235864,-0.317499999999554));
#4191=CARTESIAN_POINT('',(-1.83933611727567,-7.13093342076465,-0.317499999999526));
#4192=CARTESIAN_POINT('',(-1.83933611727569,1.75906657923569,-0.317499999999665));
#4193=CARTESIAN_POINT('',(-1.83933611727567,-7.13093342076465,-0.317499999999526));
#4194=CARTESIAN_POINT('',(-2.72833611727606,-13.9889334207645,-0.317499999999651));
#4195=CARTESIAN_POINT('',(-2.72833611727606,-13.9889334207645,-0.317499999999651));
#4196=CARTESIAN_POINT('',(-6.53833611727601,-13.9889334207646,-0.317499999999575));
#4197=CARTESIAN_POINT('',(-7.17333611727596,-13.9889334207644,-0.31749999999954));
#4198=CARTESIAN_POINT('',(-6.53833611727601,-13.9889334207646,-0.317499999999575));
#4199=CARTESIAN_POINT('',(-7.42733611727575,-7.13093342076471,-0.317499999999589));
#4200=CARTESIAN_POINT('',(-1.83933611727567,-7.13093342076465,-0.317499999999526));
#4201=CARTESIAN_POINT('',(-7.42733611727571,1.75906657923569,-0.317499999999693));
#4202=CARTESIAN_POINT('',(-5.69142466561391,-5.85939242189326,-0.31749999999961));
#4203=CARTESIAN_POINT('',(-3.42735193162271,-5.85939242189315,-0.317499999999568));
#4204=CARTESIAN_POINT('',(-7.17333611727568,-5.85939242189332,-0.31749999999961));
#4205=CARTESIAN_POINT('',(-3.42735193162272,-4.00660924548901,-0.317499999999582));
#4206=CARTESIAN_POINT('',(-3.42735193162305,-13.9889334207644,-0.31749999999961));
#4207=CARTESIAN_POINT('',(-5.69142466561387,-4.00660924548912,-0.31749999999952));
#4208=CARTESIAN_POINT('',(-7.17333611727565,-4.00660924548901,-0.317499999999596));
#4209=CARTESIAN_POINT('',(-5.69142466561432,-13.9889334207645,-0.317499999999575));
#4210=CARTESIAN_POINT('Origin',(-9.85322934354827E-13,-13.9889334207645,
4.44089209850063E-13));
#4211=CARTESIAN_POINT('',(-2.72833611727601,-13.9889334207644,0.317500000000387));
#4212=CARTESIAN_POINT('',(-6.53833611727601,-13.9889334207646,-0.317499999999575));
#4213=CARTESIAN_POINT('Origin',(-2.72833611727608,-13.9889334207647,3.53883589099269E-13));
#4214=CARTESIAN_POINT('Origin',(-6.53833611727608,-13.9889334207645,3.53883589099269E-13));
#4215=CARTESIAN_POINT('Origin',(-6.24500451351651E-13,-7.13093342076421,
4.78783679369599E-13));
#4216=CARTESIAN_POINT('',(-1.83933611727573,-7.13093342076454,0.317500000000456));
#4217=CARTESIAN_POINT('Origin',(-7.42733611727571,1.75906657923569,-0.317499999999693));
#4218=CARTESIAN_POINT('',(-7.42733611727575,-7.13093342076471,-0.317499999999589));
#4219=CARTESIAN_POINT('',(-7.42733611727571,1.75906657923569,-0.317499999999693));
#4220=CARTESIAN_POINT('Origin',(-1.83933611727564,1.7590665792358,0.317500000000401));
#4221=CARTESIAN_POINT('',(-1.83933611727567,0.489066579235864,-2.53999999999949));
#4222=CARTESIAN_POINT('Origin',(-5.82867087928207E-13,1.75906657923575,
4.44089209850063E-13));
#4223=CARTESIAN_POINT('',(-3.74433611727562,1.75906657923569,4.64905891561784E-13));
#4224=CARTESIAN_POINT('Origin',(-6.24500451351651E-13,-7.13093342076421,
4.78783679369599E-13));
#4225=CARTESIAN_POINT('Origin',(-3.74433611727572,0.489066579235808,-2.53999999999952));
#4226=CARTESIAN_POINT('',(-3.74433611727572,0.489066579235808,-2.53999999999952));
#4227=CARTESIAN_POINT('Origin',(-3.74433611727566,1.75906657923575,-2.53999999999953));
#4228=CARTESIAN_POINT('Origin',(-3.42735193162271,-4.00660924548929,-2.53999999999955));
#4229=CARTESIAN_POINT('',(-3.42735193162275,-5.85939242189321,-2.53999999999965));
#4230=CARTESIAN_POINT('',(-3.42735193162271,-4.00660924548929,-2.53999999999955));
#4231=CARTESIAN_POINT('Origin',(-5.69142466561391,-5.85939242189321,-2.53999999999966));
#4232=CARTESIAN_POINT('',(-5.69142466561391,-5.85939242189321,-2.53999999999966));
#4233=CARTESIAN_POINT('Origin',(-5.69142466561391,-4.00660924548923,-2.53999999999961));
#4234=CARTESIAN_POINT('',(-5.69142466561391,-4.00660924548923,-2.53999999999961));
#4235=CARTESIAN_POINT('Origin',(-5.69142466561391,-4.00660924548923,-2.53999999999961));
#4236=CARTESIAN_POINT('Origin',(8.44549999999984,-7.13093342076446,1.58750000000013));
#4237=CARTESIAN_POINT('',(8.44549999999987,0.870066579235593,1.58750000000011));
#4238=CARTESIAN_POINT('',(3.17499999999982,0.870066579235634,1.58750000000013));
#4239=CARTESIAN_POINT('',(8.44549999999987,0.870066579235593,1.58750000000011));
#4240=CARTESIAN_POINT('',(3.17499999999987,-7.13093342076439,1.58750000000009));
#4241=CARTESIAN_POINT('',(3.17499999999987,-7.13093342076439,1.58750000000009));
#4242=CARTESIAN_POINT('',(8.44549999999984,-7.13093342076446,1.58750000000013));
#4243=CARTESIAN_POINT('',(8.44549999999984,-7.13093342076446,1.58750000000013));
#4244=CARTESIAN_POINT('',(8.44549999999984,-7.13093342076446,1.58750000000013));
#4245=CARTESIAN_POINT('Origin',(8.44549999999985,0.870066579235607,-1.58749999999987));
#4246=CARTESIAN_POINT('',(8.4454999999998,-7.13093342076443,-1.5874999999998));
#4247=CARTESIAN_POINT('',(3.17499999999983,-7.13093342076454,-1.58749999999987));
#4248=CARTESIAN_POINT('',(8.4454999999998,-7.13093342076443,-1.5874999999998));
#4249=CARTESIAN_POINT('',(3.17499999999978,0.870066579235537,-1.58749999999994));
#4250=CARTESIAN_POINT('',(3.17499999999978,0.870066579235537,-1.58749999999994));
#4251=CARTESIAN_POINT('',(8.44549999999985,0.870066579235607,-1.58749999999987));
#4252=CARTESIAN_POINT('',(8.44549999999985,0.870066579235607,-1.58749999999987));
#4253=CARTESIAN_POINT('',(8.44549999999985,0.870066579235607,-1.58749999999987));
#4254=CARTESIAN_POINT('Origin',(9.52499999999981,4.55306657923558,-2.53999999999985));
#4255=CARTESIAN_POINT('',(-1.58750000000017,2.39406657923569,-2.53999999999992));
#4256=CARTESIAN_POINT('',(-2.22250000000018,2.39406657923558,-2.53999999999986));
#4257=CARTESIAN_POINT('',(9.52499999999974,2.39406657923547,-2.53999999999988));
#4258=CARTESIAN_POINT('',(-2.2225000000001,4.55306657923561,-2.53999999999979));
#4259=CARTESIAN_POINT('',(-2.2225000000001,-7.13093342076443,-2.53999999999982));
#4260=CARTESIAN_POINT('',(-1.5875000000002,4.55306657923563,-2.5399999999999));
#4261=CARTESIAN_POINT('',(9.52499999999981,4.55306657923558,-2.53999999999985));
#4262=CARTESIAN_POINT('',(-1.58750000000009,-7.13093342076432,-2.53999999999989));
#4263=CARTESIAN_POINT('Origin',(9.52499999999981,4.55306657923558,-2.53999999999985));
#4264=CARTESIAN_POINT('',(-2.8575000000001,4.55306657923561,-2.53999999999991));
#4265=CARTESIAN_POINT('',(-3.49250000000013,4.55306657923564,-2.53999999999983));
#4266=CARTESIAN_POINT('',(9.52499999999981,4.55306657923558,-2.53999999999985));
#4267=CARTESIAN_POINT('',(-2.85750000000023,2.39406657923559,-2.53999999999988));
#4268=CARTESIAN_POINT('',(-2.85750000000003,-7.13093342076443,-2.53999999999983));
#4269=CARTESIAN_POINT('',(-3.49250000000015,2.39406657923563,-2.53999999999976));
#4270=CARTESIAN_POINT('',(9.52499999999974,2.39406657923547,-2.53999999999988));
#4271=CARTESIAN_POINT('',(-3.49250000000015,-7.13093342076443,-2.53999999999988));
#4272=CARTESIAN_POINT('Origin',(9.52499999999981,4.55306657923558,-2.53999999999985));
#4273=CARTESIAN_POINT('',(8.57249999999983,2.39406657923553,-2.5399999999999));
#4274=CARTESIAN_POINT('',(7.93749999999981,2.39406657923549,-2.53999999999979));
#4275=CARTESIAN_POINT('',(9.52499999999974,2.39406657923547,-2.53999999999988));
#4276=CARTESIAN_POINT('',(7.93749999999982,4.55306657923556,-2.53999999999987));
#4277=CARTESIAN_POINT('',(7.93749999999977,-7.13093342076449,-2.5399999999999));
#4278=CARTESIAN_POINT('',(8.57249999999982,4.5530665792355,-2.53999999999989));
#4279=CARTESIAN_POINT('',(9.52499999999981,4.55306657923558,-2.53999999999985));
#4280=CARTESIAN_POINT('',(8.57249999999978,-7.13093342076444,-2.53999999999989));
#4281=CARTESIAN_POINT('Origin',(9.52499999999981,4.55306657923558,-2.53999999999985));
#4282=CARTESIAN_POINT('',(7.30249999999982,4.55306657923557,-2.53999999999988));
#4283=CARTESIAN_POINT('',(6.66749999999981,4.55306657923563,-2.53999999999993));
#4284=CARTESIAN_POINT('',(9.52499999999981,4.55306657923558,-2.53999999999985));
#4285=CARTESIAN_POINT('',(7.30249999999981,2.39406657923552,-2.53999999999986));
#4286=CARTESIAN_POINT('',(7.30249999999978,-7.13093342076444,-2.53999999999985));
#4287=CARTESIAN_POINT('',(6.66749999999979,2.39406657923552,-2.53999999999983));
#4288=CARTESIAN_POINT('',(9.52499999999974,2.39406657923547,-2.53999999999988));
#4289=CARTESIAN_POINT('',(6.66749999999976,-7.13093342076443,-2.53999999999976));
#4290=CARTESIAN_POINT('Origin',(9.52499999999981,4.55306657923558,-2.53999999999985));
#4291=CARTESIAN_POINT('',(9.52499999999974,2.39406657923547,-2.53999999999988));
#4292=CARTESIAN_POINT('',(9.20749999999978,2.39406657923549,-2.53999999999989));
#4293=CARTESIAN_POINT('',(9.52499999999974,2.39406657923547,-2.53999999999988));
#4294=CARTESIAN_POINT('',(9.20749999999977,4.55306657923557,-2.53999999999987));
#4295=CARTESIAN_POINT('',(9.20749999999978,-7.13093342076451,-2.53999999999991));
#4296=CARTESIAN_POINT('',(9.52499999999981,4.55306657923558,-2.53999999999985));
#4297=CARTESIAN_POINT('',(9.52499999999981,4.55306657923558,-2.53999999999985));
#4298=CARTESIAN_POINT('',(9.52499999999981,4.55306657923558,-2.53999999999985));
#4299=CARTESIAN_POINT('Origin',(9.52499999999981,4.55306657923558,-2.53999999999985));
#4300=CARTESIAN_POINT('',(3.49249999999983,2.39406657923563,-2.53999999999989));
#4301=CARTESIAN_POINT('',(2.85749999999982,2.39406657923549,-2.53999999999981));
#4302=CARTESIAN_POINT('',(9.52499999999974,2.39406657923547,-2.53999999999988));
#4303=CARTESIAN_POINT('',(2.85749999999989,4.5530665792356,-2.53999999999979));
#4304=CARTESIAN_POINT('',(2.85749999999996,-7.13093342076451,-2.53999999999988));
#4305=CARTESIAN_POINT('',(3.49249999999983,4.55306657923556,-2.53999999999985));
#4306=CARTESIAN_POINT('',(9.52499999999981,4.55306657923558,-2.53999999999985));
#4307=CARTESIAN_POINT('',(3.49249999999993,-7.13093342076444,-2.53999999999988));
#4308=CARTESIAN_POINT('Origin',(9.52499999999981,4.55306657923558,-2.53999999999985));
#4309=CARTESIAN_POINT('',(2.22249999999985,4.55306657923564,-2.53999999999986));
#4310=CARTESIAN_POINT('',(1.58749999999974,4.55306657923563,-2.53999999999981));
#4311=CARTESIAN_POINT('',(9.52499999999981,4.55306657923558,-2.53999999999985));
#4312=CARTESIAN_POINT('',(2.22249999999984,2.39406657923555,-2.53999999999985));
#4313=CARTESIAN_POINT('',(2.22249999999988,-7.13093342076443,-2.53999999999992));
#4314=CARTESIAN_POINT('',(1.58749999999984,2.3940665792356,-2.53999999999982));
#4315=CARTESIAN_POINT('',(9.52499999999974,2.39406657923547,-2.53999999999988));
#4316=CARTESIAN_POINT('',(1.58749999999996,-7.13093342076437,-2.53999999999986));
#4317=CARTESIAN_POINT('Origin',(9.52499999999981,4.55306657923558,-2.53999999999985));
#4318=CARTESIAN_POINT('',(6.03249999999982,4.55306657923563,-2.53999999999992));
#4319=CARTESIAN_POINT('',(5.39749999999982,4.55306657923565,-2.53999999999994));
#4320=CARTESIAN_POINT('',(9.52499999999981,4.55306657923558,-2.53999999999985));
#4321=CARTESIAN_POINT('',(6.0324999999998,2.39406657923558,-2.53999999999992));
#4322=CARTESIAN_POINT('',(6.03249999999978,-7.13093342076443,-2.53999999999988));
#4323=CARTESIAN_POINT('',(5.39749999999983,2.39406657923555,-2.53999999999988));
#4324=CARTESIAN_POINT('',(9.52499999999974,2.39406657923547,-2.53999999999988));
#4325=CARTESIAN_POINT('',(5.39749999999979,-7.13093342076439,-2.53999999999992));
#4326=CARTESIAN_POINT('Origin',(9.52499999999981,4.55306657923558,-2.53999999999985));
#4327=CARTESIAN_POINT('',(4.76249999999984,4.55306657923557,-2.53999999999986));
#4328=CARTESIAN_POINT('',(4.12749999999988,4.5530665792356,-2.53999999999981));
#4329=CARTESIAN_POINT('',(9.52499999999981,4.55306657923558,-2.53999999999985));
#4330=CARTESIAN_POINT('',(4.76249999999982,2.39406657923555,-2.53999999999989));
#4331=CARTESIAN_POINT('',(4.7624999999998,-7.13093342076439,-2.53999999999986));
#4332=CARTESIAN_POINT('',(4.12749999999976,2.39406657923563,-2.53999999999992));
#4333=CARTESIAN_POINT('',(9.52499999999974,2.39406657923547,-2.53999999999988));
#4334=CARTESIAN_POINT('',(4.12749999999989,-7.13093342076444,-2.53999999999985));
#4335=CARTESIAN_POINT('Origin',(9.52499999999981,4.55306657923558,-2.53999999999985));
#4336=CARTESIAN_POINT('',(-0.317500000000165,2.39406657923558,-2.53999999999993));
#4337=CARTESIAN_POINT('',(-0.952500000000203,2.39406657923563,-2.53999999999995));
#4338=CARTESIAN_POINT('',(9.52499999999974,2.39406657923547,-2.53999999999988));
#4339=CARTESIAN_POINT('',(-0.952500000000231,4.55306657923571,-2.53999999999982));
#4340=CARTESIAN_POINT('',(-0.952500000000092,-7.13093342076432,-2.53999999999983));
#4341=CARTESIAN_POINT('',(-0.317500000000179,4.55306657923571,-2.53999999999988));
#4342=CARTESIAN_POINT('',(9.52499999999981,4.55306657923558,-2.53999999999985));
#4343=CARTESIAN_POINT('',(-0.317500000000054,-7.13093342076435,-2.53999999999983));
#4344=CARTESIAN_POINT('Origin',(9.52499999999981,4.55306657923558,-2.53999999999985));
#4345=CARTESIAN_POINT('',(-6.66750000000022,2.39406657923563,-2.53999999999989));
#4346=CARTESIAN_POINT('',(-7.30250000000018,2.3940665792356,-2.53999999999986));
#4347=CARTESIAN_POINT('',(9.52499999999974,2.39406657923547,-2.53999999999988));
#4348=CARTESIAN_POINT('',(-7.30250000000007,4.55306657923563,-2.53999999999983));
#4349=CARTESIAN_POINT('',(-7.30250000000005,-7.1309334207644,-2.53999999999989));
#4350=CARTESIAN_POINT('',(-6.66750000000009,4.55306657923563,-2.53999999999992));
#4351=CARTESIAN_POINT('',(9.52499999999981,4.55306657923558,-2.53999999999985));
#4352=CARTESIAN_POINT('',(-6.66750000000005,-7.13093342076432,-2.54));
#4353=CARTESIAN_POINT('Origin',(9.52499999999981,4.55306657923558,-2.53999999999985));
#4354=CARTESIAN_POINT('',(-7.93750000000014,4.55306657923563,-2.53999999999994));
#4355=CARTESIAN_POINT('',(-8.57250000000014,4.55306657923545,-2.53999999999994));
#4356=CARTESIAN_POINT('',(9.52499999999981,4.55306657923558,-2.53999999999985));
#4357=CARTESIAN_POINT('',(-7.93750000000018,2.39406657923563,-2.53999999999982));
#4358=CARTESIAN_POINT('',(-7.93750000000007,-7.13093342076437,-2.53999999999994));
#4359=CARTESIAN_POINT('',(-8.5725000000002,2.39406657923551,-2.53999999999986));
#4360=CARTESIAN_POINT('',(9.52499999999974,2.39406657923547,-2.53999999999988));
#4361=CARTESIAN_POINT('',(-8.57250000000009,-7.13093342076449,-2.5399999999998));
#4362=CARTESIAN_POINT('Origin',(9.52499999999981,4.55306657923558,-2.53999999999985));
#4363=CARTESIAN_POINT('',(-4.1275000000001,4.55306657923557,-2.53999999999989));
#4364=CARTESIAN_POINT('',(-4.76250000000006,4.5530665792356,-2.5399999999999));
#4365=CARTESIAN_POINT('',(9.52499999999981,4.55306657923558,-2.53999999999985));
#4366=CARTESIAN_POINT('',(-4.12750000000015,2.3940665792356,-2.53999999999986));
#4367=CARTESIAN_POINT('',(-4.12750000000009,-7.13093342076443,-2.53999999999992));
#4368=CARTESIAN_POINT('',(-4.76250000000021,2.39406657923558,-2.53999999999988));
#4369=CARTESIAN_POINT('',(9.52499999999974,2.39406657923547,-2.53999999999988));
#4370=CARTESIAN_POINT('',(-4.7625000000001,-7.13093342076443,-2.53999999999992));
#4371=CARTESIAN_POINT('Origin',(9.52499999999981,4.55306657923558,-2.53999999999985));
#4372=CARTESIAN_POINT('',(-5.39750000000017,4.55306657923571,-2.53999999999992));
#4373=CARTESIAN_POINT('',(-6.03250000000025,4.55306657923565,-2.53999999999982));
#4374=CARTESIAN_POINT('',(9.52499999999981,4.55306657923558,-2.53999999999985));
#4375=CARTESIAN_POINT('',(-5.39750000000018,2.39406657923563,-2.53999999999988));
#4376=CARTESIAN_POINT('',(-5.39750000000003,-7.13093342076437,-2.53999999999989));
#4377=CARTESIAN_POINT('',(-6.03250000000016,2.39406657923563,-2.53999999999988));
#4378=CARTESIAN_POINT('',(9.52499999999974,2.39406657923547,-2.53999999999988));
#4379=CARTESIAN_POINT('',(-6.03250000000011,-7.13093342076433,-2.53999999999992));
#4380=CARTESIAN_POINT('Origin',(9.52499999999981,4.55306657923558,-2.53999999999985));
#4381=CARTESIAN_POINT('',(0.952499999999801,4.55306657923558,-2.53999999999985));
#4382=CARTESIAN_POINT('',(0.317499999999749,4.55306657923565,-2.53999999999985));
#4383=CARTESIAN_POINT('',(9.52499999999981,4.55306657923558,-2.53999999999985));
#4384=CARTESIAN_POINT('',(0.952499999999856,2.39406657923549,-2.53999999999991));
#4385=CARTESIAN_POINT('',(0.952499999999926,-7.13093342076443,-2.53999999999992));
#4386=CARTESIAN_POINT('',(0.317499999999832,2.39406657923562,-2.53999999999989));
#4387=CARTESIAN_POINT('',(9.52499999999974,2.39406657923547,-2.53999999999988));
#4388=CARTESIAN_POINT('',(0.317499999999873,-7.13093342076432,-2.53999999999992));
#4389=CARTESIAN_POINT('Origin',(9.52499999999981,4.55306657923563,2.54000000000013));
#4390=CARTESIAN_POINT('',(-2.85750000000008,2.3940665792356,2.54000000000019));
#4391=CARTESIAN_POINT('',(-3.49250000000015,2.39406657923562,2.54000000000011));
#4392=CARTESIAN_POINT('',(9.52499999999977,2.39406657923556,2.54000000000013));
#4393=CARTESIAN_POINT('',(-2.85750000000015,4.55306657923565,2.54000000000014));
#4394=CARTESIAN_POINT('',(-2.85750000000018,-7.13093342076432,2.54000000000014));
#4395=CARTESIAN_POINT('',(-3.49250000000015,4.55306657923567,2.54000000000017));
#4396=CARTESIAN_POINT('',(9.52499999999981,4.55306657923563,2.54000000000013));
#4397=CARTESIAN_POINT('',(-3.49250000000013,-7.13093342076437,2.54000000000011));
#4398=CARTESIAN_POINT('Origin',(9.52499999999981,4.55306657923563,2.54000000000013));
#4399=CARTESIAN_POINT('',(-4.12750000000015,2.39406657923563,2.54000000000015));
#4400=CARTESIAN_POINT('',(-4.76250000000014,2.3940665792356,2.54000000000015));
#4401=CARTESIAN_POINT('',(9.52499999999977,2.39406657923556,2.54000000000013));
#4402=CARTESIAN_POINT('',(-4.12750000000016,4.55306657923561,2.54000000000017));
#4403=CARTESIAN_POINT('',(-4.12750000000015,-7.13093342076432,2.54000000000011));
#4404=CARTESIAN_POINT('',(-4.76250000000014,4.55306657923556,2.54000000000015));
#4405=CARTESIAN_POINT('',(9.52499999999981,4.55306657923563,2.54000000000013));
#4406=CARTESIAN_POINT('',(-4.76250000000017,-7.13093342076443,2.54000000000013));
#4407=CARTESIAN_POINT('Origin',(9.52499999999981,4.55306657923563,2.54000000000013));
#4408=CARTESIAN_POINT('',(6.03249999999984,2.39406657923545,2.54000000000014));
#4409=CARTESIAN_POINT('',(5.3974999999998,2.39406657923558,2.54000000000019));
#4410=CARTESIAN_POINT('',(9.52499999999977,2.39406657923556,2.54000000000013));
#4411=CARTESIAN_POINT('',(6.03249999999983,4.55306657923549,2.54000000000024));
#4412=CARTESIAN_POINT('',(6.03249999999979,-7.13093342076449,2.54000000000008));
#4413=CARTESIAN_POINT('',(5.39749999999985,4.55306657923553,2.54000000000018));
#4414=CARTESIAN_POINT('',(9.52499999999981,4.55306657923563,2.54000000000013));
#4415=CARTESIAN_POINT('',(5.39749999999981,-7.13093342076443,2.54000000000019));
#4416=CARTESIAN_POINT('Origin',(9.52499999999981,4.55306657923563,2.54000000000013));
#4417=CARTESIAN_POINT('',(4.7624999999998,2.39406657923552,2.54000000000024));
#4418=CARTESIAN_POINT('',(4.12749999999989,2.39406657923552,2.54000000000022));
#4419=CARTESIAN_POINT('',(9.52499999999977,2.39406657923556,2.54000000000013));
#4420=CARTESIAN_POINT('',(4.76249999999981,4.55306657923565,2.54000000000014));
#4421=CARTESIAN_POINT('',(4.76249999999979,-7.13093342076443,2.54000000000004));
#4422=CARTESIAN_POINT('',(4.12749999999989,4.55306657923557,2.5400000000002));
#4423=CARTESIAN_POINT('',(9.52499999999981,4.55306657923563,2.54000000000013));
#4424=CARTESIAN_POINT('',(4.12749999999983,-7.13093342076443,2.54000000000017));
#4425=CARTESIAN_POINT('Origin',(9.52499999999981,4.55306657923563,2.54000000000013));
#4426=CARTESIAN_POINT('',(8.57249999999976,2.39406657923555,2.5400000000001));
#4427=CARTESIAN_POINT('',(7.93749999999981,2.39406657923559,2.54000000000015));
#4428=CARTESIAN_POINT('',(9.52499999999977,2.39406657923556,2.54000000000013));
#4429=CARTESIAN_POINT('',(8.5724999999998,4.55306657923554,2.54000000000008));
#4430=CARTESIAN_POINT('',(8.5724999999998,-7.13093342076437,2.54000000000017));
#4431=CARTESIAN_POINT('',(7.93749999999983,4.55306657923565,2.54000000000023));
#4432=CARTESIAN_POINT('',(9.52499999999981,4.55306657923563,2.54000000000013));
#4433=CARTESIAN_POINT('',(7.93749999999976,-7.13093342076444,2.54000000000015));
#4434=CARTESIAN_POINT('Origin',(9.52499999999981,4.55306657923563,2.54000000000013));
#4435=CARTESIAN_POINT('',(7.30249999999987,4.55306657923563,2.54000000000006));
#4436=CARTESIAN_POINT('',(6.66749999999978,4.55306657923557,2.54000000000013));
#4437=CARTESIAN_POINT('',(9.52499999999981,4.55306657923563,2.54000000000013));
#4438=CARTESIAN_POINT('',(6.6674999999998,2.39406657923555,2.54000000000009));
#4439=CARTESIAN_POINT('',(6.66749999999976,-7.13093342076443,2.54000000000013));
#4440=CARTESIAN_POINT('',(7.30249999999975,2.39406657923558,2.54000000000013));
#4441=CARTESIAN_POINT('',(9.52499999999977,2.39406657923556,2.54000000000013));
#4442=CARTESIAN_POINT('',(7.30249999999981,-7.13093342076457,2.54000000000008));
#4443=CARTESIAN_POINT('Origin',(9.52499999999981,4.55306657923563,2.54000000000013));
#4444=CARTESIAN_POINT('',(0.952499999999856,2.39406657923555,2.54000000000013));
#4445=CARTESIAN_POINT('',(0.317499999999887,2.39406657923552,2.54000000000012));
#4446=CARTESIAN_POINT('',(9.52499999999977,2.39406657923556,2.54000000000013));
#4447=CARTESIAN_POINT('',(0.952499999999884,4.55306657923557,2.54000000000012));
#4448=CARTESIAN_POINT('',(0.952499999999842,-7.13093342076443,2.54000000000015));
#4449=CARTESIAN_POINT('',(0.31749999999986,4.55306657923557,2.54000000000019));
#4450=CARTESIAN_POINT('',(9.52499999999981,4.55306657923563,2.54000000000013));
#4451=CARTESIAN_POINT('',(0.317499999999873,-7.13093342076443,2.54000000000019));
#4452=CARTESIAN_POINT('Origin',(9.52499999999981,4.55306657923563,2.54000000000013));
#4453=CARTESIAN_POINT('',(-0.317500000000109,2.39406657923545,2.54000000000019));
#4454=CARTESIAN_POINT('',(-0.952500000000134,2.39406657923549,2.54000000000019));
#4455=CARTESIAN_POINT('',(9.52499999999977,2.39406657923556,2.54000000000013));
#4456=CARTESIAN_POINT('',(-0.317500000000165,4.55306657923538,2.54000000000028));
#4457=CARTESIAN_POINT('',(-0.317500000000137,-7.1309334207646,2.54000000000016));
#4458=CARTESIAN_POINT('',(-0.952500000000148,4.55306657923538,2.54000000000017));
#4459=CARTESIAN_POINT('',(9.52499999999981,4.55306657923563,2.54000000000013));
#4460=CARTESIAN_POINT('',(-0.95250000000012,-7.13093342076457,2.54000000000022));
#4461=CARTESIAN_POINT('Origin',(9.52499999999981,4.55306657923563,2.54000000000013));
#4462=CARTESIAN_POINT('',(3.49249999999988,2.39406657923548,2.54000000000025));
#4463=CARTESIAN_POINT('',(2.85749999999985,2.39406657923556,2.54000000000017));
#4464=CARTESIAN_POINT('',(9.52499999999977,2.39406657923556,2.54000000000013));
#4465=CARTESIAN_POINT('',(3.49249999999987,4.55306657923564,2.54000000000014));
#4466=CARTESIAN_POINT('',(3.49249999999986,-7.13093342076449,2.5400000000001));
#4467=CARTESIAN_POINT('',(2.85749999999982,4.55306657923565,2.54000000000014));
#4468=CARTESIAN_POINT('',(9.52499999999981,4.55306657923563,2.54000000000013));
#4469=CARTESIAN_POINT('',(2.85749999999982,-7.13093342076451,2.54));
#4470=CARTESIAN_POINT('Origin',(9.52499999999981,4.55306657923563,2.54000000000013));
#4471=CARTESIAN_POINT('',(2.22249999999989,4.5530665792356,2.54000000000013));
#4472=CARTESIAN_POINT('',(1.58749999999987,4.55306657923558,2.5400000000002));
#4473=CARTESIAN_POINT('',(9.52499999999981,4.55306657923563,2.54000000000013));
#4474=CARTESIAN_POINT('',(1.58749999999984,2.39406657923549,2.54000000000014));
#4475=CARTESIAN_POINT('',(1.58749999999983,-7.13093342076446,2.54000000000022));
#4476=CARTESIAN_POINT('',(2.22249999999986,2.3940665792356,2.54000000000015));
#4477=CARTESIAN_POINT('',(9.52499999999977,2.39406657923556,2.54000000000013));
#4478=CARTESIAN_POINT('',(2.22249999999986,-7.13093342076443,2.5400000000001));
#4479=CARTESIAN_POINT('Origin',(9.52499999999981,4.55306657923563,2.54000000000013));
#4480=CARTESIAN_POINT('',(-1.5875000000001,4.5530665792356,2.54000000000017));
#4481=CARTESIAN_POINT('',(-2.22250000000014,4.55306657923564,2.54000000000021));
#4482=CARTESIAN_POINT('',(9.52499999999981,4.55306657923563,2.54000000000013));
#4483=CARTESIAN_POINT('',(-2.2225000000001,2.39406657923569,2.54000000000015));
#4484=CARTESIAN_POINT('',(-2.2225000000001,-7.13093342076435,2.54000000000017));
#4485=CARTESIAN_POINT('',(-1.58750000000014,2.39406657923569,2.54000000000013));
#4486=CARTESIAN_POINT('',(9.52499999999977,2.39406657923556,2.54000000000013));
#4487=CARTESIAN_POINT('',(-1.58750000000017,-7.13093342076443,2.54000000000016));
#4488=CARTESIAN_POINT('Origin',(9.52499999999981,4.55306657923563,2.54000000000013));
#4489=CARTESIAN_POINT('',(-7.93750000000013,2.3940665792356,2.5400000000002));
#4490=CARTESIAN_POINT('',(-8.57250000000009,2.39406657923558,2.5400000000001));
#4491=CARTESIAN_POINT('',(9.52499999999977,2.39406657923556,2.54000000000013));
#4492=CARTESIAN_POINT('',(-7.93750000000017,4.55306657923571,2.54000000000005));
#4493=CARTESIAN_POINT('',(-7.93750000000017,-7.13093342076432,2.5400000000001));
#4494=CARTESIAN_POINT('',(-8.57250000000014,4.55306657923563,2.54000000000019));
#4495=CARTESIAN_POINT('',(9.52499999999981,4.55306657923563,2.54000000000013));
#4496=CARTESIAN_POINT('',(-8.57250000000011,-7.13093342076432,2.54000000000021));
#4497=CARTESIAN_POINT('Origin',(9.52499999999981,4.55306657923563,2.54000000000013));
#4498=CARTESIAN_POINT('',(-9.20750000000009,2.39406657923563,2.54000000000017));
#4499=CARTESIAN_POINT('',(-9.52500000000007,2.39406657923555,2.5400000000001));
#4500=CARTESIAN_POINT('',(9.52499999999977,2.39406657923556,2.54000000000013));
#4501=CARTESIAN_POINT('',(-9.20750000000015,4.55306657923556,2.54000000000024));
#4502=CARTESIAN_POINT('',(-9.20750000000013,-7.13093342076435,2.54000000000017));
#4503=CARTESIAN_POINT('',(-9.52500000000012,4.55306657923565,2.54000000000014));
#4504=CARTESIAN_POINT('',(9.52499999999981,4.55306657923563,2.54000000000013));
#4505=CARTESIAN_POINT('',(-9.52500000000012,4.55306657923565,2.54000000000014));
#4506=CARTESIAN_POINT('Origin',(9.52499999999981,4.55306657923563,2.54000000000013));
#4507=CARTESIAN_POINT('',(-5.3975000000001,2.3940665792356,2.54000000000018));
#4508=CARTESIAN_POINT('',(-6.03250000000012,2.39406657923555,2.54000000000011));
#4509=CARTESIAN_POINT('',(9.52499999999977,2.39406657923556,2.54000000000013));
#4510=CARTESIAN_POINT('',(-5.39750000000013,4.55306657923563,2.54000000000016));
#4511=CARTESIAN_POINT('',(-5.39750000000015,-7.13093342076443,2.54000000000007));
#4512=CARTESIAN_POINT('',(-6.03250000000015,4.55306657923563,2.5400000000001));
#4513=CARTESIAN_POINT('',(9.52499999999981,4.55306657923563,2.54000000000013));
#4514=CARTESIAN_POINT('',(-6.03250000000015,-7.13093342076439,2.54000000000013));
#4515=CARTESIAN_POINT('Origin',(9.52499999999981,4.55306657923563,2.54000000000013));
#4516=CARTESIAN_POINT('',(-6.66750000000013,4.55306657923557,2.54000000000013));
#4517=CARTESIAN_POINT('',(-7.30250000000011,4.55306657923565,2.54000000000011));
#4518=CARTESIAN_POINT('',(9.52499999999981,4.55306657923563,2.54000000000013));
#4519=CARTESIAN_POINT('',(-7.30250000000013,2.39406657923563,2.54000000000014));
#4520=CARTESIAN_POINT('',(-7.30250000000013,-7.13093342076444,2.54000000000008));
#4521=CARTESIAN_POINT('',(-6.66750000000013,2.3940665792356,2.54000000000019));
#4522=CARTESIAN_POINT('',(9.52499999999977,2.39406657923556,2.54000000000013));
#4523=CARTESIAN_POINT('',(-6.66750000000013,-7.13093342076443,2.54000000000019));
#4524=CARTESIAN_POINT('Origin',(9.52499999999977,2.39406657923556,2.54000000000013));
#4525=CARTESIAN_POINT('',(-3.17500000000015,1.37806657923562,1.90500000000016));
#4526=CARTESIAN_POINT('',(3.17499999999983,1.37806657923539,1.90500000000023));
#4527=CARTESIAN_POINT('',(9.52499999999979,1.37806657923549,1.90500000000007));
#4528=CARTESIAN_POINT('',(3.17499999999986,2.39406657923562,2.54000000000014));
#4529=CARTESIAN_POINT('',(8.44549999999981,-0.14593342076448,0.952500000000099));
#4530=CARTESIAN_POINT('',(8.4454999999998,2.3940665792356,2.54000000000013));
#4531=CARTESIAN_POINT('',(9.5249999999998,-0.145933420764355,0.952500000000162));
#4532=CARTESIAN_POINT('',(9.5249999999998,-0.145933420764355,0.952500000000162));
#4533=CARTESIAN_POINT('',(9.52499999999977,2.39406657923556,2.54000000000013));
#4534=CARTESIAN_POINT('',(9.52499999999977,2.39406657923556,2.54000000000013));
#4535=CARTESIAN_POINT('',(9.20749999999981,2.39406657923555,2.54000000000028));
#4536=CARTESIAN_POINT('',(9.52499999999977,2.39406657923556,2.54000000000013));
#4537=CARTESIAN_POINT('Origin',(8.88999999999979,2.39406657923556,2.5400000000002));
#4538=CARTESIAN_POINT('Origin',(7.61999999999978,2.3940665792356,2.54000000000015));
#4539=CARTESIAN_POINT('Origin',(6.34999999999982,2.39406657923548,2.5400000000001));
#4540=CARTESIAN_POINT('Origin',(5.0799999999998,2.39406657923557,2.54000000000023));
#4541=CARTESIAN_POINT('Origin',(3.80999999999989,2.39406657923553,2.54000000000026));
#4542=CARTESIAN_POINT('Origin',(2.53999999999985,2.39406657923558,2.54000000000016));
#4543=CARTESIAN_POINT('Origin',(1.26999999999985,2.39406657923551,2.54000000000013));
#4544=CARTESIAN_POINT('Origin',(-1.11022302462516E-13,2.3940665792355,2.54000000000017));
#4545=CARTESIAN_POINT('Origin',(-1.27000000000014,2.39406657923561,2.54000000000017));
#4546=CARTESIAN_POINT('Origin',(-2.54000000000009,2.39406657923564,2.54000000000017));
#4547=CARTESIAN_POINT('Origin',(-3.81000000000015,2.39406657923561,2.54000000000012));
#4548=CARTESIAN_POINT('Origin',(-5.08000000000012,2.39406657923557,2.54000000000015));
#4549=CARTESIAN_POINT('Origin',(-6.35000000000013,2.39406657923559,2.54000000000016));
#4550=CARTESIAN_POINT('Origin',(-7.62000000000013,2.39406657923562,2.54000000000017));
#4551=CARTESIAN_POINT('Origin',(-8.89000000000009,2.39406657923558,2.54000000000012));
#4552=CARTESIAN_POINT('',(-9.52500000000019,-0.145933420764466,0.952500000000189));
#4553=CARTESIAN_POINT('',(-9.52500000000007,2.39406657923555,2.5400000000001));
#4554=CARTESIAN_POINT('',(-8.44550000000017,-0.145933420764494,0.952500000000231));
#4555=CARTESIAN_POINT('',(9.5249999999998,-0.145933420764355,0.952500000000162));
#4556=CARTESIAN_POINT('',(-8.44550000000012,0.870066579235468,1.58750000000017));
#4557=CARTESIAN_POINT('',(-8.44550000000013,2.39406657923566,2.54000000000017));
#4558=CARTESIAN_POINT('',(-3.17500000000016,0.870066579235648,1.58750000000021));
#4559=CARTESIAN_POINT('',(8.44549999999987,0.870066579235593,1.58750000000011));
#4560=CARTESIAN_POINT('',(-3.17500000000012,2.39406657923567,2.54000000000017));
#4561=CARTESIAN_POINT('Origin',(9.5249999999998,-0.145933420764355,0.952500000000162));
#4562=CARTESIAN_POINT('',(8.76855901807461,-4.57981538461497,0.952500000000148));
#4563=CARTESIAN_POINT('',(8.44549999999983,-4.57981538461494,0.952500000000141));
#4564=CARTESIAN_POINT('',(9.52499999999982,-4.57981538461494,0.952500000000099));
#4565=CARTESIAN_POINT('',(9.52499999999981,-3.0669334207645,0.952500000000106));
#4566=CARTESIAN_POINT('',(9.52499999999981,-3.0669334207645,0.952500000000106));
#4567=CARTESIAN_POINT('',(9.5249999999998,-0.145933420764355,0.952500000000162));
#4568=CARTESIAN_POINT('',(8.44549999999981,-0.14593342076448,0.952500000000099));
#4569=CARTESIAN_POINT('Origin',(9.52499999999982,-4.57981538461494,0.952500000000099));
#4570=CARTESIAN_POINT('',(8.44549999999981,-5.22593342076452,0.752773708320359));
#4571=CARTESIAN_POINT('',(8.44549999999983,-4.57981538461494,0.952500000000141));
#4572=CARTESIAN_POINT('',(9.36187178680417,-3.3931898471557,1.31930653526038));
#4573=CARTESIAN_POINT('Origin',(9.52499999999977,-4.57981538461477,-0.952499999999891));
#4574=CARTESIAN_POINT('',(8.76855901807458,-4.57981538461481,-0.952499999999898));
#4575=CARTESIAN_POINT('',(8.44549999999979,-4.57981538461477,-0.952499999999815));
#4576=CARTESIAN_POINT('',(9.52499999999977,-4.57981538461477,-0.952499999999891));
#4577=CARTESIAN_POINT('',(8.44549999999988,-5.22593342076427,-0.752773708320192));
#4578=CARTESIAN_POINT('',(9.36187178680423,-3.39318984715575,-1.31930653526019));
#4579=CARTESIAN_POINT('',(8.44549999999979,-4.57981538461477,-0.952499999999815));
#4580=CARTESIAN_POINT('Origin',(9.52499999999983,-0.145933420764438,-0.952499999999891));
#4581=CARTESIAN_POINT('',(9.52499999999981,-3.06693342076436,-0.952499999999836));
#4582=CARTESIAN_POINT('',(9.52499999999983,-0.145933420764438,-0.952499999999891));
#4583=CARTESIAN_POINT('',(9.52499999999983,-0.145933420764438,-0.952499999999891));
#4584=CARTESIAN_POINT('',(9.52499999999981,-3.06693342076436,-0.952499999999836));
#4585=CARTESIAN_POINT('',(8.44549999999985,-0.145933420764369,-0.952499999999891));
#4586=CARTESIAN_POINT('',(8.44549999999985,-0.145933420764369,-0.952499999999891));
#4587=CARTESIAN_POINT('',(9.52499999999983,-0.145933420764438,-0.952499999999891));
#4588=CARTESIAN_POINT('Origin',(9.52499999999974,2.39406657923547,-2.53999999999988));
#4589=CARTESIAN_POINT('',(3.17499999999975,1.37806657923556,-1.90499999999983));
#4590=CARTESIAN_POINT('',(3.1749999999998,2.39406657923558,-2.5399999999999));
#4591=CARTESIAN_POINT('',(-3.17500000000026,1.37806657923559,-1.90499999999984));
#4592=CARTESIAN_POINT('',(9.52499999999978,1.37806657923559,-1.90499999999991));
#4593=CARTESIAN_POINT('',(-3.17500000000029,0.870066579235496,-1.5874999999998));
#4594=CARTESIAN_POINT('',(-3.17500000000026,2.39406657923562,-2.53999999999992));
#4595=CARTESIAN_POINT('',(-8.44550000000022,0.870066579235607,-1.5874999999998));
#4596=CARTESIAN_POINT('',(8.44549999999985,0.870066579235607,-1.58749999999987));
#4597=CARTESIAN_POINT('',(-8.44550000000016,-0.145933420764355,-0.952499999999801));
#4598=CARTESIAN_POINT('',(-8.44550000000017,2.39406657923552,-2.53999999999986));
#4599=CARTESIAN_POINT('',(-9.52500000000017,-0.145933420764299,-0.952499999999815));
#4600=CARTESIAN_POINT('',(9.52499999999983,-0.145933420764438,-0.952499999999891));
#4601=CARTESIAN_POINT('',(-9.52500000000017,2.3940665792354,-2.53999999999985));
#4602=CARTESIAN_POINT('',(-9.52500000000017,2.3940665792354,-2.53999999999985));
#4603=CARTESIAN_POINT('',(-9.20750000000012,2.39406657923547,-2.53999999999988));
#4604=CARTESIAN_POINT('',(9.52499999999974,2.39406657923547,-2.53999999999988));
#4605=CARTESIAN_POINT('Origin',(-8.89000000000016,2.39406657923544,-2.53999999999984));
#4606=CARTESIAN_POINT('Origin',(-7.62000000000018,2.39406657923562,-2.53999999999984));
#4607=CARTESIAN_POINT('Origin',(-6.35000000000019,2.39406657923565,-2.53999999999989));
#4608=CARTESIAN_POINT('Origin',(-5.0800000000002,2.39406657923558,-2.53999999999987));
#4609=CARTESIAN_POINT('Origin',(-3.81000000000015,2.3940665792356,-2.5399999999998));
#4610=CARTESIAN_POINT('Origin',(-2.54000000000021,2.39406657923562,-2.53999999999989));
#4611=CARTESIAN_POINT('Origin',(-1.27000000000019,2.39406657923566,-2.53999999999994));
#4612=CARTESIAN_POINT('Origin',(-1.66533453693773E-13,2.3940665792356,-2.53999999999991));
#4613=CARTESIAN_POINT('Origin',(1.26999999999985,2.39406657923554,-2.53999999999986));
#4614=CARTESIAN_POINT('Origin',(2.53999999999983,2.39406657923552,-2.53999999999983));
#4615=CARTESIAN_POINT('Origin',(3.80999999999979,2.39406657923562,-2.5399999999999));
#4616=CARTESIAN_POINT('Origin',(5.07999999999982,2.39406657923552,-2.53999999999987));
#4617=CARTESIAN_POINT('Origin',(6.3499999999998,2.39406657923555,-2.53999999999987));
#4618=CARTESIAN_POINT('Origin',(7.61999999999981,2.39406657923551,-2.53999999999983));
#4619=CARTESIAN_POINT('Origin',(8.88999999999981,2.3940665792355,-2.53999999999988));
#4620=CARTESIAN_POINT('',(9.52499999999974,2.39406657923547,-2.53999999999988));
#4621=CARTESIAN_POINT('',(8.44549999999977,2.39406657923556,-2.53999999999985));
#4622=CARTESIAN_POINT('Origin',(9.52499999999981,4.55306657923558,-2.53999999999985));
#4623=CARTESIAN_POINT('',(-9.2075000000001,4.55306657923549,-2.53999999999988));
#4624=CARTESIAN_POINT('',(-9.52500000000012,4.55306657923543,-2.53999999999985));
#4625=CARTESIAN_POINT('',(9.52499999999981,4.55306657923558,-2.53999999999985));
#4626=CARTESIAN_POINT('',(-9.20750000000009,-7.13093342076449,-2.53999999999981));
#4627=CARTESIAN_POINT('',(-9.52500000000012,4.55306657923543,-2.53999999999985));
#4628=CARTESIAN_POINT('Origin',(9.52499999999981,4.55306657923563,2.54000000000013));
#4629=CARTESIAN_POINT('Origin',(-2.54000000000014,4.55306657923565,-2.53999999999994));
#4630=CARTESIAN_POINT('Origin',(-3.81000000000013,4.55306657923564,-2.53999999999987));
#4631=CARTESIAN_POINT('Origin',(-5.08000000000011,4.55306657923565,-2.53999999999983));
#4632=CARTESIAN_POINT('Origin',(-6.3500000000002,4.55306657923571,-2.53999999999983));
#4633=CARTESIAN_POINT('Origin',(-7.62000000000007,4.55306657923563,-2.5399999999999));
#4634=CARTESIAN_POINT('Origin',(-8.89000000000011,4.55306657923549,-2.53999999999983));
#4635=CARTESIAN_POINT('',(-9.52500000000012,4.55306657923565,2.54000000000014));
#4636=CARTESIAN_POINT('Origin',(-8.89000000000011,4.55306657923563,2.54000000000022));
#4637=CARTESIAN_POINT('Origin',(-7.62000000000013,4.55306657923565,2.54000000000021));
#4638=CARTESIAN_POINT('Origin',(-6.35000000000011,4.55306657923563,2.54000000000022));
#4639=CARTESIAN_POINT('Origin',(-5.0800000000001,4.55306657923556,2.54000000000008));
#4640=CARTESIAN_POINT('Origin',(-3.81000000000016,4.55306657923563,2.54000000000018));
#4641=CARTESIAN_POINT('Origin',(-2.54000000000018,4.55306657923557,2.54000000000019));
#4642=CARTESIAN_POINT('Origin',(-1.27000000000008,4.55306657923551,2.54000000000014));
#4643=CARTESIAN_POINT('Origin',(-1.66533453693773E-13,4.55306657923535,
2.54000000000013));
#4644=CARTESIAN_POINT('Origin',(1.26999999999985,4.55306657923554,2.54000000000019));
#4645=CARTESIAN_POINT('Origin',(2.53999999999988,4.5530665792356,2.54000000000021));
#4646=CARTESIAN_POINT('Origin',(3.80999999999988,4.55306657923556,2.54000000000022));
#4647=CARTESIAN_POINT('Origin',(5.07999999999982,4.55306657923554,2.54000000000017));
#4648=CARTESIAN_POINT('Origin',(6.34999999999977,4.5530665792356,2.54000000000021));
#4649=CARTESIAN_POINT('Origin',(7.61999999999981,4.55306657923554,2.54000000000025));
#4650=CARTESIAN_POINT('',(9.20749999999979,4.55306657923557,2.54000000000021));
#4651=CARTESIAN_POINT('Origin',(8.88999999999986,4.55306657923554,2.54000000000019));
#4652=CARTESIAN_POINT('',(9.52499999999981,4.55306657923563,2.54000000000013));
#4653=CARTESIAN_POINT('',(9.52499999999981,4.55306657923563,2.54000000000013));
#4654=CARTESIAN_POINT('',(9.52499999999981,4.55306657923563,2.54000000000013));
#4655=CARTESIAN_POINT('Origin',(8.8899999999998,4.55306657923547,-2.53999999999988));
#4656=CARTESIAN_POINT('Origin',(7.61999999999981,4.55306657923557,-2.53999999999995));
#4657=CARTESIAN_POINT('Origin',(6.34999999999982,4.55306657923558,-2.53999999999985));
#4658=CARTESIAN_POINT('Origin',(5.07999999999986,4.55306657923551,-2.53999999999986));
#4659=CARTESIAN_POINT('Origin',(3.80999999999981,4.55306657923553,-2.53999999999989));
#4660=CARTESIAN_POINT('Origin',(2.5399999999999,4.55306657923565,-2.54));
#4661=CARTESIAN_POINT('Origin',(1.2699999999998,4.55306657923551,-2.53999999999981));
#4662=CARTESIAN_POINT('Origin',(-2.08166817117217E-13,4.55306657923563,
-2.53999999999983));
#4663=CARTESIAN_POINT('Origin',(-1.27000000000022,4.55306657923565,-2.53999999999986));
#4664=CARTESIAN_POINT('',(-3.55600000000017,4.5530665792356,-1.01599999999992));
#4665=CARTESIAN_POINT('',(-7.36600000000014,4.55306657923565,-1.01599999999993));
#4666=CARTESIAN_POINT('',(-7.36600000000014,4.55306657923565,-1.01599999999993));
#4667=CARTESIAN_POINT('',(-3.55600000000016,4.55306657923554,1.01600000000013));
#4668=CARTESIAN_POINT('',(-3.55600000000017,4.5530665792356,-1.01599999999992));
#4669=CARTESIAN_POINT('',(-7.36600000000016,4.55306657923554,1.01600000000013));
#4670=CARTESIAN_POINT('',(-7.36600000000016,4.55306657923554,1.01600000000013));
#4671=CARTESIAN_POINT('',(-7.36600000000014,4.55306657923565,-1.01599999999993));
#4672=CARTESIAN_POINT('',(7.36599999999982,4.55306657923546,-1.0159999999999));
#4673=CARTESIAN_POINT('',(3.55599999999984,4.55306657923563,-1.01599999999989));
#4674=CARTESIAN_POINT('',(3.55599999999984,4.55306657923563,-1.01599999999989));
#4675=CARTESIAN_POINT('',(7.36599999999982,4.55306657923549,1.01600000000016));
#4676=CARTESIAN_POINT('',(7.36599999999982,4.55306657923546,-1.0159999999999));
#4677=CARTESIAN_POINT('',(3.55599999999987,4.55306657923565,1.0160000000001));
#4678=CARTESIAN_POINT('',(3.55599999999987,4.55306657923565,1.0160000000001));
#4679=CARTESIAN_POINT('',(3.55599999999984,4.55306657923563,-1.01599999999989));
#4680=CARTESIAN_POINT('Origin',(9.52499999999981,4.55306657923563,2.54000000000013));
#4681=CARTESIAN_POINT('',(9.2074999999998,-7.13093342076443,2.54000000000018));
#4682=CARTESIAN_POINT('',(9.52499999999981,4.55306657923563,2.54000000000013));
#4683=CARTESIAN_POINT('Origin',(9.5249999999998,-0.145933420764355,0.952500000000162));
#4684=CARTESIAN_POINT('',(-9.52500000000012,-3.06693342076447,0.952500000000162));
#4685=CARTESIAN_POINT('',(-9.52500000000019,-0.145933420764466,0.952500000000189));
#4686=CARTESIAN_POINT('',(-8.76855901807484,-4.57981538461499,0.952500000000176));
#4687=CARTESIAN_POINT('',(-8.2550000000001,-5.60693342076446,0.952500000000155));
#4688=CARTESIAN_POINT('',(-8.44550000000008,-4.57981538461502,0.952500000000134));
#4689=CARTESIAN_POINT('',(9.52499999999982,-4.57981538461494,0.952500000000099));
#4690=CARTESIAN_POINT('',(-8.44550000000017,-0.145933420764494,0.952500000000231));
#4691=CARTESIAN_POINT('Origin',(9.52499999999982,-4.57981538461494,0.952500000000099));
#4692=CARTESIAN_POINT('',(-8.44550000000015,-5.22593342076444,0.75277370832047));
#4693=CARTESIAN_POINT('',(-8.10911987774156,-5.89869366528185,0.544811847933854));
#4694=CARTESIAN_POINT('',(-8.44550000000008,-4.57981538461502,0.952500000000134));
#4695=CARTESIAN_POINT('Origin',(9.52499999999977,-4.57981538461477,-0.952499999999891));
#4696=CARTESIAN_POINT('',(-8.44550000000009,-4.57981538461488,-0.952499999999828));
#4697=CARTESIAN_POINT('',(-8.44550000000017,-5.22593342076444,-0.752773708320123));
#4698=CARTESIAN_POINT('',(-8.44550000000009,-4.57981538461488,-0.952499999999828));
#4699=CARTESIAN_POINT('',(-8.76855901807479,-4.57981538461494,-0.952499999999912));
#4700=CARTESIAN_POINT('',(-8.25500000000015,-5.60693342076446,-0.634999999999858));
#4701=CARTESIAN_POINT('',(9.52499999999977,-4.57981538461477,-0.952499999999891));
#4702=CARTESIAN_POINT('Origin',(9.52499999999983,-0.145933420764438,-0.952499999999891));
#4703=CARTESIAN_POINT('',(-9.52500000000015,-3.06693342076431,-0.952499999999842));
#4704=CARTESIAN_POINT('',(-8.25500000000001,-5.6069334207644,-0.952499999999828));
#4705=CARTESIAN_POINT('',(-9.52500000000017,-0.145933420764299,-0.952499999999815));
#4706=CARTESIAN_POINT('',(-8.44550000000016,-0.145933420764355,-0.952499999999801));
#4707=CARTESIAN_POINT('Origin',(9.5249999999998,5.55111512312578E-13,1.2490009027033E-13));
#4708=CARTESIAN_POINT('',(9.52499999999985,-3.06693342076445,1.17961196366423E-13));
#4709=CARTESIAN_POINT('Origin',(-9.52500000000022,5.27355936696949E-13,
8.32667268468867E-14));
#4710=CARTESIAN_POINT('',(-9.5250000000001,-3.0669334207645,0.635000000000156));
#4711=CARTESIAN_POINT('Origin',(8.44549999999986,5.82867087928207E-13,1.66533453693773E-13));
#4712=CARTESIAN_POINT('',(8.4454999999998,-7.13093342076443,-1.5874999999998));
#4713=CARTESIAN_POINT('',(8.44549999999983,-5.22593342076443,1.80411241501588E-13));
#4714=CARTESIAN_POINT('Origin',(-8.4455000000002,4.85722573273506E-13,9.71445146547012E-14));
#4715=CARTESIAN_POINT('',(-8.44550000000017,-5.22593342076463,-0.634999999999851));
#4716=CARTESIAN_POINT('',(-8.44550000000013,-7.13093342076443,-1.58749999999987));
#4717=CARTESIAN_POINT('',(-8.44550000000022,0.870066579235607,-1.5874999999998));
#4718=CARTESIAN_POINT('',(-8.44550000000012,-7.13093342076443,1.58750000000014));
#4719=CARTESIAN_POINT('',(-8.44550000000013,-7.13093342076443,-1.58749999999987));
#4720=CARTESIAN_POINT('',(-8.44550000000012,-7.13093342076443,1.58750000000014));
#4721=CARTESIAN_POINT('Origin',(8.44549999999984,-7.13093342076446,1.58750000000013));
#4722=CARTESIAN_POINT('',(-3.17500000000012,-7.13093342076432,1.58750000000017));
#4723=CARTESIAN_POINT('',(8.44549999999984,-7.13093342076446,1.58750000000013));
#4724=CARTESIAN_POINT('',(-3.17500000000012,-7.13093342076432,1.58750000000017));
#4725=CARTESIAN_POINT('Origin',(8.4454999999998,-7.13093342076443,-1.5874999999998));
#4726=CARTESIAN_POINT('',(-3.17500000000018,-7.13093342076449,-1.58749999999987));
#4727=CARTESIAN_POINT('',(8.4454999999998,-7.13093342076443,-1.5874999999998));
#4728=CARTESIAN_POINT('',(-3.17500000000018,-7.13093342076432,-1.90499999999985));
#4729=CARTESIAN_POINT('',(-3.17500000000012,-7.13093342076437,1.90500000000011));
#4730=CARTESIAN_POINT('',(3.1749999999998,-7.13093342076443,-1.90499999999987));
#4731=CARTESIAN_POINT('',(-3.17500000000018,-7.13093342076432,-1.90499999999985));
#4732=CARTESIAN_POINT('',(3.1749999999999,-7.1309334207646,1.90500000000007));
#4733=CARTESIAN_POINT('',(3.1749999999999,-7.1309334207646,1.90500000000007));
#4734=CARTESIAN_POINT('',(3.1749999999999,-7.1309334207646,1.90500000000007));
#4735=CARTESIAN_POINT('',(-3.17500000000012,-7.13093342076437,1.90500000000011));
#4736=CARTESIAN_POINT('',(-3.17500000000012,-7.13093342076437,1.90500000000011));
#4737=CARTESIAN_POINT('',(-3.17500000000012,-7.13093342076437,1.90500000000011));
#4738=CARTESIAN_POINT('Origin',(8.44549999999985,0.870066579235607,-1.58749999999987));
#4739=CARTESIAN_POINT('',(-3.17500000000029,0.870066579235496,-1.5874999999998));
#4740=CARTESIAN_POINT('Origin',(-6.35000000000012,-7.13093342076437,2.54000000000017));
#4741=CARTESIAN_POINT('Origin',(-5.08000000000014,-7.13093342076446,2.5400000000001));
#4742=CARTESIAN_POINT('Origin',(-8.89000000000012,-7.13093342076432,2.54000000000014));
#4743=CARTESIAN_POINT('Origin',(-7.62000000000021,-7.13093342076437,2.54000000000013));
#4744=CARTESIAN_POINT('Origin',(-1.27000000000015,-7.13093342076449,2.54000000000004));
#4745=CARTESIAN_POINT('Origin',(2.53999999999985,-7.13093342076443,2.54000000000014));
#4746=CARTESIAN_POINT('Origin',(3.80999999999983,-7.13093342076444,2.54000000000017));
#4747=CARTESIAN_POINT('Origin',(-1.80411241501588E-13,-7.13093342076465,
2.54000000000015));
#4748=CARTESIAN_POINT('Origin',(1.26999999999981,-7.13093342076446,2.54000000000014));
#4749=CARTESIAN_POINT('Origin',(7.61999999999982,-7.13093342076449,2.54000000000018));
#4750=CARTESIAN_POINT('Origin',(8.88999999999978,-7.13093342076443,2.54000000000003));
#4751=CARTESIAN_POINT('Origin',(5.07999999999978,-7.1309334207645,2.54000000000013));
#4752=CARTESIAN_POINT('Origin',(6.3499999999998,-7.13093342076443,2.54000000000014));
#4753=CARTESIAN_POINT('Origin',(-3.81000000000013,-7.13093342076439,2.54000000000024));
#4754=CARTESIAN_POINT('Origin',(-2.54000000000014,-7.13093342076443,2.54000000000013));
#4755=CARTESIAN_POINT('Origin',(-6.93889390390723E-14,-7.13093342076432,
-2.53999999999986));
#4756=CARTESIAN_POINT('Origin',(-6.35000000000008,-7.1309334207644,-2.53999999999983));
#4757=CARTESIAN_POINT('Origin',(-5.08000000000004,-7.13093342076437,-2.53999999999982));
#4758=CARTESIAN_POINT('Origin',(-8.89000000000008,-7.13093342076454,-2.53999999999992));
#4759=CARTESIAN_POINT('Origin',(-7.62000000000004,-7.1309334207644,-2.53999999999986));
#4760=CARTESIAN_POINT('Origin',(-1.27000000000009,-7.13093342076432,-2.53999999999989));
#4761=CARTESIAN_POINT('Origin',(3.8099999999999,-7.13093342076443,-2.53999999999984));
#4762=CARTESIAN_POINT('Origin',(5.07999999999978,-7.13093342076443,-2.53999999999982));
#4763=CARTESIAN_POINT('Origin',(1.26999999999987,-7.13093342076454,-2.53999999999991));
#4764=CARTESIAN_POINT('Origin',(2.53999999999989,-7.13093342076449,-2.53999999999994));
#4765=CARTESIAN_POINT('Origin',(8.88999999999976,-7.13093342076443,-2.53999999999985));
#4766=CARTESIAN_POINT('Origin',(6.34999999999979,-7.13093342076444,-2.5399999999999));
#4767=CARTESIAN_POINT('Origin',(7.61999999999978,-7.1309334207645,-2.5399999999999));
#4768=CARTESIAN_POINT('Origin',(-3.81000000000009,-7.13093342076439,-2.53999999999993));
#4769=CARTESIAN_POINT('Origin',(-2.54000000000011,-7.13093342076443,-2.53999999999994));
#4770=CARTESIAN_POINT('Origin',(-3.17500000000022,2.14006657923554,1.90500000000014));
#4771=CARTESIAN_POINT('',(-3.17500000000029,2.14006657923568,-1.90499999999981));
#4772=CARTESIAN_POINT('Origin',(3.17499999999978,2.14006657923549,1.90500000000013));
#4773=CARTESIAN_POINT('',(3.17499999999978,2.14006657923557,-1.90499999999982));
#4774=CARTESIAN_POINT('Origin',(-3.17500000000029,2.14006657923568,-1.90499999999981));
#4775=CARTESIAN_POINT('Origin',(-3.17500000000022,2.14006657923554,1.90500000000014));
#4776=CARTESIAN_POINT('',(-3.17500000000022,2.14006657923554,1.90500000000014));
#4777=CARTESIAN_POINT('',(3.17499999999978,2.14006657923549,1.90500000000013));
#4778=CARTESIAN_POINT('Origin',(3.17499999999978,2.14006657923549,1.90500000000013));
#4779=CARTESIAN_POINT('Origin',(-3.17500000000022,2.14006657923554,1.90500000000014));
#4780=CARTESIAN_POINT('Origin',(7.3659999999998,4.29906657923548,-1.01599999999987));
#4781=CARTESIAN_POINT('',(7.3659999999998,4.29906657923548,-1.01599999999987));
#4782=CARTESIAN_POINT('',(7.3659999999998,4.29906657923548,-1.01599999999987));
#4783=CARTESIAN_POINT('',(7.36599999999978,4.29906657923543,1.0160000000001));
#4784=CARTESIAN_POINT('',(7.3659999999998,4.29906657923548,-1.01599999999987));
#4785=CARTESIAN_POINT('',(7.36599999999978,4.29906657923543,1.0160000000001));
#4786=CARTESIAN_POINT('Origin',(3.55599999999988,4.29906657923562,1.01600000000016));
#4787=CARTESIAN_POINT('',(3.55599999999988,4.29906657923562,1.01600000000016));
#4788=CARTESIAN_POINT('',(3.55599999999988,4.29906657923562,1.01600000000016));
#4789=CARTESIAN_POINT('',(3.55599999999988,4.29906657923562,1.01600000000016));
#4790=CARTESIAN_POINT('Origin',(3.55599999999984,4.29906657923559,-1.0159999999999));
#4791=CARTESIAN_POINT('',(3.55599999999984,4.29906657923559,-1.0159999999999));
#4792=CARTESIAN_POINT('',(3.55599999999984,4.29906657923559,-1.0159999999999));
#4793=CARTESIAN_POINT('',(3.55599999999984,4.29906657923559,-1.0159999999999));
#4794=CARTESIAN_POINT('Origin',(3.55599999999984,4.29906657923559,-1.0159999999999));
#4795=CARTESIAN_POINT('',(3.55599999999984,4.29906657923559,-1.0159999999999));
#4796=CARTESIAN_POINT('Origin',(-1.2490009027033E-13,4.29906657923548,1.11022302462516E-13));
#4797=CARTESIAN_POINT('Origin',(-3.55600000000014,4.29906657923548,-1.01599999999992));
#4798=CARTESIAN_POINT('',(-3.55600000000014,4.29906657923548,-1.01599999999992));
#4799=CARTESIAN_POINT('',(-3.55600000000014,4.29906657923548,-1.01599999999992));
#4800=CARTESIAN_POINT('',(-3.55600000000017,4.29906657923551,1.01600000000016));
#4801=CARTESIAN_POINT('',(-3.55600000000014,4.29906657923548,-1.01599999999992));
#4802=CARTESIAN_POINT('',(-3.55600000000017,4.29906657923551,1.01600000000016));
#4803=CARTESIAN_POINT('Origin',(-7.36600000000012,4.29906657923561,1.01600000000016));
#4804=CARTESIAN_POINT('',(-7.36600000000012,4.29906657923561,1.01600000000016));
#4805=CARTESIAN_POINT('',(-7.36600000000012,4.29906657923561,1.01600000000016));
#4806=CARTESIAN_POINT('',(-7.36600000000012,4.29906657923561,1.01600000000016));
#4807=CARTESIAN_POINT('Origin',(-7.36600000000014,4.29906657923562,-1.01599999999988));
#4808=CARTESIAN_POINT('',(-7.36600000000014,4.29906657923562,-1.01599999999988));
#4809=CARTESIAN_POINT('',(-7.36600000000014,4.29906657923562,-1.01599999999988));
#4810=CARTESIAN_POINT('',(-7.36600000000014,4.29906657923562,-1.01599999999988));
#4811=CARTESIAN_POINT('Origin',(-7.36600000000014,4.29906657923562,-1.01599999999988));
#4812=CARTESIAN_POINT('',(-7.36600000000014,4.29906657923562,-1.01599999999988));
#4813=CARTESIAN_POINT('Origin',(-1.2490009027033E-13,4.29906657923548,1.11022302462516E-13));
#4814=CARTESIAN_POINT('Origin',(-8.25500000000015,-5.60693342076446,-0.634999999999858));
#4815=CARTESIAN_POINT('Origin',(9.52499999999985,-3.06693342076445,1.17961196366423E-13));
#4816=UNCERTAINTY_MEASURE_WITH_UNIT(LENGTH_MEASURE(0.01),#4820,
'DISTANCE_ACCURACY_VALUE',
'Maximum model space distance between geometric entities at asserted c
onnectivities');
#4817=UNCERTAINTY_MEASURE_WITH_UNIT(LENGTH_MEASURE(0.01),#4820,
'DISTANCE_ACCURACY_VALUE',
'Maximum model space distance between geometric entities at asserted c
onnectivities');
#4818=(
GEOMETRIC_REPRESENTATION_CONTEXT(3)
GLOBAL_UNCERTAINTY_ASSIGNED_CONTEXT((#4816))
GLOBAL_UNIT_ASSIGNED_CONTEXT((#4820,#4822,#4823))
REPRESENTATION_CONTEXT('','3D')
);
#4819=(
GEOMETRIC_REPRESENTATION_CONTEXT(3)
GLOBAL_UNCERTAINTY_ASSIGNED_CONTEXT((#4817))
GLOBAL_UNIT_ASSIGNED_CONTEXT((#4820,#4822,#4823))
REPRESENTATION_CONTEXT('','3D')
);
#4820=(
LENGTH_UNIT()
NAMED_UNIT(*)
SI_UNIT(.MILLI.,.METRE.)
);
#4821=(
LENGTH_UNIT()
NAMED_UNIT(*)
SI_UNIT($,.METRE.)
);
#4822=(
NAMED_UNIT(*)
PLANE_ANGLE_UNIT()
SI_UNIT($,.RADIAN.)
);
#4823=(
NAMED_UNIT(*)
SI_UNIT($,.STERADIAN.)
SOLID_ANGLE_UNIT()
);
#4824=SHAPE_DEFINITION_REPRESENTATION(#4825,#4826);
#4825=PRODUCT_DEFINITION_SHAPE('',$,#4828);
#4826=SHAPE_REPRESENTATION('',(#2952),#4818);
#4827=PRODUCT_DEFINITION_CONTEXT('part definition',#4832,'design');
#4828=PRODUCT_DEFINITION('3A ATM FUSE, PURPLE','3A ATM FUSE, PURPLE v4',
#4829,#4827);
#4829=PRODUCT_DEFINITION_FORMATION('',$,#4834);
#4830=PRODUCT_RELATED_PRODUCT_CATEGORY('3A ATM FUSE, PURPLE v4',
'3A ATM FUSE, PURPLE v4',(#4834));
#4831=APPLICATION_PROTOCOL_DEFINITION('international standard',
'automotive_design',2009,#4832);
#4832=APPLICATION_CONTEXT(
'Core Data for Automotive Mechanical Design Process');
#4833=PRODUCT_CONTEXT('part definition',#4832,'mechanical');
#4834=PRODUCT('3A ATM FUSE, PURPLE','3A ATM FUSE, PURPLE v4',
'STEP AP214',(#4833));
#4835=PRESENTATION_STYLE_ASSIGNMENT((#4838));
#4836=PRESENTATION_STYLE_ASSIGNMENT((#4839));
#4837=PRESENTATION_STYLE_ASSIGNMENT((#4840));
#4838=SURFACE_STYLE_USAGE(.BOTH.,#4841);
#4839=SURFACE_STYLE_USAGE(.BOTH.,#4842);
#4840=SURFACE_STYLE_USAGE(.BOTH.,#4843);
#4841=SURFACE_SIDE_STYLE('',(#4844));
#4842=SURFACE_SIDE_STYLE('',(#4845));
#4843=SURFACE_SIDE_STYLE('',(#4846));
#4844=SURFACE_STYLE_FILL_AREA(#4847);
#4845=SURFACE_STYLE_FILL_AREA(#4848);
#4846=SURFACE_STYLE_FILL_AREA(#4849);
#4847=FILL_AREA_STYLE('Steel - Satin',(#4850));
#4848=FILL_AREA_STYLE('Opaque(165,158,150)',(#4851));
#4849=FILL_AREA_STYLE('Opaque(48,0,119)',(#4852));
#4850=FILL_AREA_STYLE_COLOUR('Steel - Satin',#4853);
#4851=FILL_AREA_STYLE_COLOUR('Opaque(165,158,150)',#4854);
#4852=FILL_AREA_STYLE_COLOUR('Opaque(48,0,119)',#4855);
#4853=COLOUR_RGB('Steel - Satin',0.627450980392157,0.627450980392157,0.627450980392157);
#4854=COLOUR_RGB('Opaque(165,158,150)',0.647058823529412,0.619607843137255,
0.588235294117647);
#4855=COLOUR_RGB('Opaque(48,0,119)',0.650980392156863,0.619607843137255,
0.0117647058823529);
ENDSEC;
END-ISO-10303-21;
