ISO-10303-21;
HEADER;
FILE_DESCRIPTION (( 'STEP AP214' ),
    '1' );
FILE_NAME ('3A ATM FUSE, PURPLE.STEP',
    '2022-08-10T22:41:34',
    ( '' ),
    ( '' ),
    'SwSTEP 2.0',
    'SolidWorks 2018',
    '' );
FILE_SCHEMA (( 'AUTOMOTIVE_DESIGN' ));
ENDSEC;

DATA;
#1 = CARTESIAN_POINT ( 'NONE',  ( 0.02100011323768106661, 0.1892545897336807836, 0.009971738767879243653 ) ) ;
#2 = LINE ( 'NONE', #3357, #1498 ) ;
#3 = DIRECTION ( 'NONE',  ( -1.000000000000000000, -1.276756478318932388E-15, 5.551115123125844332E-17 ) ) ;
#4 = ORIENTED_EDGE ( 'NONE', *, *, #1057, .F. ) ;
#5 = AXIS2_PLACEMENT_3D ( 'NONE', #634, #1654, #159 ) ;
#6 = CARTESIAN_POINT ( 'NONE',  ( -0.1625000000000035305, -0.2807454102663161088, -0.09999999999999674427 ) ) ;
#7 = LINE ( 'NONE', #5133, #679 ) ;
#8 = FACE_OUTER_BOUND ( 'NONE', #948, .T. ) ;
#9 = ORIENTED_EDGE ( 'NONE', *, *, #4488, .F. ) ;
#10 = DIRECTION ( 'NONE',  ( -1.332267629550189623E-15, -1.000000000000000000, -4.163336342344342450E-16 ) ) ;
#11 = CARTESIAN_POINT ( 'NONE',  ( -0.2924148077667607648, 0.06925458973369516547, 0.01250000000001714497 ) ) ;
#12 = VECTOR ( 'NONE', #4869, 39.37007874015748143 ) ;
#13 = CARTESIAN_POINT ( 'NONE',  ( -0.1349351154182156232, -0.1577405214759541041, 0.01250000000002124412 ) ) ;
#14 = PRESENTATION_LAYER_ASSIGNMENT (  '', '', ( #5944 ) ) ;
#15 =( BOUNDED_CURVE ( )  B_SPLINE_CURVE ( 3, ( #5614, #2636, #3288, #713 ),
 .UNSPECIFIED., .F., .F. ) 
 B_SPLINE_CURVE_WITH_KNOTS ( ( 4, 4 ),
 ( 1.570796326794895004, 4.712388980384689674 ),
 .UNSPECIFIED. ) 
 CURVE ( )  GEOMETRIC_REPRESENTATION_ITEM ( )  RATIONAL_B_SPLINE_CURVE ( ( 1.000000000000000000, 0.3333333333333340365, 0.3333333333333340365, 1.000000000000000000 ) ) 
 REPRESENTATION_ITEM ( '' )  );
#16 = EDGE_CURVE ( 'NONE', #5472, #2471, #3172, .T. ) ;
#17 = PRESENTATION_LAYER_ASSIGNMENT (  '', '', ( #664 ) ) ;
#18 = ADVANCED_FACE ( 'NONE', ( #2942 ), #3161, .F. ) ;
#19 = VECTOR ( 'NONE', #4146, 39.37007874015748143 ) ;
#20 = CARTESIAN_POINT ( 'NONE',  ( 0.3624999999999926614, 0.09425458973368301685, 0.1000000000000109551 ) ) ;
#21 = CARTESIAN_POINT ( 'NONE',  ( 0.004976805548798418979, 0.1892545897336906091, 0.03189740484293695361 ) ) ;
#22 = LENGTH_MEASURE_WITH_UNIT ( LENGTH_MEASURE( 0.02539999999999999897 ), #1197 );
#23 = ORIENTED_EDGE ( 'NONE', *, *, #2560, .F. ) ;
#24 = EDGE_CURVE ( 'NONE', #2837, #3380, #2673, .T. ) ;
#25 = AXIS2_PLACEMENT_3D ( 'NONE', #1301, #3759, #1806 ) ;
#26 = VECTOR ( 'NONE', #1659, 39.37007874015748143 ) ;
#27 = CARTESIAN_POINT ( 'NONE',  ( -0.0005775583449991372655, 0.1892545897336851413, 0.04073078835128520619 ) ) ;
#28 = DIRECTION ( 'NONE',  ( -1.332267629550189623E-15, -1.000000000000000000, -4.163336342344342450E-16 ) ) ;
#29 = ORIENTED_EDGE ( 'NONE', *, *, #1001, .T. ) ;
#30 = ORIENTED_EDGE ( 'NONE', *, *, #2245, .F. ) ;
#31 = VECTOR ( 'NONE', #5276, 39.37007874015748143 ) ;
#32 = CARTESIAN_POINT ( 'NONE',  ( 0.01249999999999556327, 0.09425458973368193438, 0.1000000000000046685 ) ) ;
#33 = LENGTH_MEASURE_WITH_UNIT ( LENGTH_MEASURE( 0.02539999999999999897 ), #3793 );
#34 = EDGE_CURVE ( 'NONE', #5492, #831, #4022, .T. ) ;
#35 = ORIENTED_EDGE ( 'NONE', *, *, #2085, .F. ) ;
#36 = ORIENTED_EDGE ( 'NONE', *, *, #5912, .F. ) ;
#37 = CARTESIAN_POINT ( 'NONE',  ( -0.02936674827094328671, -0.1631983307839912078, -0.009999999999985961091 ) ) ;
#38 = DIRECTION ( 'NONE',  ( -1.332267629550189623E-15, -1.000000000000000000, -4.163336342344342450E-16 ) ) ;
#39 = VECTOR ( 'NONE', #5696, 39.37007874015748143 ) ;
#40 = ORIENTED_EDGE ( 'NONE', *, *, #5596, .T. ) ;
#41 = CARTESIAN_POINT ( 'NONE',  ( 0.01720689005930942789, 0.1892545897336884164, 0.02561697559257300472 ) ) ;
#42 = CARTESIAN_POINT ( 'NONE',  ( 0.01333963134736568940, 0.1892545897336785909, 0.0006456273969126522308 ) ) ;
#43 = CARTESIAN_POINT ( 'NONE',  ( -0.2240718372288941773, -0.1577405214759541041, -0.09999999999998472611 ) ) ;
#44 = LINE ( 'NONE', #4741, #1454 ) ;
#45 = VERTEX_POINT ( 'NONE', #1633 ) ;
#46 = ORIENTED_EDGE ( 'NONE', *, *, #3249, .F. ) ;
#47 = ORIENTED_EDGE ( 'NONE', *, *, #4522, .F. ) ;
#48 = ADVANCED_FACE ( 'NONE', ( #2536 ), #2161, .F. ) ;
#49 = CARTESIAN_POINT ( 'NONE',  ( 0.01368144958076497261, 0.1792545897336816907, -0.01704313844648251003 ) ) ;
#50 = ORIENTED_EDGE ( 'NONE', *, *, #4915, .T. ) ;
#51 = VERTEX_POINT ( 'NONE', #1678 ) ;
#52 = AXIS2_PLACEMENT_3D ( 'NONE', #5828, #1309, #1820 ) ;
#53 = CARTESIAN_POINT ( 'NONE',  ( 0.03749999999999434341, 0.09425458973368301685, 0.1000000000000052097 ) ) ;
#54 = ORIENTED_EDGE ( 'NONE', *, *, #3280, .F. ) ;
#55 = DIRECTION ( 'NONE',  ( -1.110223024625166155E-16, 5.967448757360198655E-16, 1.000000000000000000 ) ) ;
#56 = EDGE_CURVE ( 'NONE', #5492, #1938, #1376, .T. ) ;
#57 = LINE ( 'NONE', #93, #4957 ) ;
#58 = VERTEX_POINT ( 'NONE', #4673 ) ;
#59 = CARTESIAN_POINT ( 'NONE',  ( 0.0005303912649160208263, 0.1792545897336799421, -0.04685537751130350315 ) ) ;
#60 = EDGE_CURVE ( 'NONE', #4547, #1361, #4329, .T. ) ;
#61 = AXIS2_PLACEMENT_3D ( 'NONE', #895, #5384, #4922 ) ;
#62 = LINE ( 'NONE', #630, #4554 ) ;
#63 = DIRECTION ( 'NONE',  ( 1.000000000000000000, 1.858026332526783612E-15, -1.359791920952777133E-16 ) ) ;
#64 = CARTESIAN_POINT ( 'NONE',  ( 0.01623022704662161267, 0.1792545897336816907, -0.03021184305291206226 ) ) ;
#65 = CARTESIAN_POINT ( 'NONE',  ( 0.3685776294017414911, -0.1335901514628249354, -0.05194120217559801411 ) ) ;
#66 = EDGE_LOOP ( 'NONE', ( #454, #2015, #1526, #5750 ) ) ;
#67 = VECTOR ( 'NONE', #4223, 39.37007874015748143 ) ;
#68 = SURFACE_STYLE_FILL_AREA ( #3122 ) ;
#69 =( LENGTH_UNIT ( ) NAMED_UNIT ( * ) SI_UNIT ( $, .METRE. ) );
#70 = EDGE_CURVE ( 'NONE', #5409, #4210, #5017, .T. ) ;
#71 = DIMENSIONAL_EXPONENTS ( 1.000000000000000000, 0.000000000000000000, 0.000000000000000000, 0.000000000000000000, 0.000000000000000000, 0.000000000000000000, 0.000000000000000000 ) ;
#72 = CARTESIAN_POINT ( 'NONE',  ( 0.3749999999999925615, 0.1792545897336860761, 0.1000000000000049460 ) ) ;
#73 = CARTESIAN_POINT ( 'NONE',  ( -0.01055874481587397266, 0.1792545897336877136, 0.02969200177691492040 ) ) ;
#74 = VERTEX_POINT ( 'NONE', #735 ) ;
#75 = DIRECTION ( 'NONE',  ( 1.332267629550189623E-15, 1.000000000000000000, 4.163336342344342450E-16 ) ) ;
#76 = CARTESIAN_POINT ( 'NONE',  ( 0.02247932668750088001, 0.1892545897336813110, -0.01547150663841511710 ) ) ;
#77 = CARTESIAN_POINT ( 'NONE',  ( 0.3749999999999925615, 0.1792545897336844385, -0.09999999999999401035 ) ) ;
#78 = EDGE_LOOP ( 'NONE', ( #1204, #2934, #3841, #372 ) ) ;
#79 = VECTOR ( 'NONE', #4140, 39.37007874015748143 ) ;
#80 = EDGE_CURVE ( 'NONE', #2368, #1845, #3542, .T. ) ;
#81 = ADVANCED_FACE ( 'NONE', ( #4865 ), #4293, .F. ) ;
#82 = VECTOR ( 'NONE', #3362, 39.37007874015748854 ) ;
#83 = CARTESIAN_POINT ( 'NONE',  ( -0.01357273298371799823, 0.1792545897336755567, -0.04263804480405222752 ) ) ;
#84 = ORIENTED_EDGE ( 'NONE', *, *, #640, .F. ) ;
#85 = FACE_OUTER_BOUND ( 'NONE', #4010, .T. ) ;
#86 = EDGE_CURVE ( 'NONE', #183, #6068, #360, .T. ) ;
#87 = ORIENTED_EDGE ( 'NONE', *, *, #1873, .F. ) ;
#88 = CARTESIAN_POINT ( 'NONE',  ( -0.02401530145222313672, 0.1892545897336840588, 0.02678705964218785346 ) ) ;
#89 = ORIENTED_EDGE ( 'NONE', *, *, #4129, .F. ) ;
#90 = DIRECTION ( 'NONE',  ( 1.387778780781446859E-15, 1.000000000000000000, 5.551115123125787632E-16 ) ) ;
#91 = LINE ( 'NONE', #1472, #2506 ) ;
#92 =( BOUNDED_CURVE ( )  B_SPLINE_CURVE ( 3, ( #5111, #1128, #3655, #5632 ),
 .UNSPECIFIED., .F., .T. ) 
 B_SPLINE_CURVE_WITH_KNOTS ( ( 4, 4 ),
 ( 1.570796326794895004, 4.712388980384689674 ),
 .UNSPECIFIED. ) 
 CURVE ( )  GEOMETRIC_REPRESENTATION_ITEM ( )  RATIONAL_B_SPLINE_CURVE ( ( 1.000000000000000000, 0.3333333333333340365, 0.3333333333333340365, 1.000000000000000000 ) ) 
 REPRESENTATION_ITEM ( '' )  );
#93 = CARTESIAN_POINT ( 'NONE',  ( 0.08749999999999517886, -0.2807454102663161088, -0.09999999999999674427 ) ) ;
#94 = ORIENTED_EDGE ( 'NONE', *, *, #1599, .F. ) ;
#95 = EDGE_CURVE ( 'NONE', #3055, #502, #4614, .T. ) ;
#96 = EDGE_LOOP ( 'NONE', ( #6217, #3614, #4877, #4968 ) ) ;
#97 = CARTESIAN_POINT ( 'NONE',  ( -0.3750000000000046074, 0.1792545897336784155, -0.09999999999999401035 ) ) ;
#98 = CARTESIAN_POINT ( 'NONE',  ( -0.01834114568630273306, 0.1792545897336766392, -0.03825461784616867450 ) ) ;
#99 = DIRECTION ( 'NONE',  ( 1.332267629550189623E-15, 1.000000000000000000, 4.163336342344342450E-16 ) ) ;
#100 = SURFACE_STYLE_FILL_AREA ( #1897 ) ;
#101 = ORIENTED_EDGE ( 'NONE', *, *, #4275, .F. ) ;
#102 = EDGE_CURVE ( 'NONE', #2847, #3591, #5555, .T. ) ;
#103 = PRODUCT_DEFINITION ( 'UNKNOWN', '', #2124, #2806 ) ;
#104 = CARTESIAN_POINT ( 'NONE',  ( 0.03300344421698773317, -0.04723214755363757539, 0.01000000000001655814 ) ) ;
#105 = ADVANCED_FACE ( 'NONE', ( #2083 ), #3541, .T. ) ;
#106 = VECTOR ( 'NONE', #6282, 39.37007874015748143 ) ;
#107 = FACE_OUTER_BOUND ( 'NONE', #5656, .T. ) ;
#108 = CARTESIAN_POINT ( 'NONE',  ( 0.01328136385572315989, -0.1631983307839912078, 0.01000000000001683050 ) ) ;
#109 = ORIENTED_EDGE ( 'NONE', *, *, #5930, .T. ) ;
#110 = CARTESIAN_POINT ( 'NONE',  ( -0.1000000000000043909, -0.2807454102663161088, -0.09999999999999784062 ) ) ;
#111 = EDGE_CURVE ( 'NONE', #4332, #1991, #1028, .T. ) ;
#112 = LINE ( 'NONE', #5014, #5082 ) ;
#113 = VECTOR ( 'NONE', #917, 39.37007874015748143 ) ;
#114 = DIRECTION ( 'NONE',  ( 1.000000000000000000, -1.332267629550189623E-15, 1.110223024625147789E-16 ) ) ;
#115 = DIRECTION ( 'NONE',  ( -1.000000000000000000, -1.276756478318932585E-15, -1.110223024625158759E-16 ) ) ;
#116 = ORIENTED_EDGE ( 'NONE', *, *, #5008, .F. ) ;
#117 = ORIENTED_EDGE ( 'NONE', *, *, #2898, .F. ) ;
#118 = CARTESIAN_POINT ( 'NONE',  ( 0.3749999999999925615, 0.1792545897336860761, 0.1000000000000049460 ) ) ;
#119 = CARTESIAN_POINT ( 'NONE',  ( -0.009914220759401451075, 0.1792545897336788319, -0.04471421647564018109 ) ) ;
#120 = COLOUR_RGB ( '',0.000000000000000000, 0.000000000000000000, 0.000000000000000000 ) ;
#121 = ORIENTED_EDGE ( 'NONE', *, *, #4620, .T. ) ;
#122 = ORIENTED_EDGE ( 'NONE', *, *, #5376, .T. ) ;
#123 = CARTESIAN_POINT ( 'NONE',  ( 0.02166420536748109305, 0.1792545897336816907, 0.01457624642032417581 ) ) ;
#124 = DIRECTION ( 'NONE',  ( 1.000000000000000000, 1.591648399910246789E-15, -1.492170374915856426E-16 ) ) ;
#125 = AXIS2_PLACEMENT_3D ( 'NONE', #930, #4916, #1973 ) ;
#126 = EDGE_CURVE ( 'NONE', #812, #3319, #4857, .T. ) ;
#127 = CARTESIAN_POINT ( 'NONE',  ( 0.01739070109397345201, 0.1792545897336838834, -0.02523745550276053351 ) ) ;
#128 = CARTESIAN_POINT ( 'NONE',  ( 0.3749999999999925615, 0.1792545897336844385, -0.09999999999999401035 ) ) ;
#129 = FACE_OUTER_BOUND ( 'NONE', #6453, .T. ) ;
#130 = FACE_OUTER_BOUND ( 'NONE', #655, .T. ) ;
#131 = ORIENTED_EDGE ( 'NONE', *, *, #2095, .F. ) ;
#132 = CARTESIAN_POINT ( 'NONE',  ( 0.1310515037127893689, -0.5507454102663162931, 0.01250000000001632618 ) ) ;
#133 = LINE ( 'NONE', #5201, #4486 ) ;
#134 =( GEOMETRIC_REPRESENTATION_CONTEXT ( 3 ) GLOBAL_UNCERTAINTY_ASSIGNED_CONTEXT ( ( #845 ) ) GLOBAL_UNIT_ASSIGNED_CONTEXT ( ( #692, #4191, #5709 ) ) REPRESENTATION_CONTEXT ( 'NONE', 'WORKASPACE' ) );
#135 = LINE ( 'NONE', #1821, #2779 ) ;
#136 = CARTESIAN_POINT ( 'NONE',  ( 0.02162776961686694449, 0.1792545897336773886, 0.01379978597103648057 ) ) ;
#137 = EDGE_CURVE ( 'NONE', #3933, #5472, #2153, .T. ) ;
#138 = CARTESIAN_POINT ( 'NONE',  ( 0.001635306684642626011, 0.1892545897336851413, 0.04071336796882335518 ) ) ;
#139 = CARTESIAN_POINT ( 'NONE',  ( 0.3624999999999918288, 0.1792545897336838834, 0.1000000000000082212 ) ) ;
#140 = VECTOR ( 'NONE', #198, 39.37007874015748143 ) ;
#141 = ADVANCED_FACE ( 'NONE', ( #5973 ), #370, .T. ) ;
#142 = CARTESIAN_POINT ( 'NONE',  ( 0.01880936620159528658, 0.1792545897336795258, 0.005700805375091198314 ) ) ;
#143 = EDGE_CURVE ( 'NONE', #5871, #6177, #514, .T. ) ;
#144 = PLANE ( 'NONE',  #1772 ) ;
#145 = CARTESIAN_POINT ( 'NONE',  ( 0.06605150371278772914, -0.5507454102663129625, 0.01250000000001577974 ) ) ;
#146 = LINE ( 'NONE', #2968, #1143 ) ;
#147 = CARTESIAN_POINT ( 'NONE',  ( 0.08749999999999462375, -0.2807454102663161088, 0.1000000000000038497 ) ) ;
#148 = EDGE_LOOP ( 'NONE', ( #3883, #2407, #5542, #1610 ) ) ;
#149 = DIRECTION ( 'NONE',  ( 2.635182449764338759E-15, 1.000000000000000000, 6.314393452555451606E-16 ) ) ;
#150 = CYLINDRICAL_SURFACE ( 'NONE', #297, 0.02132405606333307932 ) ;
#151 = CARTESIAN_POINT ( 'NONE',  ( -0.0009264033145336425263, 0.1792545897336834115, -0.01165073162879694431 ) ) ;
#152 = EDGE_CURVE ( 'NONE', #3591, #217, #2075, .T. ) ;
#153 = ORIENTED_EDGE ( 'NONE', *, *, #1979, .F. ) ;
#154 = VECTOR ( 'NONE', #2006, 39.37007874015748143 ) ;
#155 = CARTESIAN_POINT ( 'NONE',  ( 0.02091726214320685853, 0.1892545897336867788, 0.03307343782615693173 ) ) ;
#156 = CIRCLE ( 'NONE', #2518, 0.01250000000000003712 ) ;
#157 = PLANE ( 'NONE',  #4475 ) ;
#158 = CARTESIAN_POINT ( 'NONE',  ( 0.3499999999999905409, -0.2807454102663161088, -0.09999999999999401035 ) ) ;
#159 = DIRECTION ( 'NONE',  ( -1.332267629550189623E-15, -1.000000000000000000, -4.163336342344341957E-16 ) ) ;
#160 = CARTESIAN_POINT ( 'NONE',  ( 0.3624999999999915512, -0.2807454102663193840, -0.09999999999999648059 ) ) ;
#161 = DIRECTION ( 'NONE',  ( 1.332267629550189623E-15, 1.000000000000000000, 4.163336342344342450E-16 ) ) ;
#162 = LINE ( 'NONE', #3350, #5677 ) ;
#163 = EDGE_LOOP ( 'NONE', ( #5619, #4677, #2229, #5319 ) ) ;
#164 = AXIS2_PLACEMENT_3D ( 'NONE', #3593, #4587, #3136 ) ;
#165 = ORIENTED_EDGE ( 'NONE', *, *, #6319, .F. ) ;
#166 = ADVANCED_FACE ( 'NONE', ( #5240 ), #1618, .T. ) ;
#167 = ORIENTED_EDGE ( 'NONE', *, *, #4774, .F. ) ;
#168 = FILL_AREA_STYLE ('',( #6095 ) ) ;
#169 = DIRECTION ( 'NONE',  ( -1.000000000000000000, -1.276756478318932585E-15, -1.110223024625158759E-16 ) ) ;
#170 = CARTESIAN_POINT ( 'NONE',  ( 0.01880936620159581740, 0.1792545897336784988, 0.005700805375088462655 ) ) ;
#171 = LINE ( 'NONE', #1154, #4220 ) ;
#172 = CARTESIAN_POINT ( 'NONE',  ( -0.2500000000000030531, -0.2807454102663150541, -0.09999999999999346911 ) ) ;
#173 = EDGE_LOOP ( 'NONE', ( #4696, #2514, #5631, #1733 ) ) ;
#174 = VERTEX_POINT ( 'NONE', #37 ) ;
#175 = COLOUR_RGB ( '',0.000000000000000000, 0.000000000000000000, 0.000000000000000000 ) ;
#176 = CARTESIAN_POINT ( 'NONE',  ( 0.1249999999999922423, 0.09425458973368411320, -0.09999999999999620304 ) ) ;
#177 = EDGE_CURVE ( 'NONE', #5871, #3612, #1525, .T. ) ;
#178 = CARTESIAN_POINT ( 'NONE',  ( -0.008961961813832125881, 0.1892545897336862515, 0.03048631190393614326 ) ) ;
#179 = AXIS2_PLACEMENT_3D ( 'NONE', #2505, #3506, #1446 ) ;
#180 = FACE_OUTER_BOUND ( 'NONE', #5633, .T. ) ;
#181 = VECTOR ( 'NONE', #3332, 39.37007874015748854 ) ;
#182 = CARTESIAN_POINT ( 'NONE',  ( 0.3749999999999925615, 0.1792545897336860761, 0.1000000000000049460 ) ) ;
#183 = VERTEX_POINT ( 'NONE', #540 ) ;
#184 = CARTESIAN_POINT ( 'NONE',  ( -3.769950231256682965E-14, -0.5507454102663195128, 1.884975115628341483E-14 ) ) ;
#185 =( NAMED_UNIT ( * ) PLANE_ANGLE_UNIT ( ) SI_UNIT ( $, .RADIAN. ) );
#186 = CARTESIAN_POINT ( 'NONE',  ( -0.1349351154182172607, -0.1577405214759453611, -0.01249999999998354337 ) ) ;
#187 = LINE ( 'NONE', #558, #513 ) ;
#188 = VECTOR ( 'NONE', #2039, 39.37007874015748143 ) ;
#189 = EDGE_CURVE ( 'NONE', #1823, #4077, #4913, .T. ) ;
#190 = ORIENTED_EDGE ( 'NONE', *, *, #5547, .T. ) ;
#191 = FACE_OUTER_BOUND ( 'NONE', #2582, .T. ) ;
#192 = ORIENTED_EDGE ( 'NONE', *, *, #4522, .T. ) ;
#193 = ORIENTED_EDGE ( 'NONE', *, *, #60, .T. ) ;
#194 = CARTESIAN_POINT ( 'NONE',  ( 0.0007230357127345300510, 0.1792545897336806915, -0.002718415153753604100 ) ) ;
#195 = EDGE_CURVE ( 'NONE', #2537, #6045, #1937, .T. ) ;
#196 = VECTOR ( 'NONE', #276, 39.37007874015748143 ) ;
#197 = VERTEX_POINT ( 'NONE', #4433 ) ;
#199 = CARTESIAN_POINT ( 'NONE',  ( 0.009078719199624248407, 0.1792545897336871585, 0.03092018112240251665 ) ) ;
#198 = DIRECTION ( 'NONE',  ( 1.332267629550189623E-15, 1.000000000000000000, 4.163336342344342450E-16 ) ) ;
#200 = ORIENTED_EDGE ( 'NONE', *, *, #4592, .F. ) ;
#201 = DIMENSIONAL_EXPONENTS ( 1.000000000000000000, 0.000000000000000000, 0.000000000000000000, 0.000000000000000000, 0.000000000000000000, 0.000000000000000000, 0.000000000000000000 ) ;
#202 = CARTESIAN_POINT ( 'NONE',  ( -0.3325000000000036260, -0.1803076923076725457, -0.03749999999999324707 ) ) ;
#203 = CARTESIAN_POINT ( 'NONE',  ( 0.02088065918336452428, 0.1792545897336893512, 0.01964406486836312374 ) ) ;
#204 = VECTOR ( 'NONE', #2243, 39.37007874015748143 ) ;
#205 = CARTESIAN_POINT ( 'NONE',  ( 0.3749999999999909517, 0.09425458973368357196, 0.1000000000000049460 ) ) ;
#206 = CARTESIAN_POINT ( 'NONE',  ( 0.007093649538462724544, 0.1892545897336873340, 0.03151334737997230073 ) ) ;
#207 = AXIS2_PLACEMENT_3D ( 'NONE', #5595, #4655, #3717 ) ;
#208 = ORIENTED_EDGE ( 'NONE', *, *, #235, .F. ) ;
#209 = VECTOR ( 'NONE', #1386, 39.37007874015748143 ) ;
#210 = ORIENTED_EDGE ( 'NONE', *, *, #6441, .T. ) ;
#211 = SURFACE_STYLE_USAGE ( .BOTH. , #3662 ) ;
#212 = CARTESIAN_POINT ( 'NONE',  ( -0.003158557798293503555, 0.1792545897336823291, -0.003006180301988081033 ) ) ;
#213 = EDGE_CURVE ( 'NONE', #2416, #4942, #5079, .T. ) ;
#214 = EDGE_LOOP ( 'NONE', ( #1360, #3637, #6127, #2343 ) ) ;
#215 = DIRECTION ( 'NONE',  ( -1.000000000000000000, -1.276756478318932585E-15, -1.110223024625158759E-16 ) ) ;
#216 =( CONVERSION_BASED_UNIT ( 'INCH', #2619 ) LENGTH_UNIT ( ) NAMED_UNIT ( #5392 ) );
#217 = VERTEX_POINT ( 'NONE', #1483 ) ;
#218 = DIRECTION ( 'NONE',  ( -5.551115123125634174E-17, 4.163336342344342450E-16, -1.000000000000000000 ) ) ;
#219 = EDGE_CURVE ( 'NONE', #5143, #5093, #251, .T. ) ;
#220 = ORIENTED_EDGE ( 'NONE', *, *, #496, .T. ) ;
#221 = ORIENTED_EDGE ( 'NONE', *, *, #4405, .T. ) ;
#222 = AXIS2_PLACEMENT_3D ( 'NONE', #4284, #5262, #4779 ) ;
#223 = CARTESIAN_POINT ( 'NONE',  ( -0.3192566881000613588, -0.2322320340662147320, 0.02144928535172654568 ) ) ;
#224 = DIRECTION ( 'NONE',  ( 1.000000000000000000, 1.591648399910246789E-15, -1.492170374915856426E-16 ) ) ;
#225 = LINE ( 'NONE', #5358, #2190 ) ;
#226 = CARTESIAN_POINT ( 'NONE',  ( -0.2625000000000018985, -0.2807454102663117235, -0.1000000000000000194 ) ) ;
#227 = ORIENTED_EDGE ( 'NONE', *, *, #5596, .F. ) ;
#228 = FILL_AREA_STYLE_COLOUR ( '', #5867 ) ;
#229 = ADVANCED_FACE ( 'NONE', ( #3595 ), #4044, .F. ) ;
#230 = ORIENTED_EDGE ( 'NONE', *, *, #1704, .F. ) ;
#231 = CARTESIAN_POINT ( 'NONE',  ( 0.2374999999999937161, 0.05425458973368588178, -0.07499999999999566735 ) ) ;
#232 = LINE ( 'NONE', #1005, #2129 ) ;
#233 = CARTESIAN_POINT ( 'NONE',  ( 0.3124999999999923395, 0.09425458973368083804, -0.09999999999999155398 ) ) ;
#234 = ORIENTED_EDGE ( 'NONE', *, *, #5026, .T. ) ;
#235 = EDGE_CURVE ( 'NONE', #2019, #5660, #712, .T. ) ;
#236 = DIRECTION ( 'NONE',  ( -1.332267629550189623E-15, -1.000000000000000000, -4.163336342344342450E-16 ) ) ;
#237 = DIRECTION ( 'NONE',  ( 1.000000000000000000, 1.276756478318932191E-15, 1.110223024625158513E-16 ) ) ;
#238 = DIRECTION ( 'NONE',  ( -0.8944271909999159664, 0.4472135954999577057, -2.172217384091356829E-16 ) ) ;
#239 = CARTESIAN_POINT ( 'NONE',  ( 0.02912565696281139635, 0.1892545897336802285, 0.01318447576653850040 ) ) ;
#240 = DIRECTION ( 'NONE',  ( 1.000000000000000000, 1.276756478318932191E-15, 1.110223024625158513E-16 ) ) ;
#241 = CARTESIAN_POINT ( 'NONE',  ( 0.3324999999999921352, -0.2807454102663161088, -0.06249999999999202721 ) ) ;
#242 = ADVANCED_FACE ( 'NONE', ( #107 ), #4231, .F. ) ;
#243 = FACE_OUTER_BOUND ( 'NONE', #78, .T. ) ;
#244 = ORIENTED_EDGE ( 'NONE', *, *, #346, .F. ) ;
#245 = PLANE ( 'NONE',  #3130 ) ;
#246 = VERTEX_POINT ( 'NONE', #139 ) ;
#247 = EDGE_LOOP ( 'NONE', ( #3391, #4104, #3710, #5815 ) ) ;
#248 = DIRECTION ( 'NONE',  ( -4.718447854656903464E-16, -4.996003610813192599E-16, -1.000000000000000000 ) ) ;
#249 = CLOSED_SHELL ( 'NONE', ( #6333, #1497, #3534, #390, #2141, #3652, #3561, #4531, #4147, #3147, #3060, #2084, #3782, #3119, #4704, #3723, #837, #3856 ) ) ;
#250 = LINE ( 'NONE', #2881, #800 ) ;
#251 = LINE ( 'NONE', #4599, #4766 ) ;
#252 = CARTESIAN_POINT ( 'NONE',  ( 0.3749999999999898415, 0.09425458973367974169, -0.09999999999999510669 ) ) ;
#253 = ORIENTED_EDGE ( 'NONE', *, *, #5661, .F. ) ;
#255 = CARTESIAN_POINT ( 'NONE',  ( -0.1250000000000048017, -0.2807454102663139439, 0.07500000000000452138 ) ) ;
#254 = CARTESIAN_POINT ( 'NONE',  ( 0.2624999999999926281, 0.1792545897336860761, -0.09999999999999729938 ) ) ;
#256 = EDGE_CURVE ( 'NONE', #1181, #3407, #5964, .T. ) ;
#257 = CARTESIAN_POINT ( 'NONE',  ( 0.02166420536748000017, 0.1892545897336780358, 0.01457624642032253649 ) ) ;
#258 = CARTESIAN_POINT ( 'NONE',  ( 0.3324999999999926903, -0.005745410266318098057, 0.03750000000000390521 ) ) ;
#259 = ORIENTED_EDGE ( 'NONE', *, *, #3236, .T. ) ;
#260 = SURFACE_STYLE_USAGE ( .BOTH. , #5745 ) ;
#261 = CARTESIAN_POINT ( 'NONE',  ( -0.1125000000000037914, 0.1792545897336855210, -0.09999999999999648059 ) ) ;
#262 = CARTESIAN_POINT ( 'NONE',  ( 0.01328136385572315989, -0.1631983307839912078, 0.01000000000001683050 ) ) ;
#263 = DIRECTION ( 'NONE',  ( 1.970877152922708759E-16, 1.006139616066556398E-15, 1.000000000000000000 ) ) ;
#264 = EDGE_CURVE ( 'NONE', #4548, #5888, #6104, .T. ) ;
#265 = CARTESIAN_POINT ( 'NONE',  ( -0.009914220759401438932, 0.1892545897336840588, -0.04471421647564018109 ) ) ;
#266 = ORIENTED_EDGE ( 'NONE', *, *, #4972, .F. ) ;
#267 = ORIENTED_EDGE ( 'NONE', *, *, #5718, .T. ) ;
#268 = AXIS2_PLACEMENT_3D ( 'NONE', #3443, #1982, #1422 ) ;
#269 = ORIENTED_EDGE ( 'NONE', *, *, #2742, .F. ) ;
#270 = CARTESIAN_POINT ( 'NONE',  ( 0.3324999999999948552, 0.03425458973368475379, 0.06250000000000431599 ) ) ;
#271 = FILL_AREA_STYLE ('',( #4261 ) ) ;
#272 = CYLINDRICAL_SURFACE ( 'NONE', #6150, 0.01250000000000003712 ) ;
#273 = CIRCLE ( 'NONE', #518, 0.01250000000000003712 ) ;
#274 = EDGE_LOOP ( 'NONE', ( #3959, #4714, #667, #2565 ) ) ;
#275 = ADVANCED_FACE ( 'NONE', ( #3771 ), #1564, .T. ) ;
#276 = DIRECTION ( 'NONE',  ( -1.000000000000000000, -1.276756478318932585E-15, -1.110223024625158759E-16 ) ) ;
#277 = ORIENTED_EDGE ( 'NONE', *, *, #2114, .F. ) ;
#278 = CARTESIAN_POINT ( 'NONE',  ( 0.3499999999999943712, 0.1792545897336828009, 0.1000000000000076800 ) ) ;
#280 = CARTESIAN_POINT ( 'NONE',  ( -0.1250000000000064393, 0.03425458973368693955, 0.06250000000000840994 ) ) ;
#279 = DIRECTION ( 'NONE',  ( 1.000000000000000000, 1.276756478318932191E-15, 1.110223024625158513E-16 ) ) ;
#281 =( BOUNDED_CURVE ( )  B_SPLINE_CURVE ( 3, ( #2981, #6449, #1929, #5936 ),
 .UNSPECIFIED., .F., .T. ) 
 B_SPLINE_CURVE_WITH_KNOTS ( ( 4, 4 ),
 ( 1.570796326794895004, 4.712388980384689674 ),
 .UNSPECIFIED. ) 
 CURVE ( )  GEOMETRIC_REPRESENTATION_ITEM ( )  RATIONAL_B_SPLINE_CURVE ( ( 1.000000000000000000, 0.3333333333333335369, 0.3333333333333335369, 1.000000000000000000 ) ) 
 REPRESENTATION_ITEM ( '' )  );
#282 = CARTESIAN_POINT ( 'NONE',  ( 0.05605150371279903759, -0.2807454102663161088, 0.01250000000001523330 ) ) ;
#283 = CARTESIAN_POINT ( 'NONE',  ( 0.3749999999999942268, -0.1207454102663167300, 4.644141589229247669E-15 ) ) ;
#284 = DIRECTION ( 'NONE',  ( 1.970877152922708759E-16, 1.006139616066556398E-15, 1.000000000000000000 ) ) ;
#285 = DIRECTION ( 'NONE',  ( -1.000000000000000000, -1.276756478318932585E-15, -1.110223024625158759E-16 ) ) ;
#286 = AXIS2_PLACEMENT_3D ( 'NONE', #4471, #3, #5554 ) ;
#287 = FILL_AREA_STYLE ('',( #6257 ) ) ;
#288 = EDGE_CURVE ( 'NONE', #3670, #4548, #2009, .T. ) ;
#289 = CARTESIAN_POINT ( 'NONE',  ( -0.01250000000000649203, 0.1792545897336762506, 0.1000000000000109551 ) ) ;
#290 = CARTESIAN_POINT ( 'NONE',  ( -0.02427596557269409011, 0.1892545897336775085, -0.02548785614378524036 ) ) ;
#291 = DIRECTION ( 'NONE',  ( -1.970877152922708759E-16, -1.006139616066556398E-15, -1.000000000000000000 ) ) ;
#292 = DIRECTION ( 'NONE',  ( 1.000000000000000000, 1.276756478318932191E-15, 1.110223024625158513E-16 ) ) ;
#293 = CARTESIAN_POINT ( 'NONE',  ( -0.01525536275733391581, 0.1792545897336795813, -0.02870271127691754673 ) ) ;
#294 = LINE ( 'NONE', #5790, #3815 ) ;
#295 = DIRECTION ( 'NONE',  ( 1.332267629550189623E-15, 1.000000000000000000, 4.163336342344342450E-16 ) ) ;
#296 = CARTESIAN_POINT ( 'NONE',  ( 0.2374999999999932998, 0.1792545897336806082, 0.1000000000000095812 ) ) ;
#297 = AXIS2_PLACEMENT_3D ( 'NONE', #940, #3426, #4434 ) ;
#298 = EDGE_CURVE ( 'NONE', #3329, #1521, #958, .T. ) ;
#299 = LINE ( 'NONE', #303, #6227 ) ;
#300 = CARTESIAN_POINT ( 'NONE',  ( 0.3374999999999933054, 0.09425458973368247562, -0.09999999999999592548 ) ) ;
#302 = ORIENTED_EDGE ( 'NONE', *, *, #6400, .F. ) ;
#301 = CARTESIAN_POINT ( 'NONE',  ( 0.02486933357260881841, 0.1892545897336851413, -0.02520406875061753302 ) ) ;
#303 = CARTESIAN_POINT ( 'NONE',  ( -0.01347535125645097850, 0.1892545897336884164, 0.02769724001006636932 ) ) ;
#304 = B_SPLINE_CURVE_WITH_KNOTS ( 'NONE', 3,
 ( #127, #1088, #1613, #3589, #4033, #64, #1133, #3680, #2614, #1177, #4651, #1699, #3241, #2272, #340, #2740, #762, #3287, #4764 ),
 .UNSPECIFIED., .F., .F.,
 ( 4, 1, 1, 1, 1, 1, 1, 1, 1, 1, 1, 1, 1, 1, 1, 1, 4 ),
 ( 0.000000000000000000, 0.05527454908752653384, 0.1099660938819835565, 0.1632474428518067011, 0.2180761854823606294, 0.2733008743735932944, 0.3309093000114347594, 0.3909945233652108443, 0.4541759534308246749, 0.5188615408488260750, 0.5833105320111678926, 0.6485166818638258279, 0.7150308870971836539, 0.7825020728543329307, 0.8523226850768557128, 0.9249284897844292086, 1.000000000000000000 ),
 .UNSPECIFIED. ) ;
#305 = CARTESIAN_POINT ( 'NONE',  ( 0.1249999999999949762, -0.2807454102663144990, 0.06250000000000349720 ) ) ;
#306 = ORIENTED_EDGE ( 'NONE', *, *, #391, .F. ) ;
#307 = ORIENTED_EDGE ( 'NONE', *, *, #2192, .F. ) ;
#308 = CARTESIAN_POINT ( 'NONE',  ( 0.01741940028497449347, 0.1792545897336849936, -0.009629604523848037806 ) ) ;
#309 = VECTOR ( 'NONE', #4007, 39.37007874015748143 ) ;
#310 = CARTESIAN_POINT ( 'NONE',  ( 0.2760515037128059568, 0.06925458973369516547, -0.01249999999998354337 ) ) ;
#311 = LINE ( 'NONE', #362, #2814 ) ;
#312 = ORIENTED_EDGE ( 'NONE', *, *, #6219, .F. ) ;
#313 = CARTESIAN_POINT ( 'NONE',  ( 0.02132073538738744542, 0.1892545897336851413, 0.01799980702658434545 ) ) ;
#314 = CARTESIAN_POINT ( 'NONE',  ( -0.2625000000000051736, 0.1792545897336838834, 0.1000000000000049460 ) ) ;
#315 = ORIENTED_EDGE ( 'NONE', *, *, #6185, .F. ) ;
#316 = ADVANCED_FACE ( 'NONE', ( #2655 ), #4100, .T. ) ;
#317 = SURFACE_SIDE_STYLE ('',( #3413 ) ) ;
#318 = LINE ( 'NONE', #464, #3289 ) ;
#319 = CARTESIAN_POINT ( 'NONE',  ( 0.01143304758262298805, 0.1892545897336796734, -0.03536067778063960165 ) ) ;
#320 = DIRECTION ( 'NONE',  ( -1.110223024625166155E-16, 5.967448757360198655E-16, 1.000000000000000000 ) ) ;
#321 = CARTESIAN_POINT ( 'NONE',  ( -6.556435184794231724E-15, 0.1792545897336751404, 0.1000000000000049460 ) ) ;
#322 = ORIENTED_EDGE ( 'NONE', *, *, #6240, .T. ) ;
#323 = CARTESIAN_POINT ( 'NONE',  ( -0.002171620964133090612, 0.1792545897336849936, -0.03821053525951041002 ) ) ;
#324 = CARTESIAN_POINT ( 'NONE',  ( 0.1499999999999932221, -0.2807454102663166640, 0.1000000000000068612 ) ) ;
#325 = VECTOR ( 'NONE', #1379, 39.37007874015748143 ) ;
#326 = EDGE_LOOP ( 'NONE', ( #3599, #1063, #1191, #2031 ) ) ;
#327 = VECTOR ( 'NONE', #5131, 39.37007874015748143 ) ;
#328 = EDGE_LOOP ( 'NONE', ( #6094, #1975, #4479, #3673 ) ) ;
#329 = ORIENTED_EDGE ( 'NONE', *, *, #2157, .T. ) ;
#330 = CARTESIAN_POINT ( 'NONE',  ( 0.001618075600038296463, 0.1892545897336802285, -0.04682253869594585338 ) ) ;
#332 = CARTESIAN_POINT ( 'NONE',  ( -0.3750000000000046074, 0.1792545897336784155, -0.09999999999999401035 ) ) ;
#331 = PLANE ( 'NONE',  #1403 ) ;
#333 = EDGE_CURVE ( 'NONE', #4136, #511, #4401, .T. ) ;
#334 = LINE ( 'NONE', #4974, #5315 ) ;
#335 = PLANE ( 'NONE',  #6442 ) ;
#336 = ORIENTED_EDGE ( 'NONE', *, *, #2676, .F. ) ;
#337 = ORIENTED_EDGE ( 'NONE', *, *, #5993, .T. ) ;
#338 = SURFACE_STYLE_FILL_AREA ( #1872 ) ;
#339 = CARTESIAN_POINT ( 'NONE',  ( 0.02165164318030313867, 0.1892545897336796734, 0.01515632523740020714 ) ) ;
#340 = CARTESIAN_POINT ( 'NONE',  ( 0.005708622941474916258, 0.1792545897336816907, -0.03778276086102902442 ) ) ;
#341 = CARTESIAN_POINT ( 'NONE',  ( 0.02486933357260663266, 0.1792545897336849936, -0.02520406875061944468 ) ) ;
#342 = CARTESIAN_POINT ( 'NONE',  ( -0.2875000000000050848, 0.09425458973368630589, 0.1000000000000054873 ) ) ;
#343 = LINE ( 'NONE', #4831, #1671 ) ;
#344 = VECTOR ( 'NONE', #5738, 39.37007874015748143 ) ;
#345 = ORIENTED_EDGE ( 'NONE', *, *, #5048, .T. ) ;
#346 = EDGE_CURVE ( 'NONE', #3984, #873, #5405, .T. ) ;
#347 = CARTESIAN_POINT ( 'NONE',  ( 0.3749999999999925615, 0.1792545897336860761, 0.1000000000000049460 ) ) ;
#348 = DIRECTION ( 'NONE',  ( 1.332267629550189623E-15, 1.000000000000000000, 4.163336342344342450E-16 ) ) ;
#349 = CARTESIAN_POINT ( 'NONE',  ( -0.01606154590617828171, 0.1792545897336784988, -0.02715022569830192675 ) ) ;
#350 = PRESENTATION_LAYER_ASSIGNMENT (  '', '', ( #4661 ) ) ;
#351 = CARTESIAN_POINT ( 'NONE',  ( -0.3750000000000073275, -0.005745410266317551619, 0.03750000000000745098 ) ) ;
#352 = LINE ( 'NONE', #1348, #4684 ) ;
#353 = ORIENTED_EDGE ( 'NONE', *, *, #5282, .F. ) ;
#354 = DIRECTION ( 'NONE',  ( 1.000000000000000000, 1.276756478318932191E-15, 1.110223024625158513E-16 ) ) ;
#355 = ADVANCED_FACE ( 'NONE', ( #5617 ), #2175, .F. ) ;
#356 = CARTESIAN_POINT ( 'NONE',  ( -0.1250000000000086320, 0.08425458973368285531, 0.07500000000000561773 ) ) ;
#357 = CARTESIAN_POINT ( 'NONE',  ( 0.1874999999999924782, 0.1792545897336871585, 0.1000000000000054873 ) ) ;
#358 = B_SPLINE_CURVE_WITH_KNOTS ( 'NONE', 3,
 ( #2007, #3973, #1947, #5420, #1928, #4934, #1474, #5956, #1971, #4382, #4956, #3467, #4399, #4427, #4872, #3896, #5459, #2438, #5916 ),
 .UNSPECIFIED., .F., .F.,
 ( 4, 1, 1, 1, 1, 1, 1, 1, 1, 1, 1, 1, 1, 1, 1, 1, 4 ),
 ( 0.000000000000000000, 0.06554117033740342046, 0.1289631677825934242, 0.1903771361885610858, 0.2500923616690527429, 0.3085484324592011607, 0.3663979630552960942, 0.4245421892666801367, 0.4831699964229058120, 0.5422433998311201320, 0.6017393520173300869, 0.6625060022496068735, 0.7248555134488471330, 0.7891278292811813033, 0.8563463998785101339, 0.9262952349869054691, 1.000000000000000000 ),
 .UNSPECIFIED. ) ;
#359 = LINE ( 'NONE', #3911, #2672 ) ;
#360 = LINE ( 'NONE', #5701, #3087 ) ;
#361 = ORIENTED_EDGE ( 'NONE', *, *, #5140, .F. ) ;
#362 = CARTESIAN_POINT ( 'NONE',  ( -0.3125000000000065503, -0.2807454102663117235, 0.1000000000000038497 ) ) ;
#363 = EDGE_CURVE ( 'NONE', #1918, #2204, #3718, .T. ) ;
#364 = AXIS2_PLACEMENT_3D ( 'NONE', #5210, #3331, #6242 ) ;
#365 = DIRECTION ( 'NONE',  ( -1.110223024625166155E-16, 5.967448757360198655E-16, 1.000000000000000000 ) ) ;
#366 = PLANE ( 'NONE',  #3752 ) ;
#367 = CARTESIAN_POINT ( 'NONE',  ( 0.2999999999999913292, -0.2807454102663188289, -0.09999999999999620304 ) ) ;
#368 = FACE_OUTER_BOUND ( 'NONE', #5487, .T. ) ;
#369 = ORIENTED_EDGE ( 'NONE', *, *, #60, .F. ) ;
#370 = PLANE ( 'NONE',  #5460 ) ;
#371 = CARTESIAN_POINT ( 'NONE',  ( -0.1625000000000057232, 0.09425458973368630589, 0.1000000000000060424 ) ) ;
#372 = ORIENTED_EDGE ( 'NONE', *, *, #4729, .T. ) ;
#373 = EDGE_CURVE ( 'NONE', #831, #3019, #1099, .T. ) ;
#374 = VECTOR ( 'NONE', #3716, 39.37007874015748143 ) ;
#375 = CARTESIAN_POINT ( 'NONE',  ( -0.3500000000000041966, 0.1792545897336860761, 0.1000000000000087624 ) ) ;
#376 = CARTESIAN_POINT ( 'NONE',  ( -0.1474148077667561674, 0.06925458973369079396, -0.01249999999998600321 ) ) ;
#377 = DIRECTION ( 'NONE',  ( 5.551115123125767911E-17, 5.967448757360200628E-16, 1.000000000000000000 ) ) ;
#378 = CARTESIAN_POINT ( 'NONE',  ( 0.05665421202754877122, -0.1631983307839890152, 0.01000000000002065556 ) ) ;
#379 = ORIENTED_EDGE ( 'NONE', *, *, #5333, .T. ) ;
#380 = LINE ( 'NONE', #5116, #6055 ) ;
#381 = CARTESIAN_POINT ( 'NONE',  ( -0.1349351154182167334, -0.2306847410194153847, -0.01249999999998299693 ) ) ;
#382 =( BOUNDED_CURVE ( )  B_SPLINE_CURVE ( 3, ( #4984, #6412, #3634, #1670 ),
 .UNSPECIFIED., .F., .T. ) 
 B_SPLINE_CURVE_WITH_KNOTS ( ( 4, 4 ),
 ( 1.570796326794895004, 4.712388980384689674 ),
 .UNSPECIFIED. ) 
 CURVE ( )  GEOMETRIC_REPRESENTATION_ITEM ( )  RATIONAL_B_SPLINE_CURVE ( ( 1.000000000000000000, 0.3333333333333335369, 0.3333333333333335369, 1.000000000000000000 ) ) 
 REPRESENTATION_ITEM ( '' )  );
#383 = DIRECTION ( 'NONE',  ( -2.635182449764338759E-15, -1.000000000000000000, -6.314393452555451606E-16 ) ) ;
#384 = DIRECTION ( 'NONE',  ( 1.332267629550189623E-15, 1.000000000000000000, 4.163336342344342450E-16 ) ) ;
#385 = CARTESIAN_POINT ( 'NONE',  ( 0.1874999999999922007, 0.09425458973368193438, 0.1000000000000093175 ) ) ;
#386 = CARTESIAN_POINT ( 'NONE',  ( 0.02334957938554646159, 0.1792545897336861316, 0.03038114475382712454 ) ) ;
#387 = CARTESIAN_POINT ( 'NONE',  ( 0.01513709532474780822, 0.1892545897336851413, -0.008059971528395683954 ) ) ;
#388 = PRESENTATION_LAYER_ASSIGNMENT (  '', '', ( #5747 ) ) ;
#389 = AXIS2_PLACEMENT_3D ( 'NONE', #3195, #6253, #1267 ) ;
#390 = ADVANCED_FACE ( 'NONE', ( #4461, #5704 ), #2234, .F. ) ;
#391 = EDGE_CURVE ( 'NONE', #2601, #5044, #3316, .T. ) ;
#392 = ORIENTED_EDGE ( 'NONE', *, *, #6450, .F. ) ;
#393 = ORIENTED_EDGE ( 'NONE', *, *, #4246, .T. ) ;
#394 = DIRECTION ( 'NONE',  ( 2.635182449764338759E-15, 1.000000000000000000, 6.314393452555451606E-16 ) ) ;
#395 = CARTESIAN_POINT ( 'NONE',  ( 0.02912565696281139635, 0.1892545897336802285, 0.01318447576653850040 ) ) ;
#396 = VECTOR ( 'NONE', #2774, 39.37007874015748143 ) ;
#397 = DIRECTION ( 'NONE',  ( 2.635182449764338759E-15, 1.000000000000000000, 6.314393452555451606E-16 ) ) ;
#398 = COLOUR_RGB ( '',0.000000000000000000, 0.000000000000000000, 0.000000000000000000 ) ;
#399 = VERTEX_POINT ( 'NONE', #3228 ) ;
#400 = EDGE_CURVE ( 'NONE', #4426, #4785, #3492, .T. ) ;
#401 = CARTESIAN_POINT ( 'NONE',  ( -0.05000000000000356243, -0.2807454102663117235, -0.09999999999999566180 ) ) ;
#402 = EDGE_LOOP ( 'NONE', ( #4590, #5461, #131, #2865 ) ) ;
#403 = DIRECTION ( 'NONE',  ( 1.387778780781446859E-15, 1.000000000000000000, 5.551115123125787632E-16 ) ) ;
#404 = CARTESIAN_POINT ( 'NONE',  ( -0.01347535125645097850, 0.1892545897336884164, 0.02769724001006636932 ) ) ;
#405 = ORIENTED_EDGE ( 'NONE', *, *, #1909, .F. ) ;
#406 = CARTESIAN_POINT ( 'NONE',  ( -0.1474148077667605528, 0.01925458973369324409, -0.09999999999998117339 ) ) ;
#407 = LINE ( 'NONE', #2653, #4133 ) ;
#408 = EDGE_CURVE ( 'NONE', #6160, #5638, #4084, .T. ) ;
#409 = DIRECTION ( 'NONE',  ( -1.000000000000000000, -1.591648399910246395E-15, 1.492170374915855933E-16 ) ) ;
#410 = CARTESIAN_POINT ( 'NONE',  ( -0.1625000000000086375, 0.05425458973368620791, 0.07500000000000743572 ) ) ;
#411 = CARTESIAN_POINT ( 'NONE',  ( 0.01288112619080935412, 0.1792545897336828009, -0.04392868937582364991 ) ) ;
#412 = ORIENTED_EDGE ( 'NONE', *, *, #4405, .F. ) ;
#413 = CARTESIAN_POINT ( 'NONE',  ( 0.01288112619080880768, 0.1892545897336840588, -0.04392868937582337929 ) ) ;
#414 = CARTESIAN_POINT ( 'NONE',  ( 0.004084181092459596499, 0.1892545897336807836, -0.03808123327535896385 ) ) ;
#415 = CARTESIAN_POINT ( 'NONE',  ( -0.3125000000000049405, 0.09425458973368520954, 0.1000000000000079436 ) ) ;
#416 = DIRECTION ( 'NONE',  ( -1.000000000000000000, -1.276756478318932585E-15, -1.110223024625158759E-16 ) ) ;
#417 = CARTESIAN_POINT ( 'NONE',  ( 0.02416821177773581519, 0.1892545897336807836, -0.0009485933232672264263 ) ) ;
#418 = ORIENTED_EDGE ( 'NONE', *, *, #2928, .F. ) ;
#419 = EDGE_CURVE ( 'NONE', #439, #3575, #4314, .T. ) ;
#420 = ORIENTED_EDGE ( 'NONE', *, *, #2843, .F. ) ;
#421 = CARTESIAN_POINT ( 'NONE',  ( -0.01679733309406145417, 0.1792545897336806082, -0.02548785614377977599 ) ) ;
#422 = CARTESIAN_POINT ( 'NONE',  ( -0.003852103426986409288, 0.1792545897336828009, -0.04653332507403086515 ) ) ;
#423 = ORIENTED_EDGE ( 'NONE', *, *, #1720, .F. ) ;
#424 = CARTESIAN_POINT ( 'NONE',  ( 0.06605150371280357757, -0.1577405214759410035, -0.01249999999998408981 ) ) ;
#425 = CARTESIAN_POINT ( 'NONE',  ( 0.01163609105403472406, 0.1792545897336850491, 0.03886693198291908680 ) ) ;
#426 = DIRECTION ( 'NONE',  ( -1.970877152922708759E-16, -1.006139616066556398E-15, -1.000000000000000000 ) ) ;
#427 = EDGE_CURVE ( 'NONE', #6406, #490, #3007, .T. ) ;
#428 = FACE_OUTER_BOUND ( 'NONE', #1740, .T. ) ;
#429 = VECTOR ( 'NONE', #3066, 39.37007874015748143 ) ;
#430 = CARTESIAN_POINT ( 'NONE',  ( -0.02427596557269299724, 0.1792545897336849936, -0.02548785614377868311 ) ) ;
#431 = EDGE_LOOP ( 'NONE', ( #521, #2223, #1907, #1428 ) ) ;
#432 = ORIENTED_EDGE ( 'NONE', *, *, #5759, .T. ) ;
#433 = CARTESIAN_POINT ( 'NONE',  ( 0.3749999999999925615, -0.1207454102663189227, 0.03750000000000417583 ) ) ;
#434 = PLANE ( 'NONE',  #6216 ) ;
#435 = CARTESIAN_POINT ( 'NONE',  ( 0.3749999999999925615, 0.1792545897336860761, 0.1000000000000049460 ) ) ;
#436 = DIRECTION ( 'NONE',  ( -1.332267629550189623E-15, -1.000000000000000000, -4.163336342344342450E-16 ) ) ;
#437 = VECTOR ( 'NONE', #2969, 39.37007874015748143 ) ;
#438 = CARTESIAN_POINT ( 'NONE',  ( 0.02177963828146199654, 0.1792545897336828564, -0.03585526280766380275 ) ) ;
#439 = VERTEX_POINT ( 'NONE', #6297 ) ;
#440 = CARTESIAN_POINT ( 'NONE',  ( 0.02536459840669694904, 0.1792545897336822458, 0.0006893987762170118109 ) ) ;
#441 = VERTEX_POINT ( 'NONE', #5761 ) ;
#442 = EDGE_CURVE ( 'NONE', #5044, #1823, #3080, .T. ) ;
#443 = CARTESIAN_POINT ( 'NONE',  ( -0.01525536275733335723, 0.1792545897336784155, -0.02870271127691945492 ) ) ;
#444 = VECTOR ( 'NONE', #3448, 39.37007874015748143 ) ;
#445 = ORIENTED_EDGE ( 'NONE', *, *, #80, .F. ) ;
#446 = DIRECTION ( 'NONE',  ( 1.332267629550189623E-15, 1.000000000000000000, 4.163336342344342450E-16 ) ) ;
#447 = ORIENTED_EDGE ( 'NONE', *, *, #3711, .F. ) ;
#448 = CARTESIAN_POINT ( 'NONE',  ( 0.0005303912649154877241, 0.1792545897336838834, -0.04685537751130022799 ) ) ;
#449 = VECTOR ( 'NONE', #1254, 39.37007874015748854 ) ;
#450 = CARTESIAN_POINT ( 'NONE',  ( 0.03300344421698390984, -0.1631983307839912078, 0.01000000000001710458 ) ) ;
#451 = EDGE_CURVE ( 'NONE', #5667, #4462, #4268, .T. ) ;
#452 = ORIENTED_EDGE ( 'NONE', *, *, #1305, .F. ) ;
#453 = CARTESIAN_POINT ( 'NONE',  ( 0.001635306684642626011, 0.1892545897336851413, 0.04071336796882335518 ) ) ;
#454 = ORIENTED_EDGE ( 'NONE', *, *, #702, .F. ) ;
#455 = CARTESIAN_POINT ( 'NONE',  ( -0.02000246129918481150, 0.1792545897336784155, 0.01617881052288120888 ) ) ;
#456 = CARTESIAN_POINT ( 'NONE',  ( 0.01602356567173142052, 0.1892545897336851413, -0.007631919825028112697 ) ) ;
#457 = CARTESIAN_POINT ( 'NONE',  ( -0.01347535125645097850, 0.1892545897336884164, 0.02769724001006636932 ) ) ;
#458 = DIRECTION ( 'NONE',  ( 1.000000000000000000, 1.276756478318932585E-15, 1.110223024625158759E-16 ) ) ;
#459 = VECTOR ( 'NONE', #4241, 39.37007874015748143 ) ;
#460 = CARTESIAN_POINT ( 'NONE',  ( -0.01055874481587343837, 0.1792545897336850491, 0.02969200177692037784 ) ) ;
#461 = EDGE_CURVE ( 'NONE', #4942, #6406, #1595, .T. ) ;
#462 = DIRECTION ( 'NONE',  ( 0.000000000000000000, 0.000000000000000000, -1.000000000000000000 ) ) ;
#463 = CARTESIAN_POINT ( 'NONE',  ( -0.1875000000000082989, 0.09425458973368411320, -0.09999999999999538425 ) ) ;
#464 = CARTESIAN_POINT ( 'NONE',  ( -0.3325000000000052913, 0.09425458973368738835, 0.1000000000000065836 ) ) ;
#465 = CARTESIAN_POINT ( 'NONE',  ( 0.3324999999999954103, -0.2057454102663099638, -0.02963676017008631466 ) ) ;
#466 = ORIENTED_EDGE ( 'NONE', *, *, #3742, .F. ) ;
#467 = CARTESIAN_POINT ( 'NONE',  ( -0.1375000000000058398, 0.09425458973368630589, -0.09999999999999073519 ) ) ;
#468 = STYLED_ITEM ( 'NONE', ( #5188 ), #3262 ) ;
#469 = EDGE_CURVE ( 'NONE', #2315, #3869, #1518, .T. ) ;
#470 = CARTESIAN_POINT ( 'NONE',  ( 0.2660515037128006188, -0.2807454102663139439, 0.01250000000001796549 ) ) ;
#471 = VECTOR ( 'NONE', #4417, 39.37007874015748143 ) ;
#472 = CARTESIAN_POINT ( 'NONE',  ( 0.01739070109397345201, 0.1892545897336856964, -0.02523745550275343155 ) ) ;
#473 = CARTESIAN_POINT ( 'NONE',  ( 0.01328136385572315989, -0.04723214755363101813, 0.01000000000001355187 ) ) ;
#474 = CARTESIAN_POINT ( 'NONE',  ( 0.02475066336555594923, 0.1892545897336851413, -0.02794722380949538412 ) ) ;
#475 = CARTESIAN_POINT ( 'NONE',  ( 0.0003133773760272127226, 0.1792545897336883243, 0.04075146009553184262 ) ) ;
#476 = VECTOR ( 'NONE', #5601, 39.37007874015748854 ) ;
#477 = EDGE_LOOP ( 'NONE', ( #4685, #3993, #2608, #2949 ) ) ;
#478 = ORIENTED_EDGE ( 'NONE', *, *, #137, .F. ) ;
#479 = EDGE_CURVE ( 'NONE', #1282, #3222, #2744, .T. ) ;
#480 = VECTOR ( 'NONE', #4989, 39.37007874015748143 ) ;
#481 = CARTESIAN_POINT ( 'NONE',  ( -0.01454912441475044935, 0.1792545897336860761, 0.02675590908175674854 ) ) ;
#482 = DIRECTION ( 'NONE',  ( -1.332267629550189623E-15, -1.000000000000000000, -4.163336342344342450E-16 ) ) ;
#483 = DIRECTION ( 'NONE',  ( 1.000000000000000000, 1.858026332526783612E-15, -1.359791920952777133E-16 ) ) ;
#484 = EDGE_LOOP ( 'NONE', ( #574, #3121, #3020, #6341, #1747, #5100, #2605, #4969, #2972, #4621, #580, #4365 ) ) ;
#485 = DIRECTION ( 'NONE',  ( 1.000000000000000000, 1.858026332526783612E-15, -1.359791920952777133E-16 ) ) ;
#486 = CARTESIAN_POINT ( 'NONE',  ( 0.1874999999999935607, 0.1792545897336838834, -0.09999999999999428790 ) ) ;
#487 = PLANE ( 'NONE',  #6428 ) ;
#488 = COLOUR_RGB ( '',0.000000000000000000, 0.000000000000000000, 0.000000000000000000 ) ;
#489 = AXIS2_PLACEMENT_3D ( 'NONE', #1663, #2360, #1826 ) ;
#490 = VERTEX_POINT ( 'NONE', #1285 ) ;
#491 = CARTESIAN_POINT ( 'NONE',  ( -0.009714070265892542355, 0.1792545897336861316, 0.03922078201848329393 ) ) ;
#492 = VECTOR ( 'NONE', #3112, 39.37007874015748143 ) ;
#493 = ORIENTED_EDGE ( 'NONE', *, *, #5085, .T. ) ;
#494 = DIRECTION ( 'NONE',  ( 1.332267629550189623E-15, 1.000000000000000000, 4.163336342344342450E-16 ) ) ;
#495 = ORIENTED_EDGE ( 'NONE', *, *, #947, .F. ) ;
#496 = EDGE_CURVE ( 'NONE', #3055, #3715, #5327, .T. ) ;
#497 = CARTESIAN_POINT ( 'NONE',  ( 0.01602356567173142052, 0.1892545897336851413, -0.007631919825028112697 ) ) ;
#498 = DIRECTION ( 'NONE',  ( -1.000000000000000000, -1.276756478318932585E-15, -1.110223024625158759E-16 ) ) ;
#499 =( BOUNDED_CURVE ( )  B_SPLINE_CURVE ( 3, ( #4340, #4912, #910, #467 ),
 .UNSPECIFIED., .F., .T. ) 
 B_SPLINE_CURVE_WITH_KNOTS ( ( 4, 4 ),
 ( 1.570796326794895004, 4.712388980384689674 ),
 .UNSPECIFIED. ) 
 CURVE ( )  GEOMETRIC_REPRESENTATION_ITEM ( )  RATIONAL_B_SPLINE_CURVE ( ( 1.000000000000000000, 0.3333333333333335369, 0.3333333333333335369, 1.000000000000000000 ) ) 
 REPRESENTATION_ITEM ( '' )  );
#500 = VECTOR ( 'NONE', #4489, 39.37007874015748143 ) ;
#501 = EDGE_LOOP ( 'NONE', ( #4301, #2710, #3986, #4680 ) ) ;
#502 = VERTEX_POINT ( 'NONE', #357 ) ;
#503 = CARTESIAN_POINT ( 'NONE',  ( -0.01980762102679754083, 0.1792545897336816907, 0.01682045369594789563 ) ) ;
#504 = VECTOR ( 'NONE', #2886, 39.37007874015748143 ) ;
#505 = CARTESIAN_POINT ( 'NONE',  ( 0.02088065918336341753, 0.1792545897336866867, 0.01964406486835902285 ) ) ;
#506 = DIRECTION ( 'NONE',  ( 0.000000000000000000, 0.000000000000000000, 1.000000000000000000 ) ) ;
#507 = EDGE_CURVE ( 'NONE', #788, #5488, #1833, .T. ) ;
#508 = CARTESIAN_POINT ( 'NONE',  ( 0.02707158997592682900, 0.1792545897336871585, 0.02415602046225134164 ) ) ;
#509 = FACE_OUTER_BOUND ( 'NONE', #4835, .T. ) ;
#510 = VERTEX_POINT ( 'NONE', #5892 ) ;
#511 = VERTEX_POINT ( 'NONE', #2441 ) ;
#512 = ADVANCED_FACE ( 'NONE', ( #5235 ), #2421, .F. ) ;
#513 = VECTOR ( 'NONE', #3698, 39.37007874015748143 ) ;
#514 = LINE ( 'NONE', #4353, #5010 ) ;
#515 = ORIENTED_EDGE ( 'NONE', *, *, #1057, .T. ) ;
#516 = ORIENTED_EDGE ( 'NONE', *, *, #2906, .T. ) ;
#517 = ORIENTED_EDGE ( 'NONE', *, *, #1989, .F. ) ;
#518 = AXIS2_PLACEMENT_3D ( 'NONE', #5767, #2793, #5852 ) ;
#519 = AXIS2_PLACEMENT_3D ( 'NONE', #5623, #5211, #5190 ) ;
#520 = CARTESIAN_POINT ( 'NONE',  ( 0.3749999999999925615, 0.1792545897336860761, 0.1000000000000049460 ) ) ;
#521 = ORIENTED_EDGE ( 'NONE', *, *, #4189, .F. ) ;
#522 = ORIENTED_EDGE ( 'NONE', *, *, #6102, .T. ) ;
#523 = COLOUR_RGB ( '',0.000000000000000000, 1.000000000000000000, 1.000000000000000000 ) ;
#524 = CARTESIAN_POINT ( 'NONE',  ( -0.07241480776675929265, 0.06925458973368861515, -0.01249999999998682200 ) ) ;
#525 = VERTEX_POINT ( 'NONE', #5958 ) ;
#526 = CIRCLE ( 'NONE', #2488, 0.01250000000000003712 ) ;
#527 = CARTESIAN_POINT ( 'NONE',  ( -0.01942863977303707287, 0.1792545897336784155, 0.01806850540113954032 ) ) ;
#528 = EDGE_CURVE ( 'NONE', #1760, #2830, #3937, .T. ) ;
#529 = CARTESIAN_POINT ( 'NONE',  ( 0.009078719199624236263, 0.1792545897336856042, 0.03092018112240087213 ) ) ;
#530 = EDGE_LOOP ( 'NONE', ( #4518, #4294, #423, #1620 ) ) ;
#531 = MECHANICAL_DESIGN_GEOMETRIC_PRESENTATION_REPRESENTATION (  '', ( #5176 ), #844 ) ;
#532 = CARTESIAN_POINT ( 'NONE',  ( 0.2899999999999919864, 0.1692545897336804328, -0.03999999999999492850 ) ) ;
#533 = LINE ( 'NONE', #5318, #2612 ) ;
#534 = CARTESIAN_POINT ( 'NONE',  ( -0.007367889364546387730, 0.1892545897336884164, 0.03990419405100956857 ) ) ;
#535 = ORIENTED_EDGE ( 'NONE', *, *, #2366, .T. ) ;
#536 = MECHANICAL_DESIGN_GEOMETRIC_PRESENTATION_REPRESENTATION (  '', ( #2334 ), #6228 ) ;
#537 = PLANE ( 'NONE',  #4454 ) ;
#538 = VECTOR ( 'NONE', #3138, 39.37007874015748143 ) ;
#539 = CARTESIAN_POINT ( 'NONE',  ( -0.01207703603250363626, 0.1792545897336844385, 0.02877529633554143026 ) ) ;
#540 = CARTESIAN_POINT ( 'NONE',  ( 0.2899999999999928191, 0.1792545897336806082, 0.04000000000000612788 ) ) ;
#541 = LINE ( 'NONE', #849, #922 ) ;
#542 = EDGE_CURVE ( 'NONE', #5170, #5406, #1728, .T. ) ;
#543 = ADVANCED_FACE ( 'NONE', ( #6098 ), #4444, .F. ) ;
#544 = CARTESIAN_POINT ( 'NONE',  ( -0.02407335722314543625, 0.1792545897336777494, -0.02632672480986203087 ) ) ;
#545 = CARTESIAN_POINT ( 'NONE',  ( 0.01434320165599373663, 0.1892545897336840588, 0.02818746734785896116 ) ) ;
#546 = DIRECTION ( 'NONE',  ( 2.635182449764338759E-15, 1.000000000000000000, 6.314393452555451606E-16 ) ) ;
#547 = DIRECTION ( 'NONE',  ( -1.000000000000000000, -1.858026332526782823E-15, 1.970877152922727494E-16 ) ) ;
#548 = ORIENTED_EDGE ( 'NONE', *, *, #3236, .F. ) ;
#549 = CARTESIAN_POINT ( 'NONE',  ( -0.0005775583449991506012, 0.1792545897336861316, 0.04073078835128520619 ) ) ;
#550 = CIRCLE ( 'NONE', #4749, 0.04290909967644726541 ) ;
#551 = CYLINDRICAL_SURFACE ( 'NONE', #1782, 0.02337284817182591276 ) ;
#552 = DIRECTION ( 'NONE',  ( 0.000000000000000000, 0.000000000000000000, 1.000000000000000000 ) ) ;
#553 = ORIENTED_EDGE ( 'NONE', *, *, #4437, .F. ) ;
#554 = CARTESIAN_POINT ( 'NONE',  ( -0.2824148077667616996, -0.2807454102663161088, 0.01250000000001414042 ) ) ;
#555 = EDGE_CURVE ( 'NONE', #5482, #4588, #4757, .T. ) ;
#556 = EDGE_LOOP ( 'NONE', ( #302, #5876, #5166, #4467 ) ) ;
#557 = VECTOR ( 'NONE', #377, 39.37007874015748143 ) ;
#558 = CARTESIAN_POINT ( 'NONE',  ( 0.1310515037128035520, 0.01925458973369106180, -0.09999999999998117339 ) ) ;
#559 = CARTESIAN_POINT ( 'NONE',  ( -0.04964466790968047327, -0.04723214755362446782, 0.01000000000001491883 ) ) ;
#560 = EDGE_LOOP ( 'NONE', ( #1294, #1941, #1126, #3474 ) ) ;
#561 = ORIENTED_EDGE ( 'NONE', *, *, #5097, .T. ) ;
#562 = AXIS2_PLACEMENT_3D ( 'NONE', #3789, #795, #5733 ) ;
#563 = LINE ( 'NONE', #5073, #5686 ) ;
#564 = CARTESIAN_POINT ( 'NONE',  ( 0.2499999999999929501, 0.1792545897336844385, -0.09999999999999401035 ) ) ;
#565 = EDGE_LOOP ( 'NONE', ( #2166, #4986, #4421, #3778 ) ) ;
#566 = ADVANCED_FACE ( 'NONE', ( #4928, #570 ), #4456, .F. ) ;
#567 = CARTESIAN_POINT ( 'NONE',  ( -0.2824148077667709700, -0.5257454102663174922, 0.01250000000001386807 ) ) ;
#568 = DIRECTION ( 'NONE',  ( 1.000000000000000000, 1.276756478318932191E-15, 1.110223024625158513E-16 ) ) ;
#569 = UNCERTAINTY_MEASURE_WITH_UNIT (LENGTH_MEASURE( 1.000000000000000082E-05 ), #3572, 'distance_accuracy_value', 'NONE');
#570 = FACE_BOUND ( 'NONE', #1860, .T. ) ;
#571 = ORIENTED_EDGE ( 'NONE', *, *, #4335, .F. ) ;
#572 = LINE ( 'NONE', #3110, #3603 ) ;
#573 = VECTOR ( 'NONE', #4731, 39.37007874015748143 ) ;
#574 = ORIENTED_EDGE ( 'NONE', *, *, #5418, .F. ) ;
#575 = CARTESIAN_POINT ( 'NONE',  ( 0.3324999999999921352, -0.2807454102663161088, -0.06249999999999202721 ) ) ;
#576 = ORIENTED_EDGE ( 'NONE', *, *, #4359, .F. ) ;
#577 = CARTESIAN_POINT ( 'NONE',  ( 0.01725375361480353809, 0.1892545897336785909, 0.003777569624274014146 ) ) ;
#578 = DIRECTION ( 'NONE',  ( 0.000000000000000000, 0.000000000000000000, 1.000000000000000000 ) ) ;
#579 = EDGE_LOOP ( 'NONE', ( #5569, #4527, #3649 ) ) ;
#580 = ORIENTED_EDGE ( 'NONE', *, *, #4709, .T. ) ;
#581 = VERTEX_POINT ( 'NONE', #1055 ) ;
#582 = VERTEX_POINT ( 'NONE', #2049 ) ;
#583 = DIRECTION ( 'NONE',  ( -0.7071067811865558994, -0.7071067811865392461, -6.314393452555317500E-16 ) ) ;
#584 = EDGE_LOOP ( 'NONE', ( #4076, #4624, #4597, #5902, #1297, #6434, #3996, #5949, #623, #2126, #3145, #2633, #2156, #4469, #935, #1769, #2087, #1076, #3689, #2299, #2996, #6181, #4794, #3831, #548, #2251, #4135, #4157, #5195, #1583, #5715, #1574, #1814, #6197, #885, #842, #3509, #5770, #2964, #1586, #1050, #1265 ) ) ;
#585 = EDGE_CURVE ( 'NONE', #3415, #2772, #961, .T. ) ;
#586 = LINE ( 'NONE', #356, #3022 ) ;
#587 = DIRECTION ( 'NONE',  ( -1.000000000000000000, -2.135582088683073931E-15, -4.191323202172999653E-16 ) ) ;
#588 = COLOUR_RGB ( '',0.000000000000000000, 0.000000000000000000, 0.000000000000000000 ) ;
#589 = ADVANCED_FACE ( 'NONE', ( #5694 ), #5962, .T. ) ;
#590 = ORIENTED_EDGE ( 'NONE', *, *, #5993, .F. ) ;
#591 = CARTESIAN_POINT ( 'NONE',  ( -0.1474148077667567225, 0.06925458973368861515, 1.830338155755056337E-14 ) ) ;
#592 = CARTESIAN_POINT ( 'NONE',  ( -0.01834114568630271919, 0.1892545897336818661, -0.03825461784616867450 ) ) ;
#593 = DIRECTION ( 'NONE',  ( 0.4310419253470444967, 0.8620838506940878831, 0.2664850708117934563 ) ) ;
#594 = EDGE_CURVE ( 'NONE', #2346, #4660, #1094, .T. ) ;
#595 = VECTOR ( 'NONE', #2265, 39.37007874015748143 ) ;
#596 = CARTESIAN_POINT ( 'NONE',  ( -0.1074148077667740897, -0.5507454102663184026, -0.01249999999998627556 ) ) ;
#597 = DIRECTION ( 'NONE',  ( 2.635182449764338759E-15, 1.000000000000000000, 6.314393452555451606E-16 ) ) ;
#598 = CARTESIAN_POINT ( 'NONE',  ( -0.02748109377781744744, 0.1892545897336807836, 0.01617881052288667326 ) ) ;
#599 = EDGE_CURVE ( 'NONE', #3478, #1488, #1590, .T. ) ;
#600 = CARTESIAN_POINT ( 'NONE',  ( -0.3325000000000063460, -0.005745410266313180983, -0.03749999999999215766 ) ) ;
#601 = FACE_OUTER_BOUND ( 'NONE', #1274, .T. ) ;
#602 = CARTESIAN_POINT ( 'NONE',  ( 0.2410515037128026783, -0.5507454102663195128, 1.939612075501626944E-14 ) ) ;
#603 = LINE ( 'NONE', #3261, #5748 ) ;
#604 = EDGE_CURVE ( 'NONE', #5416, #3478, #4079, .T. ) ;
#605 = FACE_OUTER_BOUND ( 'NONE', #691, .T. ) ;
#606 = DIRECTION ( 'NONE',  ( 1.332267629550189623E-15, 1.000000000000000000, 4.163336342344342450E-16 ) ) ;
#607 = CARTESIAN_POINT ( 'NONE',  ( -0.009914220759401438932, 0.1892545897336840588, -0.04471421647564018109 ) ) ;
#608 = CARTESIAN_POINT ( 'NONE',  ( -0.1400000000000061473, 0.1792545897336828009, 0.04000000000000503847 ) ) ;
#609 = ORIENTED_EDGE ( 'NONE', *, *, #4209, .F. ) ;
#610 = CARTESIAN_POINT ( 'NONE',  ( 0.05665421202755204638, -0.1631983307839933728, -0.009999999999987600405 ) ) ;
#611 = FACE_OUTER_BOUND ( 'NONE', #2398, .T. ) ;
#612 = ORIENTED_EDGE ( 'NONE', *, *, #3882, .F. ) ;
#613 = AXIS2_PLACEMENT_3D ( 'NONE', #2544, #6031, #1053 ) ;
#614 = ORIENTED_EDGE ( 'NONE', *, *, #3412, .T. ) ;
#615 = CARTESIAN_POINT ( 'NONE',  ( -0.02275476243528501419, 0.1892545897336840588, 0.02900427526596407318 ) ) ;
#616 = ADVANCED_FACE ( 'NONE', ( #5400 ), #1073, .F. ) ;
#617 = DIRECTION ( 'NONE',  ( 2.635182449764338759E-15, 1.000000000000000000, 6.314393452555451606E-16 ) ) ;
#618 = CARTESIAN_POINT ( 'NONE',  ( -0.003976820273541275402, 0.1792545897336801364, -0.01159896725489305974 ) ) ;
#619 = FACE_OUTER_BOUND ( 'NONE', #6026, .T. ) ;
#620 = CARTESIAN_POINT ( 'NONE',  ( 0.2624999999999906852, -0.2807454102663161088, -0.09999999999999073519 ) ) ;
#621 = CARTESIAN_POINT ( 'NONE',  ( 0.3749999999999925615, 0.1792545897336860761, 0.1000000000000049460 ) ) ;
#622 =( LENGTH_UNIT ( ) NAMED_UNIT ( * ) SI_UNIT ( $, .METRE. ) );
#623 = ORIENTED_EDGE ( 'NONE', *, *, #6034, .F. ) ;
#624 = ORIENTED_EDGE ( 'NONE', *, *, #1627, .F. ) ;
#625 = DIRECTION ( 'NONE',  ( -1.000000000000000000, -8.326672684688685886E-16, -1.942890293094015564E-16 ) ) ;
#626 = AXIS2_PLACEMENT_3D ( 'NONE', #278, #5339, #2817 ) ;
#627 = ORIENTED_EDGE ( 'NONE', *, *, #4217, .F. ) ;
#628 = EDGE_CURVE ( 'NONE', #1026, #4777, #3761, .T. ) ;
#629 = ORIENTED_EDGE ( 'NONE', *, *, #5085, .F. ) ;
#630 = CARTESIAN_POINT ( 'NONE',  ( 0.3749999999999898415, 0.09425458973367974169, -0.09999999999999510669 ) ) ;
#631 = ORIENTED_EDGE ( 'NONE', *, *, #3480, .F. ) ;
#632 = CARTESIAN_POINT ( 'NONE',  ( 0.004810503675143036791, 0.1792545897336828009, -0.002171673156243905233 ) ) ;
#633 = CARTESIAN_POINT ( 'NONE',  ( -0.2375000000000047629, 0.05425458973367932453, -0.07499999999999198974 ) ) ;
#634 = CARTESIAN_POINT ( 'NONE',  ( 0.3749999999999925615, 0.1792545897336860761, 0.1000000000000049460 ) ) ;
#635 = DIRECTION ( 'NONE',  ( -1.000000000000000000, -1.276756478318932585E-15, -1.110223024625158759E-16 ) ) ;
#636 = CARTESIAN_POINT ( 'NONE',  ( 0.05605150371280340910, 0.01925458973369324409, -0.09999999999997871702 ) ) ;
#637 = ORIENTED_EDGE ( 'NONE', *, *, #1648, .T. ) ;
#638 = ORIENTED_EDGE ( 'NONE', *, *, #780, .T. ) ;
#639 =( NAMED_UNIT ( * ) SI_UNIT ( $, .STERADIAN. ) SOLID_ANGLE_UNIT ( ) );
#640 = EDGE_CURVE ( 'NONE', #2378, #217, #5074, .T. ) ;
#641 = LINE ( 'NONE', #2810, #31 ) ;
#642 = VECTOR ( 'NONE', #4898, 39.37007874015748143 ) ;
#643 = DIRECTION ( 'NONE',  ( -1.332267629550189623E-15, -1.000000000000000000, -4.163336342344342450E-16 ) ) ;
#644 = ORIENTED_EDGE ( 'NONE', *, *, #3083, .T. ) ;
#645 = EDGE_LOOP ( 'NONE', ( #4955, #3538, #89, #5870 ) ) ;
#646 = ORIENTED_EDGE ( 'NONE', *, *, #1048, .T. ) ;
#647 = EDGE_CURVE ( 'NONE', #1774, #2537, #5002, .T. ) ;
#648 = VERTEX_POINT ( 'NONE', #6268 ) ;
#649 = CARTESIAN_POINT ( 'NONE',  ( 0.3749999999999909517, -0.1803076923076681881, -0.03749999999999571038 ) ) ;
#650 = CARTESIAN_POINT ( 'NONE',  ( 0.009701892643907583658, 0.1792545897336822458, -0.001000223355049531396 ) ) ;
#651 = ORIENTED_EDGE ( 'NONE', *, *, #3385, .T. ) ;
#652 = VERTEX_POINT ( 'NONE', #296 ) ;
#653 = CARTESIAN_POINT ( 'NONE',  ( 0.3749999999999925615, 0.1792545897336860761, 0.1000000000000049460 ) ) ;
#654 = DIRECTION ( 'NONE',  ( -1.970877152922708759E-16, -1.006139616066556398E-15, -1.000000000000000000 ) ) ;
#655 = EDGE_LOOP ( 'NONE', ( #4369, #405, #721, #6119 ) ) ;
#656 = CARTESIAN_POINT ( 'NONE',  ( 0.02162672384274075960, 0.1792545897336816907, 0.01630701497410743869 ) ) ;
#657 = CARTESIAN_POINT ( 'NONE',  ( 0.05605150371280340910, -0.2065669911417110371, 0.01000000000001464474 ) ) ;
#658 =( GEOMETRIC_REPRESENTATION_CONTEXT ( 3 ) GLOBAL_UNCERTAINTY_ASSIGNED_CONTEXT ( ( #4155 ) ) GLOBAL_UNIT_ASSIGNED_CONTEXT ( ( #3009, #6005, #2464 ) ) REPRESENTATION_CONTEXT ( 'NONE', 'WORKASPACE' ) );
#659 = LINE ( 'NONE', #741, #2761 ) ;
#660 = EDGE_LOOP ( 'NONE', ( #3462, #35, #6235, #1657 ) ) ;
#661 = CARTESIAN_POINT ( 'NONE',  ( 0.3749999999999898415, 0.09425458973367974169, -0.09999999999999510669 ) ) ;
#662 = VECTOR ( 'NONE', #5346, 39.37007874015748143 ) ;
#663 = EDGE_CURVE ( 'NONE', #1951, #2531, #5151, .T. ) ;
#664 = STYLED_ITEM ( 'NONE', ( #4156 ), #4814 ) ;
#665 = ORIENTED_EDGE ( 'NONE', *, *, #189, .F. ) ;
#666 = LINE ( 'NONE', #4321, #4346 ) ;
#667 = ORIENTED_EDGE ( 'NONE', *, *, #5861, .F. ) ;
#668 = PLANE ( 'NONE',  #2323 ) ;
#669 = DIRECTION ( 'NONE',  ( -1.332267629550189623E-15, -1.000000000000000000, -4.163336342344341957E-16 ) ) ;
#670 = CARTESIAN_POINT ( 'NONE',  ( -0.07227584794739169705, -0.1861057446201191401, 0.01000000000001245899 ) ) ;
#671 = MANIFOLD_SOLID_BREP ( 'NONE', #249 ) ;
#672 = DIRECTION ( 'NONE',  ( -1.000000000000000000, -1.276756478318932585E-15, -1.110223024625158759E-16 ) ) ;
#673 =( CONVERSION_BASED_UNIT ( 'INCH', #3834 ) LENGTH_UNIT ( ) NAMED_UNIT ( #4589 ) );
#674 = EDGE_CURVE ( 'NONE', #6068, #3245, #5776, .T. ) ;
#675 = AXIS2_PLACEMENT_3D ( 'NONE', #649, #1647, #681 ) ;
#676 = ORIENTED_EDGE ( 'NONE', *, *, #3131, .F. ) ;
#677 = CARTESIAN_POINT ( 'NONE',  ( 0.002849950902689354221, 0.1892545897336840588, -0.002469800493193734844 ) ) ;
#678 = DIRECTION ( 'NONE',  ( 0.000000000000000000, 0.000000000000000000, 1.000000000000000000 ) ) ;
#679 = VECTOR ( 'NONE', #5635, 39.37007874015748143 ) ;
#680 = LINE ( 'NONE', #6392, #1075 ) ;
#681 = DIRECTION ( 'NONE',  ( 1.000000000000000000, 1.276756478318932191E-15, 1.110223024625158513E-16 ) ) ;
#682 = VERTEX_POINT ( 'NONE', #774 ) ;
#683 = EDGE_CURVE ( 'NONE', #5421, #1272, #5221, .T. ) ;
#684 = LINE ( 'NONE', #1380, #772 ) ;
#685 = FILL_AREA_STYLE ('',( #2194 ) ) ;
#686 =( CONVERSION_BASED_UNIT ( 'INCH', #2492 ) LENGTH_UNIT ( ) NAMED_UNIT ( #6403 ) );
#687 = ORIENTED_EDGE ( 'NONE', *, *, #6296, .F. ) ;
#688 = ORIENTED_EDGE ( 'NONE', *, *, #3420, .F. ) ;
#689 =( GEOMETRIC_REPRESENTATION_CONTEXT ( 3 ) GLOBAL_UNCERTAINTY_ASSIGNED_CONTEXT ( ( #3758 ) ) GLOBAL_UNIT_ASSIGNED_CONTEXT ( ( #3282, #4735, #4290 ) ) REPRESENTATION_CONTEXT ( 'NONE', 'WORKASPACE' ) );
#690 = AXIS2_PLACEMENT_3D ( 'NONE', #2181, #6148, #4166 ) ;
#691 = EDGE_LOOP ( 'NONE', ( #4239, #30, #1030, #5897 ) ) ;
#692 =( CONVERSION_BASED_UNIT ( 'INCH', #3133 ) LENGTH_UNIT ( ) NAMED_UNIT ( #4248 ) );
#693 = ORIENTED_EDGE ( 'NONE', *, *, #1477, .T. ) ;
#694 = CARTESIAN_POINT ( 'NONE',  ( 0.01505909414008080142, 0.1892545897336824212, -0.01851534343082741896 ) ) ;
#695 = LINE ( 'NONE', #2064, #1924 ) ;
#696 = ORIENTED_EDGE ( 'NONE', *, *, #2937, .T. ) ;
#697 = ORIENTED_EDGE ( 'NONE', *, *, #927, .T. ) ;
#698 = B_SPLINE_CURVE_WITH_KNOTS ( 'NONE', 3,
 ( #1491, #4439, #1473, #1, #4107, #1068, #577, #1105, #42, #5095, #1551, #1569, #2061, #5517, #4583, #4561, #3521, #5051, #2099 ),
 .UNSPECIFIED., .F., .F.,
 ( 4, 1, 1, 1, 1, 1, 1, 1, 1, 1, 1, 1, 1, 1, 1, 1, 4 ),
 ( 0.000000000000000000, 0.06690918560565653483, 0.1334854404229653957, 0.2010351165700815235, 0.2712343400187638420, 0.3428799841615842725, 0.4138361296100205311, 0.4859766219744202642, 0.5602295572555486824, 0.5998841807523909164, 0.6440548396425964661, 0.6918919315842545492, 0.7446875244737720667, 0.8014917751698764636, 0.8628576982200922840, 0.9293283793947431093, 1.000000000000000000 ),
 .UNSPECIFIED. ) ;
#699 = LINE ( 'NONE', #5120, #5323 ) ;
#701 = CARTESIAN_POINT ( 'NONE',  ( 0.01270519912757761029, 0.1792545897336871585, 0.02926710357731452175 ) ) ;
#700 = CARTESIAN_POINT ( 'NONE',  ( -0.06250000000000405231, 0.1792545897336849936, 0.1000000000000065836 ) ) ;
#702 = EDGE_CURVE ( 'NONE', #5808, #2240, #4754, .T. ) ;
#703 = ADVANCED_FACE ( 'NONE', ( #1666 ), #3417, .T. ) ;
#704 = CARTESIAN_POINT ( 'NONE',  ( -0.03750000000000799916, 0.09425458973368630589, -0.09999999999999811817 ) ) ;
#705 = ORIENTED_EDGE ( 'NONE', *, *, #3505, .F. ) ;
#706 = ORIENTED_EDGE ( 'NONE', *, *, #5707, .F. ) ;
#707 = VERTEX_POINT ( 'NONE', #1402 ) ;
#708 = CARTESIAN_POINT ( 'NONE',  ( -0.2574148077667722245, -0.5507454102663217332, -0.01249999999998327102 ) ) ;
#709 = CARTESIAN_POINT ( 'NONE',  ( -0.08241480776676000930, -0.2807454102663183293, 0.01250000000001741905 ) ) ;
#710 = PLANE ( 'NONE',  #6409 ) ;
#711 = LINE ( 'NONE', #1127, #963 ) ;
#712 = LINE ( 'NONE', #4556, #429 ) ;
#713 = CARTESIAN_POINT ( 'NONE',  ( -0.2125000000000038247, 0.09425458973368520954, 0.1000000000000071249 ) ) ;
#714 = EDGE_CURVE ( 'NONE', #5877, #2013, #358, .T. ) ;
#715 = ORIENTED_EDGE ( 'NONE', *, *, #3257, .F. ) ;
#716 = CARTESIAN_POINT ( 'NONE',  ( -0.001686305805208451920, 0.1892545897336829763, -0.04681406588866095231 ) ) ;
#717 = DIRECTION ( 'NONE',  ( 0.000000000000000000, 0.000000000000000000, 1.000000000000000000 ) ) ;
#718 = CARTESIAN_POINT ( 'NONE',  ( -0.01878353743886923555, 0.1892545897336785909, 0.01986470315530532160 ) ) ;
#719 = VECTOR ( 'NONE', #5419, 39.37007874015748143 ) ;
#720 = ORIENTED_EDGE ( 'NONE', *, *, #1398, .F. ) ;
#721 = ORIENTED_EDGE ( 'NONE', *, *, #2504, .F. ) ;
#722 = ORIENTED_EDGE ( 'NONE', *, *, #5189, .F. ) ;
#723 = CARTESIAN_POINT ( 'NONE',  ( -0.003976820273542901706, 0.1892545897336829763, -0.003051958707882416327 ) ) ;
#724 = ADVANCED_FACE ( 'NONE', ( #3144, #4674 ), #487, .F. ) ;
#725 = EDGE_CURVE ( 'NONE', #3727, #5472, #4995, .T. ) ;
#726 = EDGE_LOOP ( 'NONE', ( #5659, #5160, #1857, #3516 ) ) ;
#728 = CARTESIAN_POINT ( 'NONE',  ( 0.004976805548798965417, 0.1792545897336871585, 0.03189740484293367151 ) ) ;
#727 = DIRECTION ( 'NONE',  ( -1.276756478318932191E-15, 1.000000000000000000, 4.163336342344339492E-16 ) ) ;
#729 = ORIENTED_EDGE ( 'NONE', *, *, #1691, .T. ) ;
#730 = CARTESIAN_POINT ( 'NONE',  ( 0.05637629238881301103, -0.1631983307839890152, -0.009999999999985140567 ) ) ;
#731 = CARTESIAN_POINT ( 'NONE',  ( 0.03749999999999379524, -0.2807454102663161088, 0.1000000000000060424 ) ) ;
#732 = LINE ( 'NONE', #5838, #3348 ) ;
#733 = CARTESIAN_POINT ( 'NONE',  ( 0.02912565696281138247, 0.1792545897336801364, 0.01318447576653849519 ) ) ;
#734 = LINE ( 'NONE', #3697, #5568 ) ;
#735 = CARTESIAN_POINT ( 'NONE',  ( -0.2125000000000038247, 0.09425458973368520954, 0.1000000000000071249 ) ) ;
#736 = DIRECTION ( 'NONE',  ( -1.332267629550189623E-15, -1.000000000000000000, -4.163336342344341957E-16 ) ) ;
#737 = VERTEX_POINT ( 'NONE', #4441 ) ;
#738 = CARTESIAN_POINT ( 'NONE',  ( 0.3749999999999898415, 0.09425458973367974169, -0.09999999999999510669 ) ) ;
#739 = CARTESIAN_POINT ( 'NONE',  ( -0.1250000000000113798, 0.03425458973368093046, -0.06249999999999202721 ) ) ;
#740 = LINE ( 'NONE', #621, #5918 ) ;
#741 = CARTESIAN_POINT ( 'NONE',  ( -0.04964466790968156962, -0.1631983307839868225, 0.01000000000002065556 ) ) ;
#742 = DIMENSIONAL_EXPONENTS ( 1.000000000000000000, 0.000000000000000000, 0.000000000000000000, 0.000000000000000000, 0.000000000000000000, 0.000000000000000000, 0.000000000000000000 ) ;
#743 = CARTESIAN_POINT ( 'NONE',  ( -0.01942863977304035150, 0.1892545897336807836, 0.01806850540114691636 ) ) ;
#744 = CARTESIAN_POINT ( 'NONE',  ( -0.08750000000000392186, 0.09425458973368848470, 0.1000000000000060424 ) ) ;
#745 = CARTESIAN_POINT ( 'NONE',  ( 0.3749999999999909517, 0.09425458973368357196, 0.1000000000000049460 ) ) ;
#746 = CARTESIAN_POINT ( 'NONE',  ( 0.02482972424198969311, 0.1792545897336817740, -0.02611966954341642111 ) ) ;
#747 = CARTESIAN_POINT ( 'NONE',  ( 0.004810503675141943915, 0.1892545897336862515, -0.002171673156244178452 ) ) ;
#748 = EDGE_CURVE ( 'NONE', #737, #5955, #4001, .T. ) ;
#749 = MECHANICAL_DESIGN_GEOMETRIC_PRESENTATION_REPRESENTATION (  '', ( #3034 ), #2909 ) ;
#750 = LINE ( 'NONE', #932, #5109 ) ;
#751 = CARTESIAN_POINT ( 'NONE',  ( 0.02475066336555594923, 0.1892545897336851413, -0.02794722380949538412 ) ) ;
#753 = DIRECTION ( 'NONE',  ( 5.551115123125767911E-17, 5.967448757360200628E-16, 1.000000000000000000 ) ) ;
#752 = FILL_AREA_STYLE_COLOUR ( '', #6295 ) ;
#754 =( BOUNDED_CURVE ( )  B_SPLINE_CURVE ( 3, ( #1393, #4864, #1981, #4925 ),
 .UNSPECIFIED., .F., .F. ) 
 B_SPLINE_CURVE_WITH_KNOTS ( ( 4, 4 ),
 ( 1.570796326794895004, 4.712388980384689674 ),
 .UNSPECIFIED. ) 
 CURVE ( )  GEOMETRIC_REPRESENTATION_ITEM ( )  RATIONAL_B_SPLINE_CURVE ( ( 1.000000000000000000, 0.3333333333333335369, 0.3333333333333335369, 1.000000000000000000 ) ) 
 REPRESENTATION_ITEM ( '' )  );
#755 = CIRCLE ( 'NONE', #268, 0.01250000000000003712 ) ;
#756 =( LENGTH_UNIT ( ) NAMED_UNIT ( * ) SI_UNIT ( $, .METRE. ) );
#757 = CARTESIAN_POINT ( 'NONE',  ( -0.2900000000000053646, 0.1692545897336859007, -0.03999999999999519912 ) ) ;
#758 = CARTESIAN_POINT ( 'NONE',  ( 0.2124999999999939715, 0.1792545897336822458, 0.1000000000000071249 ) ) ;
#759 = EDGE_CURVE ( 'NONE', #51, #5545, #334, .T. ) ;
#760 = ORIENTED_EDGE ( 'NONE', *, *, #2301, .T. ) ;
#761 = CARTESIAN_POINT ( 'NONE',  ( 0.1249999999999927974, 0.03425458973368639137, 0.06250000000000513478 ) ) ;
#762 = CARTESIAN_POINT ( 'NONE',  ( 0.002382093389781938988, 0.1792545897336816907, -0.03826784410230092692 ) ) ;
#763 = CARTESIAN_POINT ( 'NONE',  ( -0.2900000000000053646, 0.1792545897336871585, -0.03999999999999738487 ) ) ;
#764 = ADVANCED_FACE ( 'NONE', ( #871 ), #3524, .T. ) ;
#765 = LINE ( 'NONE', #5573, #1895 ) ;
#766 = PRESENTATION_STYLE_ASSIGNMENT (( #1363 ) ) ;
#767 = CARTESIAN_POINT ( 'NONE',  ( 0.01263332865331352750, 0.1892545897336807836, -0.03443760070526923761 ) ) ;
#768 = ORIENTED_EDGE ( 'NONE', *, *, #4687, .T. ) ;
#769 = CARTESIAN_POINT ( 'NONE',  ( -0.2500000000000079936, 0.1792545897336893512, -0.09999999999999346911 ) ) ;
#770 = CARTESIAN_POINT ( 'NONE',  ( -0.2924148077667607648, 0.06925458973369516547, 0.01250000000001714497 ) ) ;
#771 =( CONVERSION_BASED_UNIT ( 'INCH', #3283 ) LENGTH_UNIT ( ) NAMED_UNIT ( #5254 ) );
#772 = VECTOR ( 'NONE', #4870, 39.37007874015748143 ) ;
#773 = EDGE_CURVE ( 'NONE', #1938, #1741, #4843, .T. ) ;
#774 = CARTESIAN_POINT ( 'NONE',  ( 0.3324999999999915801, -0.1803076923076681881, -0.03749999999999269890 ) ) ;
#775 = ORIENTED_EDGE ( 'NONE', *, *, #5509, .F. ) ;
#776 = VECTOR ( 'NONE', #6134, 39.37007874015748143 ) ;
#778 = PLANE ( 'NONE',  #3070 ) ;
#777 = CARTESIAN_POINT ( 'NONE',  ( -0.003976820273541262392, 0.1892545897336818661, -0.01159896725489305454 ) ) ;
#779 = ORIENTED_EDGE ( 'NONE', *, *, #1183, .T. ) ;
#780 = EDGE_CURVE ( 'NONE', #6019, #1272, #3389, .T. ) ;
#781 = DIRECTION ( 'NONE',  ( 1.332267629550189623E-15, 1.000000000000000000, 4.163336342344342450E-16 ) ) ;
#782 = VERTEX_POINT ( 'NONE', #532 ) ;
#783 = DIRECTION ( 'NONE',  ( -1.942890293094020248E-16, 5.551115123125772841E-16, 1.000000000000000000 ) ) ;
#784 = CARTESIAN_POINT ( 'NONE',  ( 0.2410515037127993754, -0.5507454102663162931, 0.01250000000002069768 ) ) ;
#785 = CYLINDRICAL_SURFACE ( 'NONE', #999, 0.04132405606333308667 ) ;
#786 = CARTESIAN_POINT ( 'NONE',  ( 0.02456919611946775314, 0.1792545897336795813, -0.0003995992373423929117 ) ) ;
#787 = CARTESIAN_POINT ( 'NONE',  ( 0.02355241627268644250, 0.1892545897336862515, -0.01770915335563652895 ) ) ;
#788 = VERTEX_POINT ( 'NONE', #5480 ) ;
#789 = EDGE_LOOP ( 'NONE', ( #994, #4058, #3068, #5562 ) ) ;
#790 = DIRECTION ( 'NONE',  ( -2.635182449764338759E-15, -1.000000000000000000, -6.314393452555451606E-16 ) ) ;
#791 = CARTESIAN_POINT ( 'NONE',  ( -0.0002161250766770952101, 0.1892545897336818661, -0.04684146500975872041 ) ) ;
#792 = AXIS2_PLACEMENT_3D ( 'NONE', #1684, #5139, #5119 ) ;
#793 = DIRECTION ( 'NONE',  ( 1.332267629550189623E-15, 1.000000000000000000, 4.163336342344342450E-16 ) ) ;
#794 = EDGE_CURVE ( 'NONE', #2599, #2013, #4142, .T. ) ;
#795 = DIRECTION ( 'NONE',  ( 1.332267629550189623E-15, 1.000000000000000000, 4.163336342344342450E-16 ) ) ;
#796 = CARTESIAN_POINT ( 'NONE',  ( -0.1500000000000052403, -0.2807454102663144990, 0.1000000000000095812 ) ) ;
#797 = CARTESIAN_POINT ( 'NONE',  ( -0.01382818743019699134, 0.1792545897336839666, 0.02738792365175874571 ) ) ;
#798 = CARTESIAN_POINT ( 'NONE',  ( -0.004843404699975194933, 0.1792545897336838834, -0.03764379684403491855 ) ) ;
#799 = ORIENTED_EDGE ( 'NONE', *, *, #3846, .T. ) ;
#800 = VECTOR ( 'NONE', #1904, 39.37007874015748143 ) ;
#801 = DIRECTION ( 'NONE',  ( 1.332267629550189623E-15, 1.000000000000000000, 4.163336342344342450E-16 ) ) ;
#802 = CARTESIAN_POINT ( 'NONE',  ( -0.2125000000000049072, 0.1792545897336860761, 0.1000000000000063061 ) ) ;
#803 = B_SPLINE_CURVE_WITH_KNOTS ( 'NONE', 3,
 ( #3886, #813, #6332, #4298, #1372, #411, #3905, #1888, #2385, #1829, #2888, #2335, #3411, #3342, #341 ),
 .UNSPECIFIED., .F., .F.,
 ( 4, 1, 1, 1, 1, 1, 1, 1, 1, 1, 1, 1, 4 ),
 ( 0.000000000000000000, 0.09025424934267656241, 0.1785397915286845161, 0.2660930338538199935, 0.3546309779571732435, 0.4418861533505626937, 0.5257469151636485760, 0.6081136336036366830, 0.6901972728278824576, 0.7708214843303351493, 0.8483261812554109271, 0.9240117400247433999, 1.000000000000000000 ),
 .UNSPECIFIED. ) ;
#804 = ORIENTED_EDGE ( 'NONE', *, *, #725, .F. ) ;
#805 = ORIENTED_EDGE ( 'NONE', *, *, #4227, .T. ) ;
#806 = CARTESIAN_POINT ( 'NONE',  ( 0.2874999999999900413, 0.09425458973368411320, 0.1000000000000049460 ) ) ;
#807 = AXIS2_PLACEMENT_3D ( 'NONE', #5043, #4020, #2515 ) ;
#808 = CARTESIAN_POINT ( 'NONE',  ( 0.3749999999999925615, 0.1792545897336860761, 0.1000000000000049460 ) ) ;
#809 = ORIENTED_EDGE ( 'NONE', *, *, #2481, .T. ) ;
#810 = CARTESIAN_POINT ( 'NONE',  ( 0.3749999999999925615, 0.1792545897336860761, 0.1000000000000049460 ) ) ;
#811 = ORIENTED_EDGE ( 'NONE', *, *, #5737, .T. ) ;
#812 = VERTEX_POINT ( 'NONE', #2997 ) ;
#813 = CARTESIAN_POINT ( 'NONE',  ( 0.001618075600037750241, 0.1792545897336849936, -0.04682253869594749096 ) ) ;
#814 = EDGE_CURVE ( 'NONE', #4287, #5877, #5763, .T. ) ;
#815 = CARTESIAN_POINT ( 'NONE',  ( 0.008726579731196358602, 0.1892545897336818661, -0.03681445632958321723 ) ) ;
#816 = VECTOR ( 'NONE', #3155, 39.37007874015748143 ) ;
#817 = AXIS2_PLACEMENT_3D ( 'NONE', #158, #5650, #1653 ) ;
#818 = ORIENTED_EDGE ( 'NONE', *, *, #4750, .F. ) ;
#819 = CARTESIAN_POINT ( 'NONE',  ( -0.1250000000000048017, -0.2807454102663139439, 0.07500000000000452138 ) ) ;
#820 = CARTESIAN_POINT ( 'NONE',  ( -0.08241480776676984865, -0.5257454102663130513, 0.01250000000001577974 ) ) ;
#821 = DIRECTION ( 'NONE',  ( -1.110223024625166155E-16, 5.967448757360198655E-16, 1.000000000000000000 ) ) ;
#822 = LINE ( 'NONE', #3898, #4253 ) ;
#823 = EDGE_LOOP ( 'NONE', ( #4879, #3530, #244, #227 ) ) ;
#824 = EDGE_CURVE ( 'NONE', #1266, #2526, #3067, .T. ) ;
#825 = VERTEX_POINT ( 'NONE', #5036 ) ;
#827 = CARTESIAN_POINT ( 'NONE',  ( 0.3749999999999925615, 0.1792545897336860761, 0.1000000000000049460 ) ) ;
#826 = DIRECTION ( 'NONE',  ( -5.551115123125634174E-17, 4.163336342344342450E-16, -1.000000000000000000 ) ) ;
#828 = FACE_BOUND ( 'NONE', #3764, .T. ) ;
#829 = ORIENTED_EDGE ( 'NONE', *, *, #1406, .T. ) ;
#830 = CARTESIAN_POINT ( 'NONE',  ( -0.01250000000000212053, -0.2807454102663128337, -0.09999999999999319156 ) ) ;
#831 = VERTEX_POINT ( 'NONE', #5997 ) ;
#832 = DIRECTION ( 'NONE',  ( 5.551115123125773458E-17, 1.387778780781443457E-16, 1.000000000000000000 ) ) ;
#833 = CARTESIAN_POINT ( 'NONE',  ( 0.01741940028497448306, 0.1792545897336784988, -0.009629604523848041275 ) ) ;
#834 = PLANE ( 'NONE',  #3630 ) ;
#835 = MECHANICAL_DESIGN_GEOMETRIC_PRESENTATION_REPRESENTATION (  '', ( #5747 ), #689 ) ;
#836 = PRESENTATION_LAYER_ASSIGNMENT (  '', '', ( #4096 ) ) ;
#837 = ADVANCED_FACE ( 'NONE', ( #2065 ), #1069, .F. ) ;
#838 = LINE ( 'NONE', #257, #3709 ) ;
#839 = ORIENTED_EDGE ( 'NONE', *, *, #5130, .T. ) ;
#840 = VECTOR ( 'NONE', #587, 39.37007874015748143 ) ;
#841 = CARTESIAN_POINT ( 'NONE',  ( 0.1310515037127860938, -0.5507454102663107420, -0.01249999999998299693 ) ) ;
#842 = ORIENTED_EDGE ( 'NONE', *, *, #4601, .T. ) ;
#843 = EDGE_CURVE ( 'NONE', #1991, #439, #2207, .T. ) ;
#844 =( GEOMETRIC_REPRESENTATION_CONTEXT ( 3 ) GLOBAL_UNCERTAINTY_ASSIGNED_CONTEXT ( ( #5184 ) ) GLOBAL_UNIT_ASSIGNED_CONTEXT ( ( #926, #4892, #5337 ) ) REPRESENTATION_CONTEXT ( 'NONE', 'WORKASPACE' ) );
#845 = UNCERTAINTY_MEASURE_WITH_UNIT (LENGTH_MEASURE( 1.000000000000000082E-05 ), #692, 'distance_accuracy_value', 'NONE');
#846 = LINE ( 'NONE', #4648, #2047 ) ;
#847 = CARTESIAN_POINT ( 'NONE',  ( 0.01249999999999556327, 0.09425458973368193438, 0.1000000000000046685 ) ) ;
#848 = B_SPLINE_CURVE_WITH_KNOTS ( 'NONE', 3,
 ( #417, #1843, #3866, #6376, #861, #6364, #4890, #4844, #3390, #395, #3892 ),
 .UNSPECIFIED., .F., .F.,
 ( 4, 1, 1, 1, 1, 1, 1, 1, 4 ),
 ( 0.000000000000000000, 0.1281355097972547985, 0.2541727119019795422, 0.3781116451390017508, 0.5017122630072844425, 0.6239863093684847595, 0.7470956136177411278, 0.8728746366500621523, 1.000000000000000000 ),
 .UNSPECIFIED. ) ;
#849 = CARTESIAN_POINT ( 'NONE',  ( -0.1074148077667718970, -0.5507454102663162931, 0.01250000000001523330 ) ) ;
#850 = DIRECTION ( 'NONE',  ( -2.635182449764338759E-15, -1.000000000000000000, -6.314393452555451606E-16 ) ) ;
#851 = EDGE_LOOP ( 'NONE', ( #2072, #522, #2606, #2096 ) ) ;
#852 = FILL_AREA_STYLE ('',( #3749 ) ) ;
#853 = LINE ( 'NONE', #2250, #6006 ) ;
#854 = EDGE_LOOP ( 'NONE', ( #627, #1315, #1173, #4605 ) ) ;
#855 = CARTESIAN_POINT ( 'NONE',  ( -0.01679733309406145417, 0.1892545897336835037, -0.02548785614378141703 ) ) ;
#856 = VECTOR ( 'NONE', #5096, 39.37007874015748143 ) ;
#857 = CARTESIAN_POINT ( 'NONE',  ( 0.005708622941473811239, 0.1792545897336790539, -0.03778276086103394410 ) ) ;
#858 = VERTEX_POINT ( 'NONE', #1179 ) ;
#859 = CARTESIAN_POINT ( 'NONE',  ( -0.1875000000000055789, 0.09425458973368520954, 0.1000000000000060424 ) ) ;
#860 = VERTEX_POINT ( 'NONE', #1134 ) ;
#861 = CARTESIAN_POINT ( 'NONE',  ( 0.02723709002712863467, 0.1892545897336796734, 0.004210539613506008270 ) ) ;
#862 = EDGE_CURVE ( 'NONE', #2838, #1282, #695, .T. ) ;
#863 = CARTESIAN_POINT ( 'NONE',  ( 0.0006305515213270098014, 0.1792545897336828009, -0.03830836896429287014 ) ) ;
#864 = ADVANCED_FACE ( 'NONE', ( #1582 ), #1635, .F. ) ;
#865 = ORIENTED_EDGE ( 'NONE', *, *, #3048, .F. ) ;
#866 = ORIENTED_EDGE ( 'NONE', *, *, #2822, .F. ) ;
#867 = CARTESIAN_POINT ( 'NONE',  ( -0.01834114568630217448, 0.1792545897336844385, -0.03825461784616566996 ) ) ;
#869 = DIRECTION ( 'NONE',  ( 1.970877152922708759E-16, 1.006139616066556398E-15, 1.000000000000000000 ) ) ;
#868 = CARTESIAN_POINT ( 'NONE',  ( 0.09105150371278705745, -0.5507454102663118523, -0.01249999999998600321 ) ) ;
#870 = EDGE_CURVE ( 'NONE', #3069, #4777, #171, .T. ) ;
#871 = FACE_OUTER_BOUND ( 'NONE', #4845, .T. ) ;
#872 = CARTESIAN_POINT ( 'NONE',  ( 0.01812472860963188631, 0.1892545897336873340, 0.03538769031034499912 ) ) ;
#873 = VERTEX_POINT ( 'NONE', #4141 ) ;
#874 = DIRECTION ( 'NONE',  ( -1.970877152922708759E-16, -1.006139616066556398E-15, -1.000000000000000000 ) ) ;
#875 = FILL_AREA_STYLE_COLOUR ( '', #3683 ) ;
#876 = CARTESIAN_POINT ( 'NONE',  ( 0.3749999999999909517, 0.09425458973368357196, 0.1000000000000049460 ) ) ;
#877 = ORIENTED_EDGE ( 'NONE', *, *, #4987, .F. ) ;
#878 = ORIENTED_EDGE ( 'NONE', *, *, #1709, .F. ) ;
#879 = AXIS2_PLACEMENT_3D ( 'NONE', #5932, #2469, #485 ) ;
#880 = CARTESIAN_POINT ( 'NONE',  ( -0.2875000000000018097, -0.2807454102663150541, -0.09999999999999566180 ) ) ;
#881 = EDGE_CURVE ( 'NONE', #5551, #1203, #1352, .T. ) ;
#882 = AXIS2_PLACEMENT_3D ( 'NONE', #5115, #161, #2745 ) ;
#883 = DIRECTION ( 'NONE',  ( 1.000000000000000000, -2.635182449764338759E-15, -1.359791920952805236E-16 ) ) ;
#884 = ORIENTED_EDGE ( 'NONE', *, *, #5653, .F. ) ;
#885 = ORIENTED_EDGE ( 'NONE', *, *, #3631, .F. ) ;
#886 = ORIENTED_EDGE ( 'NONE', *, *, #1979, .T. ) ;
#887 = CARTESIAN_POINT ( 'NONE',  ( -0.009914220759399799618, 0.1792545897336849936, -0.04471421647564127050 ) ) ;
#888 = VECTOR ( 'NONE', #2598, 39.37007874015748143 ) ;
#889 = VECTOR ( 'NONE', #2136, 39.37007874015748143 ) ;
#890 = EDGE_LOOP ( 'NONE', ( #2016, #3884, #117, #116 ) ) ;
#891 = EDGE_CURVE ( 'NONE', #5143, #3818, #5874, .T. ) ;
#892 = ORIENTED_EDGE ( 'NONE', *, *, #4310, .T. ) ;
#893 = AXIS2_PLACEMENT_3D ( 'NONE', #4277, #320, #2726 ) ;
#894 = AXIS2_PLACEMENT_3D ( 'NONE', #3402, #5343, #2944 ) ;
#895 = CARTESIAN_POINT ( 'NONE',  ( 0.2499999999999907851, 0.1792545897336849936, 0.1000000000000082212 ) ) ;
#896 = VECTOR ( 'NONE', #5252, 39.37007874015748854 ) ;
#897 = ORIENTED_EDGE ( 'NONE', *, *, #3767, .T. ) ;
#898 = ORIENTED_EDGE ( 'NONE', *, *, #1859, .T. ) ;
#899 = CARTESIAN_POINT ( 'NONE',  ( 0.02355925610413209248, 0.1892545897336807836, -0.001701569458481741069 ) ) ;
#900 = CARTESIAN_POINT ( 'NONE',  ( -0.003976820273541262392, 0.1892545897336818661, -0.01159896725489305454 ) ) ;
#901 = VERTEX_POINT ( 'NONE', #2184 ) ;
#902 = CARTESIAN_POINT ( 'NONE',  ( 0.3324999999999910805, 0.09425458973368357196, -0.09999999999999401035 ) ) ;
#903 = EDGE_CURVE ( 'NONE', #1649, #2517, #4390, .T. ) ;
#904 = DIRECTION ( 'NONE',  ( -4.718447854656903464E-16, -4.996003610813192599E-16, -1.000000000000000000 ) ) ;
#905 = FACE_OUTER_BOUND ( 'NONE', #4491, .T. ) ;
#906 = FACE_OUTER_BOUND ( 'NONE', #6088, .T. ) ;
#907 = DIRECTION ( 'NONE',  ( -1.000000000000000000, -1.276756478318932585E-15, -1.110223024625158759E-16 ) ) ;
#908 = ORIENTED_EDGE ( 'NONE', *, *, #2095, .T. ) ;
#909 = FILL_AREA_STYLE_COLOUR ( '', #175 ) ;
#910 = CARTESIAN_POINT ( 'NONE',  ( -0.1375000000000053402, 0.05425458973368669363, -0.07499999999999035216 ) ) ;
#911 = FACE_OUTER_BOUND ( 'NONE', #6397, .T. ) ;
#912 = ORIENTED_EDGE ( 'NONE', *, *, #5121, .F. ) ;
#913 = DIRECTION ( 'NONE',  ( -1.110223024625166155E-16, 5.967448757360198655E-16, 1.000000000000000000 ) ) ;
#914 = ORIENTED_EDGE ( 'NONE', *, *, #3588, .F. ) ;
#915 = CARTESIAN_POINT ( 'NONE',  ( 0.02901485938073005907, 0.1792545897336915994, 0.01735363417869262986 ) ) ;
#916 = DIRECTION ( 'NONE',  ( -1.332267629550189623E-15, -1.000000000000000000, 5.967448757360201614E-16 ) ) ;
#917 = DIRECTION ( 'NONE',  ( -1.332267629550189623E-15, -1.000000000000000000, -4.163336342344342450E-16 ) ) ;
#918 = CARTESIAN_POINT ( 'NONE',  ( 0.06249999999999311662, -0.2807454102663172191, 0.1000000000000084988 ) ) ;
#919 = AXIS2_PLACEMENT_3D ( 'NONE', #3043, #4958, #5999 ) ;
#920 = DIRECTION ( 'NONE',  ( -1.000000000000000000, -1.276756478318932585E-15, -1.110223024625158759E-16 ) ) ;
#921 = CARTESIAN_POINT ( 'NONE',  ( -0.004843404699977926255, 0.1892545897336818661, -0.03764379684403109522 ) ) ;
#922 = VECTOR ( 'NONE', #1881, 39.37007874015748854 ) ;
#923 = VERTEX_POINT ( 'NONE', #2198 ) ;
#924 = VERTEX_POINT ( 'NONE', #5655 ) ;
#925 = STYLED_ITEM ( 'NONE', ( #766 ), #2527 ) ;
#926 =( CONVERSION_BASED_UNIT ( 'INCH', #4849 ) LENGTH_UNIT ( ) NAMED_UNIT ( #2468 ) );
#927 = EDGE_CURVE ( 'NONE', #4391, #1615, #2516, .T. ) ;
#928 = ORIENTED_EDGE ( 'NONE', *, *, #2041, .T. ) ;
#929 =( GEOMETRIC_REPRESENTATION_CONTEXT ( 3 ) GLOBAL_UNCERTAINTY_ASSIGNED_CONTEXT ( ( #569 ) ) GLOBAL_UNIT_ASSIGNED_CONTEXT ( ( #3572, #1735, #4715 ) ) REPRESENTATION_CONTEXT ( 'NONE', 'WORKASPACE' ) );
#930 = CARTESIAN_POINT ( 'NONE',  ( 0.09999999999999401035, -0.2807454102663161088, 0.1000000000000054873 ) ) ;
#931 = LINE ( 'NONE', #4229, #5454 ) ;
#933 =( CONVERSION_BASED_UNIT ( 'INCH', #5935 ) LENGTH_UNIT ( ) NAMED_UNIT ( #1807 ) );
#932 = CARTESIAN_POINT ( 'NONE',  ( -0.3250000000000059508, -0.2207454102663173046, -0.02499999999999440517 ) ) ;
#934 = CARTESIAN_POINT ( 'NONE',  ( 0.1399999999999952394, 0.1692545897336859007, 0.04000000000000640543 ) ) ;
#935 = ORIENTED_EDGE ( 'NONE', *, *, #862, .F. ) ;
#936 = ORIENTED_EDGE ( 'NONE', *, *, #195, .F. ) ;
#937 = PLANE ( 'NONE',  #3438 ) ;
#938 = VECTOR ( 'NONE', #483, 39.37007874015748143 ) ;
#939 = CARTESIAN_POINT ( 'NONE',  ( -0.03750000000000675016, 0.05425458973368915000, -0.07499999999999280853 ) ) ;
#940 = CARTESIAN_POINT ( 'NONE',  ( -0.008042692207607605309, -0.04723214755363101813, 0.01000000000001601171 ) ) ;
#941 = CARTESIAN_POINT ( 'NONE',  ( 0.2874999999999947042, 0.1792545897336860761, 0.1000000000000022121 ) ) ;
#942 = ORIENTED_EDGE ( 'NONE', *, *, #298, .T. ) ;
#943 = CARTESIAN_POINT ( 'NONE',  ( -0.004907848903485534028, 0.1892545897336846139, 0.04041205131857598248 ) ) ;
#944 = CARTESIAN_POINT ( 'NONE',  ( -0.1074148077667740897, -0.5507454102663184026, -0.01249999999998627556 ) ) ;
#945 = CARTESIAN_POINT ( 'NONE',  ( 0.3324999999999921352, -0.2807454102663161088, -0.06249999999999202721 ) ) ;
#946 = ORIENTED_EDGE ( 'NONE', *, *, #5671, .F. ) ;
#947 = EDGE_CURVE ( 'NONE', #3952, #1527, #563, .T. ) ;
#948 = EDGE_LOOP ( 'NONE', ( #1791, #4832, #2657, #3207 ) ) ;
#949 = DIRECTION ( 'NONE',  ( 1.332267629550189623E-15, 1.000000000000000000, 4.163336342344342450E-16 ) ) ;
#950 = EDGE_LOOP ( 'NONE', ( #2066, #5959, #1288, #2409 ) ) ;
#951 = ORIENTED_EDGE ( 'NONE', *, *, #3304, .T. ) ;
#952 = VECTOR ( 'NONE', #617, 39.37007874015748143 ) ;
#953 = AXIS2_PLACEMENT_3D ( 'NONE', #1014, #1541, #2090 ) ;
#954 = AXIS2_PLACEMENT_3D ( 'NONE', #5180, #5297, #3343 ) ;
#955 = CARTESIAN_POINT ( 'NONE',  ( 0.2124999999999920564, 0.09425458973368411320, 0.1000000000000076800 ) ) ;
#956 = EDGE_CURVE ( 'NONE', #1117, #1719, #5540, .T. ) ;
#957 = LINE ( 'NONE', #3925, #1098 ) ;
#958 = LINE ( 'NONE', #4541, #5787 ) ;
#959 = ORIENTED_EDGE ( 'NONE', *, *, #5040, .F. ) ;
#960 = ORIENTED_EDGE ( 'NONE', *, *, #5398, .F. ) ;
#961 =( BOUNDED_CURVE ( )  B_SPLINE_CURVE ( 3, ( #3493, #3976, #6016, #1008 ),
 .UNSPECIFIED., .F., .T. ) 
 B_SPLINE_CURVE_WITH_KNOTS ( ( 4, 4 ),
 ( 1.570796326794895004, 4.712388980384689674 ),
 .UNSPECIFIED. ) 
 CURVE ( )  GEOMETRIC_REPRESENTATION_ITEM ( )  RATIONAL_B_SPLINE_CURVE ( ( 1.000000000000000000, 0.3333333333333335369, 0.3333333333333335369, 1.000000000000000000 ) ) 
 REPRESENTATION_ITEM ( '' )  );
#962 = CARTESIAN_POINT ( 'NONE',  ( -0.01194847589431349139, 0.1892545897336884164, 0.03835431196894997785 ) ) ;
#963 = VECTOR ( 'NONE', #4118, 39.37007874015748143 ) ;
#964 = AXIS2_PLACEMENT_3D ( 'NONE', #1887, #2887, #2384 ) ;
#965 = ORIENTED_EDGE ( 'NONE', *, *, #599, .T. ) ;
#966 = EDGE_CURVE ( 'NONE', #2357, #3964, #1180, .T. ) ;
#967 = AXIS2_PLACEMENT_3D ( 'NONE', #367, #5943, #2381 ) ;
#968 = CARTESIAN_POINT ( 'NONE',  ( -0.2824148077667709700, -0.5257454102663174922, 0.01250000000001386807 ) ) ;
#969 = VECTOR ( 'NONE', #5496, 39.37007874015748143 ) ;
#970 = ORIENTED_EDGE ( 'NONE', *, *, #3991, .F. ) ;
#971 = ORIENTED_EDGE ( 'NONE', *, *, #34, .F. ) ;
#972 = DIRECTION ( 'NONE',  ( -1.332267629550189623E-15, -1.000000000000000000, -4.163336342344342450E-16 ) ) ;
#973 = VERTEX_POINT ( 'NONE', #2696 ) ;
#974 = CARTESIAN_POINT ( 'NONE',  ( 0.009869860310387073080, 0.1792545897336849936, -0.01453678228547483978 ) ) ;
#975 = CARTESIAN_POINT ( 'NONE',  ( 0.0005303912649154877241, 0.1792545897336838834, -0.04685537751130022799 ) ) ;
#976 = VECTOR ( 'NONE', #2055, 39.37007874015748143 ) ;
#977 = CARTESIAN_POINT ( 'NONE',  ( -0.01300876610108987752, 0.1792545897336871585, 0.02805696224543403547 ) ) ;
#978 = EDGE_LOOP ( 'NONE', ( #936, #6361, #5092, #2551 ) ) ;
#979 = CARTESIAN_POINT ( 'NONE',  ( 0.1249999999999900635, 0.05425458973368344623, -0.07499999999999332201 ) ) ;
#980 = CARTESIAN_POINT ( 'NONE',  ( 0.01602356567173141011, 0.1792545897336817740, -0.007631919825028117034 ) ) ;
#981 = VECTOR ( 'NONE', #4205, 39.37007874015748143 ) ;
#982 = DIRECTION ( 'NONE',  ( -1.000000000000000000, -1.858026332526783612E-15, 1.359791920952777133E-16 ) ) ;
#983 = LINE ( 'NONE', #784, #3967 ) ;
#984 = ADVANCED_FACE ( 'NONE', ( #243 ), #3132, .F. ) ;
#985 = ORIENTED_EDGE ( 'NONE', *, *, #363, .F. ) ;
#986 = CYLINDRICAL_SURFACE ( 'NONE', #207, 0.01250000000000003712 ) ;
#987 = CARTESIAN_POINT ( 'NONE',  ( 0.3749999999999925615, 0.1792545897336844385, -0.09999999999999401035 ) ) ;
#988 = DIRECTION ( 'NONE',  ( -1.332267629550189623E-15, -1.000000000000000000, -4.163336342344342450E-16 ) ) ;
#989 = VECTOR ( 'NONE', #403, 39.37007874015748143 ) ;
#991 = ORIENTED_EDGE ( 'NONE', *, *, #2900, .F. ) ;
#990 = CARTESIAN_POINT ( 'NONE',  ( 0.06605150371278882548, -0.5507454102663129625, -0.01249999999998327102 ) ) ;
#992 = CARTESIAN_POINT ( 'NONE',  ( 0.03749999999999445444, 0.05425458973368218335, -0.07499999999999402978 ) ) ;
#993 = CARTESIAN_POINT ( 'NONE',  ( 0.1249999999999960726, -0.2807454102663226592, 0.07500000000000288380 ) ) ;
#994 = ORIENTED_EDGE ( 'NONE', *, *, #3257, .T. ) ;
#995 = DIRECTION ( 'NONE',  ( -5.551115123125634174E-17, 4.163336342344342450E-16, -1.000000000000000000 ) ) ;
#996 = FACE_OUTER_BOUND ( 'NONE', #5998, .T. ) ;
#997 = EDGE_LOOP ( 'NONE', ( #3150, #965, #4666, #3500 ) ) ;
#998 = CARTESIAN_POINT ( 'NONE',  ( 0.01777991982095161044, 0.1892545897336835037, -0.006783825596215771470 ) ) ;
#999 = AXIS2_PLACEMENT_3D ( 'NONE', #3726, #2901, #1853 ) ;
#1000 = ORIENTED_EDGE ( 'NONE', *, *, #4760, .T. ) ;
#1001 = EDGE_CURVE ( 'NONE', #4777, #2805, #3525, .T. ) ;
#1002 = LINE ( 'NONE', #4090, #4370 ) ;
#1003 = LINE ( 'NONE', #1729, #6004 ) ;
#1004 = CARTESIAN_POINT ( 'NONE',  ( 0.02416821177773581519, 0.1792545897336806082, -0.0009485933232699582905 ) ) ;
#1005 = CARTESIAN_POINT ( 'NONE',  ( 0.3749999999999898415, 0.09425458973367974169, -0.09999999999999510669 ) ) ;
#1006 = DIRECTION ( 'NONE',  ( -1.000000000000000000, -1.276756478318932585E-15, -1.110223024625158759E-16 ) ) ;
#1007 = CARTESIAN_POINT ( 'NONE',  ( 0.02825285761150023514, 0.1792545897336860761, 0.02079350850329571287 ) ) ;
#1008 = CARTESIAN_POINT ( 'NONE',  ( -0.3375000000000080713, 0.09425458973368137927, -0.09999999999999456546 ) ) ;
#1009 = ADVANCED_FACE ( 'NONE', ( #5393 ), #5853, .T. ) ;
#1010 = FACE_OUTER_BOUND ( 'NONE', #3398, .T. ) ;
#1011 = CARTESIAN_POINT ( 'NONE',  ( 0.01736120438169710956, 0.1792545897336823291, -0.02653841865127523278 ) ) ;
#1012 = ORIENTED_EDGE ( 'NONE', *, *, #3870, .T. ) ;
#1013 = DIRECTION ( 'NONE',  ( -1.332267629550189623E-15, -1.000000000000000000, -4.163336342344341957E-16 ) ) ;
#1014 = CARTESIAN_POINT ( 'NONE',  ( -0.2900000000000053646, 0.1692545897336859007, -0.03999999999999519912 ) ) ;
#1015 = ORIENTED_EDGE ( 'NONE', *, *, #4580, .T. ) ;
#1016 = CARTESIAN_POINT ( 'NONE',  ( -0.2900000000000048095, 0.1692545897336853733, 0.04000000000000612788 ) ) ;
#1017 = VERTEX_POINT ( 'NONE', #3128 ) ;
#1018 = CARTESIAN_POINT ( 'NONE',  ( -0.06250000000000537070, 0.05425458973368833815, -0.07499999999999484857 ) ) ;
#1019 = PRESENTATION_STYLE_ASSIGNMENT (( #5572 ) ) ;
#1020 = VERTEX_POINT ( 'NONE', #4581 ) ;
#1021 = ORIENTED_EDGE ( 'NONE', *, *, #4543, .F. ) ;
#1022 = CARTESIAN_POINT ( 'NONE',  ( -0.02195115950360427767, 0.1792545897336755567, -0.03252690115816485317 ) ) ;
#1023 = LINE ( 'NONE', #841, #5878 ) ;
#1024 = CARTESIAN_POINT ( 'NONE',  ( 0.01840068799362804333, 0.1792545897336839666, 0.02421190247089288414 ) ) ;
#1025 = EDGE_CURVE ( 'NONE', #525, #3612, #3844, .T. ) ;
#1026 = VERTEX_POINT ( 'NONE', #608 ) ;
#1027 = ORIENTED_EDGE ( 'NONE', *, *, #111, .F. ) ;
#1028 = LINE ( 'NONE', #5322, #4466 ) ;
#1029 = ORIENTED_EDGE ( 'NONE', *, *, #1788, .T. ) ;
#1030 = ORIENTED_EDGE ( 'NONE', *, *, #5398, .T. ) ;
#1031 =( GEOMETRIC_REPRESENTATION_CONTEXT ( 3 ) GLOBAL_UNCERTAINTY_ASSIGNED_CONTEXT ( ( #3857 ) ) GLOBAL_UNIT_ASSIGNED_CONTEXT ( ( #1135, #3592, #639 ) ) REPRESENTATION_CONTEXT ( 'NONE', 'WORKASPACE' ) );
#1032 = PRESENTATION_LAYER_ASSIGNMENT (  '', '', ( #3180 ) ) ;
#1033 = DIMENSIONAL_EXPONENTS ( 1.000000000000000000, 0.000000000000000000, 0.000000000000000000, 0.000000000000000000, 0.000000000000000000, 0.000000000000000000, 0.000000000000000000 ) ;
#1034 = CARTESIAN_POINT ( 'NONE',  ( -0.005466022654904867384, 0.1792545897336855210, 0.03160682039216115846 ) ) ;
#1035 =( BOUNDED_CURVE ( )  B_SPLINE_CURVE ( 3, ( #3410, #3904, #410, #371 ),
 .UNSPECIFIED., .F., .T. ) 
 B_SPLINE_CURVE_WITH_KNOTS ( ( 4, 4 ),
 ( 1.570796326794895004, 4.712388980384689674 ),
 .UNSPECIFIED. ) 
 CURVE ( )  GEOMETRIC_REPRESENTATION_ITEM ( )  RATIONAL_B_SPLINE_CURVE ( ( 1.000000000000000000, 0.3333333333333340365, 0.3333333333333340365, 1.000000000000000000 ) ) 
 REPRESENTATION_ITEM ( '' )  );
#1036 = CARTESIAN_POINT ( 'NONE',  ( 0.3749999999999898415, 0.09425458973367974169, -0.09999999999999510669 ) ) ;
#1037 = CARTESIAN_POINT ( 'NONE',  ( 0.01328136385572643678, -0.04723214755363101813, -0.009999999999984049426 ) ) ;
#1038 = VECTOR ( 'NONE', #284, 39.37007874015748143 ) ;
#1039 = DIRECTION ( 'NONE',  ( 0.000000000000000000, 0.000000000000000000, 1.000000000000000000 ) ) ;
#1040 = CARTESIAN_POINT ( 'NONE',  ( -0.07241480776675875142, -0.2807454102663248796, -0.01249999999998135762 ) ) ;
#1041 = ORIENTED_EDGE ( 'NONE', *, *, #4774, .T. ) ;
#1042 = DIRECTION ( 'NONE',  ( 1.000000000000000000, -2.635182449764338759E-15, -1.359791920952805236E-16 ) ) ;
#1043 = ADVANCED_FACE ( 'NONE', ( #6091 ), #4646, .T. ) ;
#1044 = FACE_OUTER_BOUND ( 'NONE', #5743, .T. ) ;
#1045 = CARTESIAN_POINT ( 'NONE',  ( -0.005945665887004202010, 0.1892545897336807836, -0.04610102017900506721 ) ) ;
#1046 = ORIENTED_EDGE ( 'NONE', *, *, #4938, .F. ) ;
#1047 = VERTEX_POINT ( 'NONE', #1609 ) ;
#1048 = EDGE_CURVE ( 'NONE', #3715, #3379, #92, .T. ) ;
#1049 = CARTESIAN_POINT ( 'NONE',  ( 0.02132073538738744542, 0.1892545897336851413, 0.01799980702658434545 ) ) ;
#1050 = ORIENTED_EDGE ( 'NONE', *, *, #3073, .T. ) ;
#1051 = PRESENTATION_LAYER_ASSIGNMENT (  '', '', ( #5176 ) ) ;
#1052 = CARTESIAN_POINT ( 'NONE',  ( -0.06250000000000677236, 0.09425458973368848470, -0.09999999999999674427 ) ) ;
#1053 = DIRECTION ( 'NONE',  ( 0.000000000000000000, 0.000000000000000000, 1.000000000000000000 ) ) ;
#1054 = LINE ( 'NONE', #1910, #1544 ) ;
#1055 = CARTESIAN_POINT ( 'NONE',  ( 0.0003133773760272260582, 0.1892545897336873340, 0.04075146009553184262 ) ) ;
#1056 = DIRECTION ( 'NONE',  ( -1.332267629550189623E-15, -1.000000000000000000, -4.163336342344342450E-16 ) ) ;
#1057 = EDGE_CURVE ( 'NONE', #782, #6068, #5951, .T. ) ;
#1058 = STYLED_ITEM ( 'NONE', ( #1889 ), #2720 ) ;
#1059 = DIRECTION ( 'NONE',  ( 1.970877152922708759E-16, 1.006139616066556398E-15, 1.000000000000000000 ) ) ;
#1060 = CARTESIAN_POINT ( 'NONE',  ( 0.1399999999999946843, 0.1792545897336871585, 0.04000000000000394212 ) ) ;
#1061 = FACE_OUTER_BOUND ( 'NONE', #3860, .T. ) ;
#1062 = DIRECTION ( 'NONE',  ( 5.551115123125767911E-17, 5.967448757360200628E-16, 1.000000000000000000 ) ) ;
#1063 = ORIENTED_EDGE ( 'NONE', *, *, #111, .T. ) ;
#1064 = CARTESIAN_POINT ( 'NONE',  ( 0.01940755889867902539, 0.1892545897336807836, -0.01143839400308867445 ) ) ;
#1065 = EDGE_CURVE ( 'NONE', #1719, #6045, #2511, .T. ) ;
#1066 = CARTESIAN_POINT ( 'NONE',  ( -0.1625000000000057232, 0.09425458973368630589, 0.1000000000000060424 ) ) ;
#1067 = CARTESIAN_POINT ( 'NONE',  ( 0.007093649538462712401, 0.1792545897336861316, 0.03151334737997230073 ) ) ;
#1068 = CARTESIAN_POINT ( 'NONE',  ( 0.01880936620159583128, 0.1892545897336796734, 0.005700805375088466125 ) ) ;
#1069 = PLANE ( 'NONE',  #3622 ) ;
#1070 = LINE ( 'NONE', #3848, #989 ) ;
#1071 = ORIENTED_EDGE ( 'NONE', *, *, #4189, .T. ) ;
#1072 = ORIENTED_EDGE ( 'NONE', *, *, #1249, .T. ) ;
#1073 = PLANE ( 'NONE',  #164 ) ;
#1074 = ADVANCED_FACE ( 'NONE', ( #1170 ), #4920, .T. ) ;
#1075 = VECTOR ( 'NONE', #436, 39.37007874015748143 ) ;
#1076 = ORIENTED_EDGE ( 'NONE', *, *, #4026, .T. ) ;
#1077 = CARTESIAN_POINT ( 'NONE',  ( -0.1625000000000057232, -0.2807454102663117235, 0.1000000000000043909 ) ) ;
#1078 = ORIENTED_EDGE ( 'NONE', *, *, #2649, .F. ) ;
#1079 = VERTEX_POINT ( 'NONE', #1150 ) ;
#1080 = CARTESIAN_POINT ( 'NONE',  ( 0.01739070109397345201, 0.1792545897336838834, -0.02523745550276053351 ) ) ;
#1081 = VECTOR ( 'NONE', #3442, 39.37007874015748143 ) ;
#1082 = DIRECTION ( 'NONE',  ( 1.332267629550189623E-15, 1.000000000000000000, 4.163336342344342450E-16 ) ) ;
#1083 = EDGE_CURVE ( 'NONE', #923, #4903, #2993, .T. ) ;
#1084 = ORIENTED_EDGE ( 'NONE', *, *, #1579, .T. ) ;
#1085 = VECTOR ( 'NONE', #2168, 39.37007874015748143 ) ;
#1086 = CARTESIAN_POINT ( 'NONE',  ( -0.3250000000000037859, -0.2207454102663173046, 0.03750000000000609096 ) ) ;
#1087 = SURFACE_STYLE_USAGE ( .BOTH. , #2588 ) ;
#1088 = CARTESIAN_POINT ( 'NONE',  ( 0.01738083416631412692, 0.1792545897336871585, -0.02567263991091197836 ) ) ;
#1089 = ORIENTED_EDGE ( 'NONE', *, *, #6458, .F. ) ;
#1090 = VECTOR ( 'NONE', #99, 39.37007874015748143 ) ;
#1091 = VERTEX_POINT ( 'NONE', #2135 ) ;
#1092 = ORIENTED_EDGE ( 'NONE', *, *, #4740, .F. ) ;
#1093 =( NAMED_UNIT ( * ) SI_UNIT ( $, .STERADIAN. ) SOLID_ANGLE_UNIT ( ) );
#1094 = CIRCLE ( 'NONE', #4836, 0.01250000000000003712 ) ;
#1095 = EDGE_CURVE ( 'NONE', #5223, #2805, #3135, .T. ) ;
#1096 = LINE ( 'NONE', #2528, #5075 ) ;
#1097 = ADVANCED_FACE ( 'NONE', ( #2646 ), #4138, .F. ) ;
#1098 = VECTOR ( 'NONE', #6407, 39.37007874015748143 ) ;
#1099 = LINE ( 'NONE', #252, #6260 ) ;
#1100 = DIRECTION ( 'NONE',  ( -1.000000000000000000, -1.276756478318932585E-15, -1.110223024625158759E-16 ) ) ;
#1101 = ORIENTED_EDGE ( 'NONE', *, *, #1906, .T. ) ;
#1102 = CARTESIAN_POINT ( 'NONE',  ( -0.001686305805208465364, 0.1792545897336777494, -0.04681406588866095231 ) ) ;
#1103 = CARTESIAN_POINT ( 'NONE',  ( 0.02166420536747998629, 0.1792545897336768612, 0.01457624642032253129 ) ) ;
#1104 =( LENGTH_UNIT ( ) NAMED_UNIT ( * ) SI_UNIT ( $, .METRE. ) );
#1105 = CARTESIAN_POINT ( 'NONE',  ( 0.01543554154673057281, 0.1892545897336807836, 0.002061581946223163455 ) ) ;
#1106 = EDGE_CURVE ( 'NONE', #4739, #2601, #6334, .T. ) ;
#1107 = CIRCLE ( 'NONE', #3061, 0.01250000000000003712 ) ;
#1108 = ORIENTED_EDGE ( 'NONE', *, *, #219, .T. ) ;
#1109 = ORIENTED_EDGE ( 'NONE', *, *, #4639, .F. ) ;
#1110 = CARTESIAN_POINT ( 'NONE',  ( -0.02690347949745098069, 0.1792545897336823291, 0.01907806493626968553 ) ) ;
#1111 = VECTOR ( 'NONE', #5378, 39.37007874015748143 ) ;
#1112 = CARTESIAN_POINT ( 'NONE',  ( 0.01739070109397345201, 0.1892545897336856964, -0.02523745550275343155 ) ) ;
#1113 = COLOUR_RGB ( '',0.1882352941176470562, 0.000000000000000000, 0.4666666666666666741 ) ;
#1114 = ORIENTED_EDGE ( 'NONE', *, *, #555, .F. ) ;
#1115 = DIRECTION ( 'NONE',  ( -1.332267629550189623E-15, -1.000000000000000000, -4.163336342344341957E-16 ) ) ;
#1116 = AXIS2_PLACEMENT_3D ( 'NONE', #378, #5865, #4305 ) ;
#1117 = VERTEX_POINT ( 'NONE', #708 ) ;
#1118 = SHAPE_DEFINITION_REPRESENTATION ( #1233, #5891 ) ;
#1119 = DIRECTION ( 'NONE',  ( -0.7071067811865391350, 0.7071067811865557884, 1.144917494144681638E-15 ) ) ;
#1120 = ORIENTED_EDGE ( 'NONE', *, *, #6265, .T. ) ;
#1121 = CARTESIAN_POINT ( 'NONE',  ( 0.02100011323768105273, 0.1792545897336795813, 0.009971738767879240184 ) ) ;
#1122 = EDGE_CURVE ( 'NONE', #973, #5946, #1812, .T. ) ;
#1123 = ADVANCED_FACE ( 'NONE', ( #2371 ), #3743, .T. ) ;
#1124 = DIRECTION ( 'NONE',  ( 0.7071067811865443531, -0.7071067811865506814, 5.720860853693667720E-16 ) ) ;
#1125 = LINE ( 'NONE', #4851, #1614 ) ;
#1126 = ORIENTED_EDGE ( 'NONE', *, *, #1530, .T. ) ;
#1127 = CARTESIAN_POINT ( 'NONE',  ( 0.1249999999999960726, -0.2807454102663226592, 0.07500000000000288380 ) ) ;
#1128 = CARTESIAN_POINT ( 'NONE',  ( 0.1624999999999897915, 0.05425458973368292581, 0.07500000000001112721 ) ) ;
#1129 = CARTESIAN_POINT ( 'NONE',  ( -0.2625000000000084488, 0.09425458973368630589, -0.09999999999999566180 ) ) ;
#1130 = AXIS2_PLACEMENT_3D ( 'NONE', #3812, #5708, #6266 ) ;
#1131 = LINE ( 'NONE', #731, #204 ) ;
#1132 = CARTESIAN_POINT ( 'NONE',  ( 0.05605150371280177152, -0.2807454102663183293, -0.01249999999998381746 ) ) ;
#1133 = CARTESIAN_POINT ( 'NONE',  ( 0.01554569850598807972, 0.1792545897336838834, -0.03134208766953363451 ) ) ;
#1134 = CARTESIAN_POINT ( 'NONE',  ( 0.2374999999999930222, 0.1792545897336860761, -0.09999999999999674427 ) ) ;
#1135 =( CONVERSION_BASED_UNIT ( 'INCH', #1717 ) LENGTH_UNIT ( ) NAMED_UNIT ( #1851 ) );
#1136 = LINE ( 'NONE', #6246, #4188 ) ;
#1137 = ADVANCED_FACE ( 'NONE', ( #1010 ), #785, .T. ) ;
#1138 = CARTESIAN_POINT ( 'NONE',  ( 0.01505909414008080142, 0.1892545897336824212, -0.01851534343082741896 ) ) ;
#1139 = EDGE_CURVE ( 'NONE', #4429, #6141, #4664, .T. ) ;
#1140 = VERTEX_POINT ( 'NONE', #5856 ) ;
#1141 =( GEOMETRIC_REPRESENTATION_CONTEXT ( 3 ) GLOBAL_UNCERTAINTY_ASSIGNED_CONTEXT ( ( #2037 ) ) GLOBAL_UNIT_ASSIGNED_CONTEXT ( ( #1715, #2219, #4792 ) ) REPRESENTATION_CONTEXT ( 'NONE', 'WORKASPACE' ) );
#1142 =( NAMED_UNIT ( * ) PLANE_ANGLE_UNIT ( ) SI_UNIT ( $, .RADIAN. ) );
#1143 = VECTOR ( 'NONE', #1485, 39.37007874015748143 ) ;
#1144 = ORIENTED_EDGE ( 'NONE', *, *, #3565, .T. ) ;
#1145 = CARTESIAN_POINT ( 'NONE',  ( 0.01163609105403473620, 0.1892545897336840588, 0.03886693198291908680 ) ) ;
#1146 = ORIENTED_EDGE ( 'NONE', *, *, #1896, .T. ) ;
#1147 = CARTESIAN_POINT ( 'NONE',  ( -0.2625000000000051736, 0.09425458973368520954, 0.1000000000000076800 ) ) ;
#1148 = FACE_OUTER_BOUND ( 'NONE', #4163, .T. ) ;
#1149 = EDGE_CURVE ( 'NONE', #3380, #901, #3454, .T. ) ;
#1150 = CARTESIAN_POINT ( 'NONE',  ( -0.04964466790968156962, -0.1631983307839912078, -0.009999999999985687005 ) ) ;
#1151 = ORIENTED_EDGE ( 'NONE', *, *, #1859, .F. ) ;
#1152 = CARTESIAN_POINT ( 'NONE',  ( 0.03749999999999215766, 0.1792545897336844385, -0.09999999999999401035 ) ) ;
#1153 =( BOUNDED_CURVE ( )  B_SPLINE_CURVE ( 3, ( #2920, #1560, #5445, #4017 ),
 .UNSPECIFIED., .F., .F. ) 
 B_SPLINE_CURVE_WITH_KNOTS ( ( 4, 4 ),
 ( 1.570796326794895004, 4.712388980384689674 ),
 .UNSPECIFIED. ) 
 CURVE ( )  GEOMETRIC_REPRESENTATION_ITEM ( )  RATIONAL_B_SPLINE_CURVE ( ( 1.000000000000000000, 0.3333333333333335369, 0.3333333333333335369, 1.000000000000000000 ) ) 
 REPRESENTATION_ITEM ( '' )  );
#1154 = CARTESIAN_POINT ( 'NONE',  ( -0.1400000000000056199, 0.1692545897336804328, -0.03999999999999684364 ) ) ;
#1155 = LINE ( 'NONE', #1612, #4977 ) ;
#1156 = DIRECTION ( 'NONE',  ( 0.000000000000000000, 0.000000000000000000, 1.000000000000000000 ) ) ;
#1157 = AXIS2_PLACEMENT_3D ( 'NONE', #1601, #75, #1039 ) ;
#1158 = CARTESIAN_POINT ( 'NONE',  ( -0.1349351154182156232, -0.2306847410194044490, 0.01250000000001605209 ) ) ;
#1159 = PLANE ( 'NONE',  #792 ) ;
#1160 = LINE ( 'NONE', #147, #856 ) ;
#1161 = DIRECTION ( 'NONE',  ( -8.326672684688655564E-17, -6.106226635438347167E-16, -1.000000000000000000 ) ) ;
#1162 = CARTESIAN_POINT ( 'NONE',  ( 0.02008728313750380440, 0.1792545897336795813, 0.007775943233614461547 ) ) ;
#1163 = ORIENTED_EDGE ( 'NONE', *, *, #528, .F. ) ;
#1164 = CARTESIAN_POINT ( 'NONE',  ( 0.01472650835064931614, 0.1892545897336807836, -0.03242988407286986202 ) ) ;
#1165 = CARTESIAN_POINT ( 'NONE',  ( -0.01454912441475099578, 0.1892545897336835037, 0.02675590908175511096 ) ) ;
#1166 = LINE ( 'NONE', #2854, #3300 ) ;
#1167 = DIRECTION ( 'NONE',  ( -1.332267629550189623E-15, -1.000000000000000000, -4.163336342344342450E-16 ) ) ;
#1168 = EDGE_CURVE ( 'NONE', #1603, #5167, #1166, .T. ) ;
#1169 = CARTESIAN_POINT ( 'NONE',  ( -0.008961961813832138024, 0.1792545897336850491, 0.03048631190393613632 ) ) ;
#1170 = FACE_OUTER_BOUND ( 'NONE', #5807, .T. ) ;
#1171 = ORIENTED_EDGE ( 'NONE', *, *, #6202, .T. ) ;
#1172 = ADVANCED_FACE ( 'NONE', ( #3843 ), #1993, .F. ) ;
#1173 = ORIENTED_EDGE ( 'NONE', *, *, #4850, .T. ) ;
#1174 = CARTESIAN_POINT ( 'NONE',  ( 0.01725375361480298991, 0.1792545897336806082, 0.003777569624270735952 ) ) ;
#1175 = SURFACE_STYLE_USAGE ( .BOTH. , #2716 ) ;
#1176 = DIRECTION ( 'NONE',  ( -1.000000000000000000, -1.276756478318932585E-15, -1.110223024625158759E-16 ) ) ;
#1177 = CARTESIAN_POINT ( 'NONE',  ( 0.01263332865331243463, 0.1792545897336816907, -0.03443760070527087519 ) ) ;
#1178 = CARTESIAN_POINT ( 'NONE',  ( -0.0002437763256972559406, 0.1792545897336872418, 0.03219404948664065375 ) ) ;
#1179 = CARTESIAN_POINT ( 'NONE',  ( 0.0006305515213264633635, 0.1892545897336840588, -0.03830836896429751226 ) ) ;
#1180 = LINE ( 'NONE', #2650, #2921 ) ;
#1181 = VERTEX_POINT ( 'NONE', #5802 ) ;
#1182 =( LENGTH_UNIT ( ) NAMED_UNIT ( * ) SI_UNIT ( $, .METRE. ) );
#1183 = EDGE_CURVE ( 'NONE', #5397, #2154, #5600, .T. ) ;
#1184 = VECTOR ( 'NONE', #3576, 39.37007874015748143 ) ;
#1185 = CARTESIAN_POINT ( 'NONE',  ( -0.2824148077667720802, -0.5507454102663228435, 0.01250000000001550565 ) ) ;
#1186 = ORIENTED_EDGE ( 'NONE', *, *, #4631, .F. ) ;
#1187 = EDGE_CURVE ( 'NONE', #4726, #2652, #2508, .T. ) ;
#1188 = LINE ( 'NONE', #1086, #2074 ) ;
#1189 = PRESENTATION_STYLE_ASSIGNMENT (( #260 ) ) ;
#1190 = CARTESIAN_POINT ( 'NONE',  ( -0.2824148077667699153, -0.5507454102663151829, -0.01249999999998190406 ) ) ;
#1191 = ORIENTED_EDGE ( 'NONE', *, *, #843, .T. ) ;
#1192 = CARTESIAN_POINT ( 'NONE',  ( -0.1400000000000067024, 0.1792545897336849936, -0.03999999999999684364 ) ) ;
#1193 = CARTESIAN_POINT ( 'NONE',  ( 0.2874999999999934275, 0.05425458973368423726, -0.07499999999999321099 ) ) ;
#1194 = LINE ( 'NONE', #620, #5239 ) ;
#1195 = ORIENTED_EDGE ( 'NONE', *, *, #102, .T. ) ;
#1196 = PRESENTATION_STYLE_ASSIGNMENT (( #1175 ) ) ;
#1197 =( LENGTH_UNIT ( ) NAMED_UNIT ( * ) SI_UNIT ( $, .METRE. ) );
#1198 = ORIENTED_EDGE ( 'NONE', *, *, #6369, .F. ) ;
#1199 = AXIS2_PLACEMENT_3D ( 'NONE', #4255, #3829, #240 ) ;
#1200 = CARTESIAN_POINT ( 'NONE',  ( -0.01679733309406145417, 0.1792545897336806082, -0.02548785614377977599 ) ) ;
#1201 = CARTESIAN_POINT ( 'NONE',  ( 0.001226769685725537934, 0.1892545897336873340, 0.03218978713787876839 ) ) ;
#1202 = ORIENTED_EDGE ( 'NONE', *, *, #3755, .F. ) ;
#1203 = VERTEX_POINT ( 'NONE', #2728 ) ;
#1204 = ORIENTED_EDGE ( 'NONE', *, *, #5603, .F. ) ;
#1205 = ADVANCED_FACE ( 'NONE', ( #4450 ), #2382, .F. ) ;
#1206 = CARTESIAN_POINT ( 'NONE',  ( -0.03750000000000526523, 0.09425458973368083804, 0.1000000000000076800 ) ) ;
#1207 = LINE ( 'NONE', #3674, #2170 ) ;
#1208 = AXIS2_PLACEMENT_3D ( 'NONE', #2079, #6030, #546 ) ;
#1209 = VECTOR ( 'NONE', #1366, 39.37007874015748143 ) ;
#1210 = CARTESIAN_POINT ( 'NONE',  ( 0.01543554154673057281, 0.1892545897336807836, 0.002061581946223163455 ) ) ;
#1211 = EDGE_CURVE ( 'NONE', #2426, #2372, #232, .T. ) ;
#1212 = CARTESIAN_POINT ( 'NONE',  ( -0.1349351154182183710, -0.2306847410194175496, -0.09999999999998610001 ) ) ;
#1213 = B_SPLINE_CURVE_WITH_KNOTS ( 'NONE', 3,
 ( #1004, #4971, #440, #5415, #1966, #2990, #5931, #6459, #2002, #5436, #3432 ),
 .UNSPECIFIED., .F., .F.,
 ( 4, 1, 1, 1, 1, 1, 1, 1, 4 ),
 ( 0.000000000000000000, 0.1281355097972547985, 0.2541727119019795422, 0.3781116451390017508, 0.5017122630072844425, 0.6239863093684847595, 0.7470956136177411278, 0.8728746366500621523, 1.000000000000000000 ),
 .UNSPECIFIED. ) ;
#1215 = CARTESIAN_POINT ( 'NONE',  ( 0.01585104464233555790, 0.1792545897336866312, 0.02696034452306906096 ) ) ;
#1214 =( NAMED_UNIT ( * ) SI_UNIT ( $, .STERADIAN. ) SOLID_ANGLE_UNIT ( ) );
#1216 = VECTOR ( 'NONE', #2938, 39.37007874015748143 ) ;
#1217 = DIRECTION ( 'NONE',  ( 1.332267629550189623E-15, 1.000000000000000000, 4.163336342344342450E-16 ) ) ;
#1218 = DIRECTION ( 'NONE',  ( 5.551115123125767911E-17, 5.967448757360200628E-16, 1.000000000000000000 ) ) ;
#1219 = EDGE_CURVE ( 'NONE', #1228, #1649, #5947, .T. ) ;
#1220 = PRODUCT_CONTEXT ( 'NONE', #4165, 'mechanical' ) ;
#1221 =( NAMED_UNIT ( * ) PLANE_ANGLE_UNIT ( ) SI_UNIT ( $, .RADIAN. ) );
#1222 = SURFACE_SIDE_STYLE ('',( #3508 ) ) ;
#1223 = ADVANCED_FACE ( 'NONE', ( #6017 ), #5658, .T. ) ;
#1224 = CARTESIAN_POINT ( 'NONE',  ( 0.02486933357260881841, 0.1892545897336851413, -0.02520406875061753302 ) ) ;
#1225 = CARTESIAN_POINT ( 'NONE',  ( 0.01143304758262297591, 0.1792545897336779437, -0.03536067778063960859 ) ) ;
#1226 = CARTESIAN_POINT ( 'NONE',  ( -0.01969168667525006758, 0.1892545897336807836, -0.03650059107311811463 ) ) ;
#1227 = CARTESIAN_POINT ( 'NONE',  ( 0.3749999999999909517, 0.09425458973368357196, 0.1000000000000049460 ) ) ;
#1228 = VERTEX_POINT ( 'NONE', #2485 ) ;
#1229 =( NAMED_UNIT ( * ) SI_UNIT ( $, .STERADIAN. ) SOLID_ANGLE_UNIT ( ) );
#1230 = EDGE_CURVE ( 'NONE', #1462, #5421, #407, .T. ) ;
#1231 = CARTESIAN_POINT ( 'NONE',  ( -0.01406428792235207663, 0.1792545897336861316, 0.03727529534939257733 ) ) ;
#1232 = ORIENTED_EDGE ( 'NONE', *, *, #5547, .F. ) ;
#1233 = PRODUCT_DEFINITION_SHAPE ( 'NONE', 'NONE',  #103 ) ;
#1234 = CARTESIAN_POINT ( 'NONE',  ( -0.001570672896904158101, 0.1892545897336862515, -0.002917344700054616807 ) ) ;
#1235 = VECTOR ( 'NONE', #5746, 39.37007874015748143 ) ;
#1236 = CARTESIAN_POINT ( 'NONE',  ( -0.3750000000000067724, -0.005745410266310995231, -0.03749999999999269890 ) ) ;
#1237 = SURFACE_STYLE_FILL_AREA ( #5363 ) ;
#1238 = CARTESIAN_POINT ( 'NONE',  ( -0.07255376758613127364, -0.1631983307839868225, 0.01000000000001846981 ) ) ;
#1239 = ORIENTED_EDGE ( 'NONE', *, *, #6007, .T. ) ;
#1240 =( BOUNDED_CURVE ( )  B_SPLINE_CURVE ( 3, ( #6165, #1193, #1695, #4667 ),
 .UNSPECIFIED., .F., .T. ) 
 B_SPLINE_CURVE_WITH_KNOTS ( ( 4, 4 ),
 ( 1.570796326794895004, 4.712388980384689674 ),
 .UNSPECIFIED. ) 
 CURVE ( )  GEOMETRIC_REPRESENTATION_ITEM ( )  RATIONAL_B_SPLINE_CURVE ( ( 1.000000000000000000, 0.3333333333333335369, 0.3333333333333335369, 1.000000000000000000 ) ) 
 REPRESENTATION_ITEM ( '' )  );
#1241 = CARTESIAN_POINT ( 'NONE',  ( -0.1125000000000070666, -0.2807454102663117235, 0.1000000000000054873 ) ) ;
#1242 = CARTESIAN_POINT ( 'NONE',  ( 0.01513709532474944754, 0.1792545897336816907, -0.008059971528394591078 ) ) ;
#1243 = DIRECTION ( 'NONE',  ( 1.332267629550189623E-15, 1.000000000000000000, 4.163336342344342450E-16 ) ) ;
#1244 = CARTESIAN_POINT ( 'NONE',  ( 0.009078719199624248407, 0.1892545897336867788, 0.03092018112240087907 ) ) ;
#1245 = CARTESIAN_POINT ( 'NONE',  ( -0.001595389741961609565, 0.1792545897336828564, 0.03217369397491455507 ) ) ;
#1246 = ORIENTED_EDGE ( 'NONE', *, *, #1493, .T. ) ;
#1247 = SURFACE_STYLE_FILL_AREA ( #2140 ) ;
#1248 = STYLED_ITEM ( 'NONE', ( #1331 ), #1523 ) ;
#1249 = EDGE_CURVE ( 'NONE', #6141, #3204, #1506, .T. ) ;
#1250 = CARTESIAN_POINT ( 'NONE',  ( 0.2106198646181319523, -0.1577405214759497465, 0.01250000000001905837 ) ) ;
#1251 = EDGE_LOOP ( 'NONE', ( #2641, #3360, #4937, #1945 ) ) ;
#1252 = CARTESIAN_POINT ( 'NONE',  ( -0.01804857858004985105, 0.1892545897336785909, 0.02151132347018456029 ) ) ;
#1253 = ADVANCED_FACE ( 'NONE', ( #1660 ), #3366, .F. ) ;
#1254 = DIRECTION ( 'NONE',  ( -1.443289932012704489E-15, -0.9553955149449662176, 0.2953293246920168369 ) ) ;
#1255 = ORIENTED_EDGE ( 'NONE', *, *, #3608, .T. ) ;
#1256 = ORIENTED_EDGE ( 'NONE', *, *, #264, .T. ) ;
#1257 = DIRECTION ( 'NONE',  ( -1.000000000000000000, -1.276756478318932585E-15, -1.110223024625158759E-16 ) ) ;
#1258 = DIRECTION ( 'NONE',  ( -1.000000000000000000, -1.276756478318932585E-15, -1.110223024625158759E-16 ) ) ;
#1259 = EDGE_CURVE ( 'NONE', #3019, #2209, #4834, .T. ) ;
#1260 = AXIS2_PLACEMENT_3D ( 'NONE', #6322, #2877, #2940 ) ;
#1261 = PRESENTATION_STYLE_ASSIGNMENT (( #5485 ) ) ;
#1262 = DIRECTION ( 'NONE',  ( 1.332267629550189623E-15, 1.000000000000000000, 4.163336342344342450E-16 ) ) ;
#1263 = DIRECTION ( 'NONE',  ( -2.635182449764338759E-15, -1.000000000000000000, -6.314393452555451606E-16 ) ) ;
#1264 = DIRECTION ( 'NONE',  ( 1.000000000000000000, 1.859285659279261057E-15, -1.549404716066050881E-16 ) ) ;
#1265 = ORIENTED_EDGE ( 'NONE', *, *, #2548, .F. ) ;
#1266 = VERTEX_POINT ( 'NONE', #2340 ) ;
#1267 = DIRECTION ( 'NONE',  ( 0.000000000000000000, 0.000000000000000000, 1.000000000000000000 ) ) ;
#1268 = DIRECTION ( 'NONE',  ( 1.332267629550189623E-15, 1.000000000000000000, 4.163336342344342450E-16 ) ) ;
#1269 = CARTESIAN_POINT ( 'NONE',  ( 0.01095801699369844222, 0.1892545897336873340, 0.03018730370676039887 ) ) ;
#1270 = FACE_OUTER_BOUND ( 'NONE', #4240, .T. ) ;
#1271 = VERTEX_POINT ( 'NONE', #3790 ) ;
#1272 = VERTEX_POINT ( 'NONE', #2833 ) ;
#1273 = EDGE_CURVE ( 'NONE', #1181, #3868, #162, .T. ) ;
#1274 = EDGE_LOOP ( 'NONE', ( #4799, #2767, #631, #928 ) ) ;
#1275 = CARTESIAN_POINT ( 'NONE',  ( -0.01834114568630271919, 0.1892545897336818661, -0.03825461784616867450 ) ) ;
#1276 = CARTESIAN_POINT ( 'NONE',  ( 0.2410515037128015681, -0.5507454102663151829, -0.01249999999998627556 ) ) ;
#1277 = DIMENSIONAL_EXPONENTS ( 1.000000000000000000, 0.000000000000000000, 0.000000000000000000, 0.000000000000000000, 0.000000000000000000, 0.000000000000000000, 0.000000000000000000 ) ;
#1278 = CIRCLE ( 'NONE', #3913, 0.01250000000000003712 ) ;
#1279 = CARTESIAN_POINT ( 'NONE',  ( -0.01550553263254587401, 0.1892545897336851413, 0.02563411855294965569 ) ) ;
#1280 = LENGTH_MEASURE_WITH_UNIT ( LENGTH_MEASURE( 0.02539999999999999897 ), #5047 );
#1281 = LENGTH_MEASURE_WITH_UNIT ( LENGTH_MEASURE( 0.02539999999999999897 ), #6410 );
#1282 = VERTEX_POINT ( 'NONE', #1894 ) ;
#1283 = EDGE_LOOP ( 'NONE', ( #2113, #5288, #2688, #4863 ) ) ;
#1284 = EDGE_CURVE ( 'NONE', #6081, #2903, #3995, .T. ) ;
#1285 = CARTESIAN_POINT ( 'NONE',  ( -0.3625000000000040967, 0.1792545897336806082, -0.09999999999999510669 ) ) ;
#1286 = CARTESIAN_POINT ( 'NONE',  ( -0.01679733309406145417, 0.1792545897336806082, -0.02548785614377977599 ) ) ;
#1287 = ORIENTED_EDGE ( 'NONE', *, *, #137, .T. ) ;
#1288 = ORIENTED_EDGE ( 'NONE', *, *, #891, .T. ) ;
#1289 = CARTESIAN_POINT ( 'NONE',  ( 0.3749999999999925615, 0.1792545897336844385, -0.09999999999999401035 ) ) ;
#1290 = DIRECTION ( 'NONE',  ( -1.970877152922708759E-16, -1.006139616066556398E-15, -1.000000000000000000 ) ) ;
#1291 = FACE_OUTER_BOUND ( 'NONE', #163, .T. ) ;
#1292 = CARTESIAN_POINT ( 'NONE',  ( 0.02536459840669804192, 0.1892545897336785909, 0.0006893987762213827719 ) ) ;
#1293 = CYLINDRICAL_SURFACE ( 'NONE', #4095, 0.01250000000000003712 ) ;
#1294 = ORIENTED_EDGE ( 'NONE', *, *, #461, .F. ) ;
#1295 = CARTESIAN_POINT ( 'NONE',  ( -0.1474148077667594425, 0.01925458973369106180, 0.01250000000001632618 ) ) ;
#1296 = MECHANICAL_DESIGN_GEOMETRIC_PRESENTATION_REPRESENTATION (  '', ( #2618 ), #5986 ) ;
#1297 = ORIENTED_EDGE ( 'NONE', *, *, #3931, .T. ) ;
#1298 = CARTESIAN_POINT ( 'NONE',  ( -0.02367727447178448463, 0.1892545897336829763, -0.02796664443820949184 ) ) ;
#1299 = LINE ( 'NONE', #4705, #3166 ) ;
#1300 = VECTOR ( 'NONE', #4963, 39.37007874015748143 ) ;
#1301 = CARTESIAN_POINT ( 'NONE',  ( -0.08241480776677202746, -0.5507454102663162931, 0.01250000000001468686 ) ) ;
#1302 = CARTESIAN_POINT ( 'NONE',  ( 0.1214831428074621550, -0.1577405214759541041, -0.09999999999998418487 ) ) ;
#1303 = CARTESIAN_POINT ( 'NONE',  ( -0.01162953596072766743, 0.1892545897336807836, -0.03366417962623609317 ) ) ;
#1304 = CARTESIAN_POINT ( 'NONE',  ( 0.01730091205242926394, 0.1892545897336829763, -0.02346667119528300996 ) ) ;
#1305 = EDGE_CURVE ( 'NONE', #1741, #6298, #5305, .T. ) ;
#1306 = B_SPLINE_CURVE_WITH_KNOTS ( 'NONE', 3,
 ( #2724, #5706, #2314, #3244, #2803, #6288, #5729, #4695, #3707, #767, #319, #3810, #815, #5199, #1837, #4795, #5299, #2748, #2338 ),
 .UNSPECIFIED., .F., .F.,
 ( 4, 1, 1, 1, 1, 1, 1, 1, 1, 1, 1, 1, 1, 1, 1, 1, 4 ),
 ( 0.000000000000000000, 0.05527454908752653384, 0.1099660938819835565, 0.1632474428518067011, 0.2180761854823606294, 0.2733008743735932944, 0.3309093000114347594, 0.3909945233652108443, 0.4541759534308246749, 0.5188615408488260750, 0.5833105320111678926, 0.6485166818638258279, 0.7150308870971836539, 0.7825020728543329307, 0.8523226850768557128, 0.9249284897844292086, 1.000000000000000000 ),
 .UNSPECIFIED. ) ;
#1307 = CARTESIAN_POINT ( 'NONE',  ( -0.2875000000000028644, 0.1792545897336860761, -0.09999999999999319156 ) ) ;
#1308 = LINE ( 'NONE', #1466, #6140 ) ;
#1309 = DIRECTION ( 'NONE',  ( -2.709934187065354083E-16, 0.2953293246920158377, -0.9553955149449666617 ) ) ;
#1310 = CARTESIAN_POINT ( 'NONE',  ( 0.3324999999999932454, -0.1803076923076747384, 0.03750000000000554279 ) ) ;
#1311 = CARTESIAN_POINT ( 'NONE',  ( 0.1874999999999916456, -0.2807454102663161088, 0.1000000000000016709 ) ) ;
#1312 = VECTOR ( 'NONE', #3797, 39.37007874015749564 ) ;
#1313 = ORIENTED_EDGE ( 'NONE', *, *, #3471, .T. ) ;
#1314 = PLANE ( 'NONE',  #1905 ) ;
#1315 = ORIENTED_EDGE ( 'NONE', *, *, #2418, .F. ) ;
#1316 = DIRECTION ( 'NONE',  ( -1.332267629550189623E-15, -1.000000000000000000, -4.163336342344342450E-16 ) ) ;
#1317 = DIRECTION ( 'NONE',  ( -1.970877152922708759E-16, -1.006139616066556398E-15, -1.000000000000000000 ) ) ;
#1318 = DIRECTION ( 'NONE',  ( 1.970877152922708759E-16, 1.006139616066556398E-15, 1.000000000000000000 ) ) ;
#1319 = CARTESIAN_POINT ( 'NONE',  ( -0.01654732089709768858, 0.1792545897336795813, -0.02605271058992357502 ) ) ;
#1320 = DIRECTION ( 'NONE',  ( 0.000000000000000000, 0.000000000000000000, 1.000000000000000000 ) ) ;
#1321 = EDGE_CURVE ( 'NONE', #3379, #4243, #1339, .T. ) ;
#1322 = CIRCLE ( 'NONE', #3418, 0.01250000000000003712 ) ;
#1323 = CARTESIAN_POINT ( 'NONE',  ( 0.3749999999999925615, 0.1792545897336860761, 0.1000000000000049460 ) ) ;
#1324 = ORIENTED_EDGE ( 'NONE', *, *, #4275, .T. ) ;
#1325 = ADVANCED_FACE ( 'NONE', ( #4383 ), #5774, .F. ) ;
#1326 = CARTESIAN_POINT ( 'NONE',  ( 0.3749999999999925615, 0.1792545897336860761, 0.1000000000000049460 ) ) ;
#1327 = UNCERTAINTY_MEASURE_WITH_UNIT (LENGTH_MEASURE( 1.000000000000000082E-05 ), #5241, 'distance_accuracy_value', 'NONE');
#1328 = CARTESIAN_POINT ( 'NONE',  ( 0.2106198646181324796, -0.2306847410194066417, -0.01249999999998463625 ) ) ;
#1329 = CARTESIAN_POINT ( 'NONE',  ( 0.01288112619080880768, 0.1892545897336840588, -0.04392868937582337929 ) ) ;
#1330 = DIRECTION ( 'NONE',  ( -1.970877152922708759E-16, -1.006139616066556398E-15, -1.000000000000000000 ) ) ;
#1331 = PRESENTATION_STYLE_ASSIGNMENT (( #211 ) ) ;
#1333 = DIRECTION ( 'NONE',  ( -1.000000000000000000, -1.276756478318932388E-15, 5.551115123125844332E-17 ) ) ;
#1332 = DIRECTION ( 'NONE',  ( 2.468648996070568828E-15, 1.000000000000000000, 9.367506770274570955E-16 ) ) ;
#1334 =( GEOMETRIC_REPRESENTATION_CONTEXT ( 3 ) GLOBAL_UNCERTAINTY_ASSIGNED_CONTEXT ( ( #3293 ) ) GLOBAL_UNIT_ASSIGNED_CONTEXT ( ( #216, #3696, #1214 ) ) REPRESENTATION_CONTEXT ( 'NONE', 'WORKASPACE' ) );
#1335 = ORIENTED_EDGE ( 'NONE', *, *, #451, .T. ) ;
#1336 = CARTESIAN_POINT ( 'NONE',  ( 0.2374999999999938549, 0.09425458973367920046, 0.1000000000000054873 ) ) ;
#1337 = CARTESIAN_POINT ( 'NONE',  ( 0.1399999999999936018, 0.1692545897336848182, -0.03999999999999602485 ) ) ;
#1338 = CARTESIAN_POINT ( 'NONE',  ( -0.3500000000000030864, -0.2807454102663204942, -0.09999999999999702183 ) ) ;
#1339 = LINE ( 'NONE', #2866, #5135 ) ;
#1340 = CARTESIAN_POINT ( 'NONE',  ( 0.02914283784611371511, 0.1792545897336790539, 0.01385843124938349047 ) ) ;
#1341 = VERTEX_POINT ( 'NONE', #4744 ) ;
#1342 = SURFACE_STYLE_FILL_AREA ( #685 ) ;
#1343 = ORIENTED_EDGE ( 'NONE', *, *, #2200, .T. ) ;
#1344 = PLANE ( 'NONE',  #4154 ) ;
#1345 = ORIENTED_EDGE ( 'NONE', *, *, #3124, .F. ) ;
#1346 = CARTESIAN_POINT ( 'NONE',  ( 0.003769718717740976055, 0.1892545897336862515, -0.04675757737511596762 ) ) ;
#1347 = AXIS2_PLACEMENT_3D ( 'NONE', #5840, #4361, #5275 ) ;
#1348 = CARTESIAN_POINT ( 'NONE',  ( 0.2874999999999924838, -0.2807454102663216045, 0.1000000000000033085 ) ) ;
#1349 = EDGE_CURVE ( 'NONE', #2315, #737, #5533, .T. ) ;
#1350 = DIRECTION ( 'NONE',  ( 2.635182449764338759E-15, 1.000000000000000000, 6.314393452555451606E-16 ) ) ;
#1351 = CARTESIAN_POINT ( 'NONE',  ( -0.01679733309406145417, 0.1892545897336835037, -0.02548785614378141703 ) ) ;
#1352 = LINE ( 'NONE', #5158, #2732 ) ;
#1353 = CARTESIAN_POINT ( 'NONE',  ( 0.05605150371280340910, 0.01925458973369324409, -0.09999999999997871702 ) ) ;
#1354 = ORIENTED_EDGE ( 'NONE', *, *, #2742, .T. ) ;
#1355 = CARTESIAN_POINT ( 'NONE',  ( -0.2900000000000064748, 0.1792545897336828009, 0.04000000000000503847 ) ) ;
#1356 = DIRECTION ( 'NONE',  ( 1.000000000000000000, 1.276756478318932191E-15, 1.110223024625158513E-16 ) ) ;
#1357 = ORIENTED_EDGE ( 'NONE', *, *, #4071, .F. ) ;
#1358 = VECTOR ( 'NONE', #907, 39.37007874015748143 ) ;
#1359 = CARTESIAN_POINT ( 'NONE',  ( 0.009979001242801866650, 0.1892545897336807836, -0.04522568287908935308 ) ) ;
#1360 = ORIENTED_EDGE ( 'NONE', *, *, #3290, .F. ) ;
#1361 = VERTEX_POINT ( 'NONE', #859 ) ;
#1363 = SURFACE_STYLE_USAGE ( .BOTH. , #3940 ) ;
#1362 = DIRECTION ( 'NONE',  ( -1.000000000000000000, -1.276756478318932585E-15, -1.110223024625158759E-16 ) ) ;
#1364 = AXIS2_PLACEMENT_3D ( 'NONE', #4366, #2474, #3526 ) ;
#1365 = SURFACE_STYLE_USAGE ( .BOTH. , #2823 ) ;
#1366 = DIRECTION ( 'NONE',  ( -8.326672684688665178E-16, -0.8479983040050872445, -0.5299989400031810405 ) ) ;
#1367 = COLOUR_RGB ( '',0.000000000000000000, 0.000000000000000000, 0.000000000000000000 ) ;
#1368 = CARTESIAN_POINT ( 'NONE',  ( 0.01554569850598534753, 0.1892545897336851413, -0.03134208766953035935 ) ) ;
#1369 = ORIENTED_EDGE ( 'NONE', *, *, #6342, .F. ) ;
#1370 = DIRECTION ( 'NONE',  ( -1.332267629550189623E-15, -1.000000000000000000, -4.163336342344342450E-16 ) ) ;
#1371 = CARTESIAN_POINT ( 'NONE',  ( 0.3624999999999926614, 0.09425458973368301685, 0.1000000000000109551 ) ) ;
#1372 = CARTESIAN_POINT ( 'NONE',  ( 0.009979001242802413088, 0.1792545897336844385, -0.04522568287908634160 ) ) ;
#1373 = ADVANCED_FACE ( 'NONE', ( #619 ), #3577, .F. ) ;
#1374 = EDGE_CURVE ( 'NONE', #3550, #737, #318, .T. ) ;
#1375 = VECTOR ( 'NONE', #1818, 39.37007874015748143 ) ;
#1376 = LINE ( 'NONE', #6167, #816 ) ;
#1377 = VERTEX_POINT ( 'NONE', #2296 ) ;
#1378 = VERTEX_POINT ( 'NONE', #5755 ) ;
#1379 = DIRECTION ( 'NONE',  ( -1.000000000000000000, -1.276756478318932585E-15, -1.110223024625158759E-16 ) ) ;
#1380 = CARTESIAN_POINT ( 'NONE',  ( -0.08241480776677148623, -0.5257454102663218221, -0.01249999999998354337 ) ) ;
#1381 = CARTESIAN_POINT ( 'NONE',  ( -0.01162953596072930501, 0.1792545897336866312, -0.03366417962624046467 ) ) ;
#1382 = CARTESIAN_POINT ( 'NONE',  ( 0.0006305515213264500278, 0.1792545897336812188, -0.03830836896429751920 ) ) ;
#1383 = ORIENTED_EDGE ( 'NONE', *, *, #3088, .F. ) ;
#1384 = ORIENTED_EDGE ( 'NONE', *, *, #6247, .T. ) ;
#1385 = EDGE_CURVE ( 'NONE', #5397, #4638, #91, .T. ) ;
#1386 = DIRECTION ( 'NONE',  ( -1.332267629550189623E-15, -1.000000000000000000, -4.163336342344342450E-16 ) ) ;
#1387 = CARTESIAN_POINT ( 'NONE',  ( 0.3324999999999943556, 2.294752314677981182E-14, 6.556435184794231724E-15 ) ) ;
#1389 =( NAMED_UNIT ( * ) SI_UNIT ( $, .STERADIAN. ) SOLID_ANGLE_UNIT ( ) );
#1388 = CARTESIAN_POINT ( 'NONE',  ( -0.1349351154182156232, -0.1577405214759541041, 0.01250000000002124412 ) ) ;
#1390 = VECTOR ( 'NONE', #1436, 39.37007874015748143 ) ;
#1391 = DIRECTION ( 'NONE',  ( 5.551115123125252070E-17, 0.000000000000000000, 1.000000000000000000 ) ) ;
#1392 = CIRCLE ( 'NONE', #4582, 0.01250000000000003712 ) ;
#1393 = CARTESIAN_POINT ( 'NONE',  ( -0.1125000000000092454, 0.09425458973368465443, -0.09999999999999510669 ) ) ;
#1394 = AXIS2_PLACEMENT_3D ( 'NONE', #2292, #263, #224 ) ;
#1395 = DIRECTION ( 'NONE',  ( 5.551115123125767911E-17, 5.967448757360200628E-16, 1.000000000000000000 ) ) ;
#1396 = FACE_OUTER_BOUND ( 'NONE', #556, .T. ) ;
#1397 = DIRECTION ( 'NONE',  ( 1.000000000000000000, 1.276756478318932585E-15, 1.110223024625158759E-16 ) ) ;
#1398 = EDGE_CURVE ( 'NONE', #1272, #2958, #4067, .T. ) ;
#1399 = CARTESIAN_POINT ( 'NONE',  ( 0.1214831428074637926, -0.2306847410194022563, 0.01250000000001714497 ) ) ;
#1400 = FACE_OUTER_BOUND ( 'NONE', #1658, .T. ) ;
#1401 = ORIENTED_EDGE ( 'NONE', *, *, #80, .T. ) ;
#1402 = CARTESIAN_POINT ( 'NONE',  ( 0.2660515037128000637, -0.2807454102663117235, -0.01249999999998327102 ) ) ;
#1403 = AXIS2_PLACEMENT_3D ( 'NONE', #3824, #826, #4317 ) ;
#1404 = VERTEX_POINT ( 'NONE', #5950 ) ;
#1405 = CARTESIAN_POINT ( 'NONE',  ( 0.05637629238880918076, -0.1631983307839933728, 0.01000000000001655814 ) ) ;
#1406 = EDGE_CURVE ( 'NONE', #3336, #6160, #2986, .T. ) ;
#1407 = LINE ( 'NONE', #262, #6144 ) ;
#1408 = ORIENTED_EDGE ( 'NONE', *, *, #2070, .T. ) ;
#1409 = B_SPLINE_CURVE_WITH_KNOTS ( 'NONE', 3,
 ( #3529, #977, #539, #73, #4018, #4042, #1034, #2491, #6058, #2553, #5988 ),
 .UNSPECIFIED., .F., .F.,
 ( 4, 1, 1, 1, 1, 1, 1, 1, 4 ),
 ( 0.000000000000000000, 0.1182713048357256075, 0.2361775330837630471, 0.3556629329485091473, 0.4759041646706827500, 0.6001273417110829511, 0.7286081161551197782, 0.8613134756739423414, 1.000000000000000000 ),
 .UNSPECIFIED. ) ;
#1411 = CARTESIAN_POINT ( 'NONE',  ( -0.3125000000000065503, 0.1792545897336893512, 0.1000000000000019346 ) ) ;
#1410 = DIRECTION ( 'NONE',  ( -1.000000000000000000, -1.276756478318932585E-15, -1.110223024625158759E-16 ) ) ;
#1412 = ORIENTED_EDGE ( 'NONE', *, *, #4209, .T. ) ;
#1413 = CARTESIAN_POINT ( 'NONE',  ( 0.02539404388146111399, 0.1792545897336883243, 0.02737208806334021777 ) ) ;
#1414 = LINE ( 'NONE', #1828, #396 ) ;
#1415 = CARTESIAN_POINT ( 'NONE',  ( 0.3749999999999925615, 0.1792545897336860761, 0.1000000000000049460 ) ) ;
#1416 = LINE ( 'NONE', #5850, #3514 ) ;
#1417 = EDGE_LOOP ( 'NONE', ( #5068, #4052, #2915, #1987 ) ) ;
#1418 = DIRECTION ( 'NONE',  ( 0.000000000000000000, 0.000000000000000000, 1.000000000000000000 ) ) ;
#1419 = EDGE_CURVE ( 'NONE', #3550, #1603, #6324, .T. ) ;
#1420 = CARTESIAN_POINT ( 'NONE',  ( 0.01777991982095161044, 0.1892545897336835037, -0.006783825596215771470 ) ) ;
#1421 = CARTESIAN_POINT ( 'NONE',  ( 0.01736066602666235664, 0.1792545897336844385, -0.02464511566982868079 ) ) ;
#1422 = DIRECTION ( 'NONE',  ( -5.551115123125252070E-17, 0.000000000000000000, -1.000000000000000000 ) ) ;
#1423 = EDGE_LOOP ( 'NONE', ( #2454, #2658, #1463, #775 ) ) ;
#1424 = CIRCLE ( 'NONE', #5005, 0.02337284817182590929 ) ;
#1425 = CARTESIAN_POINT ( 'NONE',  ( -0.2000000000000044242, 0.1792545897336871585, -0.09999999999999346911 ) ) ;
#1426 = FILL_AREA_STYLE_COLOUR ( '', #1113 ) ;
#1427 = CARTESIAN_POINT ( 'NONE',  ( -0.03750000000000362765, -0.2807454102663117235, -0.09999999999999346911 ) ) ;
#1428 = ORIENTED_EDGE ( 'NONE', *, *, #333, .T. ) ;
#1429 = DIRECTION ( 'NONE',  ( 1.332267629550189623E-15, 1.000000000000000000, 4.163336342344342450E-16 ) ) ;
#1430 = EDGE_CURVE ( 'NONE', #4077, #2601, #2818, .T. ) ;
#1431 = ORIENTED_EDGE ( 'NONE', *, *, #4668, .T. ) ;
#1432 = EDGE_CURVE ( 'NONE', #4999, #1847, #2722, .T. ) ;
#1433 = COLOUR_RGB ( '',0.000000000000000000, 0.000000000000000000, 0.000000000000000000 ) ;
#1434 = CARTESIAN_POINT ( 'NONE',  ( 0.02910011133376969733, 0.1792545897336801364, 0.01502532937288852434 ) ) ;
#1435 = ORIENTED_EDGE ( 'NONE', *, *, #3555, .F. ) ;
#1436 = DIRECTION ( 'NONE',  ( -2.635182449764338759E-15, -1.000000000000000000, -6.314393452555451606E-16 ) ) ;
#1437 = ORIENTED_EDGE ( 'NONE', *, *, #2550, .F. ) ;
#1438 = DIRECTION ( 'NONE',  ( -0.7071067811865396902, 0.7071067811865552333, 9.263423361716063109E-16 ) ) ;
#1439 = VECTOR ( 'NONE', #248, 39.37007874015748143 ) ;
#1440 = EDGE_LOOP ( 'NONE', ( #5483, #4031, #3058, #1950 ) ) ;
#1441 = SURFACE_STYLE_USAGE ( .BOTH. , #5948 ) ;
#1442 = CARTESIAN_POINT ( 'NONE',  ( -0.1875000000000082989, 0.09425458973368411320, -0.09999999999999538425 ) ) ;
#1443 = EDGE_CURVE ( 'NONE', #1986, #2380, #3745, .T. ) ;
#1444 = FILL_AREA_STYLE_COLOUR ( '', #1433 ) ;
#1445 = CARTESIAN_POINT ( 'NONE',  ( -0.07241480776675711384, 0.01925458973369542984, -0.01249999999998299693 ) ) ;
#1446 = DIRECTION ( 'NONE',  ( -1.332267629550189623E-15, -1.000000000000000000, -4.163336342344341957E-16 ) ) ;
#1447 = CYLINDRICAL_SURFACE ( 'NONE', #4438, 0.01250000000000003712 ) ;
#1448 = VECTOR ( 'NONE', #801, 39.37007874015748143 ) ;
#1449 = ORIENTED_EDGE ( 'NONE', *, *, #3859, .F. ) ;
#1450 = ORIENTED_EDGE ( 'NONE', *, *, #2494, .T. ) ;
#1451 = ORIENTED_EDGE ( 'NONE', *, *, #6114, .T. ) ;
#1452 = CARTESIAN_POINT ( 'NONE',  ( -0.2875000000000050848, -0.2807454102663166640, 0.1000000000000033085 ) ) ;
#1453 = DIRECTION ( 'NONE',  ( -7.708263043461800704E-16, 0.5299989400031797082, 0.8479983040050882437 ) ) ;
#1454 = VECTOR ( 'NONE', #4719, 39.37007874015748143 ) ;
#1455 = LINE ( 'NONE', #4593, #2861 ) ;
#1456 = CARTESIAN_POINT ( 'NONE',  ( 0.06249999999999366479, 0.09425458973368520954, -0.09999999999999292788 ) ) ;
#1457 = EDGE_CURVE ( 'NONE', #3163, #2502, #1815, .T. ) ;
#1458 = ORIENTED_EDGE ( 'NONE', *, *, #794, .F. ) ;
#1459 = EDGE_LOOP ( 'NONE', ( #644, #2725, #1144, #267 ) ) ;
#1460 = CARTESIAN_POINT ( 'NONE',  ( -0.3500000000000047518, -0.2807454102663117235, 0.1000000000000054873 ) ) ;
#1461 = LINE ( 'NONE', #1276, #896 ) ;
#1462 = VERTEX_POINT ( 'NONE', #1621 ) ;
#1463 = ORIENTED_EDGE ( 'NONE', *, *, #1965, .F. ) ;
#1464 = CARTESIAN_POINT ( 'NONE',  ( 0.3749999999999909517, 0.09425458973368357196, 0.1000000000000049460 ) ) ;
#1465 = CARTESIAN_POINT ( 'NONE',  ( 0.01730091205242762636, 0.1792545897336866312, -0.02346667119527754558 ) ) ;
#1466 = CARTESIAN_POINT ( 'NONE',  ( 0.1399999999999952394, 0.1692545897336859007, 0.04000000000000640543 ) ) ;
#1467 = ORIENTED_EDGE ( 'NONE', *, *, #2321, .T. ) ;
#1468 =( BOUNDED_CURVE ( )  B_SPLINE_CURVE ( 3, ( #32, #1500, #5508, #3551 ),
 .UNSPECIFIED., .F., .T. ) 
 B_SPLINE_CURVE_WITH_KNOTS ( ( 4, 4 ),
 ( 1.570796326794895004, 4.712388980384689674 ),
 .UNSPECIFIED. ) 
 CURVE ( )  GEOMETRIC_REPRESENTATION_ITEM ( )  RATIONAL_B_SPLINE_CURVE ( ( 1.000000000000000000, 0.3333333333333340365, 0.3333333333333340365, 1.000000000000000000 ) ) 
 REPRESENTATION_ITEM ( '' )  );
#1469 = LINE ( 'NONE', #1326, #196 ) ;
#1470 = LINE ( 'NONE', #4787, #1773 ) ;
#1471 = EDGE_LOOP ( 'NONE', ( #6360, #2753, #5915, #5381 ) ) ;
#1472 = CARTESIAN_POINT ( 'NONE',  ( 0.01328136385572315989, -0.04723214755363101813, 0.01000000000001355187 ) ) ;
#1473 = CARTESIAN_POINT ( 'NONE',  ( 0.02155507941485700074, 0.1892545897336813110, 0.01225072863151356953 ) ) ;
#1474 = CARTESIAN_POINT ( 'NONE',  ( -0.01194847589431130563, 0.1792545897336882688, 0.03835431196894669575 ) ) ;
#1475 = FACE_OUTER_BOUND ( 'NONE', #2961, .T. ) ;
#1476 = PRESENTATION_LAYER_ASSIGNMENT (  '', '', ( #5652 ) ) ;
#1477 = EDGE_CURVE ( 'NONE', #2471, #1615, #4447, .T. ) ;
#1478 = DIRECTION ( 'NONE',  ( -2.080070937451772322E-15, -1.000000000000000000, -6.383782391594523890E-16 ) ) ;
#1479 = CARTESIAN_POINT ( 'NONE',  ( 0.01739070109397343813, 0.1792545897336839666, -0.02523745550275343502 ) ) ;
#1480 = LINE ( 'NONE', #4500, #67 ) ;
#1481 = LINE ( 'NONE', #3980, #1783 ) ;
#1482 = DIRECTION ( 'NONE',  ( -1.000000000000000000, -1.276756478318932585E-15, -1.110223024625158759E-16 ) ) ;
#1483 = CARTESIAN_POINT ( 'NONE',  ( 0.2624999999999920730, 0.09425458973368301685, 0.1000000000000035721 ) ) ;
#1484 = AXIS2_PLACEMENT_3D ( 'NONE', #1353, #4804, #6399 ) ;
#1485 = DIRECTION ( 'NONE',  ( -1.332267629550189623E-15, -1.000000000000000000, -4.163336342344342450E-16 ) ) ;
#1486 = EDGE_CURVE ( 'NONE', #58, #2240, #3126, .T. ) ;
#1487 = VECTOR ( 'NONE', #982, 39.37007874015748143 ) ;
#1488 = VERTEX_POINT ( 'NONE', #2640 ) ;
#1489 = FILL_AREA_STYLE ('',( #1426 ) ) ;
#1490 = CARTESIAN_POINT ( 'NONE',  ( -0.2125000000000070999, 0.09425458973368630589, -0.09999999999999510669 ) ) ;
#1491 = CARTESIAN_POINT ( 'NONE',  ( 0.02166420536748000017, 0.1892545897336780358, 0.01457624642032253649 ) ) ;
#1492 = DIRECTION ( 'NONE',  ( 1.970877152922708759E-16, 1.006139616066556398E-15, 1.000000000000000000 ) ) ;
#1493 = EDGE_CURVE ( 'NONE', #5416, #5049, #4285, .T. ) ;
#1494 = EDGE_LOOP ( 'NONE', ( #1809, #4941, #3643, #809 ) ) ;
#1495 = AXIS2_PLACEMENT_3D ( 'NONE', #283, #238, #1218 ) ;
#1496 = FACE_OUTER_BOUND ( 'NONE', #823, .T. ) ;
#1497 = ADVANCED_FACE ( 'NONE', ( #1802, #4742 ), #1159, .F. ) ;
#1498 = VECTOR ( 'NONE', #3800, 39.37007874015748143 ) ;
#1499 = ORIENTED_EDGE ( 'NONE', *, *, #469, .T. ) ;
#1500 = CARTESIAN_POINT ( 'NONE',  ( 0.01249999999999089166, 0.05425458973367883880, 0.07500000000000867084 ) ) ;
#1501 = CARTESIAN_POINT ( 'NONE',  ( 0.01143304758262298805, 0.1892545897336796734, -0.03536067778063960165 ) ) ;
#1502 = EDGE_CURVE ( 'NONE', #2209, #4769, #4127, .T. ) ;
#1503 = AXIS2_PLACEMENT_3D ( 'NONE', #5372, #2408, #5904 ) ;
#1504 = DIRECTION ( 'NONE',  ( -2.635182449764338759E-15, -1.000000000000000000, -6.314393452555451606E-16 ) ) ;
#1505 = CARTESIAN_POINT ( 'NONE',  ( 0.1374999999999970968, -0.2807454102663166640, -0.09999999999999538425 ) ) ;
#1506 = CIRCLE ( 'NONE', #2040, 0.01250000000000003712 ) ;
#1507 =( LENGTH_UNIT ( ) NAMED_UNIT ( * ) SI_UNIT ( $, .METRE. ) );
#1508 = CARTESIAN_POINT ( 'NONE',  ( 0.1310515037128041071, 0.06925458973369079396, 1.639108796198557852E-14 ) ) ;
#1509 = VERTEX_POINT ( 'NONE', #6175 ) ;
#1510 = DIRECTION ( 'NONE',  ( -1.000000000000000000, -1.276756478318932585E-15, -1.110223024625158759E-16 ) ) ;
#1511 = VECTOR ( 'NONE', #2615, 39.37007874015748854 ) ;
#1512 = ORIENTED_EDGE ( 'NONE', *, *, #5175, .T. ) ;
#1513 = ORIENTED_EDGE ( 'NONE', *, *, #2411, .F. ) ;
#1514 = ORIENTED_EDGE ( 'NONE', *, *, #4061, .F. ) ;
#1515 = VECTOR ( 'NONE', #988, 39.37007874015748143 ) ;
#1516 = AXIS2_PLACEMENT_3D ( 'NONE', #4576, #2623, #5066 ) ;
#1517 = DIRECTION ( 'NONE',  ( -1.000000000000000000, -1.276756478318932585E-15, -1.110223024625158759E-16 ) ) ;
#1518 = LINE ( 'NONE', #1846, #181 ) ;
#1519 = DIRECTION ( 'NONE',  ( 1.000000000000000000, 1.276756478318932191E-15, 1.110223024625158513E-16 ) ) ;
#1520 = VERTEX_POINT ( 'NONE', #4591 ) ;
#1521 = VERTEX_POINT ( 'NONE', #3159 ) ;
#1522 = CARTESIAN_POINT ( 'NONE',  ( 0.02416821177773581519, 0.1892545897336807836, -0.0009485933232672264263 ) ) ;
#1523 = ADVANCED_FACE ( 'NONE', ( #1651 ), #3705, .T. ) ;
#1524 = LINE ( 'NONE', #97, #3535 ) ;
#1525 = LINE ( 'NONE', #1464, #188 ) ;
#1526 = ORIENTED_EDGE ( 'NONE', *, *, #2550, .T. ) ;
#1527 = VERTEX_POINT ( 'NONE', #6267 ) ;
#1528 = CARTESIAN_POINT ( 'NONE',  ( -0.01643207846912572365, 0.1792545897336773331, 0.02440693119499747973 ) ) ;
#1529 = ORIENTED_EDGE ( 'NONE', *, *, #2418, .T. ) ;
#1530 = EDGE_CURVE ( 'NONE', #4578, #2772, #6013, .T. ) ;
#1531 = AXIS2_PLACEMENT_3D ( 'NONE', #321, #3840, #2700 ) ;
#1532 = LINE ( 'NONE', #575, #4162 ) ;
#1533 = VERTEX_POINT ( 'NONE', #5279 ) ;
#1534 = VERTEX_POINT ( 'NONE', #3736 ) ;
#1535 = CARTESIAN_POINT ( 'NONE',  ( -0.004907848903485534028, 0.1892545897336846139, 0.04041205131857598248 ) ) ;
#1536 = CARTESIAN_POINT ( 'NONE',  ( 0.0004469243845746472118, 0.1892545897336873340, 0.03220445154852639297 ) ) ;
#1537 = ORIENTED_EDGE ( 'NONE', *, *, #1709, .T. ) ;
#1538 = EDGE_LOOP ( 'NONE', ( #2574, #4172, #839, #5329 ) ) ;
#1539 = CARTESIAN_POINT ( 'NONE',  ( 0.1374999999999954592, 0.09425458973368028293, 0.1000000000000098588 ) ) ;
#1540 = VERTEX_POINT ( 'NONE', #1206 ) ;
#1541 = DIRECTION ( 'NONE',  ( -1.000000000000000000, -1.276756478318932388E-15, 5.551115123125844332E-17 ) ) ;
#1542 = UNCERTAINTY_MEASURE_WITH_UNIT (LENGTH_MEASURE( 1.000000000000000082E-05 ), #5475, 'distance_accuracy_value', 'NONE');
#1543 = VECTOR ( 'NONE', #3127, 39.37007874015748143 ) ;
#1544 = VECTOR ( 'NONE', #6329, 39.37007874015748854 ) ;
#1545 = EDGE_CURVE ( 'NONE', #51, #652, #5212, .T. ) ;
#1546 = CARTESIAN_POINT ( 'NONE',  ( -0.01526627254659466797, 0.1792545897336777494, -0.04132905125151041525 ) ) ;
#1547 = CARTESIAN_POINT ( 'NONE',  ( 0.01472650835064930400, 0.1792545897336790539, -0.03242988407286986202 ) ) ;
#1548 = CARTESIAN_POINT ( 'NONE',  ( -0.3325000000000069011, -0.005745410266318644495, 0.03750000000000909550 ) ) ;
#1549 = CARTESIAN_POINT ( 'NONE',  ( 0.01941556088599434224, 0.1792545897336839666, 0.02275104938732945906 ) ) ;
#1550 = LINE ( 'NONE', #1878, #209 ) ;
#1551 = CARTESIAN_POINT ( 'NONE',  ( 0.009701892643905944344, 0.1892545897336780358, -0.001000223355053629030 ) ) ;
#1552 = DIRECTION ( 'NONE',  ( 1.970877152922708759E-16, 1.006139616066556398E-15, 1.000000000000000000 ) ) ;
#1553 = PRESENTATION_LAYER_ASSIGNMENT (  '', '', ( #4348 ) ) ;
#1554 = LINE ( 'NONE', #3746, #140 ) ;
#1555 = CARTESIAN_POINT ( 'NONE',  ( 0.0003133773760272260582, 0.1892545897336873340, 0.04075146009553184262 ) ) ;
#1556 = EDGE_CURVE ( 'NONE', #1811, #2583, #4062, .T. ) ;
#1557 = ADVANCED_FACE ( 'NONE', ( #3376 ), #1584, .T. ) ;
#1558 = ORIENTED_EDGE ( 'NONE', *, *, #4720, .T. ) ;
#1559 = CARTESIAN_POINT ( 'NONE',  ( 0.06605150371278772914, -0.5507454102663129625, 0.01250000000001577974 ) ) ;
#1560 = CARTESIAN_POINT ( 'NONE',  ( 0.3374999999999943601, 0.05425458973368423726, -0.07499999999999280853 ) ) ;
#1561 = CARTESIAN_POINT ( 'NONE',  ( 0.1124999999999939521, 0.09425458973368357196, 0.1000000000000065836 ) ) ;
#1562 = CYLINDRICAL_SURFACE ( 'NONE', #2427, 0.01250000000000003712 ) ;
#1563 = ORIENTED_EDGE ( 'NONE', *, *, #3160, .F. ) ;
#1564 = PLANE ( 'NONE',  #1638 ) ;
#1565 = EDGE_CURVE ( 'NONE', #4638, #3185, #2279, .T. ) ;
#1566 = LINE ( 'NONE', #657, #2273 ) ;
#1567 = DIRECTION ( 'NONE',  ( -5.551115123125767911E-17, -5.967448757360200628E-16, -1.000000000000000000 ) ) ;
#1568 = ORIENTED_EDGE ( 'NONE', *, *, #4368, .T. ) ;
#1569 = CARTESIAN_POINT ( 'NONE',  ( 0.008239621585870262818, 0.1892545897336807836, -0.001444865365750128789 ) ) ;
#1570 = LINE ( 'NONE', #945, #5452 ) ;
#1571 = EDGE_CURVE ( 'NONE', #1991, #3416, #1644, .T. ) ;
#1572 = CARTESIAN_POINT ( 'NONE',  ( -0.01406428792235206449, 0.1892545897336851413, 0.03727529534939258427 ) ) ;
#1573 = CARTESIAN_POINT ( 'NONE',  ( 0.2660515037128014515, -0.5507454102663162931, 0.01250000000001414042 ) ) ;
#1574 = ORIENTED_EDGE ( 'NONE', *, *, #3588, .T. ) ;
#1575 = DIRECTION ( 'NONE',  ( 1.332267629550189623E-15, 1.000000000000000000, 4.163336342344342450E-16 ) ) ;
#1576 = CARTESIAN_POINT ( 'NONE',  ( 0.3749999999999920619, -0.005745410266313180983, 0.03750000000000636158 ) ) ;
#1577 = ORIENTED_EDGE ( 'NONE', *, *, #1972, .F. ) ;
#1578 = VERTEX_POINT ( 'NONE', #2415 ) ;
#1579 = EDGE_CURVE ( 'NONE', #4387, #2256, #3445, .T. ) ;
#1580 = AXIS2_PLACEMENT_3D ( 'NONE', #1903, #3900, #4783 ) ;
#1581 = CARTESIAN_POINT ( 'NONE',  ( 0.08749999999999572009, 0.1792545897336849936, 0.1000000000000049460 ) ) ;
#1582 = FACE_OUTER_BOUND ( 'NONE', #3372, .T. ) ;
#1583 = ORIENTED_EDGE ( 'NONE', *, *, #2529, .T. ) ;
#1584 = B_SPLINE_SURFACE_WITH_KNOTS ( 'NONE', 3, 1, ( 
 ( #2278, #4773 ),
 ( #3248, #4193 ),
 ( #743, #3713 ),
 ( #718, #5710 ),
 ( #1252, #1771 ),
 ( #5228, #5778 ),
 ( #2750, #3271 ),
 ( #1279, #3762 ),
 ( #4746, #1787 ),
 ( #5255, #797 ),
 ( #1810, #3914 ) ),
 .UNSPECIFIED., .F., .F., .F.,
 ( 4, 1, 1, 1, 1, 1, 1, 1, 4 ),
 ( 2, 2 ),
 ( 0.000000000000000000, 0.1497703860319677949, 0.2913164099952441632, 0.4259663731047424462, 0.5521595739695280836, 0.6715274135235925757, 0.7861216286916586915, 0.8953250730704445104, 1.000000000000000000 ),
 ( 0.000000000000000000, 1.000000000000000000 ),
 .UNSPECIFIED. ) ;
#1585 = ADVANCED_FACE ( 'NONE', ( #2812 ), #2932, .F. ) ;
#1586 = ORIENTED_EDGE ( 'NONE', *, *, #373, .F. ) ;
#1587 = CARTESIAN_POINT ( 'NONE',  ( 0.05605150371280286092, 0.06925458973369298665, 0.01250000000001632618 ) ) ;
#1588 =( NAMED_UNIT ( * ) SI_UNIT ( $, .STERADIAN. ) SOLID_ANGLE_UNIT ( ) );
#1589 = EDGE_CURVE ( 'NONE', #5557, #4999, #684, .T. ) ;
#1590 = LINE ( 'NONE', #5231, #6032 ) ;
#1591 = ORIENTED_EDGE ( 'NONE', *, *, #4871, .F. ) ;
#1592 = ORIENTED_EDGE ( 'NONE', *, *, #1704, .T. ) ;
#1593 = CARTESIAN_POINT ( 'NONE',  ( -0.02131048165094868302, 0.1792545897336872418, 0.03102802297837240972 ) ) ;
#1594 = VECTOR ( 'NONE', #5880, 39.37007874015748143 ) ;
#1595 = LINE ( 'NONE', #4753, #4533 ) ;
#1596 = ORIENTED_EDGE ( 'NONE', *, *, #5130, .F. ) ;
#1597 = ORIENTED_EDGE ( 'NONE', *, *, #5509, .T. ) ;
#1598 = STYLED_ITEM ( 'NONE', ( #3921 ), #1557 ) ;
#1599 = EDGE_CURVE ( 'NONE', #3399, #2958, #5939, .T. ) ;
#1600 = CARTESIAN_POINT ( 'NONE',  ( 0.01501030839890069891, 0.1892545897336846139, 0.03732126716879227701 ) ) ;
#1601 = CARTESIAN_POINT ( 'NONE',  ( -0.2500000000000047184, -0.2807454102663139439, 0.1000000000000065836 ) ) ;
#1602 = CARTESIAN_POINT ( 'NONE',  ( -0.2900000000000053646, 0.1792545897336871585, -0.03999999999999738487 ) ) ;
#1603 = VERTEX_POINT ( 'NONE', #351 ) ;
#1604 = CARTESIAN_POINT ( 'NONE',  ( -0.2125000000000065448, 0.1792545897336893512, -0.09999999999999702183 ) ) ;
#1605 = SURFACE_STYLE_FILL_AREA ( #1489 ) ;
#1606 = VERTEX_POINT ( 'NONE', #5843 ) ;
#1607 = ORIENTED_EDGE ( 'NONE', *, *, #1385, .T. ) ;
#1608 = EDGE_CURVE ( 'NONE', #5668, #1341, #3974, .T. ) ;
#1609 = CARTESIAN_POINT ( 'NONE',  ( -0.2240718372288925397, -0.1577405214759497465, -0.01249999999998108527 ) ) ;
#1610 = ORIENTED_EDGE ( 'NONE', *, *, #5883, .F. ) ;
#1611 = AXIS2_PLACEMENT_3D ( 'NONE', #5839, #3864, #2960 ) ;
#1612 = CARTESIAN_POINT ( 'NONE',  ( -0.02748109377781908502, 0.1792545897336828009, 0.01617881052288421342 ) ) ;
#1613 = CARTESIAN_POINT ( 'NONE',  ( 0.01736120438169930572, 0.1792545897336795258, -0.02653841865127795976 ) ) ;
#1614 = VECTOR ( 'NONE', #2242, 39.37007874015748854 ) ;
#1615 = VERTEX_POINT ( 'NONE', #3842 ) ;
#1616 = CARTESIAN_POINT ( 'NONE',  ( -0.01796021279532265119, 0.1792545897336894345, 0.03453136463847922971 ) ) ;
#1617 = CARTESIAN_POINT ( 'NONE',  ( -0.2000000000000055067, -0.2807454102663172191, 0.1000000000000038497 ) ) ;
#1618 = B_SPLINE_SURFACE_WITH_KNOTS ( 'NONE', 3, 1, ( 
 ( #3885, #3499 ),
 ( #497, #980 ),
 ( #998, #5468 ),
 ( #4482, #4966 ),
 ( #6021, #2020 ),
 ( #2495, #3966 ),
 ( #1522, #4983 ) ),
 .UNSPECIFIED., .F., .F., .F.,
 ( 4, 1, 1, 1, 4 ),
 ( 2, 2 ),
 ( 0.000000000000000000, 0.2538796003266559631, 0.5030089172783633877, 0.7502910806899732998, 1.000000000000000000 ),
 ( 0.000000000000000000, 1.000000000000000000 ),
 .UNSPECIFIED. ) ;
#1619 = ADVANCED_FACE ( 'NONE', ( #1496 ), #2869, .F. ) ;
#1620 = ORIENTED_EDGE ( 'NONE', *, *, #1493, .F. ) ;
#1621 = CARTESIAN_POINT ( 'NONE',  ( 0.1214831428074637926, -0.1577405214759431962, -0.01249999999998436390 ) ) ;
#1622 = EDGE_CURVE ( 'NONE', #901, #3666, #4511, .T. ) ;
#1623 = DIRECTION ( 'NONE',  ( -1.000000000000000000, -2.135582088683073931E-15, -4.191323202172999653E-16 ) ) ;
#1624 = VECTOR ( 'NONE', #1482, 39.37007874015748143 ) ;
#1625 = ORIENTED_EDGE ( 'NONE', *, *, #1443, .T. ) ;
#1626 = CARTESIAN_POINT ( 'NONE',  ( 0.008027148387438509669, 0.1892545897336851413, 0.03993972824117503206 ) ) ;
#1627 = EDGE_CURVE ( 'NONE', #3319, #3162, #848, .T. ) ;
#1628 = DIRECTION ( 'NONE',  ( -1.332267629550189623E-15, -1.000000000000000000, -4.163336342344341957E-16 ) ) ;
#1629 = CARTESIAN_POINT ( 'NONE',  ( -0.02087046653777762523, 0.1792545897336777494, -0.03457680767472377098 ) ) ;
#1630 = CARTESIAN_POINT ( 'NONE',  ( 0.02355925610413209248, 0.1792545897336806082, -0.001701569458482833945 ) ) ;
#1631 = DIRECTION ( 'NONE',  ( -2.635182449764338365E-15, -1.000000000000000000, 1.006139616066556989E-15 ) ) ;
#1632 = CARTESIAN_POINT ( 'NONE',  ( 0.01941556088599435265, 0.1792545897336871585, 0.02275104938732673207 ) ) ;
#1633 = CARTESIAN_POINT ( 'NONE',  ( -0.1875000000000023037, 0.1792545897336849936, -0.09999999999999620304 ) ) ;
#1634 = CARTESIAN_POINT ( 'NONE',  ( -0.3625000000000057621, 0.1792545897336833560, 0.1000000000000093175 ) ) ;
#1635 = PLANE ( 'NONE',  #5295 ) ;
#1636 = VECTOR ( 'NONE', #2112, 39.37007874015748143 ) ;
#1637 = ORIENTED_EDGE ( 'NONE', *, *, #3173, .F. ) ;
#1638 = AXIS2_PLACEMENT_3D ( 'NONE', #602, #1124, #3552 ) ;
#1639 = CARTESIAN_POINT ( 'NONE',  ( -0.2824148077667720802, -0.5507454102663228435, 0.01250000000001550565 ) ) ;
#1640 = FACE_OUTER_BOUND ( 'NONE', #4480, .T. ) ;
#1641 = EDGE_CURVE ( 'NONE', #3958, #4429, #6395, .T. ) ;
#1642 = CARTESIAN_POINT ( 'NONE',  ( 0.01368144958076606549, 0.1892545897336829763, -0.01704313844648551804 ) ) ;
#1643 = DIRECTION ( 'NONE',  ( 1.970877152922708759E-16, 1.006139616066556398E-15, 1.000000000000000000 ) ) ;
#1644 = LINE ( 'NONE', #4381, #5053 ) ;
#1645 = LINE ( 'NONE', #4856, #5447 ) ;
#1646 = AXIS2_PLACEMENT_3D ( 'NONE', #1387, #3375, #6323 ) ;
#1647 = DIRECTION ( 'NONE',  ( -4.831338383696386080E-16, 0.2953293246920165593, 0.9553955149449663287 ) ) ;
#1648 = EDGE_CURVE ( 'NONE', #5223, #4025, #5290, .T. ) ;
#1649 = VERTEX_POINT ( 'NONE', #1445 ) ;
#1650 = ADVANCED_FACE ( 'NONE', ( #611 ), #5458, .F. ) ;
#1651 = FACE_OUTER_BOUND ( 'NONE', #6225, .T. ) ;
#1652 = DIRECTION ( 'NONE',  ( -1.970877152922708759E-16, -1.006139616066556398E-15, -1.000000000000000000 ) ) ;
#1653 = DIRECTION ( 'NONE',  ( 0.000000000000000000, 0.000000000000000000, 1.000000000000000000 ) ) ;
#1654 = DIRECTION ( 'NONE',  ( -5.551115123125634174E-17, 4.163336342344342450E-16, -1.000000000000000000 ) ) ;
#1655 = DIRECTION ( 'NONE',  ( 1.332267629550189623E-15, 1.000000000000000000, 4.163336342344342450E-16 ) ) ;
#1656 =( BOUNDED_CURVE ( )  B_SPLINE_CURVE ( 3, ( #1129, #3616, #633, #4139 ),
 .UNSPECIFIED., .F., .F. ) 
 B_SPLINE_CURVE_WITH_KNOTS ( ( 4, 4 ),
 ( 1.570796326794895004, 4.712388980384689674 ),
 .UNSPECIFIED. ) 
 CURVE ( )  GEOMETRIC_REPRESENTATION_ITEM ( )  RATIONAL_B_SPLINE_CURVE ( ( 1.000000000000000000, 0.3333333333333335369, 0.3333333333333335369, 1.000000000000000000 ) ) 
 REPRESENTATION_ITEM ( '' )  );
#1657 = ORIENTED_EDGE ( 'NONE', *, *, #1775, .F. ) ;
#1658 = EDGE_LOOP ( 'NONE', ( #5336, #5974, #6020, #1952 ) ) ;
#1659 = DIRECTION ( 'NONE',  ( 1.970877152922708759E-16, 1.006139616066556398E-15, 1.000000000000000000 ) ) ;
#1660 = FACE_OUTER_BOUND ( 'NONE', #726, .T. ) ;
#1661 = ORIENTED_EDGE ( 'NONE', *, *, #3729, .F. ) ;
#1662 = VERTEX_POINT ( 'NONE', #4933 ) ;
#1663 = CARTESIAN_POINT ( 'NONE',  ( 0.3324999999999938005, -0.2807454102663172191, 0.06250000000000513478 ) ) ;
#1664 = CARTESIAN_POINT ( 'NONE',  ( 0.02416821177773581519, 0.1792545897336806082, -0.0009485933232699582905 ) ) ;
#1665 = CARTESIAN_POINT ( 'NONE',  ( 0.008239621585870262818, 0.1892545897336807836, -0.001444865365750128789 ) ) ;
#1666 = FACE_OUTER_BOUND ( 'NONE', #3587, .T. ) ;
#1667 = ORIENTED_EDGE ( 'NONE', *, *, #1349, .F. ) ;
#1668 = ORIENTED_EDGE ( 'NONE', *, *, #4180, .T. ) ;
#1669 = VECTOR ( 'NONE', #1643, 39.37007874015748143 ) ;
#1670 = CARTESIAN_POINT ( 'NONE',  ( -0.2875000000000072498, 0.09425458973368520954, -0.09999999999999456546 ) ) ;
#1671 = VECTOR ( 'NONE', #4662, 39.37007874015748143 ) ;
#1672 = VECTOR ( 'NONE', #2109, 39.37007874015748143 ) ;
#1673 = CARTESIAN_POINT ( 'NONE',  ( 0.3124999999999923395, 0.09425458973368465443, 0.1000000000000060424 ) ) ;
#1674 = VERTEX_POINT ( 'NONE', #5478 ) ;
#1675 = ORIENTED_EDGE ( 'NONE', *, *, #6202, .F. ) ;
#1676 = DIRECTION ( 'NONE',  ( 0.000000000000000000, 0.000000000000000000, 1.000000000000000000 ) ) ;
#1677 =( LENGTH_UNIT ( ) NAMED_UNIT ( * ) SI_UNIT ( $, .METRE. ) );
#1678 = CARTESIAN_POINT ( 'NONE',  ( 0.2374999999999938549, 0.09425458973367920046, 0.1000000000000054873 ) ) ;
#1679 = DIRECTION ( 'NONE',  ( -1.970877152922708759E-16, -1.006139616066556398E-15, -1.000000000000000000 ) ) ;
#1680 = VECTOR ( 'NONE', #10, 39.37007874015748143 ) ;
#1681 = ORIENTED_EDGE ( 'NONE', *, *, #34, .T. ) ;
#1682 = SURFACE_SIDE_STYLE ('',( #4292 ) ) ;
#1683 = ADVANCED_FACE ( 'NONE', ( #4574 ), #1988, .F. ) ;
#1684 = CARTESIAN_POINT ( 'NONE',  ( -0.2824148077667720802, -0.5507454102663228435, 0.01250000000001550565 ) ) ;
#1685 = DIRECTION ( 'NONE',  ( 1.332267629550189623E-15, 1.000000000000000000, 4.163336342344342450E-16 ) ) ;
#1686 = LINE ( 'NONE', #4775, #6424 ) ;
#1687 = VERTEX_POINT ( 'NONE', #5417 ) ;
#1688 = ORIENTED_EDGE ( 'NONE', *, *, #1457, .T. ) ;
#1689 = ORIENTED_EDGE ( 'NONE', *, *, #5868, .F. ) ;
#1690 = ORIENTED_EDGE ( 'NONE', *, *, #2831, .F. ) ;
#1691 = EDGE_CURVE ( 'NONE', #4588, #4875, #1424, .T. ) ;
#1692 = LINE ( 'NONE', #2036, #2319 ) ;
#1693 = ORIENTED_EDGE ( 'NONE', *, *, #5836, .T. ) ;
#1694 = ORIENTED_EDGE ( 'NONE', *, *, #1122, .T. ) ;
#1695 = CARTESIAN_POINT ( 'NONE',  ( 0.3124999999999928391, 0.05425458973368588178, -0.07499999999999383549 ) ) ;
#1696 = EDGE_CURVE ( 'NONE', #5397, #1091, #4445, .T. ) ;
#1697 = FACE_BOUND ( 'NONE', #4876, .T. ) ;
#1698 = DIRECTION ( 'NONE',  ( -1.942890293094020494E-16, 5.551115123125772841E-16, 1.000000000000000000 ) ) ;
#1699 = CARTESIAN_POINT ( 'NONE',  ( 0.01011757674814639345, 0.1792545897336822458, -0.03614433580395767787 ) ) ;
#1700 = DIRECTION ( 'NONE',  ( -1.000000000000000000, -1.276756478318932585E-15, -1.110223024625158759E-16 ) ) ;
#1701 = PLANE ( 'NONE',  #4612 ) ;
#1702 = LINE ( 'NONE', #1874, #4633 ) ;
#1703 = CARTESIAN_POINT ( 'NONE',  ( 0.002023461084510620126, 0.1792545897336844940, -0.01206520806677108260 ) ) ;
#1704 = EDGE_CURVE ( 'NONE', #5482, #1017, #5862, .T. ) ;
#1705 = PLANE ( 'NONE',  #5869 ) ;
#1706 = CARTESIAN_POINT ( 'NONE',  ( 0.02432708919830912225, 0.1792545897336838834, -0.02008157240997428608 ) ) ;
#1707 = FACE_OUTER_BOUND ( 'NONE', #5967, .T. ) ;
#1708 = DIRECTION ( 'NONE',  ( -1.000000000000000000, -1.858026332526782823E-15, 1.970877152922727494E-16 ) ) ;
#1709 = EDGE_CURVE ( 'NONE', #525, #2847, #4203, .T. ) ;
#1710 = DIRECTION ( 'NONE',  ( 0.000000000000000000, 0.000000000000000000, 1.000000000000000000 ) ) ;
#1711 = B_SPLINE_SURFACE_WITH_KNOTS ( 'NONE', 3, 1, ( 
 ( #3309, #5367 ),
 ( #4943, #1434 ),
 ( #2922, #915 ),
 ( #2402, #2459 ),
 ( #1995, #5875 ),
 ( #2899, #1413 ),
 ( #6429, #386 ),
 ( #5403, #2424 ),
 ( #872, #5446 ),
 ( #5899, #3424 ),
 ( #2985, #425 ),
 ( #3924, #4411 ),
 ( #5922, #2946 ),
 ( #453, #3941 ),
 ( #3457, #475 ) ),
 .UNSPECIFIED., .F., .F., .F.,
 ( 4, 1, 1, 1, 1, 1, 1, 1, 1, 1, 1, 1, 4 ),
 ( 2, 2 ),
 ( 0.000000000000000000, 0.07964825118022790529, 0.1589216764181125563, 0.2396194947370318962, 0.3226094298185608888, 0.4060346366179243272, 0.4876020954923879769, 0.5696846265959311095, 0.6530361450088340014, 0.7374357177222882198, 0.8224778158555100527, 0.9097476551184072724, 1.000000000000000000 ),
 ( 0.000000000000000000, 1.000000000000000000 ),
 .UNSPECIFIED. ) ;
#1712 = LINE ( 'NONE', #5126, #3821 ) ;
#1713 = CARTESIAN_POINT ( 'NONE',  ( 0.02723709002712863467, 0.1892545897336796734, 0.004210539613506008270 ) ) ;
#1714 = CARTESIAN_POINT ( 'NONE',  ( 0.02023421750954098805, 0.1792545897336866312, 0.02122633222264529163 ) ) ;
#1715 =( CONVERSION_BASED_UNIT ( 'INCH', #4116 ) LENGTH_UNIT ( ) NAMED_UNIT ( #6280 ) );
#1716 = CIRCLE ( 'NONE', #2111, 0.04337284817182600338 ) ;
#1717 = LENGTH_MEASURE_WITH_UNIT ( LENGTH_MEASURE( 0.02539999999999999897 ), #1182 );
#1718 = AXIS2_PLACEMENT_3D ( 'NONE', #1956, #1453, #4918 ) ;
#1719 = VERTEX_POINT ( 'NONE', #3435 ) ;
#1720 = EDGE_CURVE ( 'NONE', #5049, #1527, #4280, .T. ) ;
#1721 = CARTESIAN_POINT ( 'NONE',  ( -0.04964466790968047327, -0.04723214755362446782, 0.01000000000001491883 ) ) ;
#1722 = CARTESIAN_POINT ( 'NONE',  ( 0.03300344421698663683, -0.04723214755363101813, -0.009999999999984049426 ) ) ;
#1723 = DIRECTION ( 'NONE',  ( -1.332267629550189623E-15, -1.000000000000000000, -4.163336342344342450E-16 ) ) ;
#1724 = CARTESIAN_POINT ( 'NONE',  ( 0.01725375361480353809, 0.1892545897336785909, 0.003777569624274014146 ) ) ;
#1725 = ADVANCED_FACE ( 'NONE', ( #85 ), #3015, .F. ) ;
#1727 = PRESENTATION_STYLE_ASSIGNMENT (( #3712 ) ) ;
#1726 = AXIS2_PLACEMENT_3D ( 'NONE', #5441, #3981, #2475 ) ;
#1728 = B_SPLINE_CURVE_WITH_KNOTS ( 'NONE', 3,
 ( #5920, #2395, #5424, #1974, #3453, #2939, #4854, #867, #3962, #3899, #4406, #5872, #887, #4388, #2916, #422, #3920, #5938, #448 ),
 .UNSPECIFIED., .F., .F.,
 ( 4, 1, 1, 1, 1, 1, 1, 1, 1, 1, 1, 1, 1, 1, 1, 1, 4 ),
 ( 0.000000000000000000, 0.07262534608343561293, 0.1419766113262345697, 0.2089849284189386758, 0.2739568703644448822, 0.3368893473968407326, 0.3987449534945903262, 0.4601158852788616582, 0.5208249225900292156, 0.5809944586324857774, 0.6401519276014649984, 0.6986224507562548425, 0.7572710809271645527, 0.8164266940046602805, 0.8762540482034705258, 0.9371652930625374855, 1.000000000000000000 ),
 .UNSPECIFIED. ) ;
#1729 = CARTESIAN_POINT ( 'NONE',  ( -0.2375000000000058731, -0.2807454102663144990, 0.1000000000000049460 ) ) ;
#1730 = EDGE_CURVE ( 'NONE', #3449, #1378, #4378, .T. ) ;
#1731 =( BOUNDED_CURVE ( )  B_SPLINE_CURVE ( 3, ( #2452, #3388, #2931, #415 ),
 .UNSPECIFIED., .F., .F. ) 
 B_SPLINE_CURVE_WITH_KNOTS ( ( 4, 4 ),
 ( 1.570796326794895004, 4.712388980384689674 ),
 .UNSPECIFIED. ) 
 CURVE ( )  GEOMETRIC_REPRESENTATION_ITEM ( )  RATIONAL_B_SPLINE_CURVE ( ( 1.000000000000000000, 0.3333333333333340365, 0.3333333333333340365, 1.000000000000000000 ) ) 
 REPRESENTATION_ITEM ( '' )  );
#1732 = VERTEX_POINT ( 'NONE', #4910 ) ;
#1733 = ORIENTED_EDGE ( 'NONE', *, *, #3598, .F. ) ;
#1734 = CARTESIAN_POINT ( 'NONE',  ( 0.1249999999999933387, 0.05425458973367688897, 0.07500000000000889289 ) ) ;
#1735 =( NAMED_UNIT ( * ) PLANE_ANGLE_UNIT ( ) SI_UNIT ( $, .RADIAN. ) );
#1736 = CARTESIAN_POINT ( 'NONE',  ( 0.02846861588816558195, 0.1792545897336806915, 0.007930359130751423249 ) ) ;
#1737 = CARTESIAN_POINT ( 'NONE',  ( 0.02247932668750088001, 0.1892545897336813110, -0.01547150663841511710 ) ) ;
#1738 = CARTESIAN_POINT ( 'NONE',  ( 0.3749999999999933942, -0.005745410266316458743, -0.03749999999999571038 ) ) ;
#1739 = VECTOR ( 'NONE', #4952, 39.37007874015748143 ) ;
#1740 = EDGE_LOOP ( 'NONE', ( #1822, #2011, #3719, #676 ) ) ;
#1741 = VERTEX_POINT ( 'NONE', #465 ) ;
#1742 = EDGE_CURVE ( 'NONE', #1488, #3446, #1570, .T. ) ;
#1743 = DIRECTION ( 'NONE',  ( -2.775557561562886421E-16, 5.828670879282061976E-16, 1.000000000000000000 ) ) ;
#1744 = ADVANCED_FACE ( 'NONE', ( #3988 ), #3971, .T. ) ;
#1745 = VECTOR ( 'NONE', #1478, 39.37007874015748143 ) ;
#1746 = ORIENTED_EDGE ( 'NONE', *, *, #6265, .F. ) ;
#1747 = ORIENTED_EDGE ( 'NONE', *, *, #3665, .T. ) ;
#1748 = CARTESIAN_POINT ( 'NONE',  ( -0.1400000000000067024, 0.1792545897336849936, -0.03999999999999684364 ) ) ;
#1749 = ORIENTED_EDGE ( 'NONE', *, *, #6123, .F. ) ;
#1750 = CARTESIAN_POINT ( 'NONE',  ( -2.294752314677981182E-14, -0.2807454102663051732, 1.475197916578702099E-14 ) ) ;
#1751 = EDGE_CURVE ( 'NONE', #5594, #2213, #698, .T. ) ;
#1752 = CIRCLE ( 'NONE', #5399, 0.01250000000000003712 ) ;
#1753 = ORIENTED_EDGE ( 'NONE', *, *, #86, .T. ) ;
#1754 = CARTESIAN_POINT ( 'NONE',  ( 0.3749999999999925615, 0.1792545897336860761, 0.1000000000000049460 ) ) ;
#1755 = FACE_OUTER_BOUND ( 'NONE', #5165, .T. ) ;
#1756 = DIRECTION ( 'NONE',  ( -5.825328559562724736E-16, 0.5299989400031790421, -0.8479983040050885768 ) ) ;
#1757 = DIRECTION ( 'NONE',  ( 0.000000000000000000, 0.000000000000000000, 1.000000000000000000 ) ) ;
#1758 = VECTOR ( 'NONE', #1268, 39.37007874015748143 ) ;
#1759 = CARTESIAN_POINT ( 'NONE',  ( 0.02793114286824157147, 0.1792545897336784988, 0.006047668328414699049 ) ) ;
#1760 = VERTEX_POINT ( 'NONE', #4550 ) ;
#1761 = CARTESIAN_POINT ( 'NONE',  ( 0.01434320165599373663, 0.1892545897336840588, 0.02818746734785896116 ) ) ;
#1762 = AXIS2_PLACEMENT_3D ( 'NONE', #2714, #1217, #3232 ) ;
#1763 = DIRECTION ( 'NONE',  ( 0.000000000000000000, 0.000000000000000000, 1.000000000000000000 ) ) ;
#1764 = ADVANCED_FACE ( 'NONE', ( #2355 ), #4451, .F. ) ;
#1765 = CARTESIAN_POINT ( 'NONE',  ( 0.3749999999999925615, 0.1792545897336860761, 0.1000000000000049460 ) ) ;
#1766 = CARTESIAN_POINT ( 'NONE',  ( -0.003852103426985316412, 0.1892545897336840588, -0.04653332507402649365 ) ) ;
#1767 = ORIENTED_EDGE ( 'NONE', *, *, #599, .F. ) ;
#1768 = ORIENTED_EDGE ( 'NONE', *, *, #3365, .T. ) ;
#1769 = ORIENTED_EDGE ( 'NONE', *, *, #5912, .T. ) ;
#1770 = CARTESIAN_POINT ( 'NONE',  ( 0.2760515037128026816, 0.06925458973368642246, 0.01250000000001605209 ) ) ;
#1771 = CARTESIAN_POINT ( 'NONE',  ( -0.01804857858004986493, 0.1792545897336752236, 0.02151132347018455682 ) ) ;
#1772 = AXIS2_PLACEMENT_3D ( 'NONE', #1738, #4607, #4627 ) ;
#1773 = VECTOR ( 'NONE', #2330, 39.37007874015748143 ) ;
#1774 = VERTEX_POINT ( 'NONE', #968 ) ;
#1775 = EDGE_CURVE ( 'NONE', #4884, #2747, #6316, .T. ) ;
#1776 =( GEOMETRIC_REPRESENTATION_CONTEXT ( 3 ) GLOBAL_UNCERTAINTY_ASSIGNED_CONTEXT ( ( #2211 ) ) GLOBAL_UNIT_ASSIGNED_CONTEXT ( ( #2730, #1142, #3308 ) ) REPRESENTATION_CONTEXT ( 'NONE', 'WORKASPACE' ) );
#1777 = ORIENTED_EDGE ( 'NONE', *, *, #3647, .T. ) ;
#1778 = CARTESIAN_POINT ( 'NONE',  ( 0.006930743645132266678, 0.1892545897336829763, -0.04616437650656903674 ) ) ;
#1779 = CARTESIAN_POINT ( 'NONE',  ( 0.3749999999999925615, 0.1792545897336860761, 0.1000000000000049460 ) ) ;
#1780 = DIRECTION ( 'NONE',  ( -1.970877152922708759E-16, -1.006139616066556398E-15, -1.000000000000000000 ) ) ;
#1781 = PLANE ( 'NONE',  #1876 ) ;
#1782 = AXIS2_PLACEMENT_3D ( 'NONE', #3346, #2829, #4326 ) ;
#1783 = VECTOR ( 'NONE', #2943, 39.37007874015748143 ) ;
#1784 = CARTESIAN_POINT ( 'NONE',  ( 0.2999999999999924394, 0.1792545897336838834, -0.09999999999999811817 ) ) ;
#1785 = EDGE_LOOP ( 'NONE', ( #2472, #1836, #3158, #2237 ) ) ;
#1786 = CARTESIAN_POINT ( 'NONE',  ( 0.0003133773760288651551, 0.1792545897336882688, 0.04075146009553785170 ) ) ;
#1787 = CARTESIAN_POINT ( 'NONE',  ( -0.01454912441475100793, 0.1792545897336801364, 0.02675590908175510749 ) ) ;
#1788 = EDGE_CURVE ( 'NONE', #2013, #3544, #1155, .T. ) ;
#1789 = ADVANCED_FACE ( 'NONE', ( #3275 ), #5034, .F. ) ;
#1790 = VECTOR ( 'NONE', #6330, 39.37007874015748143 ) ;
#1791 = ORIENTED_EDGE ( 'NONE', *, *, #3102, .T. ) ;
#1792 = CARTESIAN_POINT ( 'NONE',  ( -0.1474148077667742085, -0.5507454102663217332, -0.01249999999998163171 ) ) ;
#1793 = ORIENTED_EDGE ( 'NONE', *, *, #5515, .T. ) ;
#1794 = PRESENTATION_LAYER_ASSIGNMENT (  '', '', ( #468 ) ) ;
#1795 = CARTESIAN_POINT ( 'NONE',  ( 0.02416821177773581519, 0.1892545897336807836, -0.0009485933232672264263 ) ) ;
#1796 = LINE ( 'NONE', #3361, #3574 ) ;
#1797 = DIRECTION ( 'NONE',  ( -5.551115123125767911E-17, -5.967448757360200628E-16, -1.000000000000000000 ) ) ;
#1798 = CARTESIAN_POINT ( 'NONE',  ( 0.02023421750954208093, 0.1892545897336873340, 0.02122633222264611041 ) ) ;
#1799 = CARTESIAN_POINT ( 'NONE',  ( -0.2900000000000053646, 0.1692545897336859007, -0.03999999999999519912 ) ) ;
#1800 = VERTEX_POINT ( 'NONE', #2122 ) ;
#1801 = CARTESIAN_POINT ( 'NONE',  ( -0.2240718372288947047, -0.1577405214759541041, 0.01250000000001496095 ) ) ;
#1802 = FACE_OUTER_BOUND ( 'NONE', #5605, .T. ) ;
#1803 = CARTESIAN_POINT ( 'NONE',  ( -0.2375000000000085099, 0.05425458973367800614, 0.07500000000000867084 ) ) ;
#1804 = MECHANICAL_DESIGN_GEOMETRIC_PRESENTATION_REPRESENTATION (  '', ( #1248 ), #2660 ) ;
#1805 = EDGE_CURVE ( 'NONE', #782, #1674, #5521, .T. ) ;
#1806 = DIRECTION ( 'NONE',  ( 1.970877152922708759E-16, 1.006139616066556398E-15, 1.000000000000000000 ) ) ;
#1807 = DIMENSIONAL_EXPONENTS ( 1.000000000000000000, 0.000000000000000000, 0.000000000000000000, 0.000000000000000000, 0.000000000000000000, 0.000000000000000000, 0.000000000000000000 ) ;
#1808 = CARTESIAN_POINT ( 'NONE',  ( -0.01261335763703471877, 0.1892545897336796734, -0.03263006477715413994 ) ) ;
#1809 = ORIENTED_EDGE ( 'NONE', *, *, #2114, .T. ) ;
#1810 = CARTESIAN_POINT ( 'NONE',  ( -0.01347535125645097850, 0.1892545897336884164, 0.02769724001006636932 ) ) ;
#1811 = VERTEX_POINT ( 'NONE', #559 ) ;
#1812 = CIRCLE ( 'NONE', #389, 0.01250000000000003712 ) ;
#1813 = ORIENTED_EDGE ( 'NONE', *, *, #903, .F. ) ;
#1814 = ORIENTED_EDGE ( 'NONE', *, *, #2070, .F. ) ;
#1815 = B_SPLINE_CURVE_WITH_KNOTS ( 'NONE', 3,
 ( #3312, #3813, #5913, #5155, #5618, #2656, #4635, #4109, #1642, #1138, #3201, #4098, #5104, #2596, #1112 ),
 .UNSPECIFIED., .F., .F.,
 ( 4, 1, 1, 1, 1, 1, 1, 1, 1, 1, 1, 1, 4 ),
 ( 0.000000000000000000, 0.1101655532114437924, 0.2157872561749717699, 0.3180274349094167619, 0.4175739541655082987, 0.5116504876474462504, 0.5961620971027621341, 0.6729345334849963223, 0.7436695573498567358, 0.8106770010653612246, 0.8740589623137362540, 0.9366963019193726980, 1.000000000000000000 ),
 .UNSPECIFIED. ) ;
#1816 = CARTESIAN_POINT ( 'NONE',  ( 0.1874999999999922007, 0.09425458973368193438, 0.1000000000000093175 ) ) ;
#1817 = EDGE_CURVE ( 'NONE', #441, #174, #550, .T. ) ;
#1818 = DIRECTION ( 'NONE',  ( -1.000000000000000000, -1.276756478318932585E-15, -1.110223024625158759E-16 ) ) ;
#1819 = VECTOR ( 'NONE', #5052, 39.37007874015748143 ) ;
#1820 = DIRECTION ( 'NONE',  ( -1.000000000000000000, -1.276756478318932191E-15, -1.110223024625158513E-16 ) ) ;
#1821 = CARTESIAN_POINT ( 'NONE',  ( 0.2660515037128011739, -0.5257454102663196016, -0.01249999999998081118 ) ) ;
#1822 = ORIENTED_EDGE ( 'NONE', *, *, #6319, .T. ) ;
#1823 = VERTEX_POINT ( 'NONE', #1052 ) ;
#1824 = CARTESIAN_POINT ( 'NONE',  ( -0.2824148077667573142, -0.2807454102663270445, -0.01249999999998135762 ) ) ;
#1825 = CARTESIAN_POINT ( 'NONE',  ( 0.02432708919831294558, 0.1892545897336862515, -0.02008157240997701654 ) ) ;
#1826 = DIRECTION ( 'NONE',  ( -1.332267629550189623E-15, -1.000000000000000000, -4.163336342344341957E-16 ) ) ;
#1827 = LINE ( 'NONE', #433, #504 ) ;
#1828 = CARTESIAN_POINT ( 'NONE',  ( -0.07227584794739169705, -0.1861057446201191401, 0.01000000000001245899 ) ) ;
#1829 = CARTESIAN_POINT ( 'NONE',  ( 0.02177963828146091754, 0.1792545897336806082, -0.03585526280766161700 ) ) ;
#1830 = ADVANCED_FACE ( 'NONE', ( #2116 ), #2572, .F. ) ;
#1831 = CARTESIAN_POINT ( 'NONE',  ( 0.08749999999999462375, 0.09425458973368520954, 0.1000000000000060424 ) ) ;
#1832 = VECTOR ( 'NONE', #4432, 39.37007874015748143 ) ;
#1833 = LINE ( 'NONE', #2979, #2845 ) ;
#1834 = EDGE_LOOP ( 'NONE', ( #2148, #3452, #2746, #722 ) ) ;
#1835 = EDGE_CURVE ( 'NONE', #502, #2346, #1002, .T. ) ;
#1836 = ORIENTED_EDGE ( 'NONE', *, *, #6185, .T. ) ;
#1837 = CARTESIAN_POINT ( 'NONE',  ( 0.005708622941473824250, 0.1892545897336807836, -0.03778276086103393716 ) ) ;
#1838 =( GEOMETRIC_REPRESENTATION_CONTEXT ( 3 ) GLOBAL_UNCERTAINTY_ASSIGNED_CONTEXT ( ( #2670 ) ) GLOBAL_UNIT_ASSIGNED_CONTEXT ( ( #686, #185, #5132 ) ) REPRESENTATION_CONTEXT ( 'NONE', 'WORKASPACE' ) );
#1839 = CARTESIAN_POINT ( 'NONE',  ( -0.1074148077667718970, -0.5507454102663162931, 0.01250000000001523330 ) ) ;
#1840 = DIRECTION ( 'NONE',  ( 1.000000000000000000, 1.858026332526783612E-15, -1.359791920952777133E-16 ) ) ;
#1841 = B_SPLINE_SURFACE_WITH_KNOTS ( 'NONE', 3, 1, ( 
 ( #4179, #5191 ),
 ( #2238, #5881 ),
 ( #1346, #3414 ),
 ( #3836, #6374 ),
 ( #3431, #5352 ),
 ( #413, #5863 ),
 ( #4819, #4885 ),
 ( #6358, #5390 ),
 ( #5330, #5907 ),
 ( #3363, #438 ),
 ( #4905, #5837 ),
 ( #3862, #3386 ),
 ( #474, #5683 ),
 ( #3738, #746 ),
 ( #4385, #5246 ) ),
 .UNSPECIFIED., .F., .F., .F.,
 ( 4, 1, 1, 1, 1, 1, 1, 1, 1, 1, 1, 1, 4 ),
 ( 2, 2 ),
 ( 0.000000000000000000, 0.09025424934267656241, 0.1785397915286845161, 0.2660930338538199935, 0.3546309779571732435, 0.4418861533505626937, 0.5257469151636485760, 0.6081136336036366830, 0.6901972728278824576, 0.7708214843303351493, 0.8483261812554109271, 0.9240117400247433999, 1.000000000000000000 ),
 ( 0.000000000000000000, 1.000000000000000000 ),
 .UNSPECIFIED. ) ;
#1842 = CARTESIAN_POINT ( 'NONE',  ( -0.01261335763703473091, 0.1792545897336768612, -0.03263006477715414688 ) ) ;
#1843 = CARTESIAN_POINT ( 'NONE',  ( 0.02456919611946776355, 0.1892545897336796734, -0.0003995992373423887917 ) ) ;
#1844 = LINE ( 'NONE', #2414, #1358 ) ;
#1845 = VERTEX_POINT ( 'NONE', #1634 ) ;
#1846 = CARTESIAN_POINT ( 'NONE',  ( -0.1250000000000048017, 0.09425458973368794346, 0.1000000000000068612 ) ) ;
#1847 = VERTEX_POINT ( 'NONE', #596 ) ;
#1849 = DIRECTION ( 'NONE',  ( 1.332267629550189623E-15, 1.000000000000000000, 4.163336342344342450E-16 ) ) ;
#1848 = CARTESIAN_POINT ( 'NONE',  ( -0.3325000000000036260, -0.1803076923076725457, -0.03749999999999324707 ) ) ;
#1850 = ORIENTED_EDGE ( 'NONE', *, *, #4078, .F. ) ;
#1851 = DIMENSIONAL_EXPONENTS ( 1.000000000000000000, 0.000000000000000000, 0.000000000000000000, 0.000000000000000000, 0.000000000000000000, 0.000000000000000000, 0.000000000000000000 ) ;
#1852 = DIRECTION ( 'NONE',  ( 1.332267629550189623E-15, 1.000000000000000000, 4.163336342344342450E-16 ) ) ;
#1853 = DIRECTION ( 'NONE',  ( -1.000000000000000000, -1.859285659279261057E-15, 1.549404716066050881E-16 ) ) ;
#1854 = EDGE_LOOP ( 'NONE', ( #3773, #6302, #4584, #109 ) ) ;
#1855 = CARTESIAN_POINT ( 'NONE',  ( -0.2824148077667699153, -0.5507454102663151829, -0.01249999999998190406 ) ) ;
#1856 = AXIS2_PLACEMENT_3D ( 'NONE', #3397, #913, #1992 ) ;
#1857 = ORIENTED_EDGE ( 'NONE', *, *, #1230, .F. ) ;
#1858 = DIRECTION ( 'NONE',  ( -1.332267629550189623E-15, -1.000000000000000000, -4.163336342344341957E-16 ) ) ;
#1859 = EDGE_CURVE ( 'NONE', #1509, #4534, #1716, .T. ) ;
#1860 = EDGE_LOOP ( 'NONE', ( #2513, #3691, #3383, #393 ) ) ;
#1861 = DIRECTION ( 'NONE',  ( -1.332267629550189623E-15, -1.000000000000000000, -4.163336342344342450E-16 ) ) ;
#1862 = LINE ( 'NONE', #2959, #4034 ) ;
#1863 = LINE ( 'NONE', #4805, #2329 ) ;
#1864 = UNCERTAINTY_MEASURE_WITH_UNIT (LENGTH_MEASURE( 1.000000000000000082E-05 ), #5552, 'distance_accuracy_value', 'NONE');
#1865 = CARTESIAN_POINT ( 'NONE',  ( 0.000000000000000000, 0.000000000000000000, 0.000000000000000000 ) ) ;
#1866 = DIRECTION ( 'NONE',  ( -1.000000000000000000, -1.276756478318932585E-15, -1.110223024625158759E-16 ) ) ;
#1867 = DIRECTION ( 'NONE',  ( -1.000000000000000000, -1.276756478318932585E-15, -1.110223024625158759E-16 ) ) ;
#1868 = DIRECTION ( 'NONE',  ( 0.7071067811865404673, -0.7071067811865545671, -3.712308238590327739E-16 ) ) ;
#1869 = DIRECTION ( 'NONE',  ( 2.468648996070568828E-15, 1.000000000000000000, 9.367506770274570955E-16 ) ) ;
#1870 = ORIENTED_EDGE ( 'NONE', *, *, #5532, .F. ) ;
#1871 = SURFACE_SIDE_STYLE ('',( #100 ) ) ;
#1872 = FILL_AREA_STYLE ('',( #909 ) ) ;
#1873 = EDGE_CURVE ( 'NONE', #4965, #707, #765, .T. ) ;
#1874 = CARTESIAN_POINT ( 'NONE',  ( 0.2124999999999923339, -0.2807454102663161088, 0.1000000000000076800 ) ) ;
#1875 = ADVANCED_FACE ( 'NONE', ( #6152 ), #144, .F. ) ;
#1876 = AXIS2_PLACEMENT_3D ( 'NONE', #3944, #5432, #1519 ) ;
#1877 = CIRCLE ( 'NONE', #4245, 0.01250000000000003712 ) ;
#1878 = CARTESIAN_POINT ( 'NONE',  ( 0.01513709532474780822, 0.1892545897336851413, -0.008059971528395683954 ) ) ;
#1879 = DIRECTION ( 'NONE',  ( -1.332267629550189623E-15, -1.000000000000000000, -4.163336342344342450E-16 ) ) ;
#1880 = B_SPLINE_CURVE_WITH_KNOTS ( 'NONE', 3,
 ( #3873, #6245, #3277, #5401, #4174, #3202, #974, #6381, #49, #4700, #2435, #4256, #1465, #1421, #2736 ),
 .UNSPECIFIED., .F., .F.,
 ( 4, 1, 1, 1, 1, 1, 1, 1, 1, 1, 1, 1, 4 ),
 ( 0.000000000000000000, 0.1101655532114437924, 0.2157872561749717699, 0.3180274349094167619, 0.4175739541655082987, 0.5116504876474462504, 0.5961620971027621341, 0.6729345334849963223, 0.7436695573498567358, 0.8106770010653612246, 0.8740589623137362540, 0.9366963019193726980, 1.000000000000000000 ),
 .UNSPECIFIED. ) ;
#1881 = DIRECTION ( 'NONE',  ( 0.7071067811865393571, 0.7071067811865555663, 7.771561172375999148E-16 ) ) ;
#1882 = VECTOR ( 'NONE', #5764, 39.37007874015748143 ) ;
#1883 = VERTEX_POINT ( 'NONE', #6051 ) ;
#1884 = DIRECTION ( 'NONE',  ( -1.000000000000000000, -2.135582088683073931E-15, -4.191323202172999653E-16 ) ) ;
#1885 = EDGE_CURVE ( 'NONE', #3522, #4402, #3511, .T. ) ;
#1886 = DIRECTION ( 'NONE',  ( -1.000000000000000000, -1.276756478318932585E-15, -1.110223024625158759E-16 ) ) ;
#1887 = CARTESIAN_POINT ( 'NONE',  ( -3.879224151003253889E-14, -0.5507454102663195128, 1.748382715945128460E-14 ) ) ;
#1888 = CARTESIAN_POINT ( 'NONE',  ( 0.01797528379422523234, 0.1792545897336849936, -0.04042506913637657073 ) ) ;
#1889 = PRESENTATION_STYLE_ASSIGNMENT (( #2216 ) ) ;
#1890 = PLANE ( 'NONE',  #4562 ) ;
#1891 = CARTESIAN_POINT ( 'NONE',  ( 0.002382093389780299674, 0.1892545897336785909, -0.03826784410230584660 ) ) ;
#1892 = ORIENTED_EDGE ( 'NONE', *, *, #3124, .T. ) ;
#1893 = CARTESIAN_POINT ( 'NONE',  ( -0.3375000000000053513, 0.1792545897336789706, -0.09999999999999784062 ) ) ;
#1894 = CARTESIAN_POINT ( 'NONE',  ( -0.2375000000000064004, 0.09425458973368630589, -0.09999999999999510669 ) ) ;
#1895 = VECTOR ( 'NONE', #6087, 39.37007874015748143 ) ;
#1896 = EDGE_CURVE ( 'NONE', #1674, #5389, #3567, .T. ) ;
#1897 = FILL_AREA_STYLE ('',( #3272 ) ) ;
#1898 = LINE ( 'NONE', #2668, #5663 ) ;
#1899 = CARTESIAN_POINT ( 'NONE',  ( -0.3750000000000040523, -0.1207454102663189227, 0.02500000000000615272 ) ) ;
#1900 = ORIENTED_EDGE ( 'NONE', *, *, #714, .F. ) ;
#1901 = CARTESIAN_POINT ( 'NONE',  ( -0.04964466790968320720, -0.04723214755363320388, -0.009999999999984321777 ) ) ;
#1902 = CARTESIAN_POINT ( 'NONE',  ( 0.3324999999999932454, -0.1803076923076747384, 0.03750000000000554279 ) ) ;
#1903 = CARTESIAN_POINT ( 'NONE',  ( -2.294752314677981182E-14, 0.06925458973369079396, 1.748382715945128460E-14 ) ) ;
#1904 = DIRECTION ( 'NONE',  ( -1.000000000000000000, -2.135582088683073931E-15, -4.191323202172999653E-16 ) ) ;
#1905 = AXIS2_PLACEMENT_3D ( 'NONE', #3757, #4302, #5274 ) ;
#1906 = EDGE_CURVE ( 'NONE', #74, #2256, #853, .T. ) ;
#1907 = ORIENTED_EDGE ( 'NONE', *, *, #4678, .T. ) ;
#1908 = CARTESIAN_POINT ( 'NONE',  ( 0.1310515037128019145, 0.01925458973369761559, -0.01249999999998190406 ) ) ;
#1909 = EDGE_CURVE ( 'NONE', #3887, #4073, #2635, .T. ) ;
#1910 = CARTESIAN_POINT ( 'NONE',  ( -0.2574148077667743895, -0.5507454102663172923, 0.01250000000001414042 ) ) ;
#1911 = CARTESIAN_POINT ( 'NONE',  ( 0.01602356567173306157, 0.1792545897336849936, -0.007631919825027567127 ) ) ;
#1912 = COLOUR_RGB ( '',0.6470588235294117974, 0.6196078431372549211, 0.5882352941176470784 ) ;
#1913 = CARTESIAN_POINT ( 'NONE',  ( -0.2924148077667602097, -0.2807454102663226592, 0.01250000000001741905 ) ) ;
#1914 = CARTESIAN_POINT ( 'NONE',  ( 0.2624999999999906852, -0.2807454102663161088, 0.1000000000000049460 ) ) ;
#1915 = DIRECTION ( 'NONE',  ( -1.000000000000000000, -1.276756478318932585E-15, -1.110223024625158759E-16 ) ) ;
#1916 = DIRECTION ( 'NONE',  ( 2.302115542376798108E-15, 1.000000000000000000, 6.591949208711731866E-16 ) ) ;
#1917 = CARTESIAN_POINT ( 'NONE',  ( -0.003976820273542901706, 0.1892545897336829763, -0.003051958707882416327 ) ) ;
#1918 = VERTEX_POINT ( 'NONE', #2679 ) ;
#1919 = CARTESIAN_POINT ( 'NONE',  ( -0.01525536275733390366, 0.1892545897336824212, -0.02870271127691753979 ) ) ;
#1920 = AXIS2_PLACEMENT_3D ( 'NONE', #3781, #6230, #3728 ) ;
#1921 = EDGE_CURVE ( 'NONE', #3162, #4287, #4652, .T. ) ;
#1922 = DIRECTION ( 'NONE',  ( 1.332267629550189623E-15, 1.000000000000000000, 4.163336342344342450E-16 ) ) ;
#1923 = PRESENTATION_LAYER_ASSIGNMENT (  '', '', ( #2369 ) ) ;
#1924 = VECTOR ( 'NONE', #672, 39.37007874015748143 ) ;
#1925 = CARTESIAN_POINT ( 'NONE',  ( -0.01250000000000539915, -0.2807454102663226592, 0.1000000000000063061 ) ) ;
#1926 = ORIENTED_EDGE ( 'NONE', *, *, #1835, .T. ) ;
#1927 = ORIENTED_EDGE ( 'NONE', *, *, #2953, .F. ) ;
#1928 = CARTESIAN_POINT ( 'NONE',  ( -0.007367889364544748416, 0.1792545897336871585, 0.03990419405101093553 ) ) ;
#1929 = CARTESIAN_POINT ( 'NONE',  ( 0.1624999999999933165, 0.05425458973368588178, -0.07499999999999157341 ) ) ;
#1930 = CARTESIAN_POINT ( 'NONE',  ( 0.2874999999999930389, 0.1792545897336838834, -0.09999999999999538425 ) ) ;
#1931 = PRODUCT ( '3A ATM FUSE, PURPLE', '3A ATM FUSE, PURPLE', '', ( #1220 ) ) ;
#1932 = ORIENTED_EDGE ( 'NONE', *, *, #674, .T. ) ;
#1933 = PLANE ( 'NONE',  #3278 ) ;
#1934 = EDGE_CURVE ( 'NONE', #3185, #4534, #1566, .T. ) ;
#1935 = AXIS2_PLACEMENT_3D ( 'NONE', #1238, #4756, #3849 ) ;
#1936 = DIRECTION ( 'NONE',  ( -5.551115123125767911E-17, -5.967448757360200628E-16, -1.000000000000000000 ) ) ;
#1937 = LINE ( 'NONE', #554, #3149 ) ;
#1938 = VERTEX_POINT ( 'NONE', #2162 ) ;
#1939 = ORIENTED_EDGE ( 'NONE', *, *, #5273, .T. ) ;
#1940 = CARTESIAN_POINT ( 'NONE',  ( -0.1500000000000036027, -0.2807454102663144990, -0.09999999999999729938 ) ) ;
#1941 = ORIENTED_EDGE ( 'NONE', *, *, #4061, .T. ) ;
#1942 = CARTESIAN_POINT ( 'NONE',  ( -0.08750000000000392186, -0.2807454102663128337, 0.1000000000000065836 ) ) ;
#1943 = CARTESIAN_POINT ( 'NONE',  ( 0.2760515037128007942, -0.2807454102663139439, -0.01249999999998245050 ) ) ;
#1944 = SURFACE_STYLE_USAGE ( .BOTH. , #317 ) ;
#1945 = ORIENTED_EDGE ( 'NONE', *, *, #3533, .T. ) ;
#1946 = B_SPLINE_SURFACE_WITH_KNOTS ( 'NONE', 3, 1, ( 
 ( #2519, #6086 ),
 ( #3537, #544 ),
 ( #6063, #5514 ),
 ( #6046, #4579 ),
 ( #3052, #1022 ),
 ( #3072, #1629 ),
 ( #5071, #3090 ),
 ( #592, #98 ),
 ( #2119, #4504 ),
 ( #4047, #1546 ),
 ( #2097, #83 ),
 ( #5570, #4069 ),
 ( #607, #119 ),
 ( #2076, #3569 ),
 ( #1045, #6027 ),
 ( #5011, #4088 ),
 ( #5032, #1102 ),
 ( #4524, #6008 ),
 ( #2059, #59 ) ),
 .UNSPECIFIED., .F., .F., .F.,
 ( 4, 1, 1, 1, 1, 1, 1, 1, 1, 1, 1, 1, 1, 1, 1, 1, 4 ),
 ( 2, 2 ),
 ( 0.000000000000000000, 0.07262534608343561293, 0.1419766113262345697, 0.2089849284189386758, 0.2739568703644448822, 0.3368893473968407326, 0.3987449534945903262, 0.4601158852788616582, 0.5208249225900292156, 0.5809944586324857774, 0.6401519276014649984, 0.6986224507562548425, 0.7572710809271645527, 0.8164266940046602805, 0.8762540482034705258, 0.9371652930625374855, 1.000000000000000000 ),
 ( 0.000000000000000000, 1.000000000000000000 ),
 .UNSPECIFIED. ) ;
#1947 = CARTESIAN_POINT ( 'NONE',  ( -0.002330622751431212902, 0.1792545897336860761, 0.04069011325182616406 ) ) ;
#1948 = VECTOR ( 'NONE', #394, 39.37007874015748143 ) ;
#1949 =( LENGTH_UNIT ( ) NAMED_UNIT ( * ) SI_UNIT ( $, .METRE. ) );
#1950 = ORIENTED_EDGE ( 'NONE', *, *, #6441, .F. ) ;
#1951 = VERTEX_POINT ( 'NONE', #4187 ) ;
#1952 = ORIENTED_EDGE ( 'NONE', *, *, #4003, .T. ) ;
#1953 = DIRECTION ( 'NONE',  ( 0.000000000000000000, 0.000000000000000000, 1.000000000000000000 ) ) ;
#1954 = ORIENTED_EDGE ( 'NONE', *, *, #3555, .T. ) ;
#1955 = EDGE_CURVE ( 'NONE', #5431, #4526, #3915, .T. ) ;
#1956 = CARTESIAN_POINT ( 'NONE',  ( 0.3749999999999898415, 0.09425458973367974169, -0.09999999999999510669 ) ) ;
#1957 = LINE ( 'NONE', #830, #4703 ) ;
#1958 = DIRECTION ( 'NONE',  ( -1.000000000000000000, -1.276756478318932585E-15, -1.110223024625158759E-16 ) ) ;
#1959 = ORIENTED_EDGE ( 'NONE', *, *, #1502, .F. ) ;
#1960 = DIRECTION ( 'NONE',  ( -1.858026332526783612E-15, 1.000000000000000000, 6.314393452555458508E-16 ) ) ;
#1961 = PLANE ( 'NONE',  #964 ) ;
#1962 = CARTESIAN_POINT ( 'NONE',  ( 0.3124999999999910072, -0.2807454102663183293, -0.09999999999999592548 ) ) ;
#1963 = FACE_OUTER_BOUND ( 'NONE', #2298, .T. ) ;
#1964 =( BOUNDED_CURVE ( )  B_SPLINE_CURVE ( 3, ( #1673, #3233, #3636, #2179 ),
 .UNSPECIFIED., .F., .T. ) 
 B_SPLINE_CURVE_WITH_KNOTS ( ( 4, 4 ),
 ( 1.570796326794895004, 4.712388980384689674 ),
 .UNSPECIFIED. ) 
 CURVE ( )  GEOMETRIC_REPRESENTATION_ITEM ( )  RATIONAL_B_SPLINE_CURVE ( ( 1.000000000000000000, 0.3333333333333340365, 0.3333333333333340365, 1.000000000000000000 ) ) 
 REPRESENTATION_ITEM ( '' )  );
#1965 = EDGE_CURVE ( 'NONE', #2001, #5348, #7, .T. ) ;
#1966 = CARTESIAN_POINT ( 'NONE',  ( 0.02723709002712699709, 0.1792545897336816907, 0.004210539613510925344 ) ) ;
#1967 = CARTESIAN_POINT ( 'NONE',  ( -0.2240718372288947047, -0.2306847410193957060, 0.01250000000001441451 ) ) ;
#1968 = DIRECTION ( 'NONE',  ( 1.000000000000000000, 2.135582088683073931E-15, 4.191323202172999653E-16 ) ) ;
#1969 = CARTESIAN_POINT ( 'NONE',  ( 0.2999999999999924394, 0.1792545897336828009, 0.1000000000000098588 ) ) ;
#1970 = CARTESIAN_POINT ( 'NONE',  ( -0.1375000000000052847, 0.1792545897336866312, -0.09999999999999346911 ) ) ;
#1971 = CARTESIAN_POINT ( 'NONE',  ( -0.01607452348235730716, 0.1792545897336871585, 0.03600597387196943777 ) ) ;
#1972 = EDGE_CURVE ( 'NONE', #2001, #1047, #2498, .T. ) ;
#1973 = DIRECTION ( 'NONE',  ( 0.000000000000000000, 0.000000000000000000, 1.000000000000000000 ) ) ;
#1975 = ORIENTED_EDGE ( 'NONE', *, *, #5418, .T. ) ;
#1974 = CARTESIAN_POINT ( 'NONE',  ( -0.02285114177014518910, 0.1792545897336849936, -0.03030967445838712512 ) ) ;
#1976 = DIRECTION ( 'NONE',  ( 1.000000000000000000, 1.276756478318932191E-15, 1.110223024625158513E-16 ) ) ;
#1977 = CARTESIAN_POINT ( 'NONE',  ( -0.1500000000000063227, 0.1792545897336860761, 0.1000000000000071249 ) ) ;
#1978 = CARTESIAN_POINT ( 'NONE',  ( -0.2240718372288947047, -0.2306847410193957060, 0.01250000000001441451 ) ) ;
#1979 = EDGE_CURVE ( 'NONE', #2368, #2674, #2050, .T. ) ;
#1980 = AXIS2_PLACEMENT_3D ( 'NONE', #435, #3928, #5928 ) ;
#1981 = CARTESIAN_POINT ( 'NONE',  ( -0.08750000000000482392, 0.05425458973368710996, -0.07499999999999198974 ) ) ;
#1982 = DIRECTION ( 'NONE',  ( -1.332267629550189623E-15, -1.000000000000000000, -4.163336342344342450E-16 ) ) ;
#1983 = ORIENTED_EDGE ( 'NONE', *, *, #2366, .F. ) ;
#1984 = VECTOR ( 'NONE', #5395, 39.37007874015748143 ) ;
#1985 = CYLINDRICAL_SURFACE ( 'NONE', #3327, 0.01250000000000003712 ) ;
#1986 = VERTEX_POINT ( 'NONE', #1152 ) ;
#1987 = ORIENTED_EDGE ( 'NONE', *, *, #2481, .F. ) ;
#1988 = PLANE ( 'NONE',  #4570 ) ;
#1989 = EDGE_CURVE ( 'NONE', #4976, #4769, #3826, .T. ) ;
#1990 = DIRECTION ( 'NONE',  ( 5.551115123125767911E-17, 5.967448757360200628E-16, 1.000000000000000000 ) ) ;
#1991 = VERTEX_POINT ( 'NONE', #2217 ) ;
#1992 = DIRECTION ( 'NONE',  ( 1.000000000000000000, 1.276756478318932191E-15, 1.110223024625158513E-16 ) ) ;
#1993 = CYLINDRICAL_SURFACE ( 'NONE', #3948, 0.01250000000000003712 ) ;
#1994 =( GEOMETRIC_REPRESENTATION_CONTEXT ( 3 ) GLOBAL_UNCERTAINTY_ASSIGNED_CONTEXT ( ( #5107 ) ) GLOBAL_UNIT_ASSIGNED_CONTEXT ( ( #4493, #5981, #5038 ) ) REPRESENTATION_CONTEXT ( 'NONE', 'WORKASPACE' ) );
#1995 = CARTESIAN_POINT ( 'NONE',  ( 0.02707158997593010763, 0.1892545897336873340, 0.02415602046225134164 ) ) ;
#1996 = ORIENTED_EDGE ( 'NONE', *, *, #5060, .T. ) ;
#1997 = ORIENTED_EDGE ( 'NONE', *, *, #4887, .T. ) ;
#1998 = CARTESIAN_POINT ( 'NONE',  ( -0.01796021279532263731, 0.1892545897336884164, 0.03453136463847923665 ) ) ;
#1999 = ADVANCED_FACE ( 'NONE', ( #5380 ), #3196, .F. ) ;
#2000 = ORIENTED_EDGE ( 'NONE', *, *, #2568, .T. ) ;
#2001 = VERTEX_POINT ( 'NONE', #186 ) ;
#2002 = CARTESIAN_POINT ( 'NONE',  ( 0.02909147715294205933, 0.1792545897336795258, 0.01184370242795340991 ) ) ;
#2003 = LINE ( 'NONE', #600, #5961 ) ;
#2004 = EDGE_CURVE ( 'NONE', #2331, #5594, #3772, .T. ) ;
#2005 = AXIS2_PLACEMENT_3D ( 'NONE', #5168, #3850, #4859 ) ;
#2006 = DIRECTION ( 'NONE',  ( 1.000000000000000000, 1.276756478318932585E-15, 1.110223024625158759E-16 ) ) ;
#2007 = CARTESIAN_POINT ( 'NONE',  ( 0.0003133773760288651551, 0.1792545897336882688, 0.04075146009553785170 ) ) ;
#2008 = LINE ( 'NONE', #2460, #3594 ) ;
#2009 = LINE ( 'NONE', #5083, #1672 ) ;
#2010 = VERTEX_POINT ( 'NONE', #1295 ) ;
#2011 = ORIENTED_EDGE ( 'NONE', *, *, #3048, .T. ) ;
#2012 = VECTOR ( 'NONE', #1723, 39.37007874015748143 ) ;
#2013 = VERTEX_POINT ( 'NONE', #6307 ) ;
#2014 = EDGE_CURVE ( 'NONE', #5044, #2747, #4195, .T. ) ;
#2015 = ORIENTED_EDGE ( 'NONE', *, *, #3455, .F. ) ;
#2016 = ORIENTED_EDGE ( 'NONE', *, *, #1608, .F. ) ;
#2017 = CARTESIAN_POINT ( 'NONE',  ( 0.05605150371279903759, -0.2807454102663161088, 0.01250000000001523330 ) ) ;
#2018 = CARTESIAN_POINT ( 'NONE',  ( 0.3749999999999898415, 0.09425458973367974169, -0.09999999999999510669 ) ) ;
#2019 = VERTEX_POINT ( 'NONE', #5769 ) ;
#2020 = CARTESIAN_POINT ( 'NONE',  ( 0.02234726279452004666, 0.1792545897336817740, -0.003200204051660588897 ) ) ;
#2021 = CARTESIAN_POINT ( 'NONE',  ( -0.3750000000000067724, -0.005745410266310995231, -0.03749999999999269890 ) ) ;
#2022 = LINE ( 'NONE', #819, #3097 ) ;
#2023 = CARTESIAN_POINT ( 'NONE',  ( -0.02000246129918481150, 0.1792545897336784155, 0.01617881052288120888 ) ) ;
#2024 = LINE ( 'NONE', #3803, #3423 ) ;
#2025 = ORIENTED_EDGE ( 'NONE', *, *, #1751, .F. ) ;
#2026 = ORIENTED_EDGE ( 'NONE', *, *, #702, .T. ) ;
#2027 = VERTEX_POINT ( 'NONE', #3807 ) ;
#2028 = LINE ( 'NONE', #6350, #1300 ) ;
#2029 = AXIS2_PLACEMENT_3D ( 'NONE', #4224, #4291, #1290 ) ;
#2030 = MECHANICAL_DESIGN_GEOMETRIC_PRESENTATION_REPRESENTATION (  '', ( #4348 ), #658 ) ;
#2031 = ORIENTED_EDGE ( 'NONE', *, *, #419, .T. ) ;
#2032 = FILL_AREA_STYLE_COLOUR ( '', #5544 ) ;
#2033 = ADVANCED_FACE ( 'NONE', ( #2709 ), #834, .F. ) ;
#2034 = CARTESIAN_POINT ( 'NONE',  ( 0.01736120438169711996, 0.1892545897336840588, -0.02653841865127522931 ) ) ;
#2035 = VECTOR ( 'NONE', #3046, 39.37007874015748854 ) ;
#2036 = CARTESIAN_POINT ( 'NONE',  ( 0.3749999999999925615, 0.1792545897336844385, -0.09999999999999401035 ) ) ;
#2037 = UNCERTAINTY_MEASURE_WITH_UNIT (LENGTH_MEASURE( 1.000000000000000082E-05 ), #1715, 'distance_accuracy_value', 'NONE');
#2038 = CARTESIAN_POINT ( 'NONE',  ( 0.02910011133376971121, 0.1892545897336791461, 0.01502532937288852781 ) ) ;
#2039 = DIRECTION ( 'NONE',  ( -1.000000000000000000, -1.276756478318932585E-15, -1.110223024625158759E-16 ) ) ;
#2040 = AXIS2_PLACEMENT_3D ( 'NONE', #6313, #4802, #4260 ) ;
#2041 = EDGE_CURVE ( 'NONE', #4992, #1026, #5123, .T. ) ;
#2042 = VECTOR ( 'NONE', #5263, 39.37007874015748143 ) ;
#2043 = ORIENTED_EDGE ( 'NONE', *, *, #56, .F. ) ;
#2044 = CARTESIAN_POINT ( 'NONE',  ( 0.03300344421698937075, -0.1631983307839912078, -0.009999999999982682464 ) ) ;
#2045 = DIRECTION ( 'NONE',  ( -1.332267629550189623E-15, -1.000000000000000000, -4.163336342344341957E-16 ) ) ;
#2046 = CARTESIAN_POINT ( 'NONE',  ( 0.01501030839889960604, 0.1792545897336849936, 0.03732126716879610034 ) ) ;
#2047 = VECTOR ( 'NONE', #2160, 39.37007874015748143 ) ;
#2048 = VERTEX_POINT ( 'NONE', #261 ) ;
#2049 = CARTESIAN_POINT ( 'NONE',  ( 0.2760515037128026816, 0.06925458973368642246, 0.01250000000001605209 ) ) ;
#2050 = LINE ( 'NONE', #5157, #4728 ) ;
#2051 = LINE ( 'NONE', #3833, #2564 ) ;
#2052 = CARTESIAN_POINT ( 'NONE',  ( 0.01674164917297729996, 0.1792545897336817740, -0.02902951423734198913 ) ) ;
#2053 = VERTEX_POINT ( 'NONE', #6256 ) ;
#2054 = CARTESIAN_POINT ( 'NONE',  ( 0.06249999999999366479, 0.09425458973368083804, 0.1000000000000054873 ) ) ;
#2055 = DIRECTION ( 'NONE',  ( -1.000000000000000000, -1.276756478318932585E-15, -1.110223024625158759E-16 ) ) ;
#2056 = DIRECTION ( 'NONE',  ( 1.165734175856414762E-15, 0.9553955149449661066, 0.2953293246920173365 ) ) ;
#2057 = ORIENTED_EDGE ( 'NONE', *, *, #1502, .T. ) ;
#2058 = ADVANCED_FACE ( 'NONE', ( #2562 ), #5294, .F. ) ;
#2059 = CARTESIAN_POINT ( 'NONE',  ( 0.0005303912649160341620, 0.1892545897336851413, -0.04685537751130350315 ) ) ;
#2060 = CARTESIAN_POINT ( 'NONE',  ( 0.03749999999999543282, 0.1792545897336838834, 0.1000000000000046685 ) ) ;
#2061 = CARTESIAN_POINT ( 'NONE',  ( 0.006602559600786332174, 0.1892545897336840588, -0.001821380977087204813 ) ) ;
#2062 = ORIENTED_EDGE ( 'NONE', *, *, #2374, .F. ) ;
#2063 = EDGE_CURVE ( 'NONE', #923, #2667, #1414, .T. ) ;
#2064 = CARTESIAN_POINT ( 'NONE',  ( 0.3749999999999898415, 0.09425458973367974169, -0.09999999999999510669 ) ) ;
#2065 = FACE_OUTER_BOUND ( 'NONE', #402, .T. ) ;
#2066 = ORIENTED_EDGE ( 'NONE', *, *, #4944, .F. ) ;
#2067 = ORIENTED_EDGE ( 'NONE', *, *, #6114, .F. ) ;
#2068 = CARTESIAN_POINT ( 'NONE',  ( -0.005466022654902681632, 0.1892545897336851413, 0.03160682039216307360 ) ) ;
#2069 = CARTESIAN_POINT ( 'NONE',  ( 0.06605150371278936672, -0.5257454102663196016, -0.01249999999998381746 ) ) ;
#2070 = EDGE_CURVE ( 'NONE', #4426, #3522, #6384, .T. ) ;
#2071 = ORIENTED_EDGE ( 'NONE', *, *, #1259, .T. ) ;
#2072 = ORIENTED_EDGE ( 'NONE', *, *, #1599, .T. ) ;
#2073 = CARTESIAN_POINT ( 'NONE',  ( -0.3000000000000028200, 0.1792545897336860761, -0.09999999999999620304 ) ) ;
#2074 = VECTOR ( 'NONE', #6106, 39.37007874015748854 ) ;
#2075 = LINE ( 'NONE', #1914, #4860 ) ;
#2076 = CARTESIAN_POINT ( 'NONE',  ( -0.007972479498718628224, 0.1892545897336807836, -0.04550517437743718113 ) ) ;
#2077 = EDGE_CURVE ( 'NONE', #5538, #197, #5662, .T. ) ;
#2078 = CARTESIAN_POINT ( 'NONE',  ( 0.02132073538738743501, 0.1792545897336839666, 0.01799980702658434198 ) ) ;
#2079 = CARTESIAN_POINT ( 'NONE',  ( 0.06605150371278772914, -0.5507454102663129625, 0.01250000000001577974 ) ) ;
#2080 = CARTESIAN_POINT ( 'NONE',  ( 0.02910011133376971121, 0.1792545897336806082, 0.01502532937289071356 ) ) ;
#2081 = COLOUR_RGB ( '',0.000000000000000000, 0.000000000000000000, 0.000000000000000000 ) ;
#2082 = VECTOR ( 'NONE', #6156, 39.37007874015748143 ) ;
#2083 = FACE_OUTER_BOUND ( 'NONE', #214, .T. ) ;
#2084 = ADVANCED_FACE ( 'NONE', ( #2975 ), #3314, .F. ) ;
#2085 = EDGE_CURVE ( 'NONE', #2048, #2426, #603, .T. ) ;
#2086 = ORIENTED_EDGE ( 'NONE', *, *, #5430, .F. ) ;
#2087 = ORIENTED_EDGE ( 'NONE', *, *, #1955, .F. ) ;
#2088 = PRESENTATION_LAYER_ASSIGNMENT (  '', '', ( #3732 ) ) ;
#2089 = VERTEX_POINT ( 'NONE', #761 ) ;
#2090 = DIRECTION ( 'NONE',  ( 5.551115123125767911E-17, 5.967448757360200628E-16, 1.000000000000000000 ) ) ;
#2091 = CARTESIAN_POINT ( 'NONE',  ( 0.02162776961686695837, 0.1892545897336785909, 0.01379978597103648404 ) ) ;
#2092 = CARTESIAN_POINT ( 'NONE',  ( 0.01741940028497449347, 0.1892545897336818661, -0.009629604523848037806 ) ) ;
#2093 = LINE ( 'NONE', #4643, #5984 ) ;
#2094 = CARTESIAN_POINT ( 'NONE',  ( -0.07241480776675765507, 0.06925458973369298665, 0.01250000000001577974 ) ) ;
#2095 = EDGE_CURVE ( 'NONE', #3336, #6391, #931, .T. ) ;
#2096 = ORIENTED_EDGE ( 'NONE', *, *, #5627, .F. ) ;
#2097 = CARTESIAN_POINT ( 'NONE',  ( -0.01357273298371798435, 0.1892545897336807836, -0.04263804480405222752 ) ) ;
#2098 = VECTOR ( 'NONE', #5751, 39.37007874015748143 ) ;
#2099 = CARTESIAN_POINT ( 'NONE',  ( -0.003976820273542901706, 0.1892545897336829763, -0.003051958707882416327 ) ) ;
#2100 = CARTESIAN_POINT ( 'NONE',  ( -2.294752314677981182E-14, -0.2807454102663051732, 1.475197916578702099E-14 ) ) ;
#2101 = FACE_OUTER_BOUND ( 'NONE', #3651, .T. ) ;
#2102 = AXIS2_PLACEMENT_3D ( 'NONE', #2758, #6272, #354 ) ;
#2103 = FACE_OUTER_BOUND ( 'NONE', #3216, .T. ) ;
#2104 = CARTESIAN_POINT ( 'NONE',  ( -0.01972113107404148760, 0.1892545897336884164, 0.03288180892998355392 ) ) ;
#2105 = EDGE_CURVE ( 'NONE', #4837, #5871, #6155, .T. ) ;
#2106 = CARTESIAN_POINT ( 'NONE',  ( -0.001595389741961596337, 0.1892545897336840588, 0.03217369397491456201 ) ) ;
#2107 =( NAMED_UNIT ( * ) PLANE_ANGLE_UNIT ( ) SI_UNIT ( $, .RADIAN. ) );
#2108 = LINE ( 'NONE', #4808, #5114 ) ;
#2109 = DIRECTION ( 'NONE',  ( -1.000000000000000000, -1.276756478318932585E-15, -1.110223024625158759E-16 ) ) ;
#2110 = CARTESIAN_POINT ( 'NONE',  ( 0.01591275890346755331, 0.1892545897336840588, -0.008593426595860542694 ) ) ;
#2111 = AXIS2_PLACEMENT_3D ( 'NONE', #610, #5674, #5112 ) ;
#2112 = DIRECTION ( 'NONE',  ( 1.332267629550189623E-15, 1.000000000000000000, 4.163336342344342450E-16 ) ) ;
#2113 = ORIENTED_EDGE ( 'NONE', *, *, #4035, .T. ) ;
#2114 = EDGE_CURVE ( 'NONE', #1117, #1847, #5758, .T. ) ;
#2115 = AXIS2_PLACEMENT_3D ( 'NONE', #3990, #4950, #6396 ) ;
#2116 = FACE_OUTER_BOUND ( 'NONE', #4409, .T. ) ;
#2117 = ADVANCED_FACE ( 'NONE', ( #4738 ), #434, .F. ) ;
#2118 = CARTESIAN_POINT ( 'NONE',  ( 0.03749999999999434341, 0.09425458973368301685, 0.1000000000000052097 ) ) ;
#2119 = CARTESIAN_POINT ( 'NONE',  ( -0.01688115229187429900, 0.1892545897336818661, -0.03988349797633816696 ) ) ;
#2120 = CARTESIAN_POINT ( 'NONE',  ( 0.2899999999999919864, 0.1692545897336804328, -0.03999999999999492850 ) ) ;
#2121 = ORIENTED_EDGE ( 'NONE', *, *, #1430, .F. ) ;
#2122 = CARTESIAN_POINT ( 'NONE',  ( -0.02936674827094383489, -0.1631983307839846298, 0.01000000000001874390 ) ) ;
#2123 = EDGE_CURVE ( 'NONE', #2426, #4884, #754, .T. ) ;
#2124 = PRODUCT_DEFINITION_FORMATION_WITH_SPECIFIED_SOURCE ( 'ANY', '', #1931, .NOT_KNOWN. ) ;
#2125 = ORIENTED_EDGE ( 'NONE', *, *, #1385, .F. ) ;
#2126 = ORIENTED_EDGE ( 'NONE', *, *, #585, .T. ) ;
#2127 = DIRECTION ( 'NONE',  ( 0.000000000000000000, 0.000000000000000000, 1.000000000000000000 ) ) ;
#2128 = VECTOR ( 'NONE', #1922, 39.37007874015748143 ) ;
#2129 = VECTOR ( 'NONE', #5995, 39.37007874015748143 ) ;
#2130 = ORIENTED_EDGE ( 'NONE', *, *, #1696, .T. ) ;
#2131 = ORIENTED_EDGE ( 'NONE', *, *, #2607, .T. ) ;
#2132 = ORIENTED_EDGE ( 'NONE', *, *, #2991, .F. ) ;
#2133 = DIRECTION ( 'NONE',  ( -2.635182449764338759E-15, -1.000000000000000000, -6.314393452555451606E-16 ) ) ;
#2134 = CARTESIAN_POINT ( 'NONE',  ( 0.02155507941485645604, 0.1792545897336795258, 0.01225072863151001855 ) ) ;
#2135 = CARTESIAN_POINT ( 'NONE',  ( 0.01328136385572643678, -0.04723214755363101813, -0.009999999999984049426 ) ) ;
#2136 = DIRECTION ( 'NONE',  ( 1.970877152922708759E-16, 1.006139616066556398E-15, 1.000000000000000000 ) ) ;
#2137 =( BOUNDED_CURVE ( )  B_SPLINE_CURVE ( 3, ( #3601, #4536, #6073, #4110 ),
 .UNSPECIFIED., .F., .F. ) 
 B_SPLINE_CURVE_WITH_KNOTS ( ( 4, 4 ),
 ( 1.570796326794895004, 4.712388980384689674 ),
 .UNSPECIFIED. ) 
 CURVE ( )  GEOMETRIC_REPRESENTATION_ITEM ( )  RATIONAL_B_SPLINE_CURVE ( ( 1.000000000000000000, 0.3333333333333335369, 0.3333333333333335369, 1.000000000000000000 ) ) 
 REPRESENTATION_ITEM ( '' )  );
#2138 = AXIS2_PLACEMENT_3D ( 'NONE', #1185, #1042, #2480 ) ;
#2139 = ORIENTED_EDGE ( 'NONE', *, *, #1122, .F. ) ;
#2140 = FILL_AREA_STYLE ('',( #3197 ) ) ;
#2141 = ADVANCED_FACE ( 'NONE', ( #3989 ), #1961, .T. ) ;
#2142 = VECTOR ( 'NONE', #3523, 39.37007874015748143 ) ;
#2143 = VECTOR ( 'NONE', #215, 39.37007874015748143 ) ;
#2144 =( LENGTH_UNIT ( ) NAMED_UNIT ( * ) SI_UNIT ( $, .METRE. ) );
#2145 = ORIENTED_EDGE ( 'NONE', *, *, #927, .F. ) ;
#2146 = DIRECTION ( 'NONE',  ( 1.000000000000000000, 2.135582088683073931E-15, 4.191323202172999653E-16 ) ) ;
#2147 = ORIENTED_EDGE ( 'NONE', *, *, #2685, .T. ) ;
#2148 = ORIENTED_EDGE ( 'NONE', *, *, #2529, .F. ) ;
#2149 = AXIS2_PLACEMENT_3D ( 'NONE', #1969, #4973, #506 ) ;
#2150 = CARTESIAN_POINT ( 'NONE',  ( -0.07227584794738840801, -0.2061074304604406937, 0.01000000000001710458 ) ) ;
#2151 = LENGTH_MEASURE_WITH_UNIT ( LENGTH_MEASURE( 0.02539999999999999897 ), #3464 );
#2152 = LINE ( 'NONE', #6146, #5703 ) ;
#2153 = LINE ( 'NONE', #1942, #113 ) ;
#2154 = VERTEX_POINT ( 'NONE', #6389 ) ;
#2155 = CARTESIAN_POINT ( 'NONE',  ( 0.008239621585869169942, 0.1792545897336844385, -0.001444865365746030939 ) ) ;
#2156 = ORIENTED_EDGE ( 'NONE', *, *, #507, .F. ) ;
#2157 = EDGE_CURVE ( 'NONE', #4908, #3222, #4575, .T. ) ;
#2158 = CARTESIAN_POINT ( 'NONE',  ( 0.05665421202754877122, -0.1631983307839890152, 0.01000000000002065556 ) ) ;
#2159 = ORIENTED_EDGE ( 'NONE', *, *, #5149, .F. ) ;
#2160 = DIRECTION ( 'NONE',  ( -0.7071067811865404673, 0.7071067811865545671, 3.712308238590327739E-16 ) ) ;
#2161 = PLANE ( 'NONE',  #5 ) ;
#2162 = CARTESIAN_POINT ( 'NONE',  ( 0.3452188589793141471, -0.1803076923076698257, -0.03749999999999598099 ) ) ;
#2163 = CARTESIAN_POINT ( 'NONE',  ( 0.02914283784611154324, 0.1792545897336816907, 0.01385843124938212871 ) ) ;
#2164 = FACE_OUTER_BOUND ( 'NONE', #3082, .T. ) ;
#2165 = ORIENTED_EDGE ( 'NONE', *, *, #1486, .F. ) ;
#2166 = ORIENTED_EDGE ( 'NONE', *, *, #1230, .T. ) ;
#2167 = ORIENTED_EDGE ( 'NONE', *, *, #3083, .F. ) ;
#2168 = DIRECTION ( 'NONE',  ( -1.000000000000000000, -1.276756478318932585E-15, -1.110223024625158759E-16 ) ) ;
#2169 = EDGE_CURVE ( 'NONE', #2209, #3906, #1796, .T. ) ;
#2170 = VECTOR ( 'NONE', #3311, 39.37007874015748143 ) ;
#2171 = LINE ( 'NONE', #757, #5353 ) ;
#2172 = CARTESIAN_POINT ( 'NONE',  ( -0.003976820273542914716, 0.1792545897336817740, -0.003051958707882420664 ) ) ;
#2173 = EDGE_LOOP ( 'NONE', ( #6176, #2320, #3641, #4732 ) ) ;
#2174 = CARTESIAN_POINT ( 'NONE',  ( 0.0003133773760272260582, 0.1892545897336873340, 0.04075146009553184262 ) ) ;
#2175 = PLANE ( 'NONE',  #519 ) ;
#2176 = FACE_OUTER_BOUND ( 'NONE', #997, .T. ) ;
#2177 = EDGE_CURVE ( 'NONE', #5551, #4837, #3644, .T. ) ;
#2178 = ADVANCED_FACE ( 'NONE', ( #5592 ), #6411, .F. ) ;
#2179 = CARTESIAN_POINT ( 'NONE',  ( 0.2874999999999900413, 0.09425458973368411320, 0.1000000000000049460 ) ) ;
#2180 = ORIENTED_EDGE ( 'NONE', *, *, #4498, .T. ) ;
#2181 = CARTESIAN_POINT ( 'NONE',  ( 0.3749999999999933942, -0.005745410266316458743, -0.03749999999999571038 ) ) ;
#2182 = CARTESIAN_POINT ( 'NONE',  ( 0.04999999999999481942, -0.2807454102663204942, -0.09999999999999648059 ) ) ;
#2183 = CARTESIAN_POINT ( 'NONE',  ( -0.2824148077667578693, -0.1577405214759453611, -0.01249999999998408981 ) ) ;
#2184 = CARTESIAN_POINT ( 'NONE',  ( -0.07241480776676094411, -0.2807454102663204942, 0.01250000000001796549 ) ) ;
#2185 = LINE ( 'NONE', #524, #471 ) ;
#2186 = AXIS2_PLACEMENT_3D ( 'NONE', #3935, #883, #397 ) ;
#2187 = FACE_OUTER_BOUND ( 'NONE', #1471, .T. ) ;
#2188 = ORIENTED_EDGE ( 'NONE', *, *, #628, .F. ) ;
#2189 = VECTOR ( 'NONE', #3056, 39.37007874015748143 ) ;
#2190 = VECTOR ( 'NONE', #2785, 39.37007874015748143 ) ;
#2191 = DIRECTION ( 'NONE',  ( 0.000000000000000000, 0.000000000000000000, 1.000000000000000000 ) ) ;
#2192 = EDGE_CURVE ( 'NONE', #973, #648, #2627, .T. ) ;
#2193 = APPLICATION_PROTOCOL_DEFINITION ( 'draft international standard', 'automotive_design', 1998, #4669 ) ;
#2194 = FILL_AREA_STYLE_COLOUR ( '', #3456 ) ;
#2195 = CARTESIAN_POINT ( 'NONE',  ( 0.02914283784611372899, 0.1892545897336791461, 0.01385843124938349394 ) ) ;
#2196 = SURFACE_STYLE_USAGE ( .BOTH. , #1222 ) ;
#2197 = EDGE_LOOP ( 'NONE', ( #1753, #4, #5142, #5247 ) ) ;
#2198 = CARTESIAN_POINT ( 'NONE',  ( -0.07227584794739169705, -0.1861057446201191401, 0.01000000000001245899 ) ) ;
#2199 = VECTOR ( 'NONE', #5321, 39.37007874015748143 ) ;
#2200 = EDGE_CURVE ( 'NONE', #3933, #2755, #156, .T. ) ;
#2201 = DIRECTION ( 'NONE',  ( 2.080070937451772322E-15, 1.000000000000000000, 6.383782391594523890E-16 ) ) ;
#2202 = VERTEX_POINT ( 'NONE', #5879 ) ;
#2203 = ADVANCED_FACE ( 'NONE', ( #2280 ), #4440, .T. ) ;
#2204 = VERTEX_POINT ( 'NONE', #457 ) ;
#2205 = CARTESIAN_POINT ( 'NONE',  ( 0.004844254230588361000, 0.1792545897336812188, -0.01263855635381398376 ) ) ;
#2206 = CARTESIAN_POINT ( 'NONE',  ( 0.008239621585870250675, 0.1792545897336795813, -0.001444865365750132909 ) ) ;
#2207 = LINE ( 'NONE', #145, #4304 ) ;
#2208 = DIRECTION ( 'NONE',  ( 1.332267629550189623E-15, 1.000000000000000000, 4.163336342344342450E-16 ) ) ;
#2209 = VERTEX_POINT ( 'NONE', #3947 ) ;
#2210 = LINE ( 'NONE', #3578, #5615 ) ;
#2211 = UNCERTAINTY_MEASURE_WITH_UNIT (LENGTH_MEASURE( 1.000000000000000082E-05 ), #2730, 'distance_accuracy_value', 'NONE');
#2212 = PRESENTATION_STYLE_ASSIGNMENT (( #2345 ) ) ;
#2213 = VERTEX_POINT ( 'NONE', #4373 ) ;
#2214 = ORIENTED_EDGE ( 'NONE', *, *, #5900, .F. ) ;
#2215 = EDGE_LOOP ( 'NONE', ( #4080, #2440, #1926, #4244 ) ) ;
#2216 = SURFACE_STYLE_USAGE ( .BOTH. , #2634 ) ;
#2217 = CARTESIAN_POINT ( 'NONE',  ( 0.06605150371278882548, -0.5257454102663174922, 0.01250000000001304755 ) ) ;
#2218 = AXIS2_PLACEMENT_3D ( 'NONE', #2073, #3105, #4113 ) ;
#2219 =( NAMED_UNIT ( * ) PLANE_ANGLE_UNIT ( ) SI_UNIT ( $, .RADIAN. ) );
#2220 = ADVANCED_FACE ( 'NONE', ( #5584 ), #150, .F. ) ;
#2221 = LINE ( 'NONE', #5039, #2012 ) ;
#2222 = SURFACE_STYLE_FILL_AREA ( #4901 ) ;
#2223 = ORIENTED_EDGE ( 'NONE', *, *, #3960, .T. ) ;
#2224 =( LENGTH_UNIT ( ) NAMED_UNIT ( * ) SI_UNIT ( $, .METRE. ) );
#2225 = ORIENTED_EDGE ( 'NONE', *, *, #1565, .F. ) ;
#2226 = CARTESIAN_POINT ( 'NONE',  ( 0.007473462373470064930, 0.1792545897336823291, -0.01351677521739219623 ) ) ;
#2227 = LINE ( 'NONE', #1077, #888 ) ;
#2228 = VECTOR ( 'NONE', #4228, 39.37007874015748143 ) ;
#2229 = ORIENTED_EDGE ( 'NONE', *, *, #2411, .T. ) ;
#2230 = FILL_AREA_STYLE ('',( #3203 ) ) ;
#2231 = ORIENTED_EDGE ( 'NONE', *, *, #2077, .T. ) ;
#2232 = CARTESIAN_POINT ( 'NONE',  ( 0.006602559600786332174, 0.1892545897336840588, -0.001821380977087204813 ) ) ;
#2233 = EDGE_CURVE ( 'NONE', #246, #6177, #3820, .T. ) ;
#2234 = PLANE ( 'NONE',  #3753 ) ;
#2235 = CARTESIAN_POINT ( 'NONE',  ( 0.3749999999999920619, -0.005745410266313180983, 0.03750000000000636158 ) ) ;
#2236 = B_SPLINE_CURVE_WITH_KNOTS ( 'NONE', 3,
 ( #2662, #4176, #4658, #1706, #5054, #3198, #6195, #5695, #308, #3777, #1242 ),
 .UNSPECIFIED., .F., .F.,
 ( 4, 1, 1, 1, 1, 1, 1, 1, 4 ),
 ( 0.000000000000000000, 0.1280675485958904791, 0.2506083188676686557, 0.3706301659145031513, 0.4900722467299490348, 0.6103747641546201086, 0.7343130699115257842, 0.8632165042449895243, 1.000000000000000000 ),
 .UNSPECIFIED. ) ;
#2237 = ORIENTED_EDGE ( 'NONE', *, *, #5728, .F. ) ;
#2239 = CARTESIAN_POINT ( 'NONE',  ( 0.007093649538461086097, 0.1792545897336882688, 0.03151334737997175950 ) ) ;
#2238 = CARTESIAN_POINT ( 'NONE',  ( 0.001618075600038296463, 0.1892545897336802285, -0.04682253869594585338 ) ) ;
#2240 = VERTEX_POINT ( 'NONE', #1286 ) ;
#2241 = ADVANCED_FACE ( 'NONE', ( #1148 ), #5312, .F. ) ;
#2242 = DIRECTION ( 'NONE',  ( -6.106226635438362944E-16, -0.8479983040050872445, 0.5299989400031810405 ) ) ;
#2243 = DIRECTION ( 'NONE',  ( 1.332267629550189623E-15, 1.000000000000000000, 4.163336342344342450E-16 ) ) ;
#2244 = LINE ( 'NONE', #4505, #1543 ) ;
#2245 = EDGE_CURVE ( 'NONE', #2204, #2765, #299, .T. ) ;
#2246 = FILL_AREA_STYLE ('',( #2434 ) ) ;
#2247 = CARTESIAN_POINT ( 'NONE',  ( 0.02909147715294315220, 0.1892545897336796734, 0.01184370242795777968 ) ) ;
#2248 = LINE ( 'NONE', #3619, #2852 ) ;
#2249 =( NAMED_UNIT ( * ) SI_UNIT ( $, .STERADIAN. ) SOLID_ANGLE_UNIT ( ) );
#2250 = CARTESIAN_POINT ( 'NONE',  ( -0.2125000000000059897, -0.2807454102663161088, 0.1000000000000027534 ) ) ;
#2251 = ORIENTED_EDGE ( 'NONE', *, *, #3143, .T. ) ;
#2252 = DIRECTION ( 'NONE',  ( 0.000000000000000000, 0.000000000000000000, -1.000000000000000000 ) ) ;
#2253 = CARTESIAN_POINT ( 'NONE',  ( -0.01526627254659465409, 0.1892545897336829763, -0.04132905125151041525 ) ) ;
#2254 = FACE_OUTER_BOUND ( 'NONE', #4929, .T. ) ;
#2255 = LINE ( 'NONE', #2420, #2035 ) ;
#2256 = VERTEX_POINT ( 'NONE', #802 ) ;
#2257 = CARTESIAN_POINT ( 'NONE',  ( 0.01685328523707265921, 0.1892545897336840588, -0.02173990783965423432 ) ) ;
#2258 = CARTESIAN_POINT ( 'NONE',  ( -0.02728522864616613267, 0.1792545897336806915, 0.01716192826542084493 ) ) ;
#2259 =( LENGTH_UNIT ( ) NAMED_UNIT ( * ) SI_UNIT ( $, .METRE. ) );
#2260 = CARTESIAN_POINT ( 'NONE',  ( -0.2240718372288941773, -0.1577405214759541041, -0.09999999999998472611 ) ) ;
#2261 = ADVANCED_FACE ( 'NONE', ( #5291 ), #1985, .F. ) ;
#2262 = CARTESIAN_POINT ( 'NONE',  ( -0.01382818743019697920, 0.1892545897336873340, 0.02738792365175875265 ) ) ;
#2264 = CARTESIAN_POINT ( 'NONE',  ( 0.1874999999999920897, 0.05425458973368456339, 0.07500000000000703326 ) ) ;
#2263 = PLANE ( 'NONE',  #3546 ) ;
#2265 = DIRECTION ( 'NONE',  ( -1.970877152922708759E-16, -1.006139616066556398E-15, -1.000000000000000000 ) ) ;
#2266 = EDGE_CURVE ( 'NONE', #5955, #3446, #3118, .T. ) ;
#2267 = FACE_OUTER_BOUND ( 'NONE', #4164, .T. ) ;
#2268 = PLANE ( 'NONE',  #3192 ) ;
#2269 = DIRECTION ( 'NONE',  ( 1.970877152922708759E-16, 1.006139616066556398E-15, 1.000000000000000000 ) ) ;
#2270 = CARTESIAN_POINT ( 'NONE',  ( 0.02109024215797155807, 0.1792545897336795813, -0.01338281997595830268 ) ) ;
#2271 = DIRECTION ( 'NONE',  ( 1.000000000000000000, 1.276756478318932191E-15, 1.110223024625158513E-16 ) ) ;
#2272 = CARTESIAN_POINT ( 'NONE',  ( 0.007258516520486194522, 0.1792545897336816907, -0.03736706352254110658 ) ) ;
#2273 = VECTOR ( 'NONE', #4206, 39.37007874015748143 ) ;
#2274 = CARTESIAN_POINT ( 'NONE',  ( -0.003976820273542901706, 0.1892545897336829763, -0.003051958707882416327 ) ) ;
#2275 = DIRECTION ( 'NONE',  ( -1.942890293094020248E-16, 5.551115123125772841E-16, 1.000000000000000000 ) ) ;
#2276 = PRESENTATION_LAYER_ASSIGNMENT (  '', '', ( #1598 ) ) ;
#2277 = DIMENSIONAL_EXPONENTS ( 1.000000000000000000, 0.000000000000000000, 0.000000000000000000, 0.000000000000000000, 0.000000000000000000, 0.000000000000000000, 0.000000000000000000 ) ;
#2278 = CARTESIAN_POINT ( 'NONE',  ( -0.02000246129918644908, 0.1892545897336818661, 0.01617881052288530630 ) ) ;
#2279 = CIRCLE ( 'NONE', #1116, 0.04337284817182600338 ) ;
#2280 = FACE_OUTER_BOUND ( 'NONE', #2998, .T. ) ;
#2281 = ORIENTED_EDGE ( 'NONE', *, *, #2494, .F. ) ;
#2282 = VECTOR ( 'NONE', #416, 39.37007874015748143 ) ;
#2283 = B_SPLINE_CURVE_WITH_KNOTS ( 'NONE', 3,
 ( #2023, #503, #527, #5455, #2956, #4484, #1528, #6419, #481, #2483, #4988 ),
 .UNSPECIFIED., .F., .F.,
 ( 4, 1, 1, 1, 1, 1, 1, 1, 4 ),
 ( 0.000000000000000000, 0.1497703860319677949, 0.2913164099952441632, 0.4259663731047424462, 0.5521595739695280836, 0.6715274135235925757, 0.7861216286916586915, 0.8953250730704445104, 1.000000000000000000 ),
 .UNSPECIFIED. ) ;
#2284 = EDGE_CURVE ( 'NONE', #4462, #4698, #1645, .T. ) ;
#2285 = AXIS2_PLACEMENT_3D ( 'NONE', #4996, #5559, #5577 ) ;
#2286 = PLANE ( 'NONE',  #4296 ) ;
#2287 = CARTESIAN_POINT ( 'NONE',  ( 0.02416821177773581519, 0.1892545897336807836, -0.0009485933232672264263 ) ) ;
#2288 =( NAMED_UNIT ( * ) PLANE_ANGLE_UNIT ( ) SI_UNIT ( $, .RADIAN. ) );
#2289 = CARTESIAN_POINT ( 'NONE',  ( -0.0002437763256972426049, 0.1892545897336884164, 0.03219404948664066068 ) ) ;
#2290 = VERTEX_POINT ( 'NONE', #847 ) ;
#2291 = ORIENTED_EDGE ( 'NONE', *, *, #2953, .T. ) ;
#2292 = CARTESIAN_POINT ( 'NONE',  ( -0.07227584794738950436, -0.1631983307839846298, 0.01000000000001710458 ) ) ;
#2293 = EDGE_CURVE ( 'NONE', #6298, #3740, #2637, .T. ) ;
#2294 = CARTESIAN_POINT ( 'NONE',  ( -0.01177667060870021994, 0.1892545897336818661, -0.04375411759791431043 ) ) ;
#2295 = DIRECTION ( 'NONE',  ( 1.000000000000000000, 2.135582088683073931E-15, 4.191323202172999653E-16 ) ) ;
#2296 = CARTESIAN_POINT ( 'NONE',  ( 0.3324999999999948552, 0.03425458973368475379, 0.06250000000000431599 ) ) ;
#2297 = CARTESIAN_POINT ( 'NONE',  ( 0.01736066602666507669, 0.1792545897336834115, -0.02464511566982868426 ) ) ;
#2298 = EDGE_LOOP ( 'NONE', ( #5463, #5091, #2125, #2130 ) ) ;
#2299 = ORIENTED_EDGE ( 'NONE', *, *, #2123, .T. ) ;
#2300 = LINE ( 'NONE', #1573, #952 ) ;
#2301 = EDGE_CURVE ( 'NONE', #2585, #3938, #1880, .T. ) ;
#2302 = FACE_OUTER_BOUND ( 'NONE', #6115, .T. ) ;
#2303 = CARTESIAN_POINT ( 'NONE',  ( 0.003769718717740976055, 0.1892545897336862515, -0.04675757737511596762 ) ) ;
#2304 = CARTESIAN_POINT ( 'NONE',  ( -0.3750000000000067724, 0.09425458973367700777, -0.09999999999999401035 ) ) ;
#2305 = VECTOR ( 'NONE', #2133, 39.37007874015748143 ) ;
#2306 = ORIENTED_EDGE ( 'NONE', *, *, #5306, .F. ) ;
#2307 = FILL_AREA_STYLE ('',( #3806 ) ) ;
#2308 = CARTESIAN_POINT ( 'NONE',  ( 0.3749999999999898415, 0.09425458973367974169, -0.09999999999999510669 ) ) ;
#2309 = STYLED_ITEM ( 'NONE', ( #5590 ), #4325 ) ;
#2310 = CARTESIAN_POINT ( 'NONE',  ( -0.04964466790968047327, -0.04723214755362446782, 0.01000000000001491883 ) ) ;
#2311 = CARTESIAN_POINT ( 'NONE',  ( -0.2125000000000070999, 0.09425458973368630589, -0.09999999999999510669 ) ) ;
#2312 = DIRECTION ( 'NONE',  ( 1.332267629550189623E-15, 1.000000000000000000, 4.163336342344342450E-16 ) ) ;
#2313 = LINE ( 'NONE', #3837, #5088 ) ;
#2314 = CARTESIAN_POINT ( 'NONE',  ( 0.01736120438169711996, 0.1892545897336840588, -0.02653841865127522931 ) ) ;
#2315 = VERTEX_POINT ( 'NONE', #280 ) ;
#2316 = VERTEX_POINT ( 'NONE', #5287 ) ;
#2317 = CARTESIAN_POINT ( 'NONE',  ( -0.007327198366653479324, 0.1892545897336796734, -0.03673955676085891020 ) ) ;
#2318 = CARTESIAN_POINT ( 'NONE',  ( 0.007473462373470077941, 0.1892545897336840588, -0.01351677521739219102 ) ) ;
#2319 = VECTOR ( 'NONE', #1517, 39.37007874015748143 ) ;
#2320 = ORIENTED_EDGE ( 'NONE', *, *, #5376, .F. ) ;
#2321 = EDGE_CURVE ( 'NONE', #2501, #4548, #2, .T. ) ;
#2322 = ADVANCED_FACE ( 'NONE', ( #1640 ), #5765, .F. ) ;
#2323 = AXIS2_PLACEMENT_3D ( 'NONE', #5216, #1756, #5153 ) ;
#2324 = ORIENTED_EDGE ( 'NONE', *, *, #1374, .F. ) ;
#2325 = DIRECTION ( 'NONE',  ( -5.551115123125767911E-17, -5.967448757360200628E-16, -1.000000000000000000 ) ) ;
#2326 = B_SPLINE_CURVE_WITH_KNOTS ( 'NONE', 3,
 ( #2465, #5412, #2954, #943, #4377, #3969, #962, #5906, #4449, #1998, #5375, #5970, #6394, #6457, #3482, #3987, #5531, #3035, #3532 ),
 .UNSPECIFIED., .F., .F.,
 ( 4, 1, 1, 1, 1, 1, 1, 1, 1, 1, 1, 1, 1, 1, 1, 1, 4 ),
 ( 0.000000000000000000, 0.06554117033740342046, 0.1289631677825934242, 0.1903771361885610858, 0.2500923616690527429, 0.3085484324592011607, 0.3663979630552960942, 0.4245421892666801367, 0.4831699964229058120, 0.5422433998311201320, 0.6017393520173300869, 0.6625060022496068735, 0.7248555134488471330, 0.7891278292811813033, 0.8563463998785101339, 0.9262952349869054691, 1.000000000000000000 ),
 .UNSPECIFIED. ) ;
#2327 = VECTOR ( 'NONE', #5510, 39.37007874015748143 ) ;
#2328 = DIRECTION ( 'NONE',  ( -1.332267629550189623E-15, -1.000000000000000000, -4.163336342344342450E-16 ) ) ;
#2329 = VECTOR ( 'NONE', #3768, 39.37007874015748143 ) ;
#2330 = DIRECTION ( 'NONE',  ( -1.000000000000000000, -1.276756478318932585E-15, -1.110223024625158759E-16 ) ) ;
#2331 = VERTEX_POINT ( 'NONE', #2790 ) ;
#2332 = PLANE ( 'NONE',  #3901 ) ;
#2333 = CARTESIAN_POINT ( 'NONE',  ( 0.1214831428074648750, -0.2306847410194088066, -0.01249999999998381746 ) ) ;
#2334 = STYLED_ITEM ( 'NONE', ( #1196 ), #5891 ) ;
#2335 = CARTESIAN_POINT ( 'NONE',  ( 0.02414062334177969130, 0.1792545897336871585, -0.03065393741399159364 ) ) ;
#2336 = VECTOR ( 'NONE', #904, 39.37007874015748143 ) ;
#2337 = CARTESIAN_POINT ( 'NONE',  ( 0.09105150371278759869, -0.5507454102663140727, 0.01250000000001577974 ) ) ;
#2338 = CARTESIAN_POINT ( 'NONE',  ( 0.0006305515213264633635, 0.1892545897336840588, -0.03830836896429751226 ) ) ;
#2339 = UNCERTAINTY_MEASURE_WITH_UNIT (LENGTH_MEASURE( 1.000000000000000082E-05 ), #673, 'distance_accuracy_value', 'NONE');
#2340 = CARTESIAN_POINT ( 'NONE',  ( -0.2875000000000045297, 0.1792545897336871585, 0.1000000000000043909 ) ) ;
#2341 = CARTESIAN_POINT ( 'NONE',  ( -0.01525536275733390366, 0.1892545897336824212, -0.02870271127691753979 ) ) ;
#2342 = LINE ( 'NONE', #900, #4492 ) ;
#2343 = ORIENTED_EDGE ( 'NONE', *, *, #3395, .T. ) ;
#2344 = EDGE_CURVE ( 'NONE', #5408, #825, #6309, .T. ) ;
#2345 = SURFACE_STYLE_USAGE ( .BOTH. , #1871 ) ;
#2346 = VERTEX_POINT ( 'NONE', #3307 ) ;
#2347 = CARTESIAN_POINT ( 'NONE',  ( 0.3374999999999922506, 0.1792545897336828009, 0.1000000000000033085 ) ) ;
#2348 = CARTESIAN_POINT ( 'NONE',  ( -0.06250000000000732747, 0.05425458973368620791, 0.07500000000000948963 ) ) ;
#2350 = ORIENTED_EDGE ( 'NONE', *, *, #4049, .T. ) ;
#2349 = CARTESIAN_POINT ( 'NONE',  ( 0.02414062334177805372, 0.1892545897336840588, -0.03065393741398995606 ) ) ;
#2351 = CARTESIAN_POINT ( 'NONE',  ( 0.1499999999999959421, -0.2807454102663161088, -0.09999999999999374667 ) ) ;
#2352 = CARTESIAN_POINT ( 'NONE',  ( 0.3749999999999925615, 0.1792545897336844385, -0.09999999999999401035 ) ) ;
#2353 = ORIENTED_EDGE ( 'NONE', *, *, #4750, .T. ) ;
#2354 = PLANE ( 'NONE',  #52 ) ;
#2355 = FACE_OUTER_BOUND ( 'NONE', #326, .T. ) ;
#2356 = DIRECTION ( 'NONE',  ( 6.106226635438362944E-16, 0.8479983040050872445, -0.5299989400031810405 ) ) ;
#2357 = VERTEX_POINT ( 'NONE', #332 ) ;
#2358 = DIRECTION ( 'NONE',  ( -1.000000000000000000, -1.276756478318932585E-15, -1.110223024625158759E-16 ) ) ;
#2359 = DIRECTION ( 'NONE',  ( 1.970877152922708759E-16, 1.006139616066556398E-15, 1.000000000000000000 ) ) ;
#2360 = DIRECTION ( 'NONE',  ( -5.551115123125634174E-17, 4.163336342344342450E-16, -1.000000000000000000 ) ) ;
#2361 = DIRECTION ( 'NONE',  ( -1.000000000000000000, -1.276756478318932585E-15, -1.110223024625158759E-16 ) ) ;
#2362 = ADVANCED_FACE ( 'NONE', ( #3285 ), #5214, .T. ) ;
#2363 = CARTESIAN_POINT ( 'NONE',  ( -0.01442573033998544550, 0.1892545897336818661, -0.03014137036124467026 ) ) ;
#2364 = AXIS2_PLACEMENT_3D ( 'NONE', #796, #2809, #2390 ) ;
#2365 = CARTESIAN_POINT ( 'NONE',  ( 0.007258516520484542198, 0.1792545897336779437, -0.03736706352253701263 ) ) ;
#2366 = EDGE_CURVE ( 'NONE', #3204, #3933, #2442, .T. ) ;
#2367 = CARTESIAN_POINT ( 'NONE',  ( -0.009225738047352858434, 0.1792545897336779437, -0.03566019915533748252 ) ) ;
#2368 = VERTEX_POINT ( 'NONE', #5313 ) ;
#2369 = STYLED_ITEM ( 'NONE', ( #5491 ), #4502 ) ;
#2370 = CARTESIAN_POINT ( 'NONE',  ( -0.2000000000000038691, 0.1792545897336833560, 0.1000000000000033085 ) ) ;
#2371 = FACE_OUTER_BOUND ( 'NONE', #3008, .T. ) ;
#2372 = VERTEX_POINT ( 'NONE', #5822 ) ;
#2373 = DIRECTION ( 'NONE',  ( 1.332267629550189623E-15, 1.000000000000000000, 4.163336342344342450E-16 ) ) ;
#2374 = EDGE_CURVE ( 'NONE', #2772, #6406, #4124, .T. ) ;
#2375 = CARTESIAN_POINT ( 'NONE',  ( 0.01738083416631467509, 0.1892545897336851413, -0.02567263991091033731 ) ) ;
#2376 = AXIS2_PLACEMENT_3D ( 'NONE', #1940, #2910, #4803 ) ;
#2377 = CARTESIAN_POINT ( 'NONE',  ( 0.2624999999999920730, 0.09425458973368301685, 0.1000000000000035721 ) ) ;
#2378 = VERTEX_POINT ( 'NONE', #806 ) ;
#2379 = CARTESIAN_POINT ( 'NONE',  ( 0.1249999999999944350, 0.09425458973368575077, 0.1000000000000054873 ) ) ;
#2380 = VERTEX_POINT ( 'NONE', #4809 ) ;
#2381 = DIRECTION ( 'NONE',  ( 0.000000000000000000, 0.000000000000000000, 1.000000000000000000 ) ) ;
#2382 = PLANE ( 'NONE',  #5249 ) ;
#2383 = LINE ( 'NONE', #2150, #3394 ) ;
#2384 = DIRECTION ( 'NONE',  ( -1.970877152922708759E-16, -1.006139616066556398E-15, -1.000000000000000000 ) ) ;
#2385 = CARTESIAN_POINT ( 'NONE',  ( 0.02004405786098515177, 0.1792545897336773331, -0.03825365719620331395 ) ) ;
#2386 = CARTESIAN_POINT ( 'NONE',  ( 0.0006305515213264633635, 0.1892545897336840588, -0.03830836896429751226 ) ) ;
#2387 = ORIENTED_EDGE ( 'NONE', *, *, #2540, .T. ) ;
#2388 = CARTESIAN_POINT ( 'NONE',  ( 0.005708622941473824250, 0.1892545897336807836, -0.03778276086103393716 ) ) ;
#2389 = PLANE ( 'NONE',  #1611 ) ;
#2390 = DIRECTION ( 'NONE',  ( 0.000000000000000000, 0.000000000000000000, 1.000000000000000000 ) ) ;
#2391 = CARTESIAN_POINT ( 'NONE',  ( -0.009225738047354485605, 0.1792545897336811633, -0.03566019915533747559 ) ) ;
#2392 = ORIENTED_EDGE ( 'NONE', *, *, #3182, .T. ) ;
#2393 = ADVANCED_FACE ( 'NONE', ( #6317 ), #778, .F. ) ;
#2394 = EDGE_CURVE ( 'NONE', #2019, #2526, #311, .T. ) ;
#2395 = CARTESIAN_POINT ( 'NONE',  ( -0.02407335722314597054, 0.1792545897336789706, -0.02632672480986312027 ) ) ;
#2396 = VECTOR ( 'NONE', #790, 39.37007874015748143 ) ;
#2397 = ORIENTED_EDGE ( 'NONE', *, *, #4987, .T. ) ;
#2398 = EDGE_LOOP ( 'NONE', ( #6377, #4979, #1408, #4540 ) ) ;
#2399 = CARTESIAN_POINT ( 'NONE',  ( 0.3749999999999909517, 0.09425458973368357196, 0.1000000000000049460 ) ) ;
#2400 = DIRECTION ( 'NONE',  ( -1.000000000000000000, -1.276756478318932585E-15, -1.110223024625158759E-16 ) ) ;
#2401 = ORIENTED_EDGE ( 'NONE', *, *, #5162, .T. ) ;
#2402 = CARTESIAN_POINT ( 'NONE',  ( 0.02825285761150077984, 0.1892545897336856964, 0.02079350850329489409 ) ) ;
#2403 = CARTESIAN_POINT ( 'NONE',  ( 0.2760515037128019045, -0.2807454102663183293, 0.01250000000001577974 ) ) ;
#2404 = VECTOR ( 'NONE', #5300, 39.37007874015748854 ) ;
#2405 = ORIENTED_EDGE ( 'NONE', *, *, #70, .T. ) ;
#2406 = CARTESIAN_POINT ( 'NONE',  ( 0.02017398004792773578, 0.1892545897336829763, -0.005120593274375683304 ) ) ;
#2407 = ORIENTED_EDGE ( 'NONE', *, *, #5759, .F. ) ;
#2408 = DIRECTION ( 'NONE',  ( 1.000000000000000000, -1.332267629550189426E-15, -3.608224830031776013E-16 ) ) ;
#2409 = ORIENTED_EDGE ( 'NONE', *, *, #2597, .F. ) ;
#2410 = CARTESIAN_POINT ( 'NONE',  ( -0.007327198366653479324, 0.1892545897336796734, -0.03673955676085891020 ) ) ;
#2411 = EDGE_CURVE ( 'NONE', #923, #2583, #4978, .T. ) ;
#2412 = LINE ( 'NONE', #3965, #6200 ) ;
#2413 = LINE ( 'NONE', #1016, #5642 ) ;
#2414 = CARTESIAN_POINT ( 'NONE',  ( -0.01679733309406145417, 0.1892545897336835037, -0.02548785614378141703 ) ) ;
#2415 = CARTESIAN_POINT ( 'NONE',  ( -0.3325000000000057909, -0.2057454102663165141, 0.02963676017009724342 ) ) ;
#2416 = VERTEX_POINT ( 'NONE', #1307 ) ;
#2417 = LINE ( 'NONE', #6, #3037 ) ;
#2418 = EDGE_CURVE ( 'NONE', #6444, #1228, #5124, .T. ) ;
#2419 = CYLINDRICAL_SURFACE ( 'NONE', #4914, 0.01250000000000003712 ) ;
#2420 = CARTESIAN_POINT ( 'NONE',  ( -0.3250000000000005107, -0.2207454102663151119, -0.03749999999999324707 ) ) ;
#2421 = PLANE ( 'NONE',  #1856 ) ;
#2422 = CARTESIAN_POINT ( 'NONE',  ( 0.06249999999999514277, 0.05425458973367357912, -0.07499999999999198974 ) ) ;
#2423 = VECTOR ( 'NONE', #3291, 39.37007874015748143 ) ;
#2424 = CARTESIAN_POINT ( 'NONE',  ( 0.02091726214320684465, 0.1792545897336877692, 0.03307343782615693173 ) ) ;
#2425 = DIRECTION ( 'NONE',  ( -2.635182449764338365E-15, -1.000000000000000000, 1.006139616066556989E-15 ) ) ;
#2426 = VERTEX_POINT ( 'NONE', #3255 ) ;
#2427 = AXIS2_PLACEMENT_3D ( 'NONE', #2182, #5654, #1763 ) ;
#2428 = CARTESIAN_POINT ( 'NONE',  ( 0.3374999999999893641, 0.05425458973367965065, 0.07500000000000867084 ) ) ;
#2429 = LINE ( 'NONE', #2478, #4811 ) ;
#2430 = ORIENTED_EDGE ( 'NONE', *, *, #5273, .F. ) ;
#2431 = CARTESIAN_POINT ( 'NONE',  ( 0.008726579731196346459, 0.1792545897336801364, -0.03681445632958321723 ) ) ;
#2432 = ORIENTED_EDGE ( 'NONE', *, *, #4379, .F. ) ;
#2433 = PLANE ( 'NONE',  #2701 ) ;
#2434 = FILL_AREA_STYLE_COLOUR ( '', #523 ) ;
#2435 = CARTESIAN_POINT ( 'NONE',  ( 0.01609550434597146334, 0.1792545897336844385, -0.02009427313280992555 ) ) ;
#2436 = EDGE_CURVE ( 'NONE', #5545, #3055, #2807, .T. ) ;
#2437 = DIRECTION ( 'NONE',  ( 2.302115542376802052E-15, 1.000000000000000000, 6.036837696399176276E-16 ) ) ;
#2438 = CARTESIAN_POINT ( 'NONE',  ( -0.02728522864616557408, 0.1792545897336828009, 0.01716192826541538402 ) ) ;
#2439 = CARTESIAN_POINT ( 'NONE',  ( 0.3749999999999898415, 0.09425458973367974169, -0.09999999999999510669 ) ) ;
#2440 = ORIENTED_EDGE ( 'NONE', *, *, #95, .T. ) ;
#2441 = CARTESIAN_POINT ( 'NONE',  ( 0.06249999999998984146, 0.1792545897336860761, -0.09999999999999265032 ) ) ;
#2442 = LINE ( 'NONE', #827, #2799 ) ;
#2443 =( LENGTH_UNIT ( ) NAMED_UNIT ( * ) SI_UNIT ( $, .METRE. ) );
#2444 = ORIENTED_EDGE ( 'NONE', *, *, #6393, .F. ) ;
#2445 = CARTESIAN_POINT ( 'NONE',  ( 0.02416821177773581519, 0.1792545897336806082, -0.0009485933232699582905 ) ) ;
#2446 = DIRECTION ( 'NONE',  ( 2.635182449764338759E-15, 1.000000000000000000, 6.314393452555451606E-16 ) ) ;
#2447 = SURFACE_SIDE_STYLE ('',( #2222 ) ) ;
#2448 = EDGE_LOOP ( 'NONE', ( #2476, #452, #3318, #2043, #1850, #884 ) ) ;
#2449 = AXIS2_PLACEMENT_3D ( 'NONE', #2825, #6286, #736 ) ;
#2450 = CARTESIAN_POINT ( 'NONE',  ( 0.05605150371280177152, -0.2065669911417066518, -0.009999999999984321777 ) ) ;
#2451 = EDGE_CURVE ( 'NONE', #197, #3670, #4653, .T. ) ;
#2452 = CARTESIAN_POINT ( 'NONE',  ( -0.2875000000000050848, 0.09425458973368630589, 0.1000000000000054873 ) ) ;
#2453 = ORIENTED_EDGE ( 'NONE', *, *, #3107, .F. ) ;
#2454 = ORIENTED_EDGE ( 'NONE', *, *, #408, .T. ) ;
#2455 = CARTESIAN_POINT ( 'NONE',  ( 0.06605150371278772914, -0.5507454102663129625, 0.01250000000001577974 ) ) ;
#2456 = CARTESIAN_POINT ( 'NONE',  ( 0.3749999999999928391, -0.1803076923076747384, 0.03750000000000390521 ) ) ;
#2457 = VECTOR ( 'NONE', #6241, 39.37007874015748143 ) ;
#2458 = ORIENTED_EDGE ( 'NONE', *, *, #1589, .F. ) ;
#2459 = CARTESIAN_POINT ( 'NONE',  ( 0.02825285761150076944, 0.1792545897336866867, 0.02079350850329489062 ) ) ;
#2460 = CARTESIAN_POINT ( 'NONE',  ( 0.3749999999999925615, 0.1792545897336860761, 0.1000000000000049460 ) ) ;
#2461 = CYLINDRICAL_SURFACE ( 'NONE', #967, 0.01250000000000003712 ) ;
#2462 = EDGE_LOOP ( 'NONE', ( #2846, #4951, #6038, #1996 ) ) ;
#2463 = ORIENTED_EDGE ( 'NONE', *, *, #3378, .F. ) ;
#2464 =( NAMED_UNIT ( * ) SI_UNIT ( $, .STERADIAN. ) SOLID_ANGLE_UNIT ( ) );
#2465 = CARTESIAN_POINT ( 'NONE',  ( 0.0003133773760272260582, 0.1892545897336873340, 0.04075146009553184262 ) ) ;
#2466 = EDGE_CURVE ( 'NONE', #5946, #3475, #4196, .T. ) ;
#2467 = LINE ( 'NONE', #4000, #6269 ) ;
#2468 = DIMENSIONAL_EXPONENTS ( 1.000000000000000000, 0.000000000000000000, 0.000000000000000000, 0.000000000000000000, 0.000000000000000000, 0.000000000000000000, 0.000000000000000000 ) ;
#2469 = DIRECTION ( 'NONE',  ( -1.858026332526783612E-15, 1.000000000000000000, 6.314393452555458508E-16 ) ) ;
#2470 = DIRECTION ( 'NONE',  ( -1.000000000000000000, -1.276756478318932585E-15, -1.110223024625158759E-16 ) ) ;
#2471 = VERTEX_POINT ( 'NONE', #5895 ) ;
#2472 = ORIENTED_EDGE ( 'NONE', *, *, #2555, .F. ) ;
#2473 = ORIENTED_EDGE ( 'NONE', *, *, #1742, .F. ) ;
#2474 = DIRECTION ( 'NONE',  ( -1.110223024625166155E-16, 5.967448757360198655E-16, 1.000000000000000000 ) ) ;
#2475 = DIRECTION ( 'NONE',  ( 5.551115123125768527E-17, -3.445022045411852162E-13, -1.000000000000000000 ) ) ;
#2476 = ORIENTED_EDGE ( 'NONE', *, *, #5978, .F. ) ;
#2477 = ORIENTED_EDGE ( 'NONE', *, *, #5644, .T. ) ;
#2478 = CARTESIAN_POINT ( 'NONE',  ( -0.07241480776675765507, 0.06925458973369298665, 0.01250000000001577974 ) ) ;
#2479 = LINE ( 'NONE', #3404, #662 ) ;
#2480 = DIRECTION ( 'NONE',  ( 2.635182449764338759E-15, 1.000000000000000000, 6.314393452555451606E-16 ) ) ;
#2481 = EDGE_CURVE ( 'NONE', #1020, #1117, #1416, .T. ) ;
#2482 = CARTESIAN_POINT ( 'NONE',  ( -0.3325000000000052913, -0.2807454102663161088, -0.06249999999999503175 ) ) ;
#2483 = CARTESIAN_POINT ( 'NONE',  ( -0.01382818743019479345, 0.1792545897336882688, 0.02738792365175711160 ) ) ;
#2484 = VECTOR ( 'NONE', #2712, 39.37007874015748143 ) ;
#2485 = CARTESIAN_POINT ( 'NONE',  ( -0.1474148077667583601, 0.01925458973369542984, -0.01249999999998463625 ) ) ;
#2486 = ORIENTED_EDGE ( 'NONE', *, *, #3480, .T. ) ;
#2487 = ORIENTED_EDGE ( 'NONE', *, *, #4103, .T. ) ;
#2488 = AXIS2_PLACEMENT_3D ( 'NONE', #1977, #2373, #1156 ) ;
#2489 = VECTOR ( 'NONE', #2328, 39.37007874015748143 ) ;
#2490 = ORIENTED_EDGE ( 'NONE', *, *, #2233, .T. ) ;
#2491 = CARTESIAN_POINT ( 'NONE',  ( -0.003574894911289931004, 0.1792545897336893512, 0.03194302322865013449 ) ) ;
#2492 = LENGTH_MEASURE_WITH_UNIT ( LENGTH_MEASURE( 0.02539999999999999897 ), #1677 );
#2493 = PLANE ( 'NONE',  #5484 ) ;
#2494 = EDGE_CURVE ( 'NONE', #6001, #502, #1322, .T. ) ;
#2495 = CARTESIAN_POINT ( 'NONE',  ( 0.02355925610413209248, 0.1892545897336807836, -0.001701569458481741069 ) ) ;
#2496 = DIRECTION ( 'NONE',  ( -1.332267629550189623E-15, -1.000000000000000000, -4.163336342344342450E-16 ) ) ;
#2497 = EDGE_LOOP ( 'NONE', ( #1195, #4431, #84, #3954 ) ) ;
#2498 = LINE ( 'NONE', #2183, #3439 ) ;
#2499 = ADVANCED_FACE ( 'NONE', ( #8 ), #1933, .F. ) ;
#2500 = DIRECTION ( 'NONE',  ( 1.332267629550189623E-15, 1.000000000000000000, 4.163336342344342450E-16 ) ) ;
#2501 = VERTEX_POINT ( 'NONE', #3422 ) ;
#2502 = VERTEX_POINT ( 'NONE', #472 ) ;
#2503 = CARTESIAN_POINT ( 'NONE',  ( -0.1250000000000069944, -0.2807454102663117235, -0.07499999999999414080 ) ) ;
#2504 = EDGE_CURVE ( 'NONE', #4213, #3887, #6387, .T. ) ;
#2505 = CARTESIAN_POINT ( 'NONE',  ( -0.1250000000000113798, 0.08425458973368832316, -0.07499999999999250322 ) ) ;
#2506 = VECTOR ( 'NONE', #2973, 39.37007874015748143 ) ;
#2507 = CARTESIAN_POINT ( 'NONE',  ( 0.0004469243845746472118, 0.1892545897336873340, 0.03220445154852639297 ) ) ;
#2508 = CIRCLE ( 'NONE', #6056, 0.01250000000000003712 ) ;
#2509 = CARTESIAN_POINT ( 'NONE',  ( -0.008961961813832125881, 0.1892545897336862515, 0.03048631190393614326 ) ) ;
#2510 = AXIS2_PLACEMENT_3D ( 'NONE', #4063, #625, #6124 ) ;
#2511 = LINE ( 'NONE', #3639, #6161 ) ;
#2512 = CARTESIAN_POINT ( 'NONE',  ( -0.2900000000000048095, 0.1692545897336853733, 0.04000000000000612788 ) ) ;
#2513 = ORIENTED_EDGE ( 'NONE', *, *, #2713, .T. ) ;
#2514 = ORIENTED_EDGE ( 'NONE', *, *, #4269, .T. ) ;
#2515 = DIRECTION ( 'NONE',  ( 0.000000000000000000, 0.000000000000000000, -1.000000000000000000 ) ) ;
#2516 = LINE ( 'NONE', #4608, #5471 ) ;
#2517 = VERTEX_POINT ( 'NONE', #4830 ) ;
#2518 = AXIS2_PLACEMENT_3D ( 'NONE', #2951, #5371, #2902 ) ;
#2519 = CARTESIAN_POINT ( 'NONE',  ( -0.02427596557269409011, 0.1892545897336775085, -0.02548785614378524036 ) ) ;
#2520 = DIRECTION ( 'NONE',  ( -1.000000000000000000, -1.276756478318932585E-15, -1.110223024625158759E-16 ) ) ;
#2521 = VECTOR ( 'NONE', #1867, 39.37007874015748143 ) ;
#2522 = EDGE_CURVE ( 'NONE', #4523, #1462, #6153, .T. ) ;
#2523 = CARTESIAN_POINT ( 'NONE',  ( 0.01095801699369844222, 0.1892545897336873340, 0.03018730370676039887 ) ) ;
#2524 = DIRECTION ( 'NONE',  ( 1.970877152922708759E-16, 1.006139616066556398E-15, 1.000000000000000000 ) ) ;
#2525 = CARTESIAN_POINT ( 'NONE',  ( 0.004235480435889633216, 0.1792545897336860761, 0.04063844251905824462 ) ) ;
#2526 = VERTEX_POINT ( 'NONE', #1411 ) ;
#2527 = ADVANCED_FACE ( 'NONE', ( #3441 ), #5873, .F. ) ;
#2528 = CARTESIAN_POINT ( 'NONE',  ( -0.3750000000000029421, 0.09425458973368301685, 0.1000000000000038497 ) ) ;
#2529 = EDGE_CURVE ( 'NONE', #1271, #3171, #281, .T. ) ;
#2530 = CARTESIAN_POINT ( 'NONE',  ( -0.0002437763256972426049, 0.1892545897336884164, 0.03219404948664066068 ) ) ;
#2531 = VERTEX_POINT ( 'NONE', #450 ) ;
#2532 = DIRECTION ( 'NONE',  ( 1.332267629550189623E-15, 1.000000000000000000, 4.163336342344342450E-16 ) ) ;
#2533 = CARTESIAN_POINT ( 'NONE',  ( -0.2924148077667602097, 0.06925458973368861515, -0.01249999999998791488 ) ) ;
#2534 = LENGTH_MEASURE_WITH_UNIT ( LENGTH_MEASURE( 0.02539999999999999897 ), #2224 );
#2535 = FACE_OUTER_BOUND ( 'NONE', #4949, .T. ) ;
#2536 = FACE_OUTER_BOUND ( 'NONE', #1854, .T. ) ;
#2537 = VERTEX_POINT ( 'NONE', #5351 ) ;
#2538 = EDGE_LOOP ( 'NONE', ( #336, #5449, #5497, #1777 ) ) ;
#2539 = CARTESIAN_POINT ( 'NONE',  ( -0.003976820273543448143, 0.1792545897336816907, -0.01159896725489332862 ) ) ;
#2540 = EDGE_CURVE ( 'NONE', #860, #4402, #225, .T. ) ;
#2541 = FACE_OUTER_BOUND ( 'NONE', #5719, .T. ) ;
#2542 = ORIENTED_EDGE ( 'NONE', *, *, #2918, .F. ) ;
#2543 = CARTESIAN_POINT ( 'NONE',  ( 0.1399999999999936018, 0.1692545897336848182, -0.03999999999999602485 ) ) ;
#2544 = CARTESIAN_POINT ( 'NONE',  ( -0.3000000000000049849, 0.1792545897336871585, 0.1000000000000082212 ) ) ;
#2545 = LINE ( 'NONE', #4070, #4344 ) ;
#2546 = LINE ( 'NONE', #4880, #5502 ) ;
#2547 = AXIS2_PLACEMENT_3D ( 'NONE', #3750, #2269, #1264 ) ;
#2548 = EDGE_CURVE ( 'NONE', #3984, #399, #4569, .T. ) ;
#2549 = DIRECTION ( 'NONE',  ( 3.025126457890488277E-16, 1.006139616066556398E-15, 1.000000000000000000 ) ) ;
#2550 = EDGE_CURVE ( 'NONE', #858, #58, #6275, .T. ) ;
#2551 = ORIENTED_EDGE ( 'NONE', *, *, #2976, .F. ) ;
#2552 = LINE ( 'NONE', #282, #5359 ) ;
#2553 = CARTESIAN_POINT ( 'NONE',  ( -0.0002437763256999744420, 0.1792545897336893512, 0.03219404948663765614 ) ) ;
#2554 = DIRECTION ( 'NONE',  ( 1.332267629550189623E-15, 1.000000000000000000, 4.163336342344341957E-16 ) ) ;
#2555 = EDGE_CURVE ( 'NONE', #3869, #4086, #3371, .T. ) ;
#2556 = ADVANCED_FACE ( 'NONE', ( #5855 ), #4419, .F. ) ;
#2557 = CARTESIAN_POINT ( 'NONE',  ( 0.02162672384274020101, 0.1792545897336795813, 0.01630701497410743522 ) ) ;
#2558 = LINE ( 'NONE', #6211, #3645 ) ;
#2559 = ORIENTED_EDGE ( 'NONE', *, *, #4687, .F. ) ;
#2560 = EDGE_CURVE ( 'NONE', #4243, #5136, #5581, .T. ) ;
#2561 = VERTEX_POINT ( 'NONE', #342 ) ;
#2562 = FACE_OUTER_BOUND ( 'NONE', #3977, .T. ) ;
#2563 = DIRECTION ( 'NONE',  ( -1.026956297778269208E-15, -0.8479983040050873555, -0.5299989400031809295 ) ) ;
#2564 = VECTOR ( 'NONE', #6356, 39.37007874015748143 ) ;
#2565 = ORIENTED_EDGE ( 'NONE', *, *, #479, .F. ) ;
#2566 = DIRECTION ( 'NONE',  ( 1.970877152922708759E-16, 1.006139616066556398E-15, 1.000000000000000000 ) ) ;
#2567 = SURFACE_STYLE_FILL_AREA ( #271 ) ;
#2568 = EDGE_CURVE ( 'NONE', #2316, #3171, #2051, .T. ) ;
#2569 = DIRECTION ( 'NONE',  ( 1.970877152922708759E-16, 1.006139616066556398E-15, 1.000000000000000000 ) ) ;
#2570 = ORIENTED_EDGE ( 'NONE', *, *, #3143, .F. ) ;
#2571 =( NAMED_UNIT ( * ) PLANE_ANGLE_UNIT ( ) SI_UNIT ( $, .RADIAN. ) );
#2572 = PLANE ( 'NONE',  #2624 ) ;
#2573 = EDGE_CURVE ( 'NONE', #2331, #5003, #680, .T. ) ;
#2574 = ORIENTED_EDGE ( 'NONE', *, *, #177, .F. ) ;
#2575 = DIRECTION ( 'NONE',  ( -0.4310419253470447187, -0.8620838506940879942, 0.2664850708117925682 ) ) ;
#2576 = VECTOR ( 'NONE', #1492, 39.37007874015748143 ) ;
#2577 = CARTESIAN_POINT ( 'NONE',  ( -0.02275476243528502460, 0.1792545897336850491, 0.02900427526596406971 ) ) ;
#2578 = ORIENTED_EDGE ( 'NONE', *, *, #5026, .F. ) ;
#2579 = ADVANCED_FACE ( 'NONE', ( #4900 ), #551, .F. ) ;
#2580 = ORIENTED_EDGE ( 'NONE', *, *, #1955, .T. ) ;
#2581 = AXIS2_PLACEMENT_3D ( 'NONE', #5355, #6340, #3368 ) ;
#2582 = EDGE_LOOP ( 'NONE', ( #2486, #5065, #637, #4002 ) ) ;
#2583 = VERTEX_POINT ( 'NONE', #4064 ) ;
#2584 = VERTEX_POINT ( 'NONE', #1581 ) ;
#2585 = VERTEX_POINT ( 'NONE', #2539 ) ;
#2586 = LINE ( 'NONE', #6343, #1515 ) ;
#2587 = LINE ( 'NONE', #5830, #4148 ) ;
#2588 = SURFACE_SIDE_STYLE ('',( #6118 ) ) ;
#2589 = ORIENTED_EDGE ( 'NONE', *, *, #814, .T. ) ;
#2590 = UNCERTAINTY_MEASURE_WITH_UNIT (LENGTH_MEASURE( 1.000000000000000082E-05 ), #4761, 'distance_accuracy_value', 'NONE');
#2591 = DIRECTION ( 'NONE',  ( 1.332267629550189623E-15, 1.000000000000000000, 4.163336342344342450E-16 ) ) ;
#2592 = ADVANCED_FACE ( 'NONE', ( #3051 ), #1344, .F. ) ;
#2593 = LINE ( 'NONE', #3242, #2396 ) ;
#2594 = CARTESIAN_POINT ( 'NONE',  ( -0.02131048165094867261, 0.1892545897336862515, 0.03102802297837241319 ) ) ;
#2595 = LINE ( 'NONE', #770, #6194 ) ;
#2596 = CARTESIAN_POINT ( 'NONE',  ( 0.01736066602666508710, 0.1892545897336851413, -0.02464511566982868079 ) ) ;
#2597 = EDGE_CURVE ( 'NONE', #1520, #3818, #1898, .T. ) ;
#2598 = DIRECTION ( 'NONE',  ( 1.332267629550189623E-15, 1.000000000000000000, 4.163336342344342450E-16 ) ) ;
#2599 = VERTEX_POINT ( 'NONE', #5007 ) ;
#2600 = CARTESIAN_POINT ( 'NONE',  ( 0.2499999999999915901, -0.2807454102663166640, -0.09999999999999620304 ) ) ;
#2601 = VERTEX_POINT ( 'NONE', #6080 ) ;
#2602 = CARTESIAN_POINT ( 'NONE',  ( 0.02166420536747998629, 0.1792545897336768612, 0.01457624642032253129 ) ) ;
#2603 = VECTOR ( 'NONE', #3321, 39.37007874015748143 ) ;
#2604 = CARTESIAN_POINT ( 'NONE',  ( -0.01250000000000649203, 0.09425458973368411320, -0.09999999999999729938 ) ) ;
#2605 = ORIENTED_EDGE ( 'NONE', *, *, #1571, .T. ) ;
#2606 = ORIENTED_EDGE ( 'NONE', *, *, #5453, .F. ) ;
#2607 = EDGE_CURVE ( 'NONE', #2027, #2914, #1003, .T. ) ;
#2608 = ORIENTED_EDGE ( 'NONE', *, *, #3249, .T. ) ;
#2609 = CARTESIAN_POINT ( 'NONE',  ( -0.07227584794738840801, -0.2061074304604406937, 0.01000000000001710458 ) ) ;
#2610 = CARTESIAN_POINT ( 'NONE',  ( 0.01333963134736568940, 0.1792545897336795258, 0.0006456273969118326824 ) ) ;
#2611 = FACE_BOUND ( 'NONE', #5560, .T. ) ;
#2612 = VECTOR ( 'NONE', #5829, 39.37007874015748143 ) ;
#2613 = DIRECTION ( 'NONE',  ( -1.110223024625166155E-16, 5.967448757360198655E-16, 1.000000000000000000 ) ) ;
#2614 = CARTESIAN_POINT ( 'NONE',  ( 0.01375107739161296992, 0.1792545897336816907, -0.03346902166825860281 ) ) ;
#2615 = DIRECTION ( 'NONE',  ( -0.7071067811865390240, 0.7071067811865560104, -7.632783294297876027E-17 ) ) ;
#2616 = CIRCLE ( 'NONE', #222, 0.01250000000000003712 ) ;
#2617 = MECHANICAL_DESIGN_GEOMETRIC_PRESENTATION_REPRESENTATION (  '', ( #2309 ), #1031 ) ;
#2618 = STYLED_ITEM ( 'NONE', ( #1019 ), #1009 ) ;
#2619 = LENGTH_MEASURE_WITH_UNIT ( LENGTH_MEASURE( 0.02539999999999999897 ), #6184 );
#2620 = CARTESIAN_POINT ( 'NONE',  ( -0.1250000000000102696, 0.09425458973368575077, -0.09999999999999674427 ) ) ;
#2621 = CARTESIAN_POINT ( 'NONE',  ( 0.02155507941485700074, 0.1892545897336813110, 0.01225072863151356953 ) ) ;
#2622 = LINE ( 'NONE', #77, #3359 ) ;
#2623 = DIRECTION ( 'NONE',  ( -1.332267629550189623E-15, -1.000000000000000000, -4.163336342344342450E-16 ) ) ;
#2624 = AXIS2_PLACEMENT_3D ( 'NONE', #3075, #3559, #4072 ) ;
#2625 = CARTESIAN_POINT ( 'NONE',  ( -0.1625000000000040856, 0.1792545897336838834, -0.09999999999999566180 ) ) ;
#2626 = EDGE_CURVE ( 'NONE', #873, #3952, #5519, .T. ) ;
#2627 = LINE ( 'NONE', #918, #1081 ) ;
#2628 = FACE_OUTER_BOUND ( 'NONE', #6158, .T. ) ;
#2629 = ORIENTED_EDGE ( 'NONE', *, *, #2344, .T. ) ;
#2630 = CARTESIAN_POINT ( 'NONE',  ( 0.01543554154673002637, 0.1792545897336811633, 0.002061581946220158480 ) ) ;
#2631 = DIRECTION ( 'NONE',  ( 0.000000000000000000, 0.000000000000000000, 1.000000000000000000 ) ) ;
#2632 = CARTESIAN_POINT ( 'NONE',  ( -0.2900000000000053646, 0.1692545897336859007, -0.03999999999999519912 ) ) ;
#2633 = ORIENTED_EDGE ( 'NONE', *, *, #4740, .T. ) ;
#2634 = SURFACE_SIDE_STYLE ('',( #5283 ) ) ;
#2635 = LINE ( 'NONE', #6191, #4501 ) ;
#2636 = CARTESIAN_POINT ( 'NONE',  ( -0.1875000000000068556, 0.05425458973368785243, 0.07500000000000948963 ) ) ;
#2637 = LINE ( 'NONE', #1902, #1312 ) ;
#2638 = ORIENTED_EDGE ( 'NONE', *, *, #5354, .T. ) ;
#2639 = ADVANCED_FACE ( 'NONE', ( #6311 ), #3170, .F. ) ;
#2640 = CARTESIAN_POINT ( 'NONE',  ( -0.1250000000000069944, -0.2807454102663183293, -0.06249999999999475420 ) ) ;
#2641 = ORIENTED_EDGE ( 'NONE', *, *, #759, .F. ) ;
#2642 = DIRECTION ( 'NONE',  ( 1.332267629550189623E-15, 1.000000000000000000, 4.163336342344342450E-16 ) ) ;
#2643 = CARTESIAN_POINT ( 'NONE',  ( -0.01347535125645097850, 0.1892545897336884164, 0.02769724001006636932 ) ) ;
#2644 = VECTOR ( 'NONE', #2781, 39.37007874015748143 ) ;
#2645 = DIRECTION ( 'NONE',  ( -1.000000000000000000, -2.135582088683073931E-15, -4.191323202172999653E-16 ) ) ;
#2646 = FACE_OUTER_BOUND ( 'NONE', #3310, .T. ) ;
#2647 = ORIENTED_EDGE ( 'NONE', *, *, #1419, .T. ) ;
#2648 = CARTESIAN_POINT ( 'NONE',  ( 0.3749999999999920619, -0.005745410266313180983, 0.03750000000000636158 ) ) ;
#2649 = EDGE_CURVE ( 'NONE', #4282, #1378, #1712, .T. ) ;
#2650 = CARTESIAN_POINT ( 'NONE',  ( -0.3750000000000046074, 0.1792545897336871585, 0.1000000000000054873 ) ) ;
#2651 = VECTOR ( 'NONE', #2575, 39.37007874015748854 ) ;
#2652 = VERTEX_POINT ( 'NONE', #2625 ) ;
#2653 = CARTESIAN_POINT ( 'NONE',  ( 0.1214831428074621550, -0.1577405214759541041, -0.09999999999998418487 ) ) ;
#2654 = VECTOR ( 'NONE', #850, 39.37007874015748143 ) ;
#2655 = FACE_OUTER_BOUND ( 'NONE', #4895, .T. ) ;
#2656 = CARTESIAN_POINT ( 'NONE',  ( 0.007473462373470077941, 0.1892545897336840588, -0.01351677521739219102 ) ) ;
#2657 = ORIENTED_EDGE ( 'NONE', *, *, #1273, .F. ) ;
#2658 = ORIENTED_EDGE ( 'NONE', *, *, #3100, .T. ) ;
#2659 = ORIENTED_EDGE ( 'NONE', *, *, #5306, .T. ) ;
#2660 =( GEOMETRIC_REPRESENTATION_CONTEXT ( 3 ) GLOBAL_UNCERTAINTY_ASSIGNED_CONTEXT ( ( #2339 ) ) GLOBAL_UNIT_ASSIGNED_CONTEXT ( ( #673, #4656, #1093 ) ) REPRESENTATION_CONTEXT ( 'NONE', 'WORKASPACE' ) );
#2661 = CARTESIAN_POINT ( 'NONE',  ( -0.06250000000000568989, 0.09425458973368848470, 0.1000000000000049460 ) ) ;
#2662 = CARTESIAN_POINT ( 'NONE',  ( 0.02486933357260663266, 0.1792545897336849936, -0.02520406875061944468 ) ) ;
#2663 = EDGE_CURVE ( 'NONE', #4387, #1361, #2977, .T. ) ;
#2664 = CARTESIAN_POINT ( 'NONE',  ( -0.3452188589793223072, -0.1803076923076747384, -0.03749999999999652917 ) ) ;
#2665 = ORIENTED_EDGE ( 'NONE', *, *, #1477, .F. ) ;
#2666 = CARTESIAN_POINT ( 'NONE',  ( -0.01550553263254587401, 0.1892545897336851413, 0.02563411855294965569 ) ) ;
#2667 = VERTEX_POINT ( 'NONE', #3650 ) ;
#2668 = CARTESIAN_POINT ( 'NONE',  ( 0.06605150371280084365, 0.01925458973369324409, 0.01250000000001659853 ) ) ;
#2669 = CARTESIAN_POINT ( 'NONE',  ( 0.3624999999999909961, 0.1792545897336838834, -0.09999999999999482914 ) ) ;
#2670 = UNCERTAINTY_MEASURE_WITH_UNIT (LENGTH_MEASURE( 1.000000000000000082E-05 ), #686, 'distance_accuracy_value', 'NONE');
#2671 = ADVANCED_FACE ( 'NONE', ( #4499 ), #6128, .F. ) ;
#2672 = VECTOR ( 'NONE', #1350, 39.37007874015748143 ) ;
#2673 = LINE ( 'NONE', #709, #889 ) ;
#2674 = VERTEX_POINT ( 'NONE', #5147 ) ;
#2675 = ORIENTED_EDGE ( 'NONE', *, *, #4506, .T. ) ;
#2676 = EDGE_CURVE ( 'NONE', #5003, #1533, #6325, .T. ) ;
#2677 = ORIENTED_EDGE ( 'NONE', *, *, #1934, .T. ) ;
#2678 = CARTESIAN_POINT ( 'NONE',  ( -0.01347535125645099238, 0.1792545897336872418, 0.02769724001006636238 ) ) ;
#2679 = CARTESIAN_POINT ( 'NONE',  ( -0.02000246129918644908, 0.1892545897336818661, 0.01617881052288530630 ) ) ;
#2680 = CARTESIAN_POINT ( 'NONE',  ( 0.0004469243845746472118, 0.1892545897336873340, 0.03220445154852639297 ) ) ;
#2681 = LINE ( 'NONE', #5629, #5982 ) ;
#2682 = ORIENTED_EDGE ( 'NONE', *, *, #5035, .F. ) ;
#2683 = ORIENTED_EDGE ( 'NONE', *, *, #1835, .F. ) ;
#2684 = DIRECTION ( 'NONE',  ( -1.332267629550189623E-15, -1.000000000000000000, -4.163336342344342450E-16 ) ) ;
#2685 = EDGE_CURVE ( 'NONE', #3018, #4332, #846, .T. ) ;
#2686 = LINE ( 'NONE', #6147, #4702 ) ;
#2687 = FACE_OUTER_BOUND ( 'NONE', #3091, .T. ) ;
#2688 = ORIENTED_EDGE ( 'NONE', *, *, #2014, .F. ) ;
#2689 = PLANE ( 'NONE',  #4312 ) ;
#2690 = CARTESIAN_POINT ( 'NONE',  ( 0.2374999999999922173, 0.09425458973368411320, -0.09999999999999674427 ) ) ;
#2691 = CYLINDRICAL_SURFACE ( 'NONE', #125, 0.01250000000000003712 ) ;
#2692 = ORIENTED_EDGE ( 'NONE', *, *, #213, .F. ) ;
#2693 = CARTESIAN_POINT ( 'NONE',  ( 0.006602559600785785736, 0.1792545897336838834, -0.001821380977085565716 ) ) ;
#2694 = CARTESIAN_POINT ( 'NONE',  ( 0.02634639682935985966, 0.1792545897336806915, 0.002440266059169375959 ) ) ;
#2695 = CARTESIAN_POINT ( 'NONE',  ( 0.0004469243845746338761, 0.1792545897336861316, 0.03220445154852639297 ) ) ;
#2696 = CARTESIAN_POINT ( 'NONE',  ( 0.06249999999999475420, 0.1792545897336844385, 0.1000000000000079436 ) ) ;
#2697 = VECTOR ( 'NONE', #3142, 39.37007874015748143 ) ;
#2698 =( NAMED_UNIT ( * ) PLANE_ANGLE_UNIT ( ) SI_UNIT ( $, .RADIAN. ) );
#2699 = ORIENTED_EDGE ( 'NONE', *, *, #3461, .T. ) ;
#2700 = DIRECTION ( 'NONE',  ( 5.551115123125252070E-17, 0.000000000000000000, 1.000000000000000000 ) ) ;
#2701 = AXIS2_PLACEMENT_3D ( 'NONE', #5909, #2930, #3955 ) ;
#2702 = PRESENTATION_LAYER_ASSIGNMENT (  '', '', ( #2618 ) ) ;
#2703 = EDGE_CURVE ( 'NONE', #788, #1282, #1656, .T. ) ;
#2704 = FILL_AREA_STYLE ('',( #228 ) ) ;
#2705 = ADVANCED_FACE ( 'NONE', ( #2628 ), #3193, .F. ) ;
#2706 = CARTESIAN_POINT ( 'NONE',  ( 0.01194889845519685363, 0.1792545897336823291, -0.01572373965489417408 ) ) ;
#2707 = EDGE_LOOP ( 'NONE', ( #420, #3953, #720, #5200 ) ) ;
#2708 = CARTESIAN_POINT ( 'NONE',  ( -0.001570672896904171546, 0.1792545897336850491, -0.002917344700054621143 ) ) ;
#2709 = FACE_OUTER_BOUND ( 'NONE', #6425, .T. ) ;
#2710 = ORIENTED_EDGE ( 'NONE', *, *, #3581, .T. ) ;
#2711 = B_SPLINE_CURVE_WITH_KNOTS ( 'NONE', 3,
 ( #2987, #3030, #5528, #5067, #4520, #76, #4577, #1064, #2092, #2110, #5566 ),
 .UNSPECIFIED., .F., .F.,
 ( 4, 1, 1, 1, 1, 1, 1, 1, 4 ),
 ( 0.000000000000000000, 0.1280675485958904791, 0.2506083188676686557, 0.3706301659145031513, 0.4900722467299490348, 0.6103747641546201086, 0.7343130699115257842, 0.8632165042449895243, 1.000000000000000000 ),
 .UNSPECIFIED. ) ;
#2712 = DIRECTION ( 'NONE',  ( -1.970877152922708759E-16, -1.006139616066556398E-15, -1.000000000000000000 ) ) ;
#2713 = EDGE_CURVE ( 'NONE', #6019, #3399, #5847, .T. ) ;
#2714 = CARTESIAN_POINT ( 'NONE',  ( -7.102804783527084762E-15, -0.2807454102663248796, 0.1000000000000057648 ) ) ;
#2715 = DIRECTION ( 'NONE',  ( 1.970877152922708759E-16, 1.006139616066556398E-15, 1.000000000000000000 ) ) ;
#2716 = SURFACE_SIDE_STYLE ('',( #3237 ) ) ;
#2717 = CARTESIAN_POINT ( 'NONE',  ( 0.3749999999999925615, 0.1792545897336860761, 0.1000000000000049460 ) ) ;
#2718 = CARTESIAN_POINT ( 'NONE',  ( 0.002751689850450479008, 0.1892545897336873340, 0.03216111214879936731 ) ) ;
#2719 = ORIENTED_EDGE ( 'NONE', *, *, #2723, .T. ) ;
#2720 = ADVANCED_FACE ( 'NONE', ( #605 ), #5954, .T. ) ;
#2721 = PLANE ( 'NONE',  #3108 ) ;
#2722 = LINE ( 'NONE', #944, #5059 ) ;
#2723 = EDGE_CURVE ( 'NONE', #510, #1578, #4364, .T. ) ;
#2724 = CARTESIAN_POINT ( 'NONE',  ( 0.01739070109397345201, 0.1892545897336856964, -0.02523745550275343155 ) ) ;
#2725 = ORIENTED_EDGE ( 'NONE', *, *, #3729, .T. ) ;
#2726 = DIRECTION ( 'NONE',  ( 1.000000000000000000, 1.276756478318932191E-15, 1.110223024625158513E-16 ) ) ;
#2727 = ORIENTED_EDGE ( 'NONE', *, *, #469, .F. ) ;
#2728 = CARTESIAN_POINT ( 'NONE',  ( 0.3749999999999920619, -0.005745410266313180983, 0.03750000000000636158 ) ) ;
#2729 = CARTESIAN_POINT ( 'NONE',  ( 0.01609550434597692772, 0.1892545897336807836, -0.02009427313280992555 ) ) ;
#2730 =( CONVERSION_BASED_UNIT ( 'INCH', #6035 ) LENGTH_UNIT ( ) NAMED_UNIT ( #4932 ) );
#2731 = DIRECTION ( 'NONE',  ( 1.970877152922708759E-16, 1.006139616066556398E-15, 1.000000000000000000 ) ) ;
#2732 = VECTOR ( 'NONE', #4585, 39.37007874015748143 ) ;
#2733 = ORIENTED_EDGE ( 'NONE', *, *, #3330, .T. ) ;
#2734 = ORIENTED_EDGE ( 'NONE', *, *, #1556, .F. ) ;
#2735 = CARTESIAN_POINT ( 'NONE',  ( 0.01554569850598533538, 0.1792545897336834115, -0.03134208766953035935 ) ) ;
#2736 = CARTESIAN_POINT ( 'NONE',  ( 0.01739070109397345201, 0.1792545897336838834, -0.02523745550276053351 ) ) ;
#2737 = SURFACE_STYLE_FILL_AREA ( #3078 ) ;
#2738 = ORIENTED_EDGE ( 'NONE', *, *, #2859, .T. ) ;
#2739 = CARTESIAN_POINT ( 'NONE',  ( 0.02432708919831293518, 0.1792545897336828564, -0.02008157240997702001 ) ) ;
#2740 = CARTESIAN_POINT ( 'NONE',  ( 0.004084181092457958052, 0.1792545897336871585, -0.03808123327535896385 ) ) ;
#2741 = CARTESIAN_POINT ( 'NONE',  ( -0.3375000000000080713, 0.09425458973368137927, -0.09999999999999456546 ) ) ;
#2742 = EDGE_CURVE ( 'NONE', #1578, #5280, #2558, .T. ) ;
#2743 = FACE_OUTER_BOUND ( 'NONE', #5261, .T. ) ;
#2744 = LINE ( 'NONE', #5819, #1448 ) ;
#2745 = DIRECTION ( 'NONE',  ( 0.000000000000000000, 0.000000000000000000, 1.000000000000000000 ) ) ;
#2746 = ORIENTED_EDGE ( 'NONE', *, *, #2451, .F. ) ;
#2747 = VERTEX_POINT ( 'NONE', #3215 ) ;
#2748 = CARTESIAN_POINT ( 'NONE',  ( 0.001220861675326830867, 0.1892545897336818661, -0.03829471114774137680 ) ) ;
#2749 = PLANE ( 'NONE',  #25 ) ;
#2750 = CARTESIAN_POINT ( 'NONE',  ( -0.01643207846912572365, 0.1892545897336818661, 0.02440693119499447519 ) ) ;
#2751 = DIRECTION ( 'NONE',  ( -1.387778780781446859E-15, -1.000000000000000000, -5.551115123125787632E-16 ) ) ;
#2752 = LINE ( 'NONE', #1505, #437 ) ;
#2753 = ORIENTED_EDGE ( 'NONE', *, *, #4003, .F. ) ;
#2754 = EDGE_LOOP ( 'NONE', ( #5826, #942, #5473, #1431 ) ) ;
#2755 = VERTEX_POINT ( 'NONE', #5607 ) ;
#2756 = ORIENTED_EDGE ( 'NONE', *, *, #1106, .T. ) ;
#2757 = EDGE_CURVE ( 'NONE', #4638, #1509, #1407, .T. ) ;
#2758 = CARTESIAN_POINT ( 'NONE',  ( 0.3749999999999925615, 0.1792545897336844385, -0.09999999999999401035 ) ) ;
#2759 = ADVANCED_FACE ( 'NONE', ( #996 ), #1562, .F. ) ;
#2760 = CARTESIAN_POINT ( 'NONE',  ( 0.01797528379422250189, 0.1892545897336840588, -0.04042506913637630012 ) ) ;
#2761 = VECTOR ( 'NONE', #1317, 39.37007874015748143 ) ;
#2762 = CARTESIAN_POINT ( 'NONE',  ( -0.2500000000000041633, 0.1792545897336860761, 0.1000000000000087624 ) ) ;
#2763 = B_SPLINE_CURVE_WITH_KNOTS ( 'NONE', 3,
 ( #4161, #5090, #2134, #5154, #3175, #142, #1174, #2630, #2610, #3610, #650, #2155, #2693, #632, #6130, #3152, #4645, #3638, #4184 ),
 .UNSPECIFIED., .F., .F.,
 ( 4, 1, 1, 1, 1, 1, 1, 1, 1, 1, 1, 1, 1, 1, 1, 1, 4 ),
 ( 0.000000000000000000, 0.06690918560565653483, 0.1334854404229653957, 0.2010351165700815235, 0.2712343400187638420, 0.3428799841615842725, 0.4138361296100205311, 0.4859766219744202642, 0.5602295572555486824, 0.5998841807523909164, 0.6440548396425964661, 0.6918919315842545492, 0.7446875244737720667, 0.8014917751698764636, 0.8628576982200922840, 0.9293283793947431093, 1.000000000000000000 ),
 .UNSPECIFIED. ) ;
#2764 = EDGE_LOOP ( 'NONE', ( #638, #5457, #94, #5716 ) ) ;
#2765 = VERTEX_POINT ( 'NONE', #5702 ) ;
#2766 = DIRECTION ( 'NONE',  ( -5.551115123125634174E-17, 4.163336342344342450E-16, -1.000000000000000000 ) ) ;
#2767 = ORIENTED_EDGE ( 'NONE', *, *, #870, .F. ) ;
#2768 = CARTESIAN_POINT ( 'NONE',  ( -0.1000000000000054873, 0.1792545897336871585, -0.09999999999999784062 ) ) ;
#2769 = DIRECTION ( 'NONE',  ( -1.332267629550189623E-15, -1.000000000000000000, -4.163336342344342450E-16 ) ) ;
#2770 = CARTESIAN_POINT ( 'NONE',  ( 0.01263332865331352750, 0.1892545897336807836, -0.03443760070526923761 ) ) ;
#2771 = VECTOR ( 'NONE', #4459, 39.37007874015748143 ) ;
#2772 = VERTEX_POINT ( 'NONE', #2741 ) ;
#2773 =( NAMED_UNIT ( * ) PLANE_ANGLE_UNIT ( ) SI_UNIT ( $, .RADIAN. ) );
#2774 = DIRECTION ( 'NONE',  ( -1.970877152922708759E-16, -1.006139616066556398E-15, -1.000000000000000000 ) ) ;
#2775 = DIRECTION ( 'NONE',  ( -5.551115123125767911E-17, -5.967448757360200628E-16, -1.000000000000000000 ) ) ;
#2776 = ORIENTED_EDGE ( 'NONE', *, *, #5861, .T. ) ;
#2777 = CARTESIAN_POINT ( 'NONE',  ( 0.2374999999999922173, 0.09425458973368411320, -0.09999999999999674427 ) ) ;
#2778 = CARTESIAN_POINT ( 'NONE',  ( -0.1400000000000056199, 0.1692545897336804328, -0.03999999999999684364 ) ) ;
#2779 = VECTOR ( 'NONE', #4737, 39.37007874015748143 ) ;
#2780 = DIRECTION ( 'NONE',  ( 0.000000000000000000, 0.000000000000000000, -1.000000000000000000 ) ) ;
#2781 = DIRECTION ( 'NONE',  ( -1.000000000000000000, -1.276756478318932585E-15, -1.110223024625158759E-16 ) ) ;
#2782 = CARTESIAN_POINT ( 'NONE',  ( -0.1500000000000052403, 0.1792545897336866312, -0.09999999999999482914 ) ) ;
#2783 = CARTESIAN_POINT ( 'NONE',  ( 0.01609550434597691385, 0.1792545897336790539, -0.02009427313280992902 ) ) ;
#2784 = EDGE_CURVE ( 'NONE', #2240, #5170, #2895, .T. ) ;
#2785 = DIRECTION ( 'NONE',  ( -1.000000000000000000, -1.276756478318932585E-15, -1.110223024625158759E-16 ) ) ;
#2786 = FACE_OUTER_BOUND ( 'NONE', #1283, .T. ) ;
#2787 = CARTESIAN_POINT ( 'NONE',  ( -0.08241480776676000930, -0.2807454102663183293, 0.01250000000001741905 ) ) ;
#2788 = CARTESIAN_POINT ( 'NONE',  ( 0.06605150371280303634, -0.2807454102663183293, 0.01250000000001632618 ) ) ;
#2790 = CARTESIAN_POINT ( 'NONE',  ( 0.0004469243845746472118, 0.1892545897336873340, 0.03220445154852639297 ) ) ;
#2789 = PLANE ( 'NONE',  #1580 ) ;
#2791 = AXIS2_PLACEMENT_3D ( 'NONE', #2094, #3106, #2569 ) ;
#2792 = LINE ( 'NONE', #2820, #2042 ) ;
#2793 = DIRECTION ( 'NONE',  ( 1.332267629550189623E-15, 1.000000000000000000, 4.163336342344342450E-16 ) ) ;
#2794 = DIRECTION ( 'NONE',  ( -1.000000000000000000, -1.276756478318932585E-15, -1.110223024625158759E-16 ) ) ;
#2795 = ORIENTED_EDGE ( 'NONE', *, *, #2301, .F. ) ;
#2796 = CARTESIAN_POINT ( 'NONE',  ( 0.02486933357260880800, 0.1792545897336817740, -0.02520406875061753649 ) ) ;
#2797 = CARTESIAN_POINT ( 'NONE',  ( -0.008042692207609244623, -0.04723214755363320388, -0.009999999999982956550 ) ) ;
#2798 = ADVANCED_FACE ( 'NONE', ( #2187 ), #710, .T. ) ;
#2799 = VECTOR ( 'NONE', #5717, 39.37007874015748143 ) ;
#2800 = CARTESIAN_POINT ( 'NONE',  ( 0.2660515037127997862, -0.5257454102663218221, 0.01250000000001632618 ) ) ;
#2801 = COLOUR_RGB ( '',0.000000000000000000, 0.000000000000000000, 0.000000000000000000 ) ;
#2802 = ORIENTED_EDGE ( 'NONE', *, *, #4639, .T. ) ;
#2803 = CARTESIAN_POINT ( 'NONE',  ( 0.01674164917297731037, 0.1892545897336835037, -0.02902951423734198219 ) ) ;
#2804 = AXIS2_PLACEMENT_3D ( 'NONE', #1302, #3865, #1840 ) ;
#2805 = VERTEX_POINT ( 'NONE', #763 ) ;
#2806 = PRODUCT_DEFINITION_CONTEXT ( 'detailed design', #4669, 'design' ) ;
#2807 =( BOUNDED_CURVE ( )  B_SPLINE_CURVE ( 3, ( #3747, #4784, #2264, #1816 ),
 .UNSPECIFIED., .F., .F. ) 
 B_SPLINE_CURVE_WITH_KNOTS ( ( 4, 4 ),
 ( 1.570796326794895004, 4.712388980384689674 ),
 .UNSPECIFIED. ) 
 CURVE ( )  GEOMETRIC_REPRESENTATION_ITEM ( )  RATIONAL_B_SPLINE_CURVE ( ( 1.000000000000000000, 0.3333333333333340365, 0.3333333333333340365, 1.000000000000000000 ) ) 
 REPRESENTATION_ITEM ( '' )  );
#2808 = CARTESIAN_POINT ( 'NONE',  ( 0.2410515037127993754, -0.5507454102663162931, 0.01250000000002069768 ) ) ;
#2809 = DIRECTION ( 'NONE',  ( 1.332267629550189623E-15, 1.000000000000000000, 4.163336342344342450E-16 ) ) ;
#2810 = CARTESIAN_POINT ( 'NONE',  ( 0.3749999999999898415, 0.09425458973367974169, -0.09999999999999510669 ) ) ;
#2811 = CARTESIAN_POINT ( 'NONE',  ( 0.009869860310389258831, 0.1892545897336835037, -0.01453678228547183350 ) ) ;
#2812 = FACE_OUTER_BOUND ( 'NONE', #950, .T. ) ;
#2813 = CARTESIAN_POINT ( 'NONE',  ( 0.3749999999999925615, 0.1792545897336844385, -0.09999999999999401035 ) ) ;
#2814 = VECTOR ( 'NONE', #5264, 39.37007874015748143 ) ;
#2815 = ORIENTED_EDGE ( 'NONE', *, *, #3870, .F. ) ;
#2816 = DIRECTION ( 'NONE',  ( 2.635182449764338759E-15, 1.000000000000000000, 6.314393452555451606E-16 ) ) ;
#2817 = DIRECTION ( 'NONE',  ( 0.000000000000000000, 0.000000000000000000, 1.000000000000000000 ) ) ;
#2818 = LINE ( 'NONE', #1427, #2128 ) ;
#2819 = B_SPLINE_CURVE_WITH_KNOTS ( 'NONE', 3,
 ( #6432, #1911, #5754, #5202, #3292, #1630, #1664 ),
 .UNSPECIFIED., .F., .F.,
 ( 4, 1, 1, 1, 4 ),
 ( 0.000000000000000000, 0.2538796003266559631, 0.5030089172783633877, 0.7502910806899732998, 1.000000000000000000 ),
 .UNSPECIFIED. ) ;
#2821 = DIRECTION ( 'NONE',  ( -1.332267629550189623E-15, -1.000000000000000000, -4.163336342344341957E-16 ) ) ;
#2820 = CARTESIAN_POINT ( 'NONE',  ( 0.06605150371278882548, -0.5507454102663129625, -0.01249999999998327102 ) ) ;
#2822 = EDGE_CURVE ( 'NONE', #1091, #4023, #5277, .T. ) ;
#2823 = SURFACE_SIDE_STYLE ('',( #5427 ) ) ;
#2824 = EDGE_LOOP ( 'NONE', ( #3169, #1012, #165, #6062, #5558, #6169, #3139, #4858, #2945, #3930, #3430, #4598, #3548, #3661, #220, #646, #3787, #4468, #4676, #5070, #322, #805, #6251, #614, #3627, #4316, #693, #3137, #193, #1568, #4515, #1954, #1000, #5138, #4781, #5012, #886, #6383, #4751, #6405, #1667, #1499 ) ) ;
#2825 = CARTESIAN_POINT ( 'NONE',  ( -0.2900000000000053646, 0.1692545897336859007, -0.03999999999999519912 ) ) ;
#2826 = CARTESIAN_POINT ( 'NONE',  ( -0.08241480776676110565, -0.2807454102663248796, -0.01249999999998518269 ) ) ;
#2827 = LENGTH_MEASURE_WITH_UNIT ( LENGTH_MEASURE( 0.02539999999999999897 ), #1104 );
#2828 = EDGE_LOOP ( 'NONE', ( #1449, #5976, #3733, #3092 ) ) ;
#2829 = DIRECTION ( 'NONE',  ( -1.970877152922708759E-16, -1.006139616066556398E-15, -1.000000000000000000 ) ) ;
#2830 = VERTEX_POINT ( 'NONE', #314 ) ;
#2831 = EDGE_CURVE ( 'NONE', #5406, #4698, #803, .T. ) ;
#2832 = DIRECTION ( 'NONE',  ( 1.942890293094020494E-16, -5.551115123125772841E-16, -1.000000000000000000 ) ) ;
#2833 = CARTESIAN_POINT ( 'NONE',  ( 0.1214831428074637926, -0.2306847410194022563, 0.01250000000001714497 ) ) ;
#2834 = CARTESIAN_POINT ( 'NONE',  ( -0.007327198366653492334, 0.1792545897336768612, -0.03673955676085891714 ) ) ;
#2835 = SURFACE_STYLE_FILL_AREA ( #4909 ) ;
#2836 = CARTESIAN_POINT ( 'NONE',  ( 0.2106198646181346723, -0.2306847410194175496, -0.09999999999998610001 ) ) ;
#2837 = VERTEX_POINT ( 'NONE', #2826 ) ;
#2838 = VERTEX_POINT ( 'NONE', #2311 ) ;
#2839 =( NAMED_UNIT ( * ) SI_UNIT ( $, .STERADIAN. ) SOLID_ANGLE_UNIT ( ) );
#2840 = FACE_OUTER_BOUND ( 'NONE', #5953, .T. ) ;
#2841 = PLANE ( 'NONE',  #2102 ) ;
#2842 = ADVANCED_FACE ( 'NONE', ( #601 ), #3382, .F. ) ;
#2843 = EDGE_CURVE ( 'NONE', #6270, #5421, #5742, .T. ) ;
#2844 = FACE_OUTER_BOUND ( 'NONE', #4254, .T. ) ;
#2845 = VECTOR ( 'NONE', #6447, 39.37007874015748143 ) ;
#2846 = ORIENTED_EDGE ( 'NONE', *, *, #5182, .F. ) ;
#2847 = VERTEX_POINT ( 'NONE', #941 ) ;
#2848 = CARTESIAN_POINT ( 'NONE',  ( -0.3325000000000080114, 1.912293595564984213E-14, 3.824587191129968111E-15 ) ) ;
#2849 = CARTESIAN_POINT ( 'NONE',  ( 0.2624999999999915179, 0.05425458973368456339, 0.07500000000000661693 ) ) ;
#2850 = CARTESIAN_POINT ( 'NONE',  ( -0.1250000000000069944, -0.2807454102663117235, -0.07499999999999414080 ) ) ;
#2851 = LINE ( 'NONE', #591, #4609 ) ;
#2852 = VECTOR ( 'NONE', #4144, 39.37007874015748143 ) ;
#2853 = CARTESIAN_POINT ( 'NONE',  ( 0.3749999999999898415, 0.09425458973367974169, -0.09999999999999510669 ) ) ;
#2854 = CARTESIAN_POINT ( 'NONE',  ( -0.3750000000000073275, -0.005745410266317551619, 0.03750000000000745098 ) ) ;
#2855 = ORIENTED_EDGE ( 'NONE', *, *, #2607, .F. ) ;
#2856 = DIRECTION ( 'NONE',  ( 1.000000000000000000, -2.635182449764338759E-15, -1.359791920952805236E-16 ) ) ;
#2857 = AXIS2_PLACEMENT_3D ( 'NONE', #4218, #5209, #2731 ) ;
#2858 = MECHANICAL_DESIGN_GEOMETRIC_PRESENTATION_REPRESENTATION (  '', ( #4096 ), #1994 ) ;
#2859 = EDGE_CURVE ( 'NONE', #5389, #1883, #1308, .T. ) ;
#2860 = FACE_OUTER_BOUND ( 'NONE', #6196, .T. ) ;
#2861 = VECTOR ( 'NONE', #169, 39.37007874015748143 ) ;
#2862 = ORIENTED_EDGE ( 'NONE', *, *, #1432, .F. ) ;
#2863 = ORIENTED_EDGE ( 'NONE', *, *, #5868, .T. ) ;
#2864 = ORIENTED_EDGE ( 'NONE', *, *, #4871, .T. ) ;
#2865 = ORIENTED_EDGE ( 'NONE', *, *, #6007, .F. ) ;
#2866 = CARTESIAN_POINT ( 'NONE',  ( 0.3749999999999909517, 0.09425458973368357196, 0.1000000000000049460 ) ) ;
#2867 = DIMENSIONAL_EXPONENTS ( 1.000000000000000000, 0.000000000000000000, 0.000000000000000000, 0.000000000000000000, 0.000000000000000000, 0.000000000000000000, 0.000000000000000000 ) ;
#2868 = CARTESIAN_POINT ( 'NONE',  ( -0.01442573033998544550, 0.1892545897336818661, -0.03014137036124467026 ) ) ;
#2869 = PLANE ( 'NONE',  #2581 ) ;
#2870 = PLANE ( 'NONE',  #4507 ) ;
#2871 = ORIENTED_EDGE ( 'NONE', *, *, #1259, .F. ) ;
#2872 = ORIENTED_EDGE ( 'NONE', *, *, #288, .T. ) ;
#2873 = EDGE_CURVE ( 'NONE', #2517, #901, #2429, .T. ) ;
#2874 = ORIENTED_EDGE ( 'NONE', *, *, #1139, .F. ) ;
#2875 = AXIS2_PLACEMENT_3D ( 'NONE', #3557, #5089, #1628 ) ;
#2876 = DIRECTION ( 'NONE',  ( -1.332267629550189623E-15, -1.000000000000000000, -4.163336342344342450E-16 ) ) ;
#2877 = DIRECTION ( 'NONE',  ( -1.110223024625166155E-16, 5.967448757360198655E-16, 1.000000000000000000 ) ) ;
#2878 = FACE_OUTER_BOUND ( 'NONE', #5289, .T. ) ;
#2880 = DIRECTION ( 'NONE',  ( -1.970877152922708759E-16, -1.006139616066556398E-15, -1.000000000000000000 ) ) ;
#2879 = PLANE ( 'NONE',  #5574 ) ;
#2881 = CARTESIAN_POINT ( 'NONE',  ( 0.2760515037128007942, -0.2807454102663139439, -0.01249999999998245050 ) ) ;
#2882 = LINE ( 'NONE', #4019, #1624 ) ;
#2883 = DIRECTION ( 'NONE',  ( 1.332267629550189623E-15, 1.000000000000000000, 4.163336342344342450E-16 ) ) ;
#2884 = ORIENTED_EDGE ( 'NONE', *, *, #3722, .F. ) ;
#2885 = CARTESIAN_POINT ( 'NONE',  ( -0.1250000000000059119, 0.05425458973368563198, 0.07500000000000617284 ) ) ;
#2886 = DIRECTION ( 'NONE',  ( 0.4472135954999587604, 0.8944271909999153003, 4.670742959067547185E-16 ) ) ;
#2887 = DIRECTION ( 'NONE',  ( -2.635182449764338365E-15, -1.000000000000000000, 1.006139616066556989E-15 ) ) ;
#2888 = CARTESIAN_POINT ( 'NONE',  ( 0.02313856683036040127, 0.1792545897336795258, -0.03329203639368678858 ) ) ;
#2889 = ADVANCED_FACE ( 'NONE', ( #5842 ), #4448, .F. ) ;
#2890 = LINE ( 'NONE', #1060, #6057 ) ;
#2891 = CARTESIAN_POINT ( 'NONE',  ( 0.002382093389780286664, 0.1792545897336768612, -0.03826784410230584660 ) ) ;
#2892 = LINE ( 'NONE', #5342, #3808 ) ;
#2893 = EDGE_CURVE ( 'NONE', #3163, #2585, #2342, .T. ) ;
#2894 = CARTESIAN_POINT ( 'NONE',  ( -0.01351444518106590872, 0.1792545897336795258, -0.03142867488959653899 ) ) ;
#2895 = LINE ( 'NONE', #1200, #5448 ) ;
#2896 = CARTESIAN_POINT ( 'NONE',  ( -0.2924148077667602097, 0.06925458973368861515, -0.01249999999998791488 ) ) ;
#2897 = MECHANICAL_DESIGN_GEOMETRIC_PRESENTATION_REPRESENTATION (  '', ( #468 ), #4528 ) ;
#2898 = EDGE_CURVE ( 'NONE', #2380, #4739, #755, .T. ) ;
#2899 = CARTESIAN_POINT ( 'NONE',  ( 0.02539404388146112440, 0.1892545897336873340, 0.02737208806334022124 ) ) ;
#2900 = EDGE_CURVE ( 'NONE', #3958, #1540, #3186, .T. ) ;
#2901 = DIRECTION ( 'NONE',  ( -1.970877152922708759E-16, -1.006139616066556398E-15, -1.000000000000000000 ) ) ;
#2902 = DIRECTION ( 'NONE',  ( 0.000000000000000000, 0.000000000000000000, 1.000000000000000000 ) ) ;
#2903 = VERTEX_POINT ( 'NONE', #2021 ) ;
#2904 =( BOUNDED_CURVE ( )  B_SPLINE_CURVE ( 3, ( #5691, #4755, #5146, #3206 ),
 .UNSPECIFIED., .F., .T. ) 
 B_SPLINE_CURVE_WITH_KNOTS ( ( 4, 4 ),
 ( 1.570796326794895004, 4.712388980384689674 ),
 .UNSPECIFIED. ) 
 CURVE ( )  GEOMETRIC_REPRESENTATION_ITEM ( )  RATIONAL_B_SPLINE_CURVE ( ( 1.000000000000000000, 0.3333333333333340365, 0.3333333333333340365, 1.000000000000000000 ) ) 
 REPRESENTATION_ITEM ( '' )  );
#2905 = AXIS2_PLACEMENT_3D ( 'NONE', #2648, #3679, #3618 ) ;
#2906 = EDGE_CURVE ( 'NONE', #2053, #5170, #3564, .T. ) ;
#2907 = DIRECTION ( 'NONE',  ( -0.7071067811865393571, -0.7071067811865555663, -7.771561172375999148E-16 ) ) ;
#2908 = ORIENTED_EDGE ( 'NONE', *, *, #2548, .T. ) ;
#2909 =( GEOMETRIC_REPRESENTATION_CONTEXT ( 3 ) GLOBAL_UNCERTAINTY_ASSIGNED_CONTEXT ( ( #1542 ) ) GLOBAL_UNIT_ASSIGNED_CONTEXT ( ( #5475, #3932, #4005 ) ) REPRESENTATION_CONTEXT ( 'NONE', 'WORKASPACE' ) );
#2910 = DIRECTION ( 'NONE',  ( 1.332267629550189623E-15, 1.000000000000000000, 4.163336342344342450E-16 ) ) ;
#2911 = CARTESIAN_POINT ( 'NONE',  ( -0.01606154590617717495, 0.1792545897336849936, -0.02715022569830328678 ) ) ;
#2912 = VECTOR ( 'NONE', #1886, 39.37007874015748143 ) ;
#2913 = ORIENTED_EDGE ( 'NONE', *, *, #264, .F. ) ;
#2914 = VERTEX_POINT ( 'NONE', #5450 ) ;
#2915 = ORIENTED_EDGE ( 'NONE', *, *, #956, .F. ) ;
#2916 = CARTESIAN_POINT ( 'NONE',  ( -0.005945665887004202010, 0.1792545897336849936, -0.04610102017901326205 ) ) ;
#2917 = CARTESIAN_POINT ( 'NONE',  ( 0.1999999999999929612, 0.1792545897336828009, 0.1000000000000065836 ) ) ;
#2918 = EDGE_CURVE ( 'NONE', #4946, #4243, #146, .T. ) ;
#2919 = AXIS2_PLACEMENT_3D ( 'NONE', #6299, #2766, #2821 ) ;
#2920 = CARTESIAN_POINT ( 'NONE',  ( 0.3374999999999933054, 0.09425458973368247562, -0.09999999999999592548 ) ) ;
#2921 = VECTOR ( 'NONE', #5610, 39.37007874015748143 ) ;
#2922 = CARTESIAN_POINT ( 'NONE',  ( 0.02901485938073007295, 0.1892545897336906091, 0.01735363417869263680 ) ) ;
#2923 = ORIENTED_EDGE ( 'NONE', *, *, #1589, .T. ) ;
#2924 = ORIENTED_EDGE ( 'NONE', *, *, #4368, .F. ) ;
#2925 = CARTESIAN_POINT ( 'NONE',  ( 0.2106198646181341172, -0.1577405214759519392, -0.09999999999998472611 ) ) ;
#2926 = CARTESIAN_POINT ( 'NONE',  ( -0.01351444518106536229, 0.1892545897336813110, -0.03142867488959544958 ) ) ;
#2927 = LENGTH_MEASURE_WITH_UNIT ( LENGTH_MEASURE( 0.02539999999999999897 ), #69 );
#2928 = EDGE_CURVE ( 'NONE', #6444, #4213, #2185, .T. ) ;
#2929 = ORIENTED_EDGE ( 'NONE', *, *, #2663, .F. ) ;
#2930 = DIRECTION ( 'NONE',  ( -1.858026332526783612E-15, 1.000000000000000000, 6.314393452555458508E-16 ) ) ;
#2931 = CARTESIAN_POINT ( 'NONE',  ( -0.3125000000000079936, 0.05425458973367800614, 0.07500000000001194600 ) ) ;
#2932 = PLANE ( 'NONE',  #1484 ) ;
#2933 = LINE ( 'NONE', #1978, #5786 ) ;
#2934 = ORIENTED_EDGE ( 'NONE', *, *, #3755, .T. ) ;
#2935 = ORIENTED_EDGE ( 'NONE', *, *, #5008, .T. ) ;
#2936 = ORIENTED_EDGE ( 'NONE', *, *, #6430, .T. ) ;
#2937 = EDGE_CURVE ( 'NONE', #5389, #6018, #2970, .T. ) ;
#2938 = DIRECTION ( 'NONE',  ( -1.000000000000000000, -1.276756478318932585E-15, -1.110223024625158759E-16 ) ) ;
#2939 = CARTESIAN_POINT ( 'NONE',  ( -0.02087046653777706665, 0.1792545897336828009, -0.03457680767472157829 ) ) ;
#2940 = DIRECTION ( 'NONE',  ( 1.000000000000000000, 1.276756478318932191E-15, 1.110223024625158513E-16 ) ) ;
#2941 = FACE_OUTER_BOUND ( 'NONE', #2173, .T. ) ;
#2942 = FACE_OUTER_BOUND ( 'NONE', #3985, .T. ) ;
#2944 = DIRECTION ( 'NONE',  ( 0.000000000000000000, 0.000000000000000000, -1.000000000000000000 ) ) ;
#2943 = DIRECTION ( 'NONE',  ( -1.942890293094020494E-16, 5.551115123125772841E-16, 1.000000000000000000 ) ) ;
#2945 = ORIENTED_EDGE ( 'NONE', *, *, #177, .T. ) ;
#2946 = CARTESIAN_POINT ( 'NONE',  ( 0.004235480435889620206, 0.1792545897336866867, 0.04063844251906152671 ) ) ;
#2947 = CARTESIAN_POINT ( 'NONE',  ( 0.2899999999999928191, 0.1792545897336795258, -0.03999999999999602485 ) ) ;
#2948 = ORIENTED_EDGE ( 'NONE', *, *, #3835, .T. ) ;
#2949 = ORIENTED_EDGE ( 'NONE', *, *, #3455, .T. ) ;
#2950 = SURFACE_STYLE_USAGE ( .BOTH. , #2447 ) ;
#2951 = CARTESIAN_POINT ( 'NONE',  ( -0.1000000000000071249, 0.1792545897336838834, 0.1000000000000076800 ) ) ;
#2952 = EDGE_LOOP ( 'NONE', ( #4397, #4057, #1591, #495 ) ) ;
#2953 = EDGE_CURVE ( 'NONE', #2652, #45, #2622, .T. ) ;
#2954 = CARTESIAN_POINT ( 'NONE',  ( -0.002330622751429574022, 0.1892545897336851413, 0.04069011325182616406 ) ) ;
#2955 = CARTESIAN_POINT ( 'NONE',  ( 0.007258516520484555208, 0.1892545897336796734, -0.03736706352253700569 ) ) ;
#2956 = CARTESIAN_POINT ( 'NONE',  ( -0.01804857858004985105, 0.1792545897336816907, 0.02151132347018292271 ) ) ;
#2957 = FACE_OUTER_BOUND ( 'NONE', #2215, .T. ) ;
#2958 = VERTEX_POINT ( 'NONE', #5006 ) ;
#2959 = CARTESIAN_POINT ( 'NONE',  ( 0.01249999999999501683, -0.2807454102663161088, 0.1000000000000076800 ) ) ;
#2960 = DIRECTION ( 'NONE',  ( -1.332267629550189623E-15, -1.000000000000000000, -4.163336342344341957E-16 ) ) ;
#2961 = EDGE_LOOP ( 'NONE', ( #4306, #1101, #897, #2131 ) ) ;
#2962 = FACE_OUTER_BOUND ( 'NONE', #2952, .T. ) ;
#2963 = DIRECTION ( 'NONE',  ( -1.332267629550189623E-15, -1.000000000000000000, -4.163336342344342450E-16 ) ) ;
#2964 = ORIENTED_EDGE ( 'NONE', *, *, #5556, .F. ) ;
#2965 = CARTESIAN_POINT ( 'NONE',  ( -0.3750000000000046074, -0.1207454102663178264, 0.03750000000000636158 ) ) ;
#2966 = CARTESIAN_POINT ( 'NONE',  ( 0.01375107739161350422, 0.1792545897336817740, -0.03346902166825587582 ) ) ;
#2967 = CARTESIAN_POINT ( 'NONE',  ( -0.01250000000000703847, 0.1792545897336893512, -0.09999999999999510669 ) ) ;
#2968 = CARTESIAN_POINT ( 'NONE',  ( 0.1124999999999928557, -0.2807454102663193840, 0.1000000000000000194 ) ) ;
#2969 = DIRECTION ( 'NONE',  ( -1.332267629550189623E-15, -1.000000000000000000, -4.163336342344342450E-16 ) ) ;
#2970 = LINE ( 'NONE', #3566, #1636 ) ;
#2971 = CARTESIAN_POINT ( 'NONE',  ( 0.1310515037128035520, 0.06925458973369298665, 0.01250000000001905837 ) ) ;
#2972 = ORIENTED_EDGE ( 'NONE', *, *, #6369, .T. ) ;
#2973 = DIRECTION ( 'NONE',  ( -2.635182449764338759E-15, -1.000000000000000000, -6.314393452555451606E-16 ) ) ;
#2974 = CARTESIAN_POINT ( 'NONE',  ( 0.05637629238881301103, -0.1631983307839890152, -0.009999999999985140567 ) ) ;
#2975 = FACE_OUTER_BOUND ( 'NONE', #978, .T. ) ;
#2976 = EDGE_CURVE ( 'NONE', #6045, #5553, #3975, .T. ) ;
#2977 = LINE ( 'NONE', #4641, #4273 ) ;
#2978 = ORIENTED_EDGE ( 'NONE', *, *, #3461, .F. ) ;
#2979 = CARTESIAN_POINT ( 'NONE',  ( 0.3749999999999898415, 0.09425458973367974169, -0.09999999999999510669 ) ) ;
#2980 = VECTOR ( 'NONE', #2325, 39.37007874015748143 ) ;
#2981 = CARTESIAN_POINT ( 'NONE',  ( 0.1374999999999932665, 0.09425458973368630589, -0.09999999999999566180 ) ) ;
#2982 = CARTESIAN_POINT ( 'NONE',  ( 0.01674164917297731037, 0.1892545897336835037, -0.02902951423734198219 ) ) ;
#2983 = PRESENTATION_LAYER_ASSIGNMENT (  '', '', ( #2309 ) ) ;
#2984 = EDGE_LOOP ( 'NONE', ( #5080, #4521, #6320, #1997 ) ) ;
#2985 = CARTESIAN_POINT ( 'NONE',  ( 0.01163609105403473620, 0.1892545897336840588, 0.03886693198291908680 ) ) ;
#2986 = LINE ( 'NONE', #4422, #5762 ) ;
#2987 = CARTESIAN_POINT ( 'NONE',  ( 0.02486933357260881841, 0.1892545897336851413, -0.02520406875061753302 ) ) ;
#2988 = ORIENTED_EDGE ( 'NONE', *, *, #4573, .T. ) ;
#2989 = EDGE_LOOP ( 'NONE', ( #3946, #1202, #1198, #1661 ) ) ;
#2990 = CARTESIAN_POINT ( 'NONE',  ( 0.02793114286824213005, 0.1792545897336795258, 0.006047668328412791720 ) ) ;
#2991 = EDGE_CURVE ( 'NONE', #490, #3415, #6301, .T. ) ;
#2992 = CARTESIAN_POINT ( 'NONE',  ( 0.02023421750954208093, 0.1892545897336873340, 0.02122633222264611041 ) ) ;
#2993 = LINE ( 'NONE', #670, #492 ) ;
#2994 = DIRECTION ( 'NONE',  ( 1.000000000000000000, 1.276756478318932191E-15, 1.110223024625158513E-16 ) ) ;
#2995 = EDGE_LOOP ( 'NONE', ( #914, #2430, #5561, #6379 ) ) ;
#2996 = ORIENTED_EDGE ( 'NONE', *, *, #4035, .F. ) ;
#2997 = CARTESIAN_POINT ( 'NONE',  ( 0.01513709532474780822, 0.1892545897336851413, -0.008059971528395683954 ) ) ;
#2998 = EDGE_LOOP ( 'NONE', ( #5474, #6417, #412, #5467 ) ) ;
#2999 = ADVANCED_FACE ( 'NONE', ( #4894 ), #5029, .F. ) ;
#3000 = VERTEX_POINT ( 'NONE', #5546 ) ;
#3001 = ORIENTED_EDGE ( 'NONE', *, *, #2466, .F. ) ;
#3002 = CARTESIAN_POINT ( 'NONE',  ( 0.03749999999999434341, 0.09425458973368083804, -0.09999999999999648059 ) ) ;
#3003 = CARTESIAN_POINT ( 'NONE',  ( 0.1214831428074643338, -0.1577405214759519392, 0.01250000000001796549 ) ) ;
#3004 = LINE ( 'NONE', #3663, #1669 ) ;
#3005 = CARTESIAN_POINT ( 'NONE',  ( 0.3624999999999921063, -0.2807454102663161088, 0.1000000000000071249 ) ) ;
#3006 = LINE ( 'NONE', #3902, #642 ) ;
#3007 = CIRCLE ( 'NONE', #4171, 0.01250000000000003712 ) ;
#3008 = EDGE_LOOP ( 'NONE', ( #4060, #3459, #4782, #5788 ) ) ;
#3009 =( CONVERSION_BASED_UNIT ( 'INCH', #1281 ) LENGTH_UNIT ( ) NAMED_UNIT ( #2277 ) );
#3010 = CARTESIAN_POINT ( 'NONE',  ( -0.01207703603250363626, 0.1892545897336862515, 0.02877529633554143026 ) ) ;
#3011 = LINE ( 'NONE', #1587, #2305 ) ;
#3012 =( NAMED_UNIT ( * ) SI_UNIT ( $, .STERADIAN. ) SOLID_ANGLE_UNIT ( ) );
#3013 = ORIENTED_EDGE ( 'NONE', *, *, #663, .F. ) ;
#3014 = CARTESIAN_POINT ( 'NONE',  ( 0.007093649538462724544, 0.1892545897336873340, 0.03151334737997230073 ) ) ;
#3015 = PLANE ( 'NONE',  #4926 ) ;
#3016 = LINE ( 'NONE', #3783, #5411 ) ;
#3017 = LINE ( 'NONE', #6187, #6188 ) ;
#3018 = VERTEX_POINT ( 'NONE', #868 ) ;
#3019 = VERTEX_POINT ( 'NONE', #6278 ) ;
#3020 = ORIENTED_EDGE ( 'NONE', *, *, #2597, .T. ) ;
#3021 = UNCERTAINTY_MEASURE_WITH_UNIT (LENGTH_MEASURE( 1.000000000000000082E-05 ), #5676, 'distance_accuracy_value', 'NONE');
#3022 = VECTOR ( 'NONE', #3978, 39.37007874015748143 ) ;
#3023 = CARTESIAN_POINT ( 'NONE',  ( 0.05605150371280177152, -0.2807454102663183293, -0.01249999999998381746 ) ) ;
#3024 = LINE ( 'NONE', #3027, #4169 ) ;
#3025 = ORIENTED_EDGE ( 'NONE', *, *, #4310, .F. ) ;
#3026 = ORIENTED_EDGE ( 'NONE', *, *, #2041, .F. ) ;
#3027 = CARTESIAN_POINT ( 'NONE',  ( 0.1214831428074484854, -0.5507454102663086326, -0.01249999999998190406 ) ) ;
#3028 = CARTESIAN_POINT ( 'NONE',  ( 0.02539404388146112440, 0.1892545897336873340, 0.02737208806334022124 ) ) ;
#3029 = CIRCLE ( 'NONE', #4036, 0.01250000000000003712 ) ;
#3030 = CARTESIAN_POINT ( 'NONE',  ( 0.02484162902386784569, 0.1892545897336813110, -0.02432295459095993456 ) ) ;
#3031 = MECHANICAL_DESIGN_GEOMETRIC_PRESENTATION_REPRESENTATION (  '', ( #1598 ), #3364 ) ;
#3032 = FACE_OUTER_BOUND ( 'NONE', #6271, .T. ) ;
#3033 = EDGE_CURVE ( 'NONE', #74, #2914, #5929, .T. ) ;
#3034 = STYLED_ITEM ( 'NONE', ( #5245 ), #4509 ) ;
#3035 = CARTESIAN_POINT ( 'NONE',  ( -0.02728522864616611879, 0.1892545897336796734, 0.01716192826542084840 ) ) ;
#3036 = ADVANCED_FACE ( 'NONE', ( #4564 ), #3335, .T. ) ;
#3037 = VECTOR ( 'NONE', #3494, 39.37007874015748143 ) ;
#3038 = VECTOR ( 'NONE', #1059, 39.37007874015748143 ) ;
#3039 = DIRECTION ( 'NONE',  ( 1.000000000000000000, 1.859285659279261057E-15, -1.549404716066050881E-16 ) ) ;
#3040 = CARTESIAN_POINT ( 'NONE',  ( 0.0003133773760288651551, 0.1792545897336882688, 0.04075146009553785170 ) ) ;
#3041 = EDGE_CURVE ( 'NONE', #5744, #873, #1070, .T. ) ;
#3042 = AXIS2_PLACEMENT_3D ( 'NONE', #3668, #5690, #2191 ) ;
#3043 = CARTESIAN_POINT ( 'NONE',  ( -0.008042692207607605309, -0.04723214755363101813, 0.01000000000001601171 ) ) ;
#3044 = COLOUR_RGB ( '',0.000000000000000000, 0.000000000000000000, 0.000000000000000000 ) ;
#3045 = ORIENTED_EDGE ( 'NONE', *, *, #3792, .T. ) ;
#3046 = DIRECTION ( 'NONE',  ( -0.4472135954999572061, 0.8944271909999160775, 4.163336342344339985E-16 ) ) ;
#3047 = COLOUR_RGB ( '',0.000000000000000000, 0.000000000000000000, 0.000000000000000000 ) ;
#3048 = EDGE_CURVE ( 'NONE', #2089, #1606, #5583, .T. ) ;
#3049 = ORIENTED_EDGE ( 'NONE', *, *, #1896, .F. ) ;
#3050 = VECTOR ( 'NONE', #2361, 39.37007874015748143 ) ;
#3051 = FACE_OUTER_BOUND ( 'NONE', #2497, .T. ) ;
#3052 = CARTESIAN_POINT ( 'NONE',  ( -0.02195115950360426380, 0.1892545897336807836, -0.03252690115816484623 ) ) ;
#3053 = ORIENTED_EDGE ( 'NONE', *, *, #3922, .T. ) ;
#3054 = CARTESIAN_POINT ( 'NONE',  ( 0.02023421750954207052, 0.1792545897336861316, 0.02122633222264610695 ) ) ;
#3055 = VERTEX_POINT ( 'NONE', #385 ) ;
#3056 = DIRECTION ( 'NONE',  ( -1.000000000000000000, -1.387778780781448042E-15, -1.942890293094027397E-16 ) ) ;
#3057 = CARTESIAN_POINT ( 'NONE',  ( -0.02748109377781744744, 0.1892545897336807836, 0.01617881052288667326 ) ) ;
#3058 = ORIENTED_EDGE ( 'NONE', *, *, #70, .F. ) ;
#3059 = CARTESIAN_POINT ( 'NONE',  ( -0.009714070265892530212, 0.1892545897336851413, 0.03922078201848329393 ) ) ;
#3060 = ADVANCED_FACE ( 'NONE', ( #2267 ), #2789, .T. ) ;
#3061 = AXIS2_PLACEMENT_3D ( 'NONE', #2762, #384, #5013 ) ;
#3062 = CARTESIAN_POINT ( 'NONE',  ( -0.2574148077667749446, -0.5507454102663184026, 1.393242476768774222E-14 ) ) ;
#3063 = DIRECTION ( 'NONE',  ( -1.000000000000000000, -1.276756478318932388E-15, 5.551115123125844332E-17 ) ) ;
#3064 = ORIENTED_EDGE ( 'NONE', *, *, #2085, .T. ) ;
#3065 = VERTEX_POINT ( 'NONE', #5821 ) ;
#3066 = DIRECTION ( 'NONE',  ( -1.000000000000000000, -1.276756478318932585E-15, -1.110223024625158759E-16 ) ) ;
#3067 = CIRCLE ( 'NONE', #613, 0.01250000000000003712 ) ;
#3068 = ORIENTED_EDGE ( 'NONE', *, *, #1648, .F. ) ;
#3069 = VERTEX_POINT ( 'NONE', #3877 ) ;
#3070 = AXIS2_PLACEMENT_3D ( 'NONE', #2352, #6224, #3279 ) ;
#3071 = DIRECTION ( 'NONE',  ( 1.970877152922708759E-16, 1.006139616066556398E-15, 1.000000000000000000 ) ) ;
#3072 = CARTESIAN_POINT ( 'NONE',  ( -0.02087046653777761482, 0.1892545897336829763, -0.03457680767472376404 ) ) ;
#3073 = EDGE_CURVE ( 'NONE', #831, #399, #294, .T. ) ;
#3074 = CARTESIAN_POINT ( 'NONE',  ( 0.02165164318030313867, 0.1892545897336796734, 0.01515632523740020714 ) ) ;
#3075 = CARTESIAN_POINT ( 'NONE',  ( 0.3749999999999925615, 0.1792545897336844385, -0.09999999999999401035 ) ) ;
#3076 = ORIENTED_EDGE ( 'NONE', *, *, #5883, .T. ) ;
#3077 = ORIENTED_EDGE ( 'NONE', *, *, #956, .T. ) ;
#3078 = FILL_AREA_STYLE ('',( #2032 ) ) ;
#3079 = VECTOR ( 'NONE', #5796, 39.37007874015748143 ) ;
#3080 = LINE ( 'NONE', #3374, #344 ) ;
#3081 = ORIENTED_EDGE ( 'NONE', *, *, #3811, .T. ) ;
#3082 = EDGE_LOOP ( 'NONE', ( #1324, #5377, #1681, #3613, #2071, #4921, #5783, #3961 ) ) ;
#3083 = EDGE_CURVE ( 'NONE', #3018, #5118, #2792, .T. ) ;
#3084 = EDGE_LOOP ( 'NONE', ( #4232, #2132, #6366, #2062 ) ) ;
#3085 = FILL_AREA_STYLE_COLOUR ( '', #3044 ) ;
#3086 = FACE_OUTER_BOUND ( 'NONE', #4315, .T. ) ;
#3087 = VECTOR ( 'NONE', #1797, 39.37007874015748143 ) ;
#3088 = EDGE_CURVE ( 'NONE', #1649, #3666, #4637, .T. ) ;
#3089 = ADVANCED_FACE ( 'NONE', ( #4967 ), #331, .F. ) ;
#3090 = CARTESIAN_POINT ( 'NONE',  ( -0.01969168667525007799, 0.1792545897336755567, -0.03650059107311812157 ) ) ;
#3091 = EDGE_LOOP ( 'NONE', ( #5987, #4446, #2350, #5369, #2291, #1313, #329, #2776, #5732, #6262, #3501, #4997, #3200, #4917, #4418, #1689, #4085, #4170, #5292, #1186, #4046, #5248, #970, #1675, #167, #3208, #1983, #5465, #2874, #3968, #3001, #2139, #3469, #6344, #4395, #4436, #2683, #2281, #3393, #4542, #4102, #878, #1596, #5278, #1870, #5328, #2057, #234, #4177, #5779, #3549, #6162, #2387, #3328, #2231, #3531, #2872, #1256, #1071, #4959, #1625, #4201, #2756, #3597 ) ) ;
#3092 = ORIENTED_EDGE ( 'NONE', *, *, #5364, .F. ) ;
#3093 = CARTESIAN_POINT ( 'NONE',  ( -0.02748109377781744744, 0.1892545897336807836, 0.01617881052288667326 ) ) ;
#3094 = ORIENTED_EDGE ( 'NONE', *, *, #2293, .F. ) ;
#3095 = DIRECTION ( 'NONE',  ( 1.970877152922708759E-16, 1.006139616066556398E-15, 1.000000000000000000 ) ) ;
#3096 =( BOUNDED_CURVE ( )  B_SPLINE_CURVE ( 3, ( #3784, #4327, #4768, #4817 ),
 .UNSPECIFIED., .F., .T. ) 
 B_SPLINE_CURVE_WITH_KNOTS ( ( 4, 4 ),
 ( 1.570796326794895004, 4.712388980384689674 ),
 .UNSPECIFIED. ) 
 CURVE ( )  GEOMETRIC_REPRESENTATION_ITEM ( )  RATIONAL_B_SPLINE_CURVE ( ( 1.000000000000000000, 0.3333333333333335369, 0.3333333333333335369, 1.000000000000000000 ) ) 
 REPRESENTATION_ITEM ( '' )  );
#3097 = VECTOR ( 'NONE', #2832, 39.37007874015748143 ) ;
#3098 = VECTOR ( 'NONE', #4712, 39.37007874015748143 ) ;
#3099 = VERTEX_POINT ( 'NONE', #1848 ) ;
#3100 = EDGE_CURVE ( 'NONE', #5638, #5348, #5041, .T. ) ;
#3101 = CARTESIAN_POINT ( 'NONE',  ( 0.1499999999999953870, 0.1792545897336833560, 0.1000000000000087624 ) ) ;
#3102 = EDGE_CURVE ( 'NONE', #3407, #3157, #2108, .T. ) ;
#3103 = ORIENTED_EDGE ( 'NONE', *, *, #3088, .T. ) ;
#3104 = LINE ( 'NONE', #2456, #1216 ) ;
#3105 = DIRECTION ( 'NONE',  ( -1.332267629550189623E-15, -1.000000000000000000, -4.163336342344342450E-16 ) ) ;
#3106 = DIRECTION ( 'NONE',  ( -1.000000000000000000, -1.858026332526782823E-15, 1.970877152922727494E-16 ) ) ;
#3107 = EDGE_CURVE ( 'NONE', #1404, #5557, #541, .T. ) ;
#3108 = AXIS2_PLACEMENT_3D ( 'NONE', #1765, #5198, #5772 ) ;
#3109 = LINE ( 'NONE', #226, #5271 ) ;
#3110 = CARTESIAN_POINT ( 'NONE',  ( 0.3749999999999925615, 0.1792545897336860761, 0.1000000000000049460 ) ) ;
#3111 = ORIENTED_EDGE ( 'NONE', *, *, #5582, .F. ) ;
#3112 = DIRECTION ( 'NONE',  ( -2.635182449764338759E-15, -1.000000000000000000, -6.314393452555451606E-16 ) ) ;
#3113 = CARTESIAN_POINT ( 'NONE',  ( 0.1399999999999936018, 0.1692545897336848182, -0.03999999999999602485 ) ) ;
#3114 = VECTOR ( 'NONE', #498, 39.37007874015748143 ) ;
#3115 = ORIENTED_EDGE ( 'NONE', *, *, #1284, .F. ) ;
#3116 = SURFACE_SIDE_STYLE ('',( #1247 ) ) ;
#3117 = ORIENTED_EDGE ( 'NONE', *, *, #6064, .F. ) ;
#3118 = LINE ( 'NONE', #5286, #2980 ) ;
#3119 = ADVANCED_FACE ( 'NONE', ( #3269 ), #2879, .F. ) ;
#3120 = DIRECTION ( 'NONE',  ( -1.000000000000000000, -1.276756478318932585E-15, -1.110223024625158759E-16 ) ) ;
#3121 = ORIENTED_EDGE ( 'NONE', *, *, #3505, .T. ) ;
#3122 = FILL_AREA_STYLE ('',( #3085 ) ) ;
#3123 = CARTESIAN_POINT ( 'NONE',  ( -0.3750000000000046074, 0.1792545897336871585, 0.1000000000000054873 ) ) ;
#3124 = EDGE_CURVE ( 'NONE', #3245, #6018, #1481, .T. ) ;
#3125 = ORIENTED_EDGE ( 'NONE', *, *, #256, .F. ) ;
#3126 = LINE ( 'NONE', #4149, #6084 ) ;
#3127 = DIRECTION ( 'NONE',  ( -1.332267629550189623E-15, -1.000000000000000000, -4.163336342344342450E-16 ) ) ;
#3128 = CARTESIAN_POINT ( 'NONE',  ( -0.04964466790968320720, -0.04723214755363320388, -0.009999999999984321777 ) ) ;
#3129 = CARTESIAN_POINT ( 'NONE',  ( 0.02165164318030532095, 0.1792545897336828009, 0.01515632523740293933 ) ) ;
#3130 = AXIS2_PLACEMENT_3D ( 'NONE', #4212, #4771, #2275 ) ;
#3131 = EDGE_CURVE ( 'NONE', #1377, #6401, #2892, .T. ) ;
#3132 = PLANE ( 'NONE',  #954 ) ;
#3133 = LENGTH_MEASURE_WITH_UNIT ( LENGTH_MEASURE( 0.02539999999999999897 ), #3685 );
#3134 = ORIENTED_EDGE ( 'NONE', *, *, #4150, .T. ) ;
#3135 = LINE ( 'NONE', #2632, #4134 ) ;
#3136 = DIRECTION ( 'NONE',  ( 1.000000000000000000, 1.276756478318932191E-15, 1.110223024625158513E-16 ) ) ;
#3137 = ORIENTED_EDGE ( 'NONE', *, *, #5218, .T. ) ;
#3138 = DIRECTION ( 'NONE',  ( -2.468648996070568828E-15, -1.000000000000000000, -9.367506770274570955E-16 ) ) ;
#3139 = ORIENTED_EDGE ( 'NONE', *, *, #2177, .T. ) ;
#3140 = CARTESIAN_POINT ( 'NONE',  ( -0.002945840137346667376, 0.1792545897336812188, -0.01161646258158661148 ) ) ;
#3141 =( GEOMETRIC_REPRESENTATION_CONTEXT ( 3 ) GLOBAL_UNCERTAINTY_ASSIGNED_CONTEXT ( ( #1327 ) ) GLOBAL_UNIT_ASSIGNED_CONTEXT ( ( #5241, #1221, #5649 ) ) REPRESENTATION_CONTEXT ( 'NONE', 'WORKASPACE' ) );
#3142 = DIRECTION ( 'NONE',  ( 5.551115123125767911E-17, 5.967448757360200628E-16, 1.000000000000000000 ) ) ;
#3143 = EDGE_CURVE ( 'NONE', #1534, #4136, #4616, .T. ) ;
#3144 = FACE_OUTER_BOUND ( 'NONE', #484, .T. ) ;
#3145 = ORIENTED_EDGE ( 'NONE', *, *, #1530, .F. ) ;
#3146 = VECTOR ( 'NONE', #1869, 39.37007874015748143 ) ;
#3147 = ADVANCED_FACE ( 'NONE', ( #4557 ), #5960, .F. ) ;
#3148 = FACE_OUTER_BOUND ( 'NONE', #3734, .T. ) ;
#3149 = VECTOR ( 'NONE', #6435, 39.37007874015748143 ) ;
#3150 = ORIENTED_EDGE ( 'NONE', *, *, #3931, .F. ) ;
#3151 = CARTESIAN_POINT ( 'NONE',  ( 0.05605150371280231969, 0.06925458973369079396, -0.01249999999998381746 ) ) ;
#3152 = CARTESIAN_POINT ( 'NONE',  ( 0.0007230357127334506194, 0.1792545897336866312, -0.002718415153748136252 ) ) ;
#3153 = ORIENTED_EDGE ( 'NONE', *, *, #1622, .T. ) ;
#3154 = CARTESIAN_POINT ( 'NONE',  ( 0.3749999999999925615, 0.1792545897336844385, -0.09999999999999401035 ) ) ;
#3155 = DIRECTION ( 'NONE',  ( -0.4472135954999587604, -0.8944271909999153003, -4.670742959067547185E-16 ) ) ;
#3156 = LINE ( 'NONE', #6304, #106 ) ;
#3157 = VERTEX_POINT ( 'NONE', #233 ) ;
#3158 = ORIENTED_EDGE ( 'NONE', *, *, #2344, .F. ) ;
#3159 = CARTESIAN_POINT ( 'NONE',  ( 0.2874999999999924838, 0.09425458973368193438, -0.09999999999999456546 ) ) ;
#3160 = EDGE_CURVE ( 'NONE', #5280, #6093, #750, .T. ) ;
#3161 = CYLINDRICAL_SURFACE ( 'NONE', #6014, 0.01250000000000003712 ) ;
#3162 = VERTEX_POINT ( 'NONE', #3720 ) ;
#3163 = VERTEX_POINT ( 'NONE', #777 ) ;
#3164 = DIRECTION ( 'NONE',  ( 1.970877152922708759E-16, 1.006139616066556398E-15, 1.000000000000000000 ) ) ;
#3165 = DIRECTION ( 'NONE',  ( 6.106226635438362944E-16, 0.8479983040050872445, -0.5299989400031810405 ) ) ;
#3166 = VECTOR ( 'NONE', #2816, 39.37007874015748143 ) ;
#3167 = CARTESIAN_POINT ( 'NONE',  ( 0.3324999999999938005, -0.2807454102663172191, 0.06250000000000513478 ) ) ;
#3168 = LENGTH_MEASURE_WITH_UNIT ( LENGTH_MEASURE( 0.02539999999999999897 ), #756 );
#3169 = ORIENTED_EDGE ( 'NONE', *, *, #2555, .T. ) ;
#3170 = PLANE ( 'NONE',  #675 ) ;
#3171 = VERTEX_POINT ( 'NONE', #3231 ) ;
#3172 =( BOUNDED_CURVE ( )  B_SPLINE_CURVE ( 3, ( #3678, #3702, #5608, #5094 ),
 .UNSPECIFIED., .F., .T. ) 
 B_SPLINE_CURVE_WITH_KNOTS ( ( 4, 4 ),
 ( 1.570796326794895004, 4.712388980384689674 ),
 .UNSPECIFIED. ) 
 CURVE ( )  GEOMETRIC_REPRESENTATION_ITEM ( )  RATIONAL_B_SPLINE_CURVE ( ( 1.000000000000000000, 0.3333333333333340365, 0.3333333333333340365, 1.000000000000000000 ) ) 
 REPRESENTATION_ITEM ( '' )  );
#3173 = EDGE_CURVE ( 'NONE', #5660, #2368, #2904, .T. ) ;
#3174 = CARTESIAN_POINT ( 'NONE',  ( 0.3624999999999915512, 0.09425458973368083804, -0.09999999999999566180 ) ) ;
#3175 = CARTESIAN_POINT ( 'NONE',  ( 0.02008728313750108435, 0.1792545897336806082, 0.007775943233613099789 ) ) ;
#3176 = FACE_OUTER_BOUND ( 'NONE', #4693, .T. ) ;
#3177 = FACE_OUTER_BOUND ( 'NONE', #3876, .T. ) ;
#3178 = CARTESIAN_POINT ( 'NONE',  ( 0.3749999999999925615, 0.1792545897336844385, -0.09999999999999401035 ) ) ;
#3179 = AXIS2_PLACEMENT_3D ( 'NONE', #2512, #55, #568 ) ;
#3180 = STYLED_ITEM ( 'NONE', ( #4586 ), #1123 ) ;
#3181 = LINE ( 'NONE', #132, #538 ) ;
#3182 = EDGE_CURVE ( 'NONE', #1687, #4875, #5512, .T. ) ;
#3183 = ADVANCED_FACE ( 'NONE', ( #6375 ), #2263, .T. ) ;
#3184 = CARTESIAN_POINT ( 'NONE',  ( -0.0009264033145336291906, 0.1892545897336851413, -0.01165073162879694084 ) ) ;
#3185 = VERTEX_POINT ( 'NONE', #5940 ) ;
#3186 = LINE ( 'NONE', #3479, #3114 ) ;
#3187 = CARTESIAN_POINT ( 'NONE',  ( 0.2624999999999931277, 0.05425458973368382093, -0.07499999999999321099 ) ) ;
#3188 = CARTESIAN_POINT ( 'NONE',  ( -0.3000000000000017097, -0.2807454102663150541, -0.09999999999999456546 ) ) ;
#3190 = CARTESIAN_POINT ( 'NONE',  ( 0.001226769685724445058, 0.1792545897336871585, 0.03218978713788150231 ) ) ;
#3189 = CARTESIAN_POINT ( 'NONE',  ( 0.05605150371280286092, -0.1865689222180856310, 0.01000000000001573762 ) ) ;
#3191 = EDGE_CURVE ( 'NONE', #2667, #441, #1136, .T. ) ;
#3192 = AXIS2_PLACEMENT_3D ( 'NONE', #730, #3671, #3654 ) ;
#3193 = CYLINDRICAL_SURFACE ( 'NONE', #817, 0.01250000000000003712 ) ;
#3194 = VERTEX_POINT ( 'NONE', #254 ) ;
#3195 = CARTESIAN_POINT ( 'NONE',  ( 0.04999999999999427819, 0.1792545897336828009, 0.1000000000000074024 ) ) ;
#3196 = PLANE ( 'NONE',  #2905 ) ;
#3197 = FILL_AREA_STYLE_COLOUR ( '', #1912 ) ;
#3198 = CARTESIAN_POINT ( 'NONE',  ( 0.02247932668749923896, 0.1792545897336849936, -0.01547150663841511710 ) ) ;
#3199 = EDGE_CURVE ( 'NONE', #3470, #2315, #1554, .T. ) ;
#3200 = ORIENTED_EDGE ( 'NONE', *, *, #5945, .T. ) ;
#3201 = CARTESIAN_POINT ( 'NONE',  ( 0.01609550434597692772, 0.1892545897336807836, -0.02009427313280992555 ) ) ;
#3202 = CARTESIAN_POINT ( 'NONE',  ( 0.007473462373468438627, 0.1792545897336860761, -0.01351677521739219102 ) ) ;
#3203 = FILL_AREA_STYLE_COLOUR ( '', #1367 ) ;
#3204 = VERTEX_POINT ( 'NONE', #700 ) ;
#3205 = VECTOR ( 'NONE', #348, 39.37007874015748143 ) ;
#3206 = CARTESIAN_POINT ( 'NONE',  ( -0.3625000000000035971, 0.09425458973368630589, 0.1000000000000065836 ) ) ;
#3207 = ORIENTED_EDGE ( 'NONE', *, *, #256, .T. ) ;
#3208 = ORIENTED_EDGE ( 'NONE', *, *, #2200, .F. ) ;
#3209 = ADVANCED_FACE ( 'NONE', ( #1707 ), #1841, .T. ) ;
#3210 = PLANE ( 'NONE',  #5859 ) ;
#3211 =( NAMED_UNIT ( * ) PLANE_ANGLE_UNIT ( ) SI_UNIT ( $, .RADIAN. ) );
#3212 = CARTESIAN_POINT ( 'NONE',  ( 0.02793114286824158535, 0.1892545897336785909, 0.006047668328414703386 ) ) ;
#3213 = DIRECTION ( 'NONE',  ( -1.000000000000000000, -2.135582088683073931E-15, -4.191323202172999653E-16 ) ) ;
#3214 = EDGE_CURVE ( 'NONE', #2053, #5667, #5713, .T. ) ;
#3215 = CARTESIAN_POINT ( 'NONE',  ( -0.08750000000000392186, 0.1792545897336855210, -0.09999999999999183153 ) ) ;
#3216 = EDGE_LOOP ( 'NONE', ( #2727, #4322, #5645, #315 ) ) ;
#3217 = ORIENTED_EDGE ( 'NONE', *, *, #2906, .F. ) ;
#3218 = DIRECTION ( 'NONE',  ( 1.000000000000000000, 1.276756478318932585E-15, 1.110223024625158759E-16 ) ) ;
#3219 = CARTESIAN_POINT ( 'NONE',  ( -0.01357273298371798435, 0.1892545897336807836, -0.04263804480405222752 ) ) ;
#3220 = DIRECTION ( 'NONE',  ( -2.635182449764338759E-15, -1.000000000000000000, -6.314393452555451606E-16 ) ) ;
#3221 =( NAMED_UNIT ( * ) PLANE_ANGLE_UNIT ( ) SI_UNIT ( $, .RADIAN. ) );
#3222 = VERTEX_POINT ( 'NONE', #5225 ) ;
#3223 = CARTESIAN_POINT ( 'NONE',  ( -0.003158557798293490110, 0.1892545897336835037, -0.003006180301988076696 ) ) ;
#3224 = EDGE_CURVE ( 'NONE', #3000, #788, #3109, .T. ) ;
#3225 = PLANE ( 'NONE',  #2857 ) ;
#3226 = ADVANCED_FACE ( 'NONE', ( #2103 ), #245, .T. ) ;
#3227 = LINE ( 'NONE', #1576, #3943 ) ;
#3228 = CARTESIAN_POINT ( 'NONE',  ( 0.3324999999999940781, -0.005745410266313726554, -0.03749999999999571038 ) ) ;
#3229 = EDGE_LOOP ( 'NONE', ( #4618, #3111, #5335, #3340 ) ) ;
#3230 = ORIENTED_EDGE ( 'NONE', *, *, #714, .T. ) ;
#3231 = CARTESIAN_POINT ( 'NONE',  ( 0.1624999999999904021, 0.09425458973368630589, -0.09999999999999674427 ) ) ;
#3232 = DIRECTION ( 'NONE',  ( 5.551115123125252070E-17, 0.000000000000000000, 1.000000000000000000 ) ) ;
#3233 = CARTESIAN_POINT ( 'NONE',  ( 0.3124999999999907851, 0.05425458973368292581, 0.07500000000000539568 ) ) ;
#3234 = DIRECTION ( 'NONE',  ( -1.332267629550189623E-15, -1.000000000000000000, -4.163336342344342450E-16 ) ) ;
#3235 = ORIENTED_EDGE ( 'NONE', *, *, #1106, .F. ) ;
#3236 = EDGE_CURVE ( 'NONE', #1534, #1341, #4265, .T. ) ;
#3237 = SURFACE_STYLE_FILL_AREA ( #2246 ) ;
#3238 = CARTESIAN_POINT ( 'NONE',  ( 0.02909147715294313832, 0.1792545897336795813, 0.01184370242795777621 ) ) ;
#3239 = DIRECTION ( 'NONE',  ( -1.000000000000000000, -1.276756478318932585E-15, -1.110223024625158759E-16 ) ) ;
#3240 = CARTESIAN_POINT ( 'NONE',  ( 0.02162672384274021489, 0.1892545897336807836, 0.01630701497410743869 ) ) ;
#3241 = CARTESIAN_POINT ( 'NONE',  ( 0.008726579731197451478, 0.1792545897336828009, -0.03681445632959114145 ) ) ;
#3242 = CARTESIAN_POINT ( 'NONE',  ( -0.02936674827094055626, -0.04723214755362883238, 0.01000000000001437239 ) ) ;
#3243 = LINE ( 'NONE', #1839, #4873 ) ;
#3244 = CARTESIAN_POINT ( 'NONE',  ( 0.01711365014875594961, 0.1892545897336829763, -0.02780330123909880921 ) ) ;
#3245 = VERTEX_POINT ( 'NONE', #5752 ) ;
#3246 = ORIENTED_EDGE ( 'NONE', *, *, #647, .F. ) ;
#3247 = ADVANCED_FACE ( 'NONE', ( #4889 ), #1314, .F. ) ;
#3248 = CARTESIAN_POINT ( 'NONE',  ( -0.01980762102679808553, 0.1892545897336807836, 0.01682045369594680276 ) ) ;
#3249 = EDGE_CURVE ( 'NONE', #2502, #858, #1306, .T. ) ;
#3250 = CARTESIAN_POINT ( 'NONE',  ( -0.01607452348235566958, 0.1892545897336873340, 0.03600597387196861898 ) ) ;
#3251 = LINE ( 'NONE', #4226, #5028 ) ;
#3252 = LINE ( 'NONE', #1241, #3098 ) ;
#3253 = ORIENTED_EDGE ( 'NONE', *, *, #3353, .F. ) ;
#3254 = CARTESIAN_POINT ( 'NONE',  ( -0.01643207846912572365, 0.1892545897336818661, 0.02440693119499447519 ) ) ;
#3255 = CARTESIAN_POINT ( 'NONE',  ( -0.1125000000000092454, 0.09425458973368465443, -0.09999999999999510669 ) ) ;
#3256 = VECTOR ( 'NONE', #5646, 39.37007874015748143 ) ;
#3257 = EDGE_CURVE ( 'NONE', #2805, #4721, #5366, .T. ) ;
#3258 = CARTESIAN_POINT ( 'NONE',  ( 0.05605150371280177152, 0.01925458973369980134, -0.01249999999998381746 ) ) ;
#3259 =( LENGTH_UNIT ( ) NAMED_UNIT ( * ) SI_UNIT ( $, .METRE. ) );
#3260 = LINE ( 'NONE', #3167, #5736 ) ;
#3261 = CARTESIAN_POINT ( 'NONE',  ( -0.1125000000000010575, -0.2807454102663161088, -0.09999999999999346911 ) ) ;
#3262 = ADVANCED_FACE ( 'NONE', ( #1400 ), #6041, .T. ) ;
#3263 = PRESENTATION_STYLE_ASSIGNMENT (( #5665 ) ) ;
#3264 = CARTESIAN_POINT ( 'NONE',  ( 0.2124999999999928890, 0.1792545897336871585, -0.09999999999999784062 ) ) ;
#3265 = CARTESIAN_POINT ( 'NONE',  ( 0.0005303912649160341620, 0.1892545897336851413, -0.04685537751130350315 ) ) ;
#3266 = EDGE_CURVE ( 'NONE', #1047, #4457, #4428, .T. ) ;
#3267 = DIRECTION ( 'NONE',  ( -1.000000000000000000, -1.490591092757379507E-15, 9.316194329733621921E-17 ) ) ;
#3268 = CARTESIAN_POINT ( 'NONE',  ( -0.01679733309406145417, 0.1892545897336835037, -0.02548785614378141703 ) ) ;
#3269 = FACE_OUTER_BOUND ( 'NONE', #854, .T. ) ;
#3270 = EDGE_LOOP ( 'NONE', ( #535, #1287, #804, #5020 ) ) ;
#3271 = CARTESIAN_POINT ( 'NONE',  ( -0.01643207846912573752, 0.1792545897336784988, 0.02440693119499447172 ) ) ;
#3272 = FILL_AREA_STYLE_COLOUR ( '', #3396 ) ;
#3273 = DIRECTION ( 'NONE',  ( -1.332267629550189623E-15, -1.000000000000000000, -4.163336342344342450E-16 ) ) ;
#3274 = CARTESIAN_POINT ( 'NONE',  ( 0.3324999999999915801, -0.1803076923076681881, -0.03749999999999269890 ) ) ;
#3275 = FACE_OUTER_BOUND ( 'NONE', #6170, .T. ) ;
#3276 = CARTESIAN_POINT ( 'NONE',  ( 0.09105150371278705745, -0.5507454102663118523, -0.01249999999998600321 ) ) ;
#3277 = CARTESIAN_POINT ( 'NONE',  ( -0.0009264033145341756285, 0.1792545897336844385, -0.01165073162879721319 ) ) ;
#3278 = AXIS2_PLACEMENT_3D ( 'NONE', #6382, #6426, #1976 ) ;
#3279 = DIRECTION ( 'NONE',  ( 1.000000000000000000, 1.276756478318932191E-15, 1.110223024625158513E-16 ) ) ;
#3280 = EDGE_CURVE ( 'NONE', #1986, #1534, #4487, .T. ) ;
#3281 = PLANE ( 'NONE',  #3802 ) ;
#3282 =( CONVERSION_BASED_UNIT ( 'INCH', #3168 ) LENGTH_UNIT ( ) NAMED_UNIT ( #4896 ) );
#3283 = LENGTH_MEASURE_WITH_UNIT ( LENGTH_MEASURE( 0.02539999999999999897 ), #5186 );
#3284 = DIRECTION ( 'NONE',  ( -1.000000000000000000, -8.326672684688685886E-16, -1.942890293094015564E-16 ) ) ;
#3285 = FACE_OUTER_BOUND ( 'NONE', #5905, .T. ) ;
#3286 = CARTESIAN_POINT ( 'NONE',  ( 0.02416821177773580132, 0.1792545897336806915, -0.0009485933232672305463 ) ) ;
#3287 = CARTESIAN_POINT ( 'NONE',  ( 0.001220861675325737991, 0.1792545897336838834, -0.03829471114774246621 ) ) ;
#3288 = CARTESIAN_POINT ( 'NONE',  ( -0.2125000000000082934, 0.05425458973368785243, 0.07500000000000621447 ) ) ;
#3289 = VECTOR ( 'NONE', #4398, 39.37007874015748143 ) ;
#3290 = EDGE_CURVE ( 'NONE', #4698, #6367, #2236, .T. ) ;
#3291 = DIRECTION ( 'NONE',  ( -1.000000000000000000, -1.276756478318932585E-15, -1.110223024625158759E-16 ) ) ;
#3292 = CARTESIAN_POINT ( 'NONE',  ( 0.02234726279451896766, 0.1792545897336828009, -0.003200204051663043097 ) ) ;
#3293 = UNCERTAINTY_MEASURE_WITH_UNIT (LENGTH_MEASURE( 1.000000000000000082E-05 ), #216, 'distance_accuracy_value', 'NONE');
#3294 = DIRECTION ( 'NONE',  ( -1.000000000000000000, -1.276756478318932585E-15, -1.110223024625158759E-16 ) ) ;
#3295 = CARTESIAN_POINT ( 'NONE',  ( -0.009225738047352846291, 0.1892545897336807836, -0.03566019915533747559 ) ) ;
#3296 = ORIENTED_EDGE ( 'NONE', *, *, #152, .F. ) ;
#3297 = ORIENTED_EDGE ( 'NONE', *, *, #1305, .T. ) ;
#3298 = CARTESIAN_POINT ( 'NONE',  ( 0.01739070109397345201, 0.1892545897336856964, -0.02523745550275343155 ) ) ;
#3299 = PLANE ( 'NONE',  #3367 ) ;
#3300 = VECTOR ( 'NONE', #6284, 39.37007874015748143 ) ;
#3301 = CARTESIAN_POINT ( 'NONE',  ( -0.2900000000000048095, 0.1692545897336853733, 0.04000000000000612788 ) ) ;
#3302 = ADVANCED_FACE ( 'NONE', ( #3428 ), #5141, .F. ) ;
#3303 = EDGE_LOOP ( 'NONE', ( #2815, #5320, #4474, #865 ) ) ;
#3304 = EDGE_CURVE ( 'NONE', #1266, #2561, #6451, .T. ) ;
#3305 = CARTESIAN_POINT ( 'NONE',  ( -0.3625000000000046518, 0.09425458973367974169, -0.09999999999999510669 ) ) ;
#3306 = ORIENTED_EDGE ( 'NONE', *, *, #773, .T. ) ;
#3307 = CARTESIAN_POINT ( 'NONE',  ( 0.1624999999999958700, 0.1792545897336838834, 0.1000000000000079436 ) ) ;
#3308 =( NAMED_UNIT ( * ) SI_UNIT ( $, .STERADIAN. ) SOLID_ANGLE_UNIT ( ) );
#3309 = CARTESIAN_POINT ( 'NONE',  ( 0.02914283784611372899, 0.1892545897336791461, 0.01385843124938349394 ) ) ;
#3310 = EDGE_LOOP ( 'NONE', ( #971, #3832, #2353, #576, #4208 ) ) ;
#3311 = DIRECTION ( 'NONE',  ( -2.635182449764338759E-15, -1.000000000000000000, -6.314393452555451606E-16 ) ) ;
#3312 = CARTESIAN_POINT ( 'NONE',  ( -0.003976820273541262392, 0.1892545897336818661, -0.01159896725489305454 ) ) ;
#3313 = LINE ( 'NONE', #5523, #3669 ) ;
#3314 = PLANE ( 'NONE',  #1920 ) ;
#3315 = VECTOR ( 'NONE', #426, 39.37007874015748143 ) ;
#3316 = CIRCLE ( 'NONE', #4059, 0.01250000000000003712 ) ;
#3317 = FILL_AREA_STYLE ('',( #5224 ) ) ;
#3318 = ORIENTED_EDGE ( 'NONE', *, *, #773, .F. ) ;
#3319 = VERTEX_POINT ( 'NONE', #3919 ) ;
#3320 = CARTESIAN_POINT ( 'NONE',  ( 0.2410515037127993754, -0.5507454102663162931, 0.01250000000002069768 ) ) ;
#3321 = DIRECTION ( 'NONE',  ( -1.000000000000000000, -1.276756478318932585E-15, -1.110223024625158759E-16 ) ) ;
#3322 = CARTESIAN_POINT ( 'NONE',  ( -0.01442573033998545765, 0.1792545897336790539, -0.03014137036124467373 ) ) ;
#3323 = CARTESIAN_POINT ( 'NONE',  ( 0.2374999999999916622, -0.2807454102663183293, 0.1000000000000033085 ) ) ;
#3324 = CARTESIAN_POINT ( 'NONE',  ( 0.1214831428074643338, -0.1577405214759519392, 0.01250000000001796549 ) ) ;
#3325 = FACE_OUTER_BOUND ( 'NONE', #6263, .T. ) ;
#3326 = SURFACE_STYLE_FILL_AREA ( #2307 ) ;
#3327 = AXIS2_PLACEMENT_3D ( 'NONE', #2351, #5739, #5820 ) ;
#3328 = ORIENTED_EDGE ( 'NONE', *, *, #6071, .T. ) ;
#3329 = VERTEX_POINT ( 'NONE', #1930 ) ;
#3330 = EDGE_CURVE ( 'NONE', #1732, #3740, #3104, .T. ) ;
#3331 = DIRECTION ( 'NONE',  ( 1.332267629550189623E-15, 1.000000000000000000, 4.163336342344342450E-16 ) ) ;
#3332 = DIRECTION ( 'NONE',  ( 9.436895709313822705E-16, 0.8479983040050875776, 0.5299989400031804854 ) ) ;
#3333 = B_SPLINE_CURVE_WITH_KNOTS ( 'NONE', 3,
 ( #6042, #2038, #5027, #6454, #5527, #3028, #6060, #155, #3629, #1600, #1145, #1626, #6099, #138, #2174 ),
 .UNSPECIFIED., .F., .F.,
 ( 4, 1, 1, 1, 1, 1, 1, 1, 1, 1, 1, 1, 4 ),
 ( 0.000000000000000000, 0.07964825118022790529, 0.1589216764181125563, 0.2396194947370318962, 0.3226094298185608888, 0.4060346366179243272, 0.4876020954923879769, 0.5696846265959311095, 0.6530361450088340014, 0.7374357177222882198, 0.8224778158555100527, 0.9097476551184072724, 1.000000000000000000 ),
 .UNSPECIFIED. ) ;
#3334 = ORIENTED_EDGE ( 'NONE', *, *, #5737, .F. ) ;
#3335 = PLANE ( 'NONE',  #5682 ) ;
#3336 = VERTEX_POINT ( 'NONE', #5919 ) ;
#3337 = CARTESIAN_POINT ( 'NONE',  ( 0.3499999999999921507, 0.1792545897336800531, -0.09999999999999510669 ) ) ;
#3338 = DIRECTION ( 'NONE',  ( 1.000000000000000000, 1.276756478318932585E-15, -5.551115123125791330E-17 ) ) ;
#3339 = FACE_OUTER_BOUND ( 'NONE', #789, .T. ) ;
#3340 = ORIENTED_EDGE ( 'NONE', *, *, #2063, .T. ) ;
#3341 = CARTESIAN_POINT ( 'NONE',  ( 0.01741940028497449347, 0.1892545897336818661, -0.009629604523848037806 ) ) ;
#3342 = CARTESIAN_POINT ( 'NONE',  ( 0.02482972424199134456, 0.1792545897336849936, -0.02611966954341641764 ) ) ;
#3343 = DIRECTION ( 'NONE',  ( 1.970877152922708759E-16, 1.006139616066556398E-15, 1.000000000000000000 ) ) ;
#3344 = ADVANCED_FACE ( 'NONE', ( #3633 ), #2691, .F. ) ;
#3345 = PLANE ( 'NONE',  #2138 ) ;
#3346 = CARTESIAN_POINT ( 'NONE',  ( 0.05637629238880918076, -0.1631983307839933728, 0.01000000000001655814 ) ) ;
#3347 = VERTEX_POINT ( 'NONE', #470 ) ;
#3348 = VECTOR ( 'NONE', #6337, 39.37007874015748143 ) ;
#3349 = LINE ( 'NONE', #2439, #5825 ) ;
#3350 = CARTESIAN_POINT ( 'NONE',  ( 0.3749999999999925615, 0.1792545897336844385, -0.09999999999999401035 ) ) ;
#3351 = CARTESIAN_POINT ( 'NONE',  ( -0.01062770409874786229, 0.1792545897336790539, -0.03459471263507824662 ) ) ;
#3352 = DIRECTION ( 'NONE',  ( 1.970877152922708759E-16, 1.006139616066556398E-15, 1.000000000000000000 ) ) ;
#3353 = EDGE_CURVE ( 'NONE', #3407, #4976, #1153, .T. ) ;
#3354 = LINE ( 'NONE', #3437, #4354 ) ;
#3355 = LINE ( 'NONE', #2778, #2336 ) ;
#3356 = ORIENTED_EDGE ( 'NONE', *, *, #2245, .T. ) ;
#3357 = CARTESIAN_POINT ( 'NONE',  ( 0.1124999999999983236, -0.2807454102663193840, -0.09999999999999510669 ) ) ;
#3358 = CARTESIAN_POINT ( 'NONE',  ( -0.3250000000000059508, -0.2207454102663173046, -0.02499999999999440517 ) ) ;
#3359 = VECTOR ( 'NONE', #115, 39.37007874015748143 ) ;
#3360 = ORIENTED_EDGE ( 'NONE', *, *, #1545, .T. ) ;
#3361 = CARTESIAN_POINT ( 'NONE',  ( 0.3749999999999925615, 0.1792545897336860761, 0.1000000000000049460 ) ) ;
#3362 = DIRECTION ( 'NONE',  ( -6.106226635438362944E-16, -0.8479983040050872445, 0.5299989400031810405 ) ) ;
#3363 = CARTESIAN_POINT ( 'NONE',  ( 0.02177963828146201042, 0.1892545897336840588, -0.03585526280766380275 ) ) ;
#3364 =( GEOMETRIC_REPRESENTATION_CONTEXT ( 3 ) GLOBAL_UNCERTAINTY_ASSIGNED_CONTEXT ( ( #5479 ) ) GLOBAL_UNIT_ASSIGNED_CONTEXT ( ( #771, #3221, #1229 ) ) REPRESENTATION_CONTEXT ( 'NONE', 'WORKASPACE' ) );
#3365 = EDGE_CURVE ( 'NONE', #6093, #6154, #2255, .T. ) ;
#3366 = PLANE ( 'NONE',  #2804 ) ;
#3367 = AXIS2_PLACEMENT_3D ( 'NONE', #3392, #3894, #5256 ) ;
#3368 = DIRECTION ( 'NONE',  ( 1.000000000000000000, 1.276756478318932191E-15, 1.110223024625158513E-16 ) ) ;
#3369 = VECTOR ( 'NONE', #3640, 39.37007874015748143 ) ;
#3370 = CARTESIAN_POINT ( 'NONE',  ( -0.007327198366657303522, 0.1792545897336866312, -0.03673955676085699507 ) ) ;
#3371 = LINE ( 'NONE', #3888, #3827 ) ;
#3372 = EDGE_LOOP ( 'NONE', ( #3053, #5055, #3235, #3134 ) ) ;
#3373 = ADVANCED_FACE ( 'NONE', ( #4806 ), #537, .F. ) ;
#3374 = CARTESIAN_POINT ( 'NONE',  ( -0.06250000000000349720, -0.2807454102663117235, -0.09999999999999566180 ) ) ;
#3375 = DIRECTION ( 'NONE',  ( -1.000000000000000000, -1.276756478318932388E-15, 5.551115123125844332E-17 ) ) ;
#3376 = FACE_OUTER_BOUND ( 'NONE', #4654, .T. ) ;
#3377 = DIRECTION ( 'NONE',  ( -1.000000000000000000, -1.969048634989294139E-15, 1.970877152922728481E-16 ) ) ;
#3378 = EDGE_CURVE ( 'NONE', #648, #4923, #6368, .T. ) ;
#3379 = VERTEX_POINT ( 'NONE', #1539 ) ;
#3380 = VERTEX_POINT ( 'NONE', #2787 ) ;
#3381 = CARTESIAN_POINT ( 'NONE',  ( -0.07227584794739169705, -0.1861057446201191401, 0.01000000000001245899 ) ) ;
#3382 = PLANE ( 'NONE',  #1503 ) ;
#3383 = ORIENTED_EDGE ( 'NONE', *, *, #2522, .T. ) ;
#3384 = CARTESIAN_POINT ( 'NONE',  ( 0.1124999999999913847, 0.05425458973368292581, 0.07500000000000989209 ) ) ;
#3385 = EDGE_CURVE ( 'NONE', #6018, #183, #2890, .T. ) ;
#3386 = CARTESIAN_POINT ( 'NONE',  ( 0.02414062334177803984, 0.1792545897336828564, -0.03065393741398995953 ) ) ;
#3387 = CARTESIAN_POINT ( 'NONE',  ( 0.2760515037128026816, 0.06925458973368642246, 0.01250000000001605209 ) ) ;
#3388 = CARTESIAN_POINT ( 'NONE',  ( -0.2875000000000086375, 0.05425458973367965065, 0.07500000000001030842 ) ) ;
#3389 = LINE ( 'NONE', #3957, #2576 ) ;
#3390 = CARTESIAN_POINT ( 'NONE',  ( 0.02909147715294315220, 0.1892545897336796734, 0.01184370242795777968 ) ) ;
#3391 = ORIENTED_EDGE ( 'NONE', *, *, #1048, .F. ) ;
#3392 = CARTESIAN_POINT ( 'NONE',  ( -4.917326388595674188E-15, 0.1692545897336804328, 4.370956789862821150E-15 ) ) ;
#3393 = ORIENTED_EDGE ( 'NONE', *, *, #6139, .F. ) ;
#3394 = VECTOR ( 'NONE', #1679, 39.37007874015748143 ) ;
#3395 = EDGE_CURVE ( 'NONE', #812, #6367, #1550, .T. ) ;
#3396 = COLOUR_RGB ( '',0.6470588235294117974, 0.6196078431372549211, 0.5882352941176470784 ) ;
#3397 = CARTESIAN_POINT ( 'NONE',  ( 0.3749999999999925615, 0.1792545897336844385, -0.09999999999999401035 ) ) ;
#3398 = EDGE_LOOP ( 'NONE', ( #1592, #609, #2884, #3879 ) ) ;
#3399 = VERTEX_POINT ( 'NONE', #1328 ) ;
#3400 = ORIENTED_EDGE ( 'NONE', *, *, #6362, .T. ) ;
#3402 = CARTESIAN_POINT ( 'NONE',  ( 0.1499999999999926670, 0.1792545897336822458, -0.09999999999999566180 ) ) ;
#3401 = DIRECTION ( 'NONE',  ( 5.551115123125773458E-17, 1.387778780781443457E-16, 1.000000000000000000 ) ) ;
#3403 = CARTESIAN_POINT ( 'NONE',  ( 0.2410515037128015681, -0.5507454102663151829, -0.01249999999998627556 ) ) ;
#3404 = CARTESIAN_POINT ( 'NONE',  ( -0.02936674827094383489, -0.1631983307839846298, 0.01000000000001874390 ) ) ;
#3405 = FACE_OUTER_BOUND ( 'NONE', #477, .T. ) ;
#3406 = DIRECTION ( 'NONE',  ( -1.000000000000000000, -1.276756478318932585E-15, -1.110223024625158759E-16 ) ) ;
#3407 = VERTEX_POINT ( 'NONE', #300 ) ;
#3408 = DIRECTION ( 'NONE',  ( 1.000000000000000000, -2.635182449764338759E-15, -1.359791920952805236E-16 ) ) ;
#3409 = AXIS2_PLACEMENT_3D ( 'NONE', #990, #2549, #5541 ) ;
#3410 = CARTESIAN_POINT ( 'NONE',  ( -0.1375000000000058398, 0.09425458973368575077, 0.1000000000000043909 ) ) ;
#3411 = CARTESIAN_POINT ( 'NONE',  ( 0.02475066336555649393, 0.1792545897336795258, -0.02794722380949210550 ) ) ;
#3412 = EDGE_CURVE ( 'NONE', #1540, #3727, #4990, .T. ) ;
#3413 = SURFACE_STYLE_FILL_AREA ( #3317 ) ;
#3414 = CARTESIAN_POINT ( 'NONE',  ( 0.003769718717740962611, 0.1792545897336850491, -0.04675757737511596762 ) ) ;
#3415 = VERTEX_POINT ( 'NONE', #3305 ) ;
#3416 = VERTEX_POINT ( 'NONE', #2337 ) ;
#3417 = PLANE ( 'NONE',  #2186 ) ;
#3418 = AXIS2_PLACEMENT_3D ( 'NONE', #2917, #4345, #4919 ) ;
#3419 = ORIENTED_EDGE ( 'NONE', *, *, #2394, .T. ) ;
#3420 = EDGE_CURVE ( 'NONE', #1140, #2501, #3096, .T. ) ;
#3421 = ORIENTED_EDGE ( 'NONE', *, *, #1720, .T. ) ;
#3422 = CARTESIAN_POINT ( 'NONE',  ( 0.1124999999999928557, 0.09425458973368083804, -0.09999999999999237277 ) ) ;
#3423 = VECTOR ( 'NONE', #1262, 39.37007874015748143 ) ;
#3424 = CARTESIAN_POINT ( 'NONE',  ( 0.01501030839890068677, 0.1792545897336856042, 0.03732126716879227007 ) ) ;
#3425 = ORIENTED_EDGE ( 'NONE', *, *, #2822, .T. ) ;
#3426 = DIRECTION ( 'NONE',  ( -1.970877152922708759E-16, -1.006139616066556398E-15, -1.000000000000000000 ) ) ;
#3427 = CARTESIAN_POINT ( 'NONE',  ( 0.1214831428074643338, -0.1577405214759519392, 0.01250000000001796549 ) ) ;
#3428 = FACE_OUTER_BOUND ( 'NONE', #1440, .T. ) ;
#3429 = CARTESIAN_POINT ( 'NONE',  ( 0.3749999999999925615, 0.1792545897336860761, 0.1000000000000049460 ) ) ;
#3430 = ORIENTED_EDGE ( 'NONE', *, *, #640, .T. ) ;
#3431 = CARTESIAN_POINT ( 'NONE',  ( 0.009979001242801866650, 0.1892545897336807836, -0.04522568287908935308 ) ) ;
#3432 = CARTESIAN_POINT ( 'NONE',  ( 0.02914283784611154324, 0.1792545897336816907, 0.01385843124938212871 ) ) ;
#3433 = CARTESIAN_POINT ( 'NONE',  ( -0.1875000000000046629, 0.05425458973368915000, -0.07499999999999117095 ) ) ;
#3434 = CARTESIAN_POINT ( 'NONE',  ( 0.06605150371278882548, -0.5507454102663129625, -0.01249999999998327102 ) ) ;
#3435 = CARTESIAN_POINT ( 'NONE',  ( -0.2824148077667742451, -0.5257454102663174922, -0.01249999999998627556 ) ) ;
#3436 = CARTESIAN_POINT ( 'NONE',  ( -0.3325000000000047362, -0.2807454102663161088, 0.06250000000000568989 ) ) ;
#3437 = CARTESIAN_POINT ( 'NONE',  ( 0.1249999999999911598, 0.08425458973368066262, 0.07500000000000507649 ) ) ;
#3438 = AXIS2_PLACEMENT_3D ( 'NONE', #406, #2425, #874 ) ;
#3439 = VECTOR ( 'NONE', #3213, 39.37007874015748143 ) ;
#3440 = CARTESIAN_POINT ( 'NONE',  ( -0.2824148077667584245, 0.01925458973368887605, 0.01250000000001332164 ) ) ;
#3441 = FACE_OUTER_BOUND ( 'NONE', #5152, .T. ) ;
#3442 = DIRECTION ( 'NONE',  ( -1.332267629550189623E-15, -1.000000000000000000, -4.163336342344342450E-16 ) ) ;
#3443 = CARTESIAN_POINT ( 'NONE',  ( -8.195543980992789261E-15, 0.1792545897336860761, -0.09999999999999319156 ) ) ;
#3444 = EDGE_LOOP ( 'NONE', ( #1092, #1514, #2692, #2214 ) ) ;
#3445 = CIRCLE ( 'NONE', #6390, 0.01250000000000003712 ) ;
#3446 = VERTEX_POINT ( 'NONE', #2482 ) ;
#3447 = EDGE_CURVE ( 'NONE', #581, #2599, #2326, .T. ) ;
#3448 = DIRECTION ( 'NONE',  ( -5.551115123125767911E-17, -5.967448757360200628E-16, -1.000000000000000000 ) ) ;
#3449 = VERTEX_POINT ( 'NONE', #2971 ) ;
#3450 = CARTESIAN_POINT ( 'NONE',  ( 0.3749999999999925615, 0.1792545897336844385, -0.09999999999999401035 ) ) ;
#3451 = DIRECTION ( 'NONE',  ( -2.635182449764338759E-15, -1.000000000000000000, -6.314393452555451606E-16 ) ) ;
#3452 = ORIENTED_EDGE ( 'NONE', *, *, #4620, .F. ) ;
#3453 = CARTESIAN_POINT ( 'NONE',  ( -0.02195115950360426380, 0.1792545897336806082, -0.03252690115816566502 ) ) ;
#3454 = LINE ( 'NONE', #1913, #2199 ) ;
#3455 = EDGE_CURVE ( 'NONE', #858, #5808, #5834, .T. ) ;
#3456 = COLOUR_RGB ( '',0.000000000000000000, 0.000000000000000000, 0.000000000000000000 ) ;
#3457 = CARTESIAN_POINT ( 'NONE',  ( 0.0003133773760272260582, 0.1892545897336873340, 0.04075146009553184262 ) ) ;
#3458 = ORIENTED_EDGE ( 'NONE', *, *, #674, .F. ) ;
#3459 = ORIENTED_EDGE ( 'NONE', *, *, #5060, .F. ) ;
#3460 = CARTESIAN_POINT ( 'NONE',  ( -0.3325000000000030709, -0.1803076923076780136, 0.03750000000000526523 ) ) ;
#3461 = EDGE_CURVE ( 'NONE', #2531, #4588, #3496, .T. ) ;
#3462 = ORIENTED_EDGE ( 'NONE', *, *, #2123, .F. ) ;
#3463 = ORIENTED_EDGE ( 'NONE', *, *, #3859, .T. ) ;
#3464 =( LENGTH_UNIT ( ) NAMED_UNIT ( * ) SI_UNIT ( $, .METRE. ) );
#3465 = VECTOR ( 'NONE', #1510, 39.37007874015748143 ) ;
#3466 = DIRECTION ( 'NONE',  ( 5.551115123125767911E-17, 5.967448757360200628E-16, 1.000000000000000000 ) ) ;
#3467 = CARTESIAN_POINT ( 'NONE',  ( -0.02131048165094921731, 0.1792545897336893512, 0.03102802297837050152 ) ) ;
#3468 = VECTOR ( 'NONE', #6371, 39.37007874015748143 ) ;
#3469 = ORIENTED_EDGE ( 'NONE', *, *, #4927, .F. ) ;
#3470 = VERTEX_POINT ( 'NONE', #6116 ) ;
#3471 = EDGE_CURVE ( 'NONE', #45, #4908, #1877, .T. ) ;
#3472 = CARTESIAN_POINT ( 'NONE',  ( -0.004907848903485547039, 0.1792545897336856042, 0.04041205131857598248 ) ) ;
#3473 = FACE_OUTER_BOUND ( 'NONE', #6121, .T. ) ;
#3474 = ORIENTED_EDGE ( 'NONE', *, *, #2374, .T. ) ;
#3475 = VERTEX_POINT ( 'NONE', #3731 ) ;
#3476 = CARTESIAN_POINT ( 'NONE',  ( 0.06249999999999094474, 0.05425458973367636856, 0.07500000000001071088 ) ) ;
#3477 = EDGE_LOOP ( 'NONE', ( #818, #3306, #1749 ) ) ;
#3478 = VERTEX_POINT ( 'NONE', #739 ) ;
#3479 = CARTESIAN_POINT ( 'NONE',  ( 0.3749999999999909517, 0.09425458973368357196, 0.1000000000000049460 ) ) ;
#3480 = EDGE_CURVE ( 'NONE', #4992, #3069, #3355, .T. ) ;
#3481 = CARTESIAN_POINT ( 'NONE',  ( -0.01300876610109098254, 0.1792545897336866867, 0.02805696224543321321 ) ) ;
#3482 = CARTESIAN_POINT ( 'NONE',  ( -0.02514951460974688621, 0.1892545897336807836, 0.02440502970699963761 ) ) ;
#3483 = ADVANCED_FACE ( 'NONE', ( #1963 ), #1890, .F. ) ;
#3484 = FACE_OUTER_BOUND ( 'NONE', #3444, .T. ) ;
#3485 = VERTEX_POINT ( 'NONE', #1943 ) ;
#3486 = CARTESIAN_POINT ( 'NONE',  ( 0.01434320165599372275, 0.1792545897336828564, 0.02818746734785895422 ) ) ;
#3487 = ORIENTED_EDGE ( 'NONE', *, *, #24, .T. ) ;
#3488 = CARTESIAN_POINT ( 'NONE',  ( -0.1349351154182167334, -0.1577405214759562968, -0.09999999999998226974 ) ) ;
#3489 = ORIENTED_EDGE ( 'NONE', *, *, #4887, .F. ) ;
#3490 = CARTESIAN_POINT ( 'NONE',  ( 0.02901485938073007295, 0.1792545897336838834, 0.01735363417868990288 ) ) ;
#3491 = LINE ( 'NONE', #2379, #1209 ) ;
#3492 =( BOUNDED_CURVE ( )  B_SPLINE_CURVE ( 3, ( #2690, #231, #3187, #5689 ),
 .UNSPECIFIED., .F., .F. ) 
 B_SPLINE_CURVE_WITH_KNOTS ( ( 4, 4 ),
 ( 1.570796326794895004, 4.712388980384689674 ),
 .UNSPECIFIED. ) 
 CURVE ( )  GEOMETRIC_REPRESENTATION_ITEM ( )  RATIONAL_B_SPLINE_CURVE ( ( 1.000000000000000000, 0.3333333333333335369, 0.3333333333333335369, 1.000000000000000000 ) ) 
 REPRESENTATION_ITEM ( '' )  );
#3493 = CARTESIAN_POINT ( 'NONE',  ( -0.3625000000000046518, 0.09425458973367974169, -0.09999999999999510669 ) ) ;
#3494 = DIRECTION ( 'NONE',  ( -1.332267629550189623E-15, -1.000000000000000000, -4.163336342344342450E-16 ) ) ;
#3495 = LINE ( 'NONE', #3276, #5730 ) ;
#3496 = LINE ( 'NONE', #4153, #595 ) ;
#3497 = CARTESIAN_POINT ( 'NONE',  ( 0.2760515037128059568, 0.06925458973369516547, -0.01249999999998354337 ) ) ;
#3498 = MECHANICAL_DESIGN_GEOMETRIC_PRESENTATION_REPRESENTATION (  '', ( #1058 ), #1838 ) ;
#3499 = CARTESIAN_POINT ( 'NONE',  ( 0.01513709532474779608, 0.1792545897336817740, -0.008059971528395687423 ) ) ;
#3500 = ORIENTED_EDGE ( 'NONE', *, *, #5437, .T. ) ;
#3501 = ORIENTED_EDGE ( 'NONE', *, *, #461, .T. ) ;
#3502 = CARTESIAN_POINT ( 'NONE',  ( 0.2106198646181360323, -0.1577405214759388108, -0.01249999999998572912 ) ) ;
#3503 = CARTESIAN_POINT ( 'NONE',  ( 0.009078719199624248407, 0.1892545897336867788, 0.03092018112240087907 ) ) ;
#3504 = DIRECTION ( 'NONE',  ( -5.551115123125629244E-17, 4.163336342344342450E-16, -1.000000000000000000 ) ) ;
#3505 = EDGE_CURVE ( 'NONE', #3449, #1520, #3181, .T. ) ;
#3506 = DIRECTION ( 'NONE',  ( -5.551115123125634174E-17, 4.163336342344342450E-16, -1.000000000000000000 ) ) ;
#3507 = DIRECTION ( 'NONE',  ( -1.000000000000000000, -1.276756478318932585E-15, -1.110223024625158759E-16 ) ) ;
#3508 = SURFACE_STYLE_FILL_AREA ( #287 ) ;
#3509 = ORIENTED_EDGE ( 'NONE', *, *, #3102, .F. ) ;
#3510 = CARTESIAN_POINT ( 'NONE',  ( -0.002330622751429587466, 0.1792545897336861316, 0.04069011325182616406 ) ) ;
#3511 = LINE ( 'NONE', #4122, #4897 ) ;
#3512 = ADVANCED_FACE ( 'NONE', ( #6373 ), #986, .F. ) ;
#3513 = CARTESIAN_POINT ( 'NONE',  ( -0.03750000000000581341, 0.1792545897336762506, 0.1000000000000065836 ) ) ;
#3514 = VECTOR ( 'NONE', #2880, 39.37007874015748143 ) ;
#3515 = EDGE_LOOP ( 'NONE', ( #5127, #3895, #590, #4396, #2647 ) ) ;
#3516 = ORIENTED_EDGE ( 'NONE', *, *, #2522, .F. ) ;
#3517 = ORIENTED_EDGE ( 'NONE', *, *, #4269, .F. ) ;
#3518 = EDGE_CURVE ( 'NONE', #6154, #2903, #4181, .T. ) ;
#3519 = ORIENTED_EDGE ( 'NONE', *, *, #748, .F. ) ;
#3520 = EDGE_CURVE ( 'NONE', #860, #4426, #5507, .T. ) ;
#3521 = CARTESIAN_POINT ( 'NONE',  ( -0.001570672896904158101, 0.1892545897336862515, -0.002917344700054616807 ) ) ;
#3522 = VERTEX_POINT ( 'NONE', #4341 ) ;
#3523 = DIRECTION ( 'NONE',  ( 1.332267629550189623E-15, 1.000000000000000000, 4.163336342344342450E-16 ) ) ;
#3524 = PLANE ( 'NONE',  #286 ) ;
#3525 = LINE ( 'NONE', #1602, #1739 ) ;
#3526 = DIRECTION ( 'NONE',  ( 1.000000000000000000, 1.276756478318932191E-15, 1.110223024625158513E-16 ) ) ;
#3527 = ORIENTED_EDGE ( 'NONE', *, *, #555, .T. ) ;
#3528 = LINE ( 'NONE', #5303, #3146 ) ;
#3529 = CARTESIAN_POINT ( 'NONE',  ( -0.01347535125645207138, 0.1792545897336871585, 0.02769724001006445419 ) ) ;
#3530 = ORIENTED_EDGE ( 'NONE', *, *, #3041, .T. ) ;
#3531 = ORIENTED_EDGE ( 'NONE', *, *, #2451, .T. ) ;
#3532 = CARTESIAN_POINT ( 'NONE',  ( -0.02748109377781744744, 0.1892545897336807836, 0.01617881052288667326 ) ) ;
#3533 = EDGE_CURVE ( 'NONE', #6001, #5545, #1702, .T. ) ;
#3534 = ADVANCED_FACE ( 'NONE', ( #5647 ), #3345, .F. ) ;
#3535 = VECTOR ( 'NONE', #606, 39.37007874015748143 ) ;
#3536 = CARTESIAN_POINT ( 'NONE',  ( -0.2900000000000064748, 0.1792545897336828009, 0.04000000000000503847 ) ) ;
#3537 = CARTESIAN_POINT ( 'NONE',  ( -0.02407335722314542237, 0.1892545897336829763, -0.02632672480986202740 ) ) ;
#3538 = ORIENTED_EDGE ( 'NONE', *, *, #5900, .T. ) ;
#3539 = CARTESIAN_POINT ( 'NONE',  ( 0.004976805548798405969, 0.1792545897336894345, 0.03189740484293694667 ) ) ;
#3540 = CARTESIAN_POINT ( 'NONE',  ( 0.02334957938554647547, 0.1792545897336882688, 0.03038114475382030014 ) ) ;
#3541 = B_SPLINE_SURFACE_WITH_KNOTS ( 'NONE', 3, 1, ( 
 ( #5219, #2796 ),
 ( #4694, #3780 ),
 ( #5293, #6254 ),
 ( #1825, #2739 ),
 ( #787, #4271 ),
 ( #1737, #6306 ),
 ( #6229, #2270 ),
 ( #5803, #6285 ),
 ( #3341, #833 ),
 ( #4881, #4323 ),
 ( #387, #5857 ) ),
 .UNSPECIFIED., .F., .F., .F.,
 ( 4, 1, 1, 1, 1, 1, 1, 1, 4 ),
 ( 2, 2 ),
 ( 0.000000000000000000, 0.1280675485958904791, 0.2506083188676686557, 0.3706301659145031513, 0.4900722467299490348, 0.6103747641546201086, 0.7343130699115257842, 0.8632165042449895243, 1.000000000000000000 ),
 ( 0.000000000000000000, 1.000000000000000000 ),
 .UNSPECIFIED. ) ;
#3542 = LINE ( 'NONE', #5242, #2228 ) ;
#3543 = ORIENTED_EDGE ( 'NONE', *, *, #1406, .F. ) ;
#3544 = VERTEX_POINT ( 'NONE', #455 ) ;
#3545 = ORIENTED_EDGE ( 'NONE', *, *, #4488, .T. ) ;
#3546 = AXIS2_PLACEMENT_3D ( 'NONE', #3775, #727, #279 ) ;
#3547 = CARTESIAN_POINT ( 'NONE',  ( -0.01194847589431349139, 0.1892545897336884164, 0.03835431196894997785 ) ) ;
#3548 = ORIENTED_EDGE ( 'NONE', *, *, #759, .T. ) ;
#3549 = ORIENTED_EDGE ( 'NONE', *, *, #6022, .T. ) ;
#3550 = VERTEX_POINT ( 'NONE', #1548 ) ;
#3551 = CARTESIAN_POINT ( 'NONE',  ( -0.01250000000000430628, 0.09425458973367920046, 0.1000000000000076800 ) ) ;
#3552 = DIRECTION ( 'NONE',  ( -1.970877152922708759E-16, -1.006139616066556398E-15, -1.000000000000000000 ) ) ;
#3553 = DIRECTION ( 'NONE',  ( -1.000000000000000000, -1.276756478318932191E-15, -1.110223024625158513E-16 ) ) ;
#3554 = LINE ( 'NONE', #5037, #4552 ) ;
#3555 = EDGE_CURVE ( 'NONE', #2914, #1760, #5657, .T. ) ;
#3556 = ORIENTED_EDGE ( 'NONE', *, *, #3960, .F. ) ;
#3557 = CARTESIAN_POINT ( 'NONE',  ( 0.3324999999999938005, -0.2807454102663172191, 0.06250000000000513478 ) ) ;
#3558 = VECTOR ( 'NONE', #28, 39.37007874015748143 ) ;
#3559 = DIRECTION ( 'NONE',  ( -1.110223024625166155E-16, 5.967448757360198655E-16, 1.000000000000000000 ) ) ;
#3560 = CARTESIAN_POINT ( 'NONE',  ( -0.02401530145222315060, 0.1792545897336850491, 0.02678705964218784999 ) ) ;
#3561 = ADVANCED_FACE ( 'NONE', ( #4883 ), #6039, .T. ) ;
#3562 = CARTESIAN_POINT ( 'NONE',  ( 0.02166420536748000017, 0.1892545897336780358, 0.01457624642032253649 ) ) ;
#3563 = ORIENTED_EDGE ( 'NONE', *, *, #1921, .F. ) ;
#3564 = LINE ( 'NONE', #5469, #4725 ) ;
#3565 = EDGE_CURVE ( 'NONE', #5860, #3416, #4710, .T. ) ;
#3566 = CARTESIAN_POINT ( 'NONE',  ( 0.1399999999999952394, 0.1692545897336859007, 0.04000000000000640543 ) ) ;
#3567 = LINE ( 'NONE', #3113, #5933 ) ;
#3568 = VECTOR ( 'NONE', #869, 39.37007874015748143 ) ;
#3569 = CARTESIAN_POINT ( 'NONE',  ( -0.007972479498718640367, 0.1792545897336755567, -0.04550517437743718113 ) ) ;
#3570 = DIRECTION ( 'NONE',  ( 1.000000000000000000, 1.276756478318932585E-15, 1.110223024625158759E-16 ) ) ;
#3571 = EDGE_LOOP ( 'NONE', ( #418, #1529, #4415, #3103, #768, #392, #5801, #277, #3077, #6452, #5989, #2159 ) ) ;
#3572 =( CONVERSION_BASED_UNIT ( 'INCH', #3609 ) LENGTH_UNIT ( ) NAMED_UNIT ( #71 ) );
#3573 = ORIENTED_EDGE ( 'NONE', *, *, #3107, .T. ) ;
#3574 = VECTOR ( 'NONE', #5410, 39.37007874015748143 ) ;
#3575 = VERTEX_POINT ( 'NONE', #5062 ) ;
#3576 = DIRECTION ( 'NONE',  ( 2.635182449764338759E-15, 1.000000000000000000, 6.314393452555451606E-16 ) ) ;
#3577 = CYLINDRICAL_SURFACE ( 'NONE', #2364, 0.01250000000000003712 ) ;
#3578 = CARTESIAN_POINT ( 'NONE',  ( -0.3325000000000085665, 0.03425458973368530197, -0.06249999999999202721 ) ) ;
#3579 = PRESENTATION_LAYER_ASSIGNMENT (  '', '', ( #1248 ) ) ;
#3580 = DIRECTION ( 'NONE',  ( -1.332267629550189623E-15, -1.000000000000000000, -4.163336342344342450E-16 ) ) ;
#3581 = EDGE_CURVE ( 'NONE', #1719, #1774, #4041, .T. ) ;
#3582 = ORIENTED_EDGE ( 'NONE', *, *, #1443, .F. ) ;
#3583 = DIRECTION ( 'NONE',  ( 1.000000000000000000, 2.135582088683073931E-15, 4.191323202172999653E-16 ) ) ;
#3584 = CARTESIAN_POINT ( 'NONE',  ( -0.3625000000000035971, -0.2807454102663183293, -0.09999999999999237277 ) ) ;
#3585 = ORIENTED_EDGE ( 'NONE', *, *, #5040, .T. ) ;
#3586 = ADVANCED_FACE ( 'NONE', ( #1396 ), #2419, .F. ) ;
#3587 = EDGE_LOOP ( 'NONE', ( #3786, #4820, #3545, #2948 ) ) ;
#3588 = EDGE_CURVE ( 'NONE', #2316, #3522, #2137, .T. ) ;
#3589 = CARTESIAN_POINT ( 'NONE',  ( 0.01711365014875758719, 0.1792545897336806082, -0.02780330123909361892 ) ) ;
#3590 = ORIENTED_EDGE ( 'NONE', *, *, #4049, .F. ) ;
#3591 = VERTEX_POINT ( 'NONE', #5506 ) ;
#3592 =( NAMED_UNIT ( * ) PLANE_ANGLE_UNIT ( ) SI_UNIT ( $, .RADIAN. ) );
#3593 = CARTESIAN_POINT ( 'NONE',  ( 0.1399999999999952394, 0.1692545897336859007, 0.04000000000000640543 ) ) ;
#3594 = VECTOR ( 'NONE', #1958, 39.37007874015748143 ) ;
#3595 = FACE_OUTER_BOUND ( 'NONE', #2197, .T. ) ;
#3596 = CARTESIAN_POINT ( 'NONE',  ( -0.003976820273541262392, 0.1892545897336818661, -0.01159896725489305454 ) ) ;
#3597 = ORIENTED_EDGE ( 'NONE', *, *, #391, .T. ) ;
#3598 = EDGE_CURVE ( 'NONE', #3906, #5551, #740, .T. ) ;
#3599 = ORIENTED_EDGE ( 'NONE', *, *, #6408, .F. ) ;
#3600 = AXIS2_PLACEMENT_3D ( 'NONE', #5567, #5529, #3553 ) ;
#3601 = CARTESIAN_POINT ( 'NONE',  ( 0.1874999999999927280, 0.09425458973368301685, -0.09999999999999566180 ) ) ;
#3602 = CARTESIAN_POINT ( 'NONE',  ( 0.02155507941485698686, 0.1792545897336801364, 0.01225072863151356432 ) ) ;
#3603 = VECTOR ( 'NONE', #1100, 39.37007874015748143 ) ;
#3604 = ORIENTED_EDGE ( 'NONE', *, *, #5671, .T. ) ;
#3605 = DIRECTION ( 'NONE',  ( -1.332267629550189623E-15, -1.000000000000000000, -4.163336342344342450E-16 ) ) ;
#3606 = EDGE_LOOP ( 'NONE', ( #1900, #629, #5058, #6244 ) ) ;
#3607 = DIRECTION ( 'NONE',  ( -1.332267629550189623E-15, -1.000000000000000000, -4.163336342344341957E-16 ) ) ;
#3608 = EDGE_CURVE ( 'NONE', #2667, #1079, #5731, .T. ) ;
#3609 = LENGTH_MEASURE_WITH_UNIT ( LENGTH_MEASURE( 0.02539999999999999897 ), #1507 );
#3610 = CARTESIAN_POINT ( 'NONE',  ( 0.01141058684657633888, 0.1792545897336795258, -0.0003326739459127259864 ) ) ;
#3611 = VERTEX_POINT ( 'NONE', #4571 ) ;
#3612 = VERTEX_POINT ( 'NONE', #4266 ) ;
#3613 = ORIENTED_EDGE ( 'NONE', *, *, #373, .T. ) ;
#3614 = ORIENTED_EDGE ( 'NONE', *, *, #5930, .F. ) ;
#3615 = ORIENTED_EDGE ( 'NONE', *, *, #333, .F. ) ;
#3616 = CARTESIAN_POINT ( 'NONE',  ( -0.2625000000000054512, 0.05425458973368218335, -0.07499999999999198974 ) ) ;
#3617 = DIRECTION ( 'NONE',  ( 1.332267629550189623E-15, 1.000000000000000000, 4.163336342344342450E-16 ) ) ;
#3618 = DIRECTION ( 'NONE',  ( -1.332267629550189623E-15, -1.000000000000000000, -4.163336342344341957E-16 ) ) ;
#3619 = CARTESIAN_POINT ( 'NONE',  ( 0.0005303912649160341620, 0.1892545897336851413, -0.04685537751130350315 ) ) ;
#3620 = LINE ( 'NONE', #5687, #4336 ) ;
#3621 = LINE ( 'NONE', #4497, #976 ) ;
#3622 = AXIS2_PLACEMENT_3D ( 'NONE', #43, #547, #1552 ) ;
#3623 = DIRECTION ( 'NONE',  ( 1.332267629550189623E-15, 1.000000000000000000, 4.163336342344342450E-16 ) ) ;
#3624 = ADVANCED_FACE ( 'NONE', ( #1061 ), #5571, .F. ) ;
#3625 = LINE ( 'NONE', #1037, #2327 ) ;
#3626 = FACE_BOUND ( 'NONE', #5396, .T. ) ;
#3627 = ORIENTED_EDGE ( 'NONE', *, *, #725, .T. ) ;
#3628 = ORIENTED_EDGE ( 'NONE', *, *, #4839, .T. ) ;
#3629 = CARTESIAN_POINT ( 'NONE',  ( 0.01812472860963188631, 0.1892545897336873340, 0.03538769031034499912 ) ) ;
#3630 = AXIS2_PLACEMENT_3D ( 'NONE', #241, #4813, #2271 ) ;
#3631 = EDGE_CURVE ( 'NONE', #1521, #4785, #62, .T. ) ;
#3632 = AXIS2_PLACEMENT_3D ( 'NONE', #5926, #5370, #4414 ) ;
#3633 = FACE_OUTER_BOUND ( 'NONE', #5222, .T. ) ;
#3634 = CARTESIAN_POINT ( 'NONE',  ( -0.2875000000000040856, 0.05425458973367849880, -0.07499999999999198974 ) ) ;
#3635 = DIRECTION ( 'NONE',  ( 1.332267629550189623E-15, 1.000000000000000000, 4.163336342344342450E-16 ) ) ;
#3636 = CARTESIAN_POINT ( 'NONE',  ( 0.2874999999999909850, 0.05425458973368292581, 0.07500000000000989209 ) ) ;
#3637 = ORIENTED_EDGE ( 'NONE', *, *, #2284, .F. ) ;
#3638 = CARTESIAN_POINT ( 'NONE',  ( -0.003158557798294036548, 0.1792545897336816907, -0.003006180301988076696 ) ) ;
#3639 = CARTESIAN_POINT ( 'NONE',  ( -0.2824148077667699153, -0.5507454102663151829, -0.01249999999998190406 ) ) ;
#3640 = DIRECTION ( 'NONE',  ( -1.332267629550189623E-15, -1.000000000000000000, -4.163336342344342450E-16 ) ) ;
#3641 = ORIENTED_EDGE ( 'NONE', *, *, #5019, .F. ) ;
#3642 = CARTESIAN_POINT ( 'NONE',  ( 0.3324999999999940781, -0.005745410266313726554, -0.03749999999999571038 ) ) ;
#3643 = ORIENTED_EDGE ( 'NONE', *, *, #5069, .T. ) ;
#3644 = LINE ( 'NONE', #876, #4272 ) ;
#3645 = VECTOR ( 'NONE', #2775, 39.37007874015748143 ) ;
#3646 = ORIENTED_EDGE ( 'NONE', *, *, #748, .T. ) ;
#3647 = EDGE_CURVE ( 'NONE', #5594, #1533, #838, .T. ) ;
#3648 = DIRECTION ( 'NONE',  ( 3.025126457890488277E-16, 1.006139616066556398E-15, 1.000000000000000000 ) ) ;
#3649 = ORIENTED_EDGE ( 'NONE', *, *, #4424, .F. ) ;
#3650 = CARTESIAN_POINT ( 'NONE',  ( -0.07227584794739223828, -0.1861057446201278553, -0.009999999999985414653 ) ) ;
#3651 = EDGE_LOOP ( 'NONE', ( #3667, #4770, #1450, #5766 ) ) ;
#3652 = ADVANCED_FACE ( 'NONE', ( #911 ), #3281, .T. ) ;
#3653 = CARTESIAN_POINT ( 'NONE',  ( -0.2924148077667602097, -0.2807454102663226592, 0.01250000000001741905 ) ) ;
#3654 = DIRECTION ( 'NONE',  ( 1.000000000000000000, 1.858026332526783612E-15, -1.359791920952777133E-16 ) ) ;
#3655 = CARTESIAN_POINT ( 'NONE',  ( 0.1374999999999924338, 0.05425458973368292581, 0.07500000000000703326 ) ) ;
#3656 = CARTESIAN_POINT ( 'NONE',  ( 0.001226769685725537934, 0.1892545897336873340, 0.03218978713787876839 ) ) ;
#3657 = AXIS2_PLACEMENT_3D ( 'NONE', #1750, #4893, #4443 ) ;
#3658 = ORIENTED_EDGE ( 'NONE', *, *, #5208, .T. ) ;
#3659 = DIRECTION ( 'NONE',  ( -1.110223024625166155E-16, 5.967448757360198655E-16, 1.000000000000000000 ) ) ;
#3660 = ORIENTED_EDGE ( 'NONE', *, *, #3214, .F. ) ;
#3661 = ORIENTED_EDGE ( 'NONE', *, *, #2436, .T. ) ;
#3662 = SURFACE_SIDE_STYLE ('',( #4982 ) ) ;
#3663 = CARTESIAN_POINT ( 'NONE',  ( 0.2106198646181341172, -0.1577405214759519392, -0.09999999999998472611 ) ) ;
#3664 = CARTESIAN_POINT ( 'NONE',  ( 0.009701892643905932201, 0.1792545897336768612, -0.001000223355053633367 ) ) ;
#3665 = EDGE_CURVE ( 'NONE', #4210, #439, #2552, .T. ) ;
#3666 = VERTEX_POINT ( 'NONE', #5267 ) ;
#3667 = ORIENTED_EDGE ( 'NONE', *, *, #2436, .F. ) ;
#3668 = CARTESIAN_POINT ( 'NONE',  ( 0.1999999999999913236, -0.2807454102663188289, 0.1000000000000049460 ) ) ;
#3669 = VECTOR ( 'NONE', #90, 39.37007874015748143 ) ;
#3670 = VERTEX_POINT ( 'NONE', #5697 ) ;
#3671 = DIRECTION ( 'NONE',  ( 1.359791920952758397E-16, 1.006139616066556003E-15, 1.000000000000000000 ) ) ;
#3672 = DIRECTION ( 'NONE',  ( -1.443289932012704489E-15, -0.9553955149449662176, 0.2953293246920168369 ) ) ;
#3673 = ORIENTED_EDGE ( 'NONE', *, *, #2649, .T. ) ;
#3674 = CARTESIAN_POINT ( 'NONE',  ( -0.2240718372289100258, -0.5507454102663206230, -0.01249999999998327102 ) ) ;
#3675 = EDGE_CURVE ( 'NONE', #924, #5660, #666, .T. ) ;
#3676 = CARTESIAN_POINT ( 'NONE',  ( 0.02723709002712862079, 0.1792545897336795813, 0.004210539613506003934 ) ) ;
#3677 = AXIS2_PLACEMENT_3D ( 'NONE', #769, #1316, #2780 ) ;
#3678 = CARTESIAN_POINT ( 'NONE',  ( -0.08750000000000392186, 0.09425458973368848470, 0.1000000000000060424 ) ) ;
#3679 = DIRECTION ( 'NONE',  ( -5.551115123125634174E-17, 4.163336342344342450E-16, -1.000000000000000000 ) ) ;
#3680 = CARTESIAN_POINT ( 'NONE',  ( 0.01472650835064822326, 0.1792545897336849936, -0.03242988407287095143 ) ) ;
#3681 = DIRECTION ( 'NONE',  ( 0.4310419253470428869, -0.8620838506940886603, -0.2664850708117929567 ) ) ;
#3682 = FACE_OUTER_BOUND ( 'NONE', #645, .T. ) ;
#3683 = COLOUR_RGB ( '',0.000000000000000000, 0.000000000000000000, 0.000000000000000000 ) ;
#3684 = ORIENTED_EDGE ( 'NONE', *, *, #2266, .F. ) ;
#3685 =( LENGTH_UNIT ( ) NAMED_UNIT ( * ) SI_UNIT ( $, .METRE. ) );
#3686 = ADVANCED_FACE ( 'NONE', ( #2176 ), #2332, .F. ) ;
#3687 = CYLINDRICAL_SURFACE ( 'NONE', #882, 0.01250000000000003712 ) ;
#3688 = VECTOR ( 'NONE', #3672, 39.37007874015748854 ) ;
#3689 = ORIENTED_EDGE ( 'NONE', *, *, #1211, .F. ) ;
#3690 = VERTEX_POINT ( 'NONE', #258 ) ;
#3691 = ORIENTED_EDGE ( 'NONE', *, *, #5627, .T. ) ;
#3692 = CARTESIAN_POINT ( 'NONE',  ( 0.004810503675141931772, 0.1792545897336850491, -0.002171673156244182789 ) ) ;
#3693 = DIRECTION ( 'NONE',  ( 0.000000000000000000, 0.000000000000000000, 1.000000000000000000 ) ) ;
#3694 = LINE ( 'NONE', #3891, #444 ) ;
#3695 = DIRECTION ( 'NONE',  ( -1.332267629550189623E-15, -1.000000000000000000, -4.163336342344341957E-16 ) ) ;
#3696 =( NAMED_UNIT ( * ) PLANE_ANGLE_UNIT ( ) SI_UNIT ( $, .RADIAN. ) );
#3697 = CARTESIAN_POINT ( 'NONE',  ( 0.3749999999999942268, -0.1207454102663167300, 4.644141589229247669E-15 ) ) ;
#3698 = DIRECTION ( 'NONE',  ( 1.970877152922708759E-16, 1.006139616066556398E-15, 1.000000000000000000 ) ) ;
#3699 = FACE_OUTER_BOUND ( 'NONE', #2448, .T. ) ;
#3700 = CARTESIAN_POINT ( 'NONE',  ( 0.02846861588816559582, 0.1892545897336807836, 0.007930359130751426719 ) ) ;
#3701 = FACE_OUTER_BOUND ( 'NONE', #565, .T. ) ;
#3702 = CARTESIAN_POINT ( 'NONE',  ( -0.08750000000000796030, 0.05425458973368785243, 0.07500000000001071088 ) ) ;
#3703 = DIRECTION ( 'NONE',  ( 1.332267629550189623E-15, 1.000000000000000000, 4.163336342344342450E-16 ) ) ;
#3704 = ADVANCED_FACE ( 'NONE', ( #1475 ), #3805, .F. ) ;
#3705 = B_SPLINE_SURFACE_WITH_KNOTS ( 'NONE', 3, 1, ( 
 ( #3596, #618 ),
 ( #5640, #3140 ),
 ( #3184, #151 ),
 ( #4126, #1703 ),
 ( #5164, #2205 ),
 ( #2318, #2226 ),
 ( #2811, #6239 ),
 ( #4234, #2706 ),
 ( #4216, #4279 ),
 ( #694, #5756 ),
 ( #2729, #2783 ),
 ( #2257, #6292 ),
 ( #1304, #5203 ),
 ( #5681, #2297 ),
 ( #3298, #5734 ) ),
 .UNSPECIFIED., .F., .F., .F.,
 ( 4, 1, 1, 1, 1, 1, 1, 1, 1, 1, 1, 1, 4 ),
 ( 2, 2 ),
 ( 0.000000000000000000, 0.1101655532114437924, 0.2157872561749717699, 0.3180274349094167619, 0.4175739541655082987, 0.5116504876474462504, 0.5961620971027621341, 0.6729345334849963223, 0.7436695573498567358, 0.8106770010653612246, 0.8740589623137362540, 0.9366963019193726980, 1.000000000000000000 ),
 ( 0.000000000000000000, 1.000000000000000000 ),
 .UNSPECIFIED. ) ;
#3706 = DIRECTION ( 'NONE',  ( -1.332267629550189623E-15, -1.000000000000000000, -4.163336342344342450E-16 ) ) ;
#3707 = CARTESIAN_POINT ( 'NONE',  ( 0.01375107739161351636, 0.1892545897336835037, -0.03346902166825587582 ) ) ;
#3708 = AXIS2_PLACEMENT_3D ( 'NONE', #6079, #114, #2554 ) ;
#3709 = VECTOR ( 'NONE', #4247, 39.37007874015748143 ) ;
#3710 = ORIENTED_EDGE ( 'NONE', *, *, #594, .T. ) ;
#3711 = EDGE_CURVE ( 'NONE', #3069, #5223, #2171, .T. ) ;
#3712 = SURFACE_STYLE_USAGE ( .BOTH. , #1682 ) ;
#3713 = CARTESIAN_POINT ( 'NONE',  ( -0.01942863977304036191, 0.1792545897336773886, 0.01806850540114691289 ) ) ;
#3714 = DIRECTION ( 'NONE',  ( 1.000000000000000000, -2.135582088683031727E-15, -1.359791920952793403E-16 ) ) ;
#3715 = VERTEX_POINT ( 'NONE', #4250 ) ;
#3716 = DIRECTION ( 'NONE',  ( -1.000000000000000000, -1.276756478318932585E-15, -1.110223024625158759E-16 ) ) ;
#3717 = DIRECTION ( 'NONE',  ( 0.000000000000000000, 0.000000000000000000, 1.000000000000000000 ) ) ;
#3718 = B_SPLINE_CURVE_WITH_KNOTS ( 'NONE', 3,
 ( #4197, #5169, #5125, #6182, #4640, #6223, #3254, #2666, #1165, #2262, #2643 ),
 .UNSPECIFIED., .F., .F.,
 ( 4, 1, 1, 1, 1, 1, 1, 1, 4 ),
 ( 0.000000000000000000, 0.1497703860319677949, 0.2913164099952441632, 0.4259663731047424462, 0.5521595739695280836, 0.6715274135235925757, 0.7861216286916586915, 0.8953250730704445104, 1.000000000000000000 ),
 .UNSPECIFIED. ) ;
#3719 = ORIENTED_EDGE ( 'NONE', *, *, #3972, .F. ) ;
#3721 = CARTESIAN_POINT ( 'NONE',  ( 0.002751689850450479008, 0.1792545897336849936, 0.03216111214879772279 ) ) ;
#3720 = CARTESIAN_POINT ( 'NONE',  ( 0.02914283784611372899, 0.1892545897336791461, 0.01385843124938349394 ) ) ;
#3722 = EDGE_CURVE ( 'NONE', #1951, #1811, #3890, .T. ) ;
#3723 = ADVANCED_FACE ( 'NONE', ( #3032 ), #6250, .F. ) ;
#3724 = VECTOR ( 'NONE', #1332, 39.37007874015748143 ) ;
#3725 =( NAMED_UNIT ( * ) SI_UNIT ( $, .STERADIAN. ) SOLID_ANGLE_UNIT ( ) );
#3726 = CARTESIAN_POINT ( 'NONE',  ( -0.008320611846345551260, -0.04723214755362883238, 0.01000000000001491883 ) ) ;
#3727 = VERTEX_POINT ( 'NONE', #4758 ) ;
#3728 = DIRECTION ( 'NONE',  ( 1.000000000000000000, 1.858026332526783612E-15, -1.359791920952777133E-16 ) ) ;
#3729 = EDGE_CURVE ( 'NONE', #5118, #5860, #983, .T. ) ;
#3730 = CARTESIAN_POINT ( 'NONE',  ( -0.005945665887004202010, 0.1892545897336807836, -0.04610102017900506721 ) ) ;
#3731 = CARTESIAN_POINT ( 'NONE',  ( 0.01249999999999447213, 0.1792545897336838834, 0.1000000000000076800 ) ) ;
#3732 = STYLED_ITEM ( 'NONE', ( #5373 ), #2798 ) ;
#3733 = ORIENTED_EDGE ( 'NONE', *, *, #5162, .F. ) ;
#3734 = EDGE_LOOP ( 'NONE', ( #3908, #1939, #2000, #4221 ) ) ;
#3735 = CARTESIAN_POINT ( 'NONE',  ( 0.3324999999999924127, -0.2057454102663197892, 0.02963676017009287192 ) ) ;
#3736 = CARTESIAN_POINT ( 'NONE',  ( 0.03749999999999434341, 0.09425458973368083804, -0.09999999999999648059 ) ) ;
#3737 = VECTOR ( 'NONE', #1429, 39.37007874015748143 ) ;
#3738 = CARTESIAN_POINT ( 'NONE',  ( 0.02482972424198970698, 0.1892545897336829763, -0.02611966954341641764 ) ) ;
#3739 = CARTESIAN_POINT ( 'NONE',  ( 0.009701892643905944344, 0.1892545897336780358, -0.001000223355053629030 ) ) ;
#3740 = VERTEX_POINT ( 'NONE', #1310 ) ;
#3741 = ADVANCED_FACE ( 'NONE', ( #2962 ), #5797, .T. ) ;
#3742 = EDGE_CURVE ( 'NONE', #4923, #5946, #1131, .T. ) ;
#3743 = B_SPLINE_SURFACE_WITH_KNOTS ( 'NONE', 3, 1, ( 
 ( #2287, #3286 ),
 ( #3779, #786 ),
 ( #1292, #4670 ),
 ( #4692, #2694 ),
 ( #1713, #3676 ),
 ( #3212, #1759 ),
 ( #3700, #1736 ),
 ( #6208, #5194 ),
 ( #2247, #3238 ),
 ( #239, #733 ),
 ( #5725, #1340 ) ),
 .UNSPECIFIED., .F., .F., .F.,
 ( 4, 1, 1, 1, 1, 1, 1, 1, 4 ),
 ( 2, 2 ),
 ( 0.000000000000000000, 0.1281355097972547985, 0.2541727119019795422, 0.3781116451390017508, 0.5017122630072844425, 0.6239863093684847595, 0.7470956136177411278, 0.8728746366500621523, 1.000000000000000000 ),
 ( 0.000000000000000000, 1.000000000000000000 ),
 .UNSPECIFIED. ) ;
#3744 = CARTESIAN_POINT ( 'NONE',  ( 0.02313856683036204231, 0.1892545897336835037, -0.03329203639368705919 ) ) ;
#3745 = LINE ( 'NONE', #5379, #2282 ) ;
#3747 = CARTESIAN_POINT ( 'NONE',  ( 0.2124999999999920564, 0.09425458973368411320, 0.1000000000000076800 ) ) ;
#3746 = CARTESIAN_POINT ( 'NONE',  ( -0.1250000000000048017, -0.2807454102663117235, 0.06250000000000677236 ) ) ;
#3748 = CARTESIAN_POINT ( 'NONE',  ( 0.01623022704662378454, 0.1792545897336790539, -0.03021184305291425148 ) ) ;
#3749 = FILL_AREA_STYLE_COLOUR ( '', #588 ) ;
#3750 = CARTESIAN_POINT ( 'NONE',  ( -0.008320611846345551260, -0.04723214755362883238, 0.01000000000001491883 ) ) ;
#3751 = DIRECTION ( 'NONE',  ( 1.970877152922708759E-16, 1.006139616066556398E-15, 1.000000000000000000 ) ) ;
#3752 = AXIS2_PLACEMENT_3D ( 'NONE', #1415, #916, #1936 ) ;
#3753 = AXIS2_PLACEMENT_3D ( 'NONE', #1190, #3648, #5144 ) ;
#3754 = ORIENTED_EDGE ( 'NONE', *, *, #4043, .F. ) ;
#3755 = EDGE_CURVE ( 'NONE', #4490, #4965, #135, .T. ) ;
#3756 = EDGE_LOOP ( 'NONE', ( #3851, #5612, #1959, #2871 ) ) ;
#3757 = CARTESIAN_POINT ( 'NONE',  ( 0.3749999999999925615, 0.1792545897336844385, -0.09999999999999401035 ) ) ;
#3758 = UNCERTAINTY_MEASURE_WITH_UNIT (LENGTH_MEASURE( 1.000000000000000082E-05 ), #3282, 'distance_accuracy_value', 'NONE');
#3759 = DIRECTION ( 'NONE',  ( -1.000000000000000000, -1.858026332526782823E-15, 1.970877152922727494E-16 ) ) ;
#3760 = ADVANCED_FACE ( 'NONE', ( #6291 ), #5992, .F. ) ;
#3761 = LINE ( 'NONE', #1748, #1439 ) ;
#3762 = CARTESIAN_POINT ( 'NONE',  ( -0.01550553263254588789, 0.1792545897336817740, 0.02563411855294965222 ) ) ;
#3763 = ORIENTED_EDGE ( 'NONE', *, *, #5229, .T. ) ;
#3764 = EDGE_LOOP ( 'NONE', ( #3658, #2026, #5018, #4143, #5712, #6044, #5402, #2675, #2589, #3230, #1029, #192, #5622, #4014, #1015, #5637, #760 ) ) ;
#3765 = CARTESIAN_POINT ( 'NONE',  ( -0.01442573033998872413, 0.1792545897336871585, -0.03014137036124330329 ) ) ;
#3766 = FACE_OUTER_BOUND ( 'NONE', #66, .T. ) ;
#3767 = EDGE_CURVE ( 'NONE', #2256, #2027, #2546, .T. ) ;
#3768 = DIRECTION ( 'NONE',  ( -1.332267629550189623E-15, -1.000000000000000000, -4.163336342344342450E-16 ) ) ;
#3769 = DIRECTION ( 'NONE',  ( -1.332267629550189623E-15, -1.000000000000000000, -4.163336342344342450E-16 ) ) ;
#3770 = LINE ( 'NONE', #6385, #3315 ) ;
#3771 = FACE_OUTER_BOUND ( 'NONE', #2989, .T. ) ;
#3773 = ORIENTED_EDGE ( 'NONE', *, *, #6240, .F. ) ;
#3772 = B_SPLINE_CURVE_WITH_KNOTS ( 'NONE', 3,
 ( #4649, #3656, #2718, #5651, #206, #1244, #1269, #4717, #1761, #4324, #4295, #6209, #4763, #1798, #5220, #313, #3240, #339, #5243 ),
 .UNSPECIFIED., .F., .F.,
 ( 4, 1, 1, 1, 1, 1, 1, 1, 1, 1, 1, 1, 1, 1, 1, 1, 4 ),
 ( 0.000000000000000000, 0.07607173695556468385, 0.1487517145745115843, 0.2184027938458452112, 0.2857595810623857480, 0.3505980236748785783, 0.4149640445981283010, 0.4780693385717816879, 0.5417606760069072491, 0.6043498585387178101, 0.6640750210708964429, 0.7214636230801987349, 0.7775871282364448245, 0.8326444469271313542, 0.8878435110684598230, 0.9434603426519471148, 1.000000000000000000 ),
 .UNSPECIFIED. ) ;
#3774 = ORIENTED_EDGE ( 'NONE', *, *, #5430, .T. ) ;
#3775 = CARTESIAN_POINT ( 'NONE',  ( -4.917326388595674188E-15, 0.1692545897336804328, 4.370956789862821150E-15 ) ) ;
#3776 = DIRECTION ( 'NONE',  ( 1.000000000000000000, 2.135582088683073931E-15, 4.191323202172999653E-16 ) ) ;
#3777 = CARTESIAN_POINT ( 'NONE',  ( 0.01591275890346700514, 0.1792545897336806082, -0.008593426595860542694 ) ) ;
#3778 = ORIENTED_EDGE ( 'NONE', *, *, #4246, .F. ) ;
#3779 = CARTESIAN_POINT ( 'NONE',  ( 0.02456919611946776355, 0.1892545897336796734, -0.0003995992373423887917 ) ) ;
#3780 = CARTESIAN_POINT ( 'NONE',  ( 0.02484162902386783181, 0.1792545897336779437, -0.02432295459095993803 ) ) ;
#3781 = CARTESIAN_POINT ( 'NONE',  ( -2.458663194297836936E-14, -0.2807454102663073936, 1.884975115628341483E-14 ) ) ;
#3782 = ADVANCED_FACE ( 'NONE', ( #4106 ), #937, .F. ) ;
#3783 = CARTESIAN_POINT ( 'NONE',  ( -0.06250000000000677236, -0.2807454102663161088, 0.1000000000000063061 ) ) ;
#3784 = CARTESIAN_POINT ( 'NONE',  ( 0.08749999999999354128, 0.09425458973368301685, -0.09999999999999401035 ) ) ;
#3785 = CARTESIAN_POINT ( 'NONE',  ( -0.02285114177014573381, 0.1892545897336840588, -0.03030967445838329832 ) ) ;
#3786 = ORIENTED_EDGE ( 'NONE', *, *, #3846, .F. ) ;
#3787 = ORIENTED_EDGE ( 'NONE', *, *, #1321, .T. ) ;
#3788 = VERTEX_POINT ( 'NONE', #2403 ) ;
#3789 = CARTESIAN_POINT ( 'NONE',  ( -0.05000000000000574818, -0.2807454102663183293, 0.1000000000000016709 ) ) ;
#3790 = CARTESIAN_POINT ( 'NONE',  ( 0.1374999999999932665, 0.09425458973368630589, -0.09999999999999566180 ) ) ;
#3791 = SURFACE_STYLE_USAGE ( .BOTH. , #6215 ) ;
#3792 = EDGE_CURVE ( 'NONE', #1774, #1020, #1054, .T. ) ;
#3793 =( LENGTH_UNIT ( ) NAMED_UNIT ( * ) SI_UNIT ( $, .METRE. ) );
#3794 = CARTESIAN_POINT ( 'NONE',  ( -0.03750000000000526523, 0.09425458973368083804, 0.1000000000000076800 ) ) ;
#3795 = ORIENTED_EDGE ( 'NONE', *, *, #4668, .F. ) ;
#3796 = CARTESIAN_POINT ( 'NONE',  ( 0.3749999999999909517, 0.09425458973368357196, 0.1000000000000049460 ) ) ;
#3797 = DIRECTION ( 'NONE',  ( 1.165734175856414762E-15, 0.9553955149449661066, 0.2953293246920173365 ) ) ;
#3798 = CYLINDRICAL_SURFACE ( 'NONE', #5365, 0.01250000000000003712 ) ;
#3800 = DIRECTION ( 'NONE',  ( 1.332267629550189623E-15, 1.000000000000000000, 4.163336342344342450E-16 ) ) ;
#3799 = CARTESIAN_POINT ( 'NONE',  ( 0.1249999999999911598, 0.08425458973368066262, 0.07500000000000507649 ) ) ;
#3801 = LINE ( 'NONE', #1899, #4798 ) ;
#3802 = AXIS2_PLACEMENT_3D ( 'NONE', #4734, #5720, #1780 ) ;
#3803 = CARTESIAN_POINT ( 'NONE',  ( 0.1399999999999936018, 0.1692545897336848182, -0.03999999999999602485 ) ) ;
#3804 = CARTESIAN_POINT ( 'NONE',  ( -0.06250000000000786871, 0.1792545897336860761, -0.09999999999999620304 ) ) ;
#3805 = PLANE ( 'NONE',  #5793 ) ;
#3806 = FILL_AREA_STYLE_COLOUR ( '', #5799 ) ;
#3807 = CARTESIAN_POINT ( 'NONE',  ( -0.2375000000000058731, 0.1792545897336860761, 0.1000000000000041273 ) ) ;
#3808 = VECTOR ( 'NONE', #5849, 39.37007874015748143 ) ;
#3809 = CARTESIAN_POINT ( 'NONE',  ( 0.3749999999999925615, 0.1792545897336860761, 0.1000000000000049460 ) ) ;
#3810 = CARTESIAN_POINT ( 'NONE',  ( 0.01011757674814748632, 0.1892545897336835037, -0.03614433580396150120 ) ) ;
#3811 = EDGE_CURVE ( 'NONE', #2517, #2010, #4037, .T. ) ;
#3812 = CARTESIAN_POINT ( 'NONE',  ( 0.1999999999999913236, -0.2807454102663161088, -0.09999999999999292788 ) ) ;
#3813 = CARTESIAN_POINT ( 'NONE',  ( -0.002945840137346653932, 0.1892545897336829763, -0.01161646258158660627 ) ) ;
#3814 =( GEOMETRIC_REPRESENTATION_CONTEXT ( 3 ) GLOBAL_UNCERTAINTY_ASSIGNED_CONTEXT ( ( #3021 ) ) GLOBAL_UNIT_ASSIGNED_CONTEXT ( ( #5676, #2698, #3012 ) ) REPRESENTATION_CONTEXT ( 'NONE', 'WORKASPACE' ) );
#3815 = VECTOR ( 'NONE', #1410, 39.37007874015748143 ) ;
#3816 = DIRECTION ( 'NONE',  ( -5.551115123125634174E-17, 4.163336342344342450E-16, -1.000000000000000000 ) ) ;
#3817 = CARTESIAN_POINT ( 'NONE',  ( -0.07241480776676094411, -0.2807454102663204942, 0.01250000000001796549 ) ) ;
#3818 = VERTEX_POINT ( 'NONE', #5385 ) ;
#3819 = ADVANCED_FACE ( 'NONE', ( #828, #2687, #1697, #3626 ), #366, .F. ) ;
#3820 = CIRCLE ( 'NONE', #626, 0.01250000000000003712 ) ;
#3821 = VECTOR ( 'NONE', #2645, 39.37007874015748143 ) ;
#3822 = CARTESIAN_POINT ( 'NONE',  ( 0.01557680315738582850, 0.1892545897336785909, -0.04232899144339184044 ) ) ;
#3823 = B_SPLINE_CURVE_WITH_KNOTS ( 'NONE', 3,
 ( #404, #4389, #5896, #6402, #2509, #5061, #2068, #5983, #2106, #2530, #1536 ),
 .UNSPECIFIED., .F., .F.,
 ( 4, 1, 1, 1, 1, 1, 1, 1, 4 ),
 ( 0.000000000000000000, 0.1182713048357256075, 0.2361775330837630471, 0.3556629329485091473, 0.4759041646706827500, 0.6001273417110829511, 0.7286081161551197782, 0.8613134756739423414, 1.000000000000000000 ),
 .UNSPECIFIED. ) ;
#3824 = CARTESIAN_POINT ( 'NONE',  ( 0.3749999999999925615, 0.1792545897336860761, 0.1000000000000049460 ) ) ;
#3825 = DIRECTION ( 'NONE',  ( 2.635182449764338759E-15, 1.000000000000000000, 6.314393452555451606E-16 ) ) ;
#3826 = LINE ( 'NONE', #160, #4055 ) ;
#3827 = VECTOR ( 'NONE', #1397, 39.37007874015748143 ) ;
#3828 = CARTESIAN_POINT ( 'NONE',  ( -0.01055874481587342623, 0.1892545897336862515, 0.02969200177692038131 ) ) ;
#3829 = DIRECTION ( 'NONE',  ( -4.831338383696386080E-16, 0.2953293246920165593, 0.9553955149449663287 ) ) ;
#3830 = DIRECTION ( 'NONE',  ( -1.000000000000000000, -1.276756478318932585E-15, -1.110223024625158759E-16 ) ) ;
#3831 = ORIENTED_EDGE ( 'NONE', *, *, #1608, .T. ) ;
#3832 = ORIENTED_EDGE ( 'NONE', *, *, #56, .T. ) ;
#3833 = CARTESIAN_POINT ( 'NONE',  ( 0.3749999999999898415, 0.09425458973367974169, -0.09999999999999510669 ) ) ;
#3834 = LENGTH_MEASURE_WITH_UNIT ( LENGTH_MEASURE( 0.02539999999999999897 ), #2144 );
#3835 = EDGE_CURVE ( 'NONE', #1800, #174, #2479, .T. ) ;
#3836 = CARTESIAN_POINT ( 'NONE',  ( 0.006930743645132266678, 0.1892545897336829763, -0.04616437650656903674 ) ) ;
#3837 = CARTESIAN_POINT ( 'NONE',  ( 0.1249999999999960726, -0.2807454102663226592, 0.07500000000000288380 ) ) ;
#3838 = CARTESIAN_POINT ( 'NONE',  ( 0.3749999999999933942, -0.005745410266316458743, -0.03749999999999571038 ) ) ;
#3839 = DIMENSIONAL_EXPONENTS ( 1.000000000000000000, 0.000000000000000000, 0.000000000000000000, 0.000000000000000000, 0.000000000000000000, 0.000000000000000000, 0.000000000000000000 ) ;
#3840 = DIRECTION ( 'NONE',  ( 1.332267629550189623E-15, 1.000000000000000000, 4.163336342344342450E-16 ) ) ;
#3841 = ORIENTED_EDGE ( 'NONE', *, *, #1873, .T. ) ;
#3842 = CARTESIAN_POINT ( 'NONE',  ( -0.1375000000000058398, 0.09425458973368575077, 0.1000000000000043909 ) ) ;
#3843 = FACE_OUTER_BOUND ( 'NONE', #890, .T. ) ;
#3844 = LINE ( 'NONE', #6065, #327 ) ;
#3845 = ORIENTED_EDGE ( 'NONE', *, *, #3182, .F. ) ;
#3846 = EDGE_CURVE ( 'NONE', #4023, #174, #4483, .T. ) ;
#3847 = ORIENTED_EDGE ( 'NONE', *, *, #1168, .F. ) ;
#3849 = DIRECTION ( 'NONE',  ( 1.000000000000000000, 1.490591092757379113E-15, -9.316194329733619456E-17 ) ) ;
#3848 = CARTESIAN_POINT ( 'NONE',  ( 0.1249999999999911598, 0.03425458973368256804, -0.06249999999999776568 ) ) ;
#3850 = DIRECTION ( 'NONE',  ( 1.359791920952758397E-16, 1.006139616066556003E-15, 1.000000000000000000 ) ) ;
#3851 = ORIENTED_EDGE ( 'NONE', *, *, #5556, .T. ) ;
#3852 = EDGE_LOOP ( 'NONE', ( #991, #4374, #4053, #1793 ) ) ;
#3853 = PRESENTATION_STYLE_ASSIGNMENT (( #4404 ) ) ;
#3854 = DIRECTION ( 'NONE',  ( 2.635182449764338759E-15, 1.000000000000000000, 6.314393452555451606E-16 ) ) ;
#3855 = DIRECTION ( 'NONE',  ( -1.000000000000000000, -1.276756478318932388E-15, 5.551115123125844332E-17 ) ) ;
#3856 = ADVANCED_FACE ( 'NONE', ( #3177 ), #6386, .F. ) ;
#3857 = UNCERTAINTY_MEASURE_WITH_UNIT (LENGTH_MEASURE( 1.000000000000000082E-05 ), #1135, 'distance_accuracy_value', 'NONE');
#3858 = CARTESIAN_POINT ( 'NONE',  ( -0.01261335763703471877, 0.1892545897336796734, -0.03263006477715413994 ) ) ;
#3859 = EDGE_CURVE ( 'NONE', #5348, #4457, #533, .T. ) ;
#3860 = EDGE_LOOP ( 'NONE', ( #5587, #4308, #5530, #3795 ) ) ;
#3861 = ORIENTED_EDGE ( 'NONE', *, *, #814, .F. ) ;
#3862 = CARTESIAN_POINT ( 'NONE',  ( 0.02414062334177805372, 0.1892545897336840588, -0.03065393741398995606 ) ) ;
#3863 = DIRECTION ( 'NONE',  ( 1.332267629550189623E-15, 1.000000000000000000, 4.163336342344342450E-16 ) ) ;
#3864 = DIRECTION ( 'NONE',  ( -5.551115123125634174E-17, 4.163336342344342450E-16, -1.000000000000000000 ) ) ;
#3865 = DIRECTION ( 'NONE',  ( -1.858026332526783612E-15, 1.000000000000000000, 6.314393452555458508E-16 ) ) ;
#3866 = CARTESIAN_POINT ( 'NONE',  ( 0.02536459840669804192, 0.1892545897336785909, 0.0006893987762213827719 ) ) ;
#3867 = VERTEX_POINT ( 'NONE', #2445 ) ;
#3868 = VERTEX_POINT ( 'NONE', #4812 ) ;
#3869 = VERTEX_POINT ( 'NONE', #2885 ) ;
#3870 = EDGE_CURVE ( 'NONE', #4086, #2089, #3491, .T. ) ;
#3871 = CARTESIAN_POINT ( 'NONE',  ( -0.07255376758612853971, -0.1631983307839955655, -0.009999999999983228902 ) ) ;
#3872 = CARTESIAN_POINT ( 'NONE',  ( 0.03300344421698663683, -0.04723214755363101813, -0.009999999999984049426 ) ) ;
#3873 = CARTESIAN_POINT ( 'NONE',  ( -0.003976820273543448143, 0.1792545897336816907, -0.01159896725489332862 ) ) ;
#3874 = LINE ( 'NONE', #6135, #5630 ) ;
#3875 = ORIENTED_EDGE ( 'NONE', *, *, #1817, .F. ) ;
#3876 = EDGE_LOOP ( 'NONE', ( #4087, #3463, #5979, #1577 ) ) ;
#3877 = CARTESIAN_POINT ( 'NONE',  ( -0.1400000000000056199, 0.1692545897336804328, -0.03999999999999684364 ) ) ;
#3878 = CARTESIAN_POINT ( 'NONE',  ( 0.01738083416631466122, 0.1792545897336834115, -0.02567263991091034078 ) ) ;
#3879 = ORIENTED_EDGE ( 'NONE', *, *, #5121, .T. ) ;
#3880 = DIRECTION ( 'NONE',  ( 0.000000000000000000, 0.000000000000000000, 1.000000000000000000 ) ) ;
#3881 = FACE_OUTER_BOUND ( 'NONE', #2995, .T. ) ;
#3882 = EDGE_CURVE ( 'NONE', #1662, #3550, #2028, .T. ) ;
#3883 = ORIENTED_EDGE ( 'NONE', *, *, #4026, .F. ) ;
#3884 = ORIENTED_EDGE ( 'NONE', *, *, #4150, .F. ) ;
#3885 = CARTESIAN_POINT ( 'NONE',  ( 0.01513709532474780822, 0.1892545897336851413, -0.008059971528395683954 ) ) ;
#3886 = CARTESIAN_POINT ( 'NONE',  ( 0.0005303912649154877241, 0.1792545897336838834, -0.04685537751130022799 ) ) ;
#3887 = VERTEX_POINT ( 'NONE', #11 ) ;
#3888 = CARTESIAN_POINT ( 'NONE',  ( 0.3749999999999917843, 0.05425458973368071230, 0.07500000000000262013 ) ) ;
#3889 = DIRECTION ( 'NONE',  ( -2.635182449764338759E-15, -1.000000000000000000, -6.314393452555451606E-16 ) ) ;
#3890 = CIRCLE ( 'NONE', #2547, 0.04132405606333308667 ) ;
#3891 = CARTESIAN_POINT ( 'NONE',  ( 0.2899999999999919864, 0.1692545897336804328, -0.03999999999999492850 ) ) ;
#3892 = CARTESIAN_POINT ( 'NONE',  ( 0.02914283784611372899, 0.1892545897336791461, 0.01385843124938349394 ) ) ;
#3893 = EDGE_CURVE ( 'NONE', #1271, #2501, #6133, .T. ) ;
#3894 = DIRECTION ( 'NONE',  ( -1.276756478318932191E-15, 1.000000000000000000, 4.163336342344339492E-16 ) ) ;
#3895 = ORIENTED_EDGE ( 'NONE', *, *, #4904, .T. ) ;
#3896 = CARTESIAN_POINT ( 'NONE',  ( -0.02608239452992065083, 0.1792545897336795258, 0.02182768450743997543 ) ) ;
#3897 = DIRECTION ( 'NONE',  ( 1.000000000000000000, 1.461015776501131892E-15, -9.131348603132074326E-17 ) ) ;
#3898 = CARTESIAN_POINT ( 'NONE',  ( 0.3749999999999925615, 0.1792545897336844385, -0.09999999999999401035 ) ) ;
#3899 = CARTESIAN_POINT ( 'NONE',  ( -0.01526627254659356121, 0.1792545897336849936, -0.04132905125151096343 ) ) ;
#3900 = DIRECTION ( 'NONE',  ( -1.858026332526783612E-15, 1.000000000000000000, 6.314393452555458508E-16 ) ) ;
#3901 = AXIS2_PLACEMENT_3D ( 'NONE', #5269, #6283, #237 ) ;
#3902 = CARTESIAN_POINT ( 'NONE',  ( 0.0003133773760272260582, 0.1892545897336873340, 0.04075146009553184262 ) ) ;
#3903 = CARTESIAN_POINT ( 'NONE',  ( 0.3749999999999920619, -0.005745410266313180983, 0.03750000000000636158 ) ) ;
#3904 = CARTESIAN_POINT ( 'NONE',  ( -0.1375000000000071998, 0.05425458973368415400, 0.07500000000001030842 ) ) ;
#3905 = CARTESIAN_POINT ( 'NONE',  ( 0.01557680315738801252, 0.1792545897336838834, -0.04232899144339457437 ) ) ;
#3906 = VERTEX_POINT ( 'NONE', #520 ) ;
#3907 = CARTESIAN_POINT ( 'NONE',  ( 0.0006305515213264633635, 0.1892545897336840588, -0.03830836896429751226 ) ) ;
#3908 = ORIENTED_EDGE ( 'NONE', *, *, #2077, .F. ) ;
#3909 = CARTESIAN_POINT ( 'NONE',  ( 0.08749999999999408251, 0.1792545897336866312, -0.09999999999999456546 ) ) ;
#3910 = EDGE_CURVE ( 'NONE', #4025, #4721, #2413, .T. ) ;
#3911 = CARTESIAN_POINT ( 'NONE',  ( -0.08241480776677312381, -0.5507454102663107420, -0.01249999999998764079 ) ) ;
#3912 = DIMENSIONAL_EXPONENTS ( 1.000000000000000000, 0.000000000000000000, 0.000000000000000000, 0.000000000000000000, 0.000000000000000000, 0.000000000000000000, 0.000000000000000000 ) ;
#3913 = AXIS2_PLACEMENT_3D ( 'NONE', #1784, #4257, #2252 ) ;
#3914 = CARTESIAN_POINT ( 'NONE',  ( -0.01347535125645099238, 0.1792545897336850491, 0.02769724001006636238 ) ) ;
#3915 = LINE ( 'NONE', #5609, #79 ) ;
#3916 = VECTOR ( 'NONE', #4367, 39.37007874015748143 ) ;
#3917 = CARTESIAN_POINT ( 'NONE',  ( -0.0003182977168401751556, 0.1792545897336801364, -0.03827524129755228294 ) ) ;
#3918 = ORIENTED_EDGE ( 'NONE', *, *, #4954, .T. ) ;
#3919 = CARTESIAN_POINT ( 'NONE',  ( 0.02416821177773581519, 0.1892545897336807836, -0.0009485933232672264263 ) ) ;
#3920 = CARTESIAN_POINT ( 'NONE',  ( -0.001686305805208998358, 0.1792545897336828009, -0.04681406588865739959 ) ) ;
#3921 = PRESENTATION_STYLE_ASSIGNMENT (( #3791 ) ) ;
#3922 = EDGE_CURVE ( 'NONE', #5668, #4077, #6370, .T. ) ;
#3923 = ORIENTED_EDGE ( 'NONE', *, *, #6123, .T. ) ;
#3924 = CARTESIAN_POINT ( 'NONE',  ( 0.008027148387438509669, 0.1892545897336851413, 0.03993972824117503206 ) ) ;
#3925 = CARTESIAN_POINT ( 'NONE',  ( 0.3324999999999921352, 0.09425458973368520954, 0.1000000000000052097 ) ) ;
#3926 = VECTOR ( 'NONE', #3120, 39.37007874015748143 ) ;
#3927 = DIRECTION ( 'NONE',  ( 1.332267629550189623E-15, 1.000000000000000000, 4.163336342344342450E-16 ) ) ;
#3928 = DIRECTION ( 'NONE',  ( -5.551115123125634174E-17, 4.163336342344342450E-16, -1.000000000000000000 ) ) ;
#3929 = CARTESIAN_POINT ( 'NONE',  ( 0.0006305515213264633635, 0.1892545897336840588, -0.03830836896429751226 ) ) ;
#3930 = ORIENTED_EDGE ( 'NONE', *, *, #4972, .T. ) ;
#3931 = EDGE_CURVE ( 'NONE', #3478, #2202, #2882, .T. ) ;
#3932 =( NAMED_UNIT ( * ) PLANE_ANGLE_UNIT ( ) SI_UNIT ( $, .RADIAN. ) );
#3933 = VERTEX_POINT ( 'NONE', #6059 ) ;
#3934 = ORIENTED_EDGE ( 'NONE', *, *, #4954, .F. ) ;
#3935 = CARTESIAN_POINT ( 'NONE',  ( -0.02936674827094055626, -0.04723214755362883238, 0.01000000000001437239 ) ) ;
#3936 = SURFACE_SIDE_STYLE ('',( #338 ) ) ;
#3937 = LINE ( 'NONE', #5361, #6414 ) ;
#3938 = VERTEX_POINT ( 'NONE', #1080 ) ;
#3939 = ORIENTED_EDGE ( 'NONE', *, *, #5823, .T. ) ;
#3940 = SURFACE_SIDE_STYLE ('',( #1237 ) ) ;
#3941 = CARTESIAN_POINT ( 'NONE',  ( 0.001635306684642612784, 0.1792545897336861316, 0.04071336796882335518 ) ) ;
#3942 = LINE ( 'NONE', #6331, #1594 ) ;
#3943 = VECTOR ( 'NONE', #3997, 39.37007874015748143 ) ;
#3944 = CARTESIAN_POINT ( 'NONE',  ( 0.3749999999999925615, 0.1792545897336844385, -0.09999999999999401035 ) ) ;
#3945 = ORIENTED_EDGE ( 'NONE', *, *, #2685, .F. ) ;
#3946 = ORIENTED_EDGE ( 'NONE', *, *, #6362, .F. ) ;
#3947 = CARTESIAN_POINT ( 'NONE',  ( 0.3749999999999925615, 0.1792545897336844385, -0.09999999999999401035 ) ) ;
#3948 = AXIS2_PLACEMENT_3D ( 'NONE', #4352, #4392, #1391 ) ;
#3949 = VECTOR ( 'NONE', #5272, 39.37007874015748143 ) ;
#3950 = FACE_OUTER_BOUND ( 'NONE', #1423, .T. ) ;
#3951 = PRESENTATION_STYLE_ASSIGNMENT (( #2950 ) ) ;
#3952 = VERTEX_POINT ( 'NONE', #979 ) ;
#3953 = ORIENTED_EDGE ( 'NONE', *, *, #6102, .F. ) ;
#3954 = ORIENTED_EDGE ( 'NONE', *, *, #4818, .T. ) ;
#3955 = DIRECTION ( 'NONE',  ( 1.000000000000000000, 1.858026332526783612E-15, -1.359791920952777133E-16 ) ) ;
#3956 = CARTESIAN_POINT ( 'NONE',  ( 0.01328136385572315989, -0.04723214755363101813, 0.01000000000001355187 ) ) ;
#3957 = CARTESIAN_POINT ( 'NONE',  ( 0.1214831428074659714, -0.2306847410194153847, -0.09999999999998390732 ) ) ;
#3958 = VERTEX_POINT ( 'NONE', #5064 ) ;
#3959 = ORIENTED_EDGE ( 'NONE', *, *, #2703, .F. ) ;
#3960 = EDGE_CURVE ( 'NONE', #5888, #1140, #57, .T. ) ;
#3961 = ORIENTED_EDGE ( 'NONE', *, *, #881, .T. ) ;
#3962 = CARTESIAN_POINT ( 'NONE',  ( -0.01688115229187320612, 0.1792545897336784155, -0.03988349797633926330 ) ) ;
#3963 = CIRCLE ( 'NONE', #5429, 0.01250000000000003712 ) ;
#3964 = VERTEX_POINT ( 'NONE', #3123 ) ;
#3965 = CARTESIAN_POINT ( 'NONE',  ( -0.08241480776677202746, -0.5507454102663162931, 0.01250000000001468686 ) ) ;
#3966 = CARTESIAN_POINT ( 'NONE',  ( 0.02355925610413207860, 0.1792545897336773886, -0.001701569458481745406 ) ) ;
#3967 = VECTOR ( 'NONE', #2715, 39.37007874015748143 ) ;
#3968 = ORIENTED_EDGE ( 'NONE', *, *, #5575, .F. ) ;
#3969 = CARTESIAN_POINT ( 'NONE',  ( -0.009714070265892530212, 0.1892545897336851413, 0.03922078201848329393 ) ) ;
#3970 = CARTESIAN_POINT ( 'NONE',  ( 0.1124999999999955896, 0.1792545897336849936, -0.09999999999999155398 ) ) ;
#3971 = PLANE ( 'NONE',  #879 ) ;
#3972 = EDGE_CURVE ( 'NONE', #6401, #1606, #5030, .T. ) ;
#3973 = CARTESIAN_POINT ( 'NONE',  ( -0.0005775583449969517308, 0.1792545897336860761, 0.04073078835128656622 ) ) ;
#3974 =( BOUNDED_CURVE ( )  B_SPLINE_CURVE ( 3, ( #4823, #5813, #4334, #4362 ),
 .UNSPECIFIED., .F., .F. ) 
 B_SPLINE_CURVE_WITH_KNOTS ( ( 4, 4 ),
 ( 1.570796326794895004, 4.712388980384689674 ),
 .UNSPECIFIED. ) 
 CURVE ( )  GEOMETRIC_REPRESENTATION_ITEM ( )  RATIONAL_B_SPLINE_CURVE ( ( 1.000000000000000000, 0.3333333333333335369, 0.3333333333333335369, 1.000000000000000000 ) ) 
 REPRESENTATION_ITEM ( '' )  );
#3975 = LINE ( 'NONE', #1040, #840 ) ;
#3977 = EDGE_LOOP ( 'NONE', ( #29, #5625, #447, #6318 ) ) ;
#3976 = CARTESIAN_POINT ( 'NONE',  ( -0.3625000000000052625, 0.05425458973368463972, -0.07499999999999423794 ) ) ;
#3978 = DIRECTION ( 'NONE',  ( -1.332267629550189623E-15, -1.000000000000000000, -4.163336342344342450E-16 ) ) ;
#3979 = ADVANCED_FACE ( 'NONE', ( #3701 ), #3225, .F. ) ;
#3981 = DIRECTION ( 'NONE',  ( 4.679590048795036711E-14, -1.000000000000000000, 3.445022045411852162E-13 ) ) ;
#3980 = CARTESIAN_POINT ( 'NONE',  ( 0.1399999999999936018, 0.1792545897336860761, -0.03999999999999574729 ) ) ;
#3982 = CARTESIAN_POINT ( 'NONE',  ( 0.05605150371280286092, -0.1865689222180856310, 0.01000000000001573762 ) ) ;
#3983 = CARTESIAN_POINT ( 'NONE',  ( -0.005466022654902681632, 0.1892545897336851413, 0.03160682039216307360 ) ) ;
#3984 = VERTEX_POINT ( 'NONE', #4683 ) ;
#3985 = EDGE_LOOP ( 'NONE', ( #2463, #307, #1694, #466 ) ) ;
#3986 = ORIENTED_EDGE ( 'NONE', *, *, #647, .T. ) ;
#3987 = CARTESIAN_POINT ( 'NONE',  ( -0.02608239452992065083, 0.1892545897336807836, 0.02182768450743833785 ) ) ;
#3988 = FACE_OUTER_BOUND ( 'NONE', #328, .T. ) ;
#3989 = FACE_OUTER_BOUND ( 'NONE', #1494, .T. ) ;
#3990 = CARTESIAN_POINT ( 'NONE',  ( -0.02748109377781744744, 0.1892545897336807836, 0.01617881052288667326 ) ) ;
#3991 = EDGE_CURVE ( 'NONE', #6050, #4387, #6201, .T. ) ;
#3992 = CARTESIAN_POINT ( 'NONE',  ( 0.02165164318030312479, 0.1792545897336784988, 0.01515632523740020193 ) ) ;
#3993 = ORIENTED_EDGE ( 'NONE', *, *, #5957, .F. ) ;
#3994 = ORIENTED_EDGE ( 'NONE', *, *, #5437, .F. ) ;
#3995 = LINE ( 'NONE', #3838, #2644 ) ;
#3996 = ORIENTED_EDGE ( 'NONE', *, *, #1284, .T. ) ;
#3997 = DIRECTION ( 'NONE',  ( -1.332267629550189623E-15, -1.000000000000000000, -4.163336342344342450E-16 ) ) ;
#3998 = ORIENTED_EDGE ( 'NONE', *, *, #2192, .T. ) ;
#3999 = CARTESIAN_POINT ( 'NONE',  ( 0.01263332865331351536, 0.1792545897336790539, -0.03443760070526923761 ) ) ;
#4000 = CARTESIAN_POINT ( 'NONE',  ( 0.3749999999999909517, -0.1803076923076681881, -0.03749999999999571038 ) ) ;
#4001 = LINE ( 'NONE', #3436, #1819 ) ;
#4002 = ORIENTED_EDGE ( 'NONE', *, *, #4437, .T. ) ;
#4003 = EDGE_CURVE ( 'NONE', #2213, #3065, #1863, .T. ) ;
#4004 = ADVANCED_FACE ( 'NONE', ( #5178 ), #2841, .F. ) ;
#4005 =( NAMED_UNIT ( * ) SI_UNIT ( $, .STERADIAN. ) SOLID_ANGLE_UNIT ( ) );
#4006 = CARTESIAN_POINT ( 'NONE',  ( 0.01270519912757761029, 0.1892545897336862515, 0.02926710357731369949 ) ) ;
#4007 = DIRECTION ( 'NONE',  ( -1.970877152922708759E-16, -1.006139616066556398E-15, -1.000000000000000000 ) ) ;
#4008 = LINE ( 'NONE', #3460, #4313 ) ;
#4009 = VECTOR ( 'NONE', #5382, 39.37007874015748143 ) ;
#4010 = EDGE_LOOP ( 'NONE', ( #1927, #432, #2580, #6037 ) ) ;
#4011 = ORIENTED_EDGE ( 'NONE', *, *, #3811, .F. ) ;
#4012 = ORIENTED_EDGE ( 'NONE', *, *, #442, .F. ) ;
#4013 = FACE_OUTER_BOUND ( 'NONE', #2824, .T. ) ;
#4014 = ORIENTED_EDGE ( 'NONE', *, *, #2676, .T. ) ;
#4015 = CARTESIAN_POINT ( 'NONE',  ( -0.1625000000000057232, 0.09425458973368520954, -0.09999999999999428790 ) ) ;
#4016 = CARTESIAN_POINT ( 'NONE',  ( -0.003574894911289931004, 0.1892545897336862515, 0.03194302322864985694 ) ) ;
#4017 = CARTESIAN_POINT ( 'NONE',  ( 0.3624999999999915512, 0.09425458973368083804, -0.09999999999999566180 ) ) ;
#4018 = CARTESIAN_POINT ( 'NONE',  ( -0.008961961813831033005, 0.1792545897336860761, 0.03048631190393505039 ) ) ;
#4019 = CARTESIAN_POINT ( 'NONE',  ( 0.3324999999999940781, 0.03425458973368530197, -0.06249999999999475420 ) ) ;
#4020 = DIRECTION ( 'NONE',  ( -1.332267629550189623E-15, -1.000000000000000000, -4.163336342344342450E-16 ) ) ;
#4021 = LINE ( 'NONE', #4182, #1375 ) ;
#4022 = LINE ( 'NONE', #6109, #6359 ) ;
#4023 = VERTEX_POINT ( 'NONE', #5232 ) ;
#4024 = CARTESIAN_POINT ( 'NONE',  ( -0.06250000000000677236, 0.09425458973368848470, -0.09999999999999674427 ) ) ;
#4025 = VERTEX_POINT ( 'NONE', #3301 ) ;
#4026 = EDGE_CURVE ( 'NONE', #5431, #2372, #499, .T. ) ;
#4027 = CYLINDRICAL_SURFACE ( 'NONE', #5588, 0.01250000000000003712 ) ;
#4028 = ORIENTED_EDGE ( 'NONE', *, *, #6342, .T. ) ;
#4029 = ORIENTED_EDGE ( 'NONE', *, *, #4800, .T. ) ;
#4030 = CARTESIAN_POINT ( 'NONE',  ( 0.01270519912757759814, 0.1792545897336850491, 0.02926710357731369602 ) ) ;
#4031 = ORIENTED_EDGE ( 'NONE', *, *, #3665, .F. ) ;
#4032 = CARTESIAN_POINT ( 'NONE',  ( -0.08750000000000392186, -0.2807454102663161088, -0.09999999999999292788 ) ) ;
#4033 = CARTESIAN_POINT ( 'NONE',  ( 0.01674164917297785854, 0.1792545897336871585, -0.02902951423733597311 ) ) ;
#4034 = VECTOR ( 'NONE', #482, 39.37007874015748143 ) ;
#4035 = EDGE_CURVE ( 'NONE', #1823, #4884, #3349, .T. ) ;
#4036 = AXIS2_PLACEMENT_3D ( 'NONE', #375, #3863, #4841 ) ;
#4037 = LINE ( 'NONE', #3440, #5266 ) ;
#4038 = CARTESIAN_POINT ( 'NONE',  ( -0.007367889364546399873, 0.1792545897336894345, 0.03990419405100956857 ) ) ;
#4039 = ADVANCED_FACE ( 'NONE', ( #5106 ), #1293, .F. ) ;
#4040 = VECTOR ( 'NONE', #383, 39.37007874015748143 ) ;
#4041 = LINE ( 'NONE', #567, #3038 ) ;
#4042 = CARTESIAN_POINT ( 'NONE',  ( -0.007252088618096044249, 0.1792545897336887961, 0.03109306656384468875 ) ) ;
#4043 = EDGE_CURVE ( 'NONE', #6154, #5167, #3801, .T. ) ;
#4044 = PLANE ( 'NONE',  #3708 ) ;
#4045 = SURFACE_STYLE_FILL_AREA ( #5173 ) ;
#4046 = ORIENTED_EDGE ( 'NONE', *, *, #3767, .F. ) ;
#4047 = CARTESIAN_POINT ( 'NONE',  ( -0.01526627254659465409, 0.1892545897336829763, -0.04132905125151041525 ) ) ;
#4048 =( BOUNDED_CURVE ( )  B_SPLINE_CURVE ( 3, ( #1490, #5911, #3433, #1442 ),
 .UNSPECIFIED., .F., .F. ) 
 B_SPLINE_CURVE_WITH_KNOTS ( ( 4, 4 ),
 ( 1.570796326794895004, 4.712388980384689674 ),
 .UNSPECIFIED. ) 
 CURVE ( )  GEOMETRIC_REPRESENTATION_ITEM ( )  RATIONAL_B_SPLINE_CURVE ( ( 1.000000000000000000, 0.3333333333333335369, 0.3333333333333335369, 1.000000000000000000 ) ) 
 REPRESENTATION_ITEM ( '' )  );
#4049 = EDGE_CURVE ( 'NONE', #2048, #4726, #822, .T. ) ;
#4050 = PLANE ( 'NONE',  #5122 ) ;
#4051 = CARTESIAN_POINT ( 'NONE',  ( 0.001635306684641533352, 0.1792545897336871585, 0.04071336796882335518 ) ) ;
#4052 = ORIENTED_EDGE ( 'NONE', *, *, #3581, .F. ) ;
#4053 = ORIENTED_EDGE ( 'NONE', *, *, #1139, .T. ) ;
#4054 = CARTESIAN_POINT ( 'NONE',  ( -0.01194847589431350353, 0.1792545897336894345, 0.03835431196894997091 ) ) ;
#4055 = VECTOR ( 'NONE', #3703, 39.37007874015748143 ) ;
#4056 = VECTOR ( 'NONE', #1258, 39.37007874015748143 ) ;
#4057 = ORIENTED_EDGE ( 'NONE', *, *, #3041, .F. ) ;
#4058 = ORIENTED_EDGE ( 'NONE', *, *, #3910, .F. ) ;
#4059 = AXIS2_PLACEMENT_3D ( 'NONE', #4178, #4663, #5664 ) ;
#4060 = ORIENTED_EDGE ( 'NONE', *, *, #4506, .F. ) ;
#4061 = EDGE_CURVE ( 'NONE', #4942, #4578, #3554, .T. ) ;
#4062 = LINE ( 'NONE', #1721, #6077 ) ;
#4063 = CARTESIAN_POINT ( 'NONE',  ( -0.1250000000000086320, 0.08425458973368285531, 0.07500000000000561773 ) ) ;
#4064 = CARTESIAN_POINT ( 'NONE',  ( -0.04964466790968156962, -0.1631983307839868225, 0.01000000000002065556 ) ) ;
#4065 = ORIENTED_EDGE ( 'NONE', *, *, #288, .F. ) ;
#4066 = ADVANCED_FACE ( 'NONE', ( #2957 ), #3210, .F. ) ;
#4067 = LINE ( 'NONE', #1399, #938 ) ;
#4068 = CARTESIAN_POINT ( 'NONE',  ( 0.05605150371280067517, -0.1865689222180703100, -0.009999999999982682464 ) ) ;
#4069 = CARTESIAN_POINT ( 'NONE',  ( -0.01177667060870023208, 0.1792545897336766392, -0.04375411759791431043 ) ) ;
#4070 = CARTESIAN_POINT ( 'NONE',  ( 0.3749999999999925615, 0.1792545897336844385, -0.09999999999999401035 ) ) ;
#4071 = EDGE_CURVE ( 'NONE', #4526, #45, #2093, .T. ) ;
#4072 = DIRECTION ( 'NONE',  ( 1.000000000000000000, 1.276756478318932191E-15, 1.110223024625158513E-16 ) ) ;
#4073 = VERTEX_POINT ( 'NONE', #3653 ) ;
#4074 = ORIENTED_EDGE ( 'NONE', *, *, #2757, .T. ) ;
#4075 = VECTOR ( 'NONE', #2470, 39.37007874015748143 ) ;
#4076 = ORIENTED_EDGE ( 'NONE', *, *, #346, .T. ) ;
#4077 = VERTEX_POINT ( 'NONE', #704 ) ;
#4078 = EDGE_CURVE ( 'NONE', #5781, #5492, #734, .T. ) ;
#4079 = LINE ( 'NONE', #2620, #5227 ) ;
#4080 = ORIENTED_EDGE ( 'NONE', *, *, #496, .F. ) ;
#4081 = CARTESIAN_POINT ( 'NONE',  ( 0.06249999999999858447, -0.2807454102663139439, -0.09999999999999428790 ) ) ;
#4082 = EDGE_CURVE ( 'NONE', #2202, #6081, #1125, .T. ) ;
#4083 = CYLINDRICAL_SURFACE ( 'NONE', #4853, 0.01250000000000003712 ) ;
#4084 = LINE ( 'NONE', #1212, #5550 ) ;
#4085 = ORIENTED_EDGE ( 'NONE', *, *, #5354, .F. ) ;
#4086 = VERTEX_POINT ( 'NONE', #1734 ) ;
#4087 = ORIENTED_EDGE ( 'NONE', *, *, #1965, .T. ) ;
#4088 = CARTESIAN_POINT ( 'NONE',  ( -0.003852103426985329857, 0.1792545897336788319, -0.04653332507402649365 ) ) ;
#4089 = CARTESIAN_POINT ( 'NONE',  ( 0.02166420536748000017, 0.1892545897336780358, 0.01457624642032253649 ) ) ;
#4090 = CARTESIAN_POINT ( 'NONE',  ( 0.3749999999999925615, 0.1792545897336860761, 0.1000000000000049460 ) ) ;
#4091 = CARTESIAN_POINT ( 'NONE',  ( 0.2999999999999929945, -0.2807454102663183293, 0.1000000000000071249 ) ) ;
#4092 = DIRECTION ( 'NONE',  ( 1.000000000000000000, 1.276756478318932191E-15, 1.110223024625158513E-16 ) ) ;
#4093 = LINE ( 'NONE', #4211, #5015 ) ;
#4094 = EDGE_LOOP ( 'NONE', ( #665, #4012, #306, #2121 ) ) ;
#4095 = AXIS2_PLACEMENT_3D ( 'NONE', #401, #446, #1953 ) ;
#4096 = STYLED_ITEM ( 'NONE', ( #1261 ), #589 ) ;
#4097 = ADVANCED_FACE ( 'NONE', ( #5260 ), #5910, .F. ) ;
#4098 = CARTESIAN_POINT ( 'NONE',  ( 0.01685328523707265921, 0.1892545897336840588, -0.02173990783965423432 ) ) ;
#4099 = ORIENTED_EDGE ( 'NONE', *, *, #3131, .T. ) ;
#4100 = PLANE ( 'NONE',  #2510 ) ;
#4101 = LINE ( 'NONE', #347, #2603 ) ;
#4102 = ORIENTED_EDGE ( 'NONE', *, *, #102, .F. ) ;
#4103 = EDGE_CURVE ( 'NONE', #2471, #2755, #3252, .T. ) ;
#4104 = ORIENTED_EDGE ( 'NONE', *, *, #5794, .F. ) ;
#4105 = DIRECTION ( 'NONE',  ( -1.000000000000000000, -1.276756478318932585E-15, -1.110223024625158759E-16 ) ) ;
#4106 = FACE_OUTER_BOUND ( 'NONE', #5886, .T. ) ;
#4107 = CARTESIAN_POINT ( 'NONE',  ( 0.02008728313750381828, 0.1892545897336807836, 0.007775943233614465884 ) ) ;
#4108 = CARTESIAN_POINT ( 'NONE',  ( 0.3749999999999925615, 0.1792545897336844385, -0.09999999999999401035 ) ) ;
#4109 = CARTESIAN_POINT ( 'NONE',  ( 0.01194889845519686578, 0.1892545897336840588, -0.01572373965489416714 ) ) ;
#4110 = CARTESIAN_POINT ( 'NONE',  ( 0.2124999999999934441, 0.09425458973368301685, -0.09999999999999510669 ) ) ;
#4111 = CARTESIAN_POINT ( 'NONE',  ( 0.02100011323768106661, 0.1892545897336807836, 0.009971738767879243653 ) ) ;
#4112 = EDGE_CURVE ( 'NONE', #4946, #2584, #273, .T. ) ;
#4113 = DIRECTION ( 'NONE',  ( 0.000000000000000000, 0.000000000000000000, -1.000000000000000000 ) ) ;
#4114 = ORIENTED_EDGE ( 'NONE', *, *, #2321, .F. ) ;
#4115 = ADVANCED_FACE ( 'NONE', ( #6439 ), #2354, .F. ) ;
#4116 = LENGTH_MEASURE_WITH_UNIT ( LENGTH_MEASURE( 0.02539999999999999897 ), #6168 );
#4117 = ORIENTED_EDGE ( 'NONE', *, *, #4631, .T. ) ;
#4118 = DIRECTION ( 'NONE',  ( -2.775557561562886421E-16, 5.828670879282061976E-16, 1.000000000000000000 ) ) ;
#4119 = DIRECTION ( 'NONE',  ( 2.635182449764338759E-15, 1.000000000000000000, 6.314393452555451606E-16 ) ) ;
#4120 = ORIENTED_EDGE ( 'NONE', *, *, #4800, .F. ) ;
#4121 = DIRECTION ( 'NONE',  ( 1.332267629550189623E-15, 1.000000000000000000, 4.163336342344342450E-16 ) ) ;
#4122 = CARTESIAN_POINT ( 'NONE',  ( 0.2124999999999917788, -0.2807454102663144990, -0.09999999999999674427 ) ) ;
#4123 = MECHANICAL_DESIGN_GEOMETRIC_PRESENTATION_REPRESENTATION (  '', ( #5652 ), #1334 ) ;
#4124 = LINE ( 'NONE', #5791, #6222 ) ;
#4125 = CARTESIAN_POINT ( 'NONE',  ( -0.02690347949745097028, 0.1892545897336813110, 0.01907806493626968899 ) ) ;
#4126 = CARTESIAN_POINT ( 'NONE',  ( 0.002023461084510633137, 0.1892545897336862515, -0.01206520806677107739 ) ) ;
#4127 = LINE ( 'NONE', #5579, #776 ) ;
#4128 = MECHANICAL_DESIGN_GEOMETRIC_PRESENTATION_REPRESENTATION (  '', ( #5944 ), #134 ) ;
#4129 = EDGE_CURVE ( 'NONE', #3000, #2416, #1470, .T. ) ;
#4130 = ORIENTED_EDGE ( 'NONE', *, *, #5019, .T. ) ;
#4131 = PRESENTATION_LAYER_ASSIGNMENT (  '', '', ( #3034 ) ) ;
#4132 = DIRECTION ( 'NONE',  ( 1.970877152922708759E-16, 1.006139616066556398E-15, 1.000000000000000000 ) ) ;
#4133 = VECTOR ( 'NONE', #1318, 39.37007874015748143 ) ;
#4134 = VECTOR ( 'NONE', #6132, 39.37007874015748143 ) ;
#4135 = ORIENTED_EDGE ( 'NONE', *, *, #4678, .F. ) ;
#4136 = VERTEX_POINT ( 'NONE', #5795 ) ;
#4137 = EDGE_CURVE ( 'NONE', #217, #51, #5792, .T. ) ;
#4138 = PLANE ( 'NONE',  #690 ) ;
#4139 = CARTESIAN_POINT ( 'NONE',  ( -0.2375000000000064004, 0.09425458973368630589, -0.09999999999999510669 ) ) ;
#4140 = DIRECTION ( 'NONE',  ( -1.000000000000000000, -1.276756478318932585E-15, -1.110223024625158759E-16 ) ) ;
#4141 = CARTESIAN_POINT ( 'NONE',  ( 0.1249999999999911598, 0.03425458973368256804, -0.06249999999999776568 ) ) ;
#4142 = LINE ( 'NONE', #3057, #500 ) ;
#4143 = ORIENTED_EDGE ( 'NONE', *, *, #542, .T. ) ;
#4144 = DIRECTION ( 'NONE',  ( -1.332267629550189623E-15, -1.000000000000000000, -4.163336342344342450E-16 ) ) ;
#4145 = FACE_OUTER_BOUND ( 'NONE', #6100, .T. ) ;
#4146 = DIRECTION ( 'NONE',  ( 1.000000000000000000, 2.135582088683073931E-15, 4.191323202172999653E-16 ) ) ;
#4147 = ADVANCED_FACE ( 'NONE', ( #130 ), #2286, .F. ) ;
#4148 = VECTOR ( 'NONE', #4252, 39.37007874015748143 ) ;
#4149 = CARTESIAN_POINT ( 'NONE',  ( -0.01679733309406145417, 0.1892545897336835037, -0.02548785614378141703 ) ) ;
#4150 = EDGE_CURVE ( 'NONE', #4739, #5668, #1957, .T. ) ;
#4151 = DIRECTION ( 'NONE',  ( -2.635182449764338759E-15, -1.000000000000000000, -6.314393452555451606E-16 ) ) ;
#4152 = ORIENTED_EDGE ( 'NONE', *, *, #1730, .T. ) ;
#4154 = AXIS2_PLACEMENT_3D ( 'NONE', #4815, #5045, #3607 ) ;
#4153 = CARTESIAN_POINT ( 'NONE',  ( 0.03300344421698390984, -0.1631983307839912078, 0.01000000000001710458 ) ) ;
#4155 = UNCERTAINTY_MEASURE_WITH_UNIT (LENGTH_MEASURE( 1.000000000000000082E-05 ), #3009, 'distance_accuracy_value', 'NONE');
#4156 = PRESENTATION_STYLE_ASSIGNMENT (( #5641 ) ) ;
#4157 = ORIENTED_EDGE ( 'NONE', *, *, #3420, .T. ) ;
#4158 = CARTESIAN_POINT ( 'NONE',  ( 0.0004469243845741008281, 0.1792545897336860761, 0.03220445154852612235 ) ) ;
#4159 = EDGE_CURVE ( 'NONE', #2747, #2048, #3963, .T. ) ;
#4160 = CARTESIAN_POINT ( 'NONE',  ( -0.08241480776677148623, -0.5257454102663218221, -0.01249999999998354337 ) ) ;
#4161 = CARTESIAN_POINT ( 'NONE',  ( 0.02166420536748109305, 0.1792545897336816907, 0.01457624642032417581 ) ) ;
#4162 = VECTOR ( 'NONE', #1567, 39.37007874015748143 ) ;
#4163 = EDGE_LOOP ( 'NONE', ( #6312, #1512, #4099, #2988, #40, #2908, #5688, #3923, #3297, #6033 ) ) ;
#4164 = EDGE_LOOP ( 'NONE', ( #5965, #5613, #5699, #4028 ) ) ;
#4165 = APPLICATION_CONTEXT ( 'automotive_design' ) ;
#4166 = DIRECTION ( 'NONE',  ( 1.000000000000000000, 1.276756478318932191E-15, 1.110223024625158513E-16 ) ) ;
#4167 = EDGE_LOOP ( 'NONE', ( #6105, #2165, #4565, #516 ) ) ;
#4168 = LINE ( 'NONE', #3274, #449 ) ;
#4169 = VECTOR ( 'NONE', #4516, 39.37007874015748143 ) ;
#4170 = ORIENTED_EDGE ( 'NONE', *, *, #824, .F. ) ;
#4171 = AXIS2_PLACEMENT_3D ( 'NONE', #5284, #2876, #4827 ) ;
#4172 = ORIENTED_EDGE ( 'NONE', *, *, #143, .T. ) ;
#4173 = CARTESIAN_POINT ( 'NONE',  ( 0.3749999999999909517, 0.09425458973368357196, 0.1000000000000049460 ) ) ;
#4174 = CARTESIAN_POINT ( 'NONE',  ( 0.004844254230587281135, 0.1792545897336828009, -0.01263855635381152046 ) ) ;
#4175 = VECTOR ( 'NONE', #5466, 39.37007874015748143 ) ;
#4176 = CARTESIAN_POINT ( 'NONE',  ( 0.02484162902386729752, 0.1792545897336849936, -0.02432295459096102744 ) ) ;
#4177 = ORIENTED_EDGE ( 'NONE', *, *, #1273, .T. ) ;
#4178 = CARTESIAN_POINT ( 'NONE',  ( -0.05000000000000848210, 0.1792545897336871585, -0.09999999999999456546 ) ) ;
#4179 = CARTESIAN_POINT ( 'NONE',  ( 0.0005303912649160341620, 0.1892545897336851413, -0.04685537751130350315 ) ) ;
#4180 = EDGE_CURVE ( 'NONE', #1674, #3245, #2024, .T. ) ;
#4181 = LINE ( 'NONE', #1236, #3256 ) ;
#4182 = CARTESIAN_POINT ( 'NONE',  ( 0.3749999999999925615, 0.1792545897336860761, 0.1000000000000049460 ) ) ;
#4183 = ADVANCED_FACE ( 'NONE', ( #906 ), #1711, .T. ) ;
#4184 = CARTESIAN_POINT ( 'NONE',  ( -0.003976820273542355268, 0.1792545897336816907, -0.003051958707885421302 ) ) ;
#4185 = DIRECTION ( 'NONE',  ( 1.000000000000000000, 0.000000000000000000, 0.000000000000000000 ) ) ;
#4186 = SURFACE_STYLE_USAGE ( .BOTH. , #5672 ) ;
#4187 = CARTESIAN_POINT ( 'NONE',  ( 0.03300344421698773317, -0.04723214755363757539, 0.01000000000001655814 ) ) ;
#4188 = VECTOR ( 'NONE', #5213, 39.37007874015748143 ) ;
#4189 = EDGE_CURVE ( 'NONE', #5888, #511, #1692, .T. ) ;
#4190 = ORIENTED_EDGE ( 'NONE', *, *, #3675, .F. ) ;
#4191 =( NAMED_UNIT ( * ) PLANE_ANGLE_UNIT ( ) SI_UNIT ( $, .RADIAN. ) );
#4192 = VECTOR ( 'NONE', #4626, 39.37007874015748143 ) ;
#4193 = CARTESIAN_POINT ( 'NONE',  ( -0.01980762102679809941, 0.1792545897336773886, 0.01682045369594679929 ) ) ;
#4194 = ADVANCED_FACE ( 'NONE', ( #3339 ), #5525, .F. ) ;
#4195 = LINE ( 'NONE', #3178, #3050 ) ;
#4196 = LINE ( 'NONE', #1754, #4056 ) ;
#4197 = CARTESIAN_POINT ( 'NONE',  ( -0.02000246129918644908, 0.1892545897336818661, 0.01617881052288530630 ) ) ;
#4198 = DIRECTION ( 'NONE',  ( -1.000000000000000000, -1.276756478318932585E-15, -1.110223024625158759E-16 ) ) ;
#4200 = CARTESIAN_POINT ( 'NONE',  ( 0.01434320165599155088, 0.1792545897336866312, 0.02818746734785650132 ) ) ;
#4199 = SURFACE_SIDE_STYLE ('',( #4045 ) ) ;
#4201 = ORIENTED_EDGE ( 'NONE', *, *, #2898, .T. ) ;
#4202 = DIRECTION ( 'NONE',  ( -5.551115123125767911E-17, -5.967448757360200628E-16, -1.000000000000000000 ) ) ;
#4203 = CIRCLE ( 'NONE', #2149, 0.01250000000000003712 ) ;
#4204 = CARTESIAN_POINT ( 'NONE',  ( -0.2125000000000010769, -0.2807454102663139439, -0.09999999999999566180 ) ) ;
#4205 = DIRECTION ( 'NONE',  ( -1.000000000000000000, -1.276756478318932585E-15, -1.110223024625158759E-16 ) ) ;
#4206 = DIRECTION ( 'NONE',  ( -1.970877152922708759E-16, -1.006139616066556398E-15, -1.000000000000000000 ) ) ;
#4207 = EDGE_CURVE ( 'NONE', #3611, #5744, #3621, .T. ) ;
#4208 = ORIENTED_EDGE ( 'NONE', *, *, #3073, .F. ) ;
#4209 = EDGE_CURVE ( 'NONE', #1811, #1017, #4789, .T. ) ;
#4210 = VERTEX_POINT ( 'NONE', #2017 ) ;
#4211 = CARTESIAN_POINT ( 'NONE',  ( -0.2900000000000048095, 0.1692545897336853733, 0.04000000000000612788 ) ) ;
#4212 = CARTESIAN_POINT ( 'NONE',  ( -0.1250000000000086320, 0.08425458973368285531, 0.07500000000000561773 ) ) ;
#4213 = VERTEX_POINT ( 'NONE', #2533 ) ;
#4214 = DIMENSIONAL_EXPONENTS ( 1.000000000000000000, 0.000000000000000000, 0.000000000000000000, 0.000000000000000000, 0.000000000000000000, 0.000000000000000000, 0.000000000000000000 ) ;
#4215 = ORIENTED_EDGE ( 'NONE', *, *, #4180, .F. ) ;
#4216 = CARTESIAN_POINT ( 'NONE',  ( 0.01368144958076606549, 0.1892545897336829763, -0.01704313844648551804 ) ) ;
#4217 = EDGE_CURVE ( 'NONE', #1228, #2010, #6126, .T. ) ;
#4218 = CARTESIAN_POINT ( 'NONE',  ( 0.1214831428074621550, -0.1577405214759541041, -0.09999999999998418487 ) ) ;
#4219 =( GEOMETRIC_REPRESENTATION_CONTEXT ( 3 ) GLOBAL_UNCERTAINTY_ASSIGNED_CONTEXT ( ( #1864 ) ) GLOBAL_UNIT_ASSIGNED_CONTEXT ( ( #5552, #2571, #1588 ) ) REPRESENTATION_CONTEXT ( 'NONE', 'WORKASPACE' ) );
#4220 = VECTOR ( 'NONE', #5589, 39.37007874015748143 ) ;
#4221 = ORIENTED_EDGE ( 'NONE', *, *, #5189, .T. ) ;
#4222 = ORIENTED_EDGE ( 'NONE', *, *, #1149, .F. ) ;
#4223 = DIRECTION ( 'NONE',  ( 1.332267629550189623E-15, 1.000000000000000000, 4.163336342344342450E-16 ) ) ;
#4224 = CARTESIAN_POINT ( 'NONE',  ( -0.2240718372288941773, -0.2306847410194175496, -0.09999999999998664124 ) ) ;
#4225 = ORIENTED_EDGE ( 'NONE', *, *, #2723, .F. ) ;
#4226 = CARTESIAN_POINT ( 'NONE',  ( 0.3749999999999925615, 0.1792545897336844385, -0.09999999999999401035 ) ) ;
#4227 = EDGE_CURVE ( 'NONE', #2290, #3958, #1468, .T. ) ;
#4228 = DIRECTION ( 'NONE',  ( 1.332267629550189623E-15, 1.000000000000000000, 4.163336342344342450E-16 ) ) ;
#4229 = CARTESIAN_POINT ( 'NONE',  ( -0.2240718372288941773, -0.2306847410194175496, -0.09999999999998664124 ) ) ;
#4230 = ADVANCED_FACE ( 'NONE', ( #368 ), #5464, .F. ) ;
#4231 = CYLINDRICAL_SURFACE ( 'NONE', #1157, 0.01250000000000003712 ) ;
#4232 = ORIENTED_EDGE ( 'NONE', *, *, #585, .F. ) ;
#4233 = EDGE_LOOP ( 'NONE', ( #5599, #1027, #3945, #6107 ) ) ;
#4234 = CARTESIAN_POINT ( 'NONE',  ( 0.01194889845519686578, 0.1892545897336840588, -0.01572373965489416714 ) ) ;
#4235 = EDGE_CURVE ( 'NONE', #2765, #5003, #1409, .T. ) ;
#4236 = CARTESIAN_POINT ( 'NONE',  ( -0.01796021279532263731, 0.1892545897336884164, 0.03453136463847923665 ) ) ;
#4237 = CYLINDRICAL_SURFACE ( 'NONE', #4544, 0.01250000000000003712 ) ;
#4238 = VECTOR ( 'NONE', #4716, 39.37007874015748143 ) ;
#4239 = ORIENTED_EDGE ( 'NONE', *, *, #4235, .F. ) ;
#4240 = EDGE_LOOP ( 'NONE', ( #811, #687, #2734, #1412 ) ) ;
#4241 = DIRECTION ( 'NONE',  ( -1.332267629550189623E-15, -1.000000000000000000, -4.163336342344342450E-16 ) ) ;
#4242 = EDGE_LOOP ( 'NONE', ( #5768, #2978, #190, #2392 ) ) ;
#4243 = VERTEX_POINT ( 'NONE', #1561 ) ;
#4244 = ORIENTED_EDGE ( 'NONE', *, *, #5794, .T. ) ;
#4245 = AXIS2_PLACEMENT_3D ( 'NONE', #1425, #1861, #462 ) ;
#4246 = EDGE_CURVE ( 'NONE', #1462, #6019, #3024, .T. ) ;
#4247 = DIRECTION ( 'NONE',  ( -1.332267629550189623E-15, -1.000000000000000000, -4.163336342344342450E-16 ) ) ;
#4248 = DIMENSIONAL_EXPONENTS ( 1.000000000000000000, 0.000000000000000000, 0.000000000000000000, 0.000000000000000000, 0.000000000000000000, 0.000000000000000000, 0.000000000000000000 ) ;
#4249 = DIRECTION ( 'NONE',  ( 1.000000000000000000, -2.635182449764338759E-15, -1.359791920952805236E-16 ) ) ;
#4250 = CARTESIAN_POINT ( 'NONE',  ( 0.1624999999999958700, 0.09425458973368193438, 0.1000000000000087624 ) ) ;
#4251 = VECTOR ( 'NONE', #3294, 39.37007874015748143 ) ;
#4252 = DIRECTION ( 'NONE',  ( -2.635182449764338759E-15, -1.000000000000000000, -6.314393452555451606E-16 ) ) ;
#4253 = VECTOR ( 'NONE', #4363, 39.37007874015748143 ) ;
#4254 = EDGE_LOOP ( 'NONE', ( #266, #4936, #1537, #5236 ) ) ;
#4255 = CARTESIAN_POINT ( 'NONE',  ( 0.3749999999999909517, -0.1803076923076681881, -0.03749999999999571038 ) ) ;
#4256 = CARTESIAN_POINT ( 'NONE',  ( 0.01685328523706883588, 0.1792545897336871585, -0.02173990783965396023 ) ) ;
#4257 = DIRECTION ( 'NONE',  ( -1.332267629550189623E-15, -1.000000000000000000, -4.163336342344342450E-16 ) ) ;
#4258 = LINE ( 'NONE', #1901, #4040 ) ;
#4259 = LINE ( 'NONE', #3642, #4478 ) ;
#4260 = DIRECTION ( 'NONE',  ( 0.000000000000000000, 0.000000000000000000, 1.000000000000000000 ) ) ;
#4261 = FILL_AREA_STYLE_COLOUR ( '', #5757 ) ;
#4262 = CARTESIAN_POINT ( 'NONE',  ( 0.02486933357260663266, 0.1792545897336849936, -0.02520406875061944468 ) ) ;
#4263 = ORIENTED_EDGE ( 'NONE', *, *, #4760, .F. ) ;
#4264 = ADVANCED_FACE ( 'NONE', ( #2164 ), #4962, .F. ) ;
#4265 = LINE ( 'NONE', #738, #2423 ) ;
#4266 = CARTESIAN_POINT ( 'NONE',  ( 0.3124999999999923395, 0.09425458973368465443, 0.1000000000000060424 ) ) ;
#4267 = CARTESIAN_POINT ( 'NONE',  ( 0.0005303912649160341620, 0.1892545897336851413, -0.04685537751130350315 ) ) ;
#4268 = B_SPLINE_CURVE_WITH_KNOTS ( 'NONE', 3,
 ( #4267, #330, #2303, #1778, #1359, #1329, #3822, #2760, #4807, #5310, #3744, #2349, #751, #5338, #301 ),
 .UNSPECIFIED., .F., .F.,
 ( 4, 1, 1, 1, 1, 1, 1, 1, 1, 1, 1, 1, 4 ),
 ( 0.000000000000000000, 0.09025424934267656241, 0.1785397915286845161, 0.2660930338538199935, 0.3546309779571732435, 0.4418861533505626937, 0.5257469151636485760, 0.6081136336036366830, 0.6901972728278824576, 0.7708214843303351493, 0.8483261812554109271, 0.9240117400247433999, 1.000000000000000000 ),
 .UNSPECIFIED. ) ;
#4269 = EDGE_CURVE ( 'NONE', #246, #4837, #4408, .T. ) ;
#4270 = DIRECTION ( 'NONE',  ( 0.000000000000000000, 0.000000000000000000, -1.000000000000000000 ) ) ;
#4271 = CARTESIAN_POINT ( 'NONE',  ( 0.02355241627268643209, 0.1792545897336828564, -0.01770915335563653242 ) ) ;
#4272 = VECTOR ( 'NONE', #6354, 39.37007874015748143 ) ;
#4273 = VECTOR ( 'NONE', #6142, 39.37007874015748143 ) ;
#4274 = ORIENTED_EDGE ( 'NONE', *, *, #3910, .T. ) ;
#4275 = EDGE_CURVE ( 'NONE', #1203, #5781, #3227, .T. ) ;
#4276 = CARTESIAN_POINT ( 'NONE',  ( -0.2375000000000047629, 0.09425458973368301685, 0.1000000000000043909 ) ) ;
#4277 = CARTESIAN_POINT ( 'NONE',  ( -0.1250000000000086320, 0.08425458973368285531, 0.07500000000000561773 ) ) ;
#4278 = CARTESIAN_POINT ( 'NONE',  ( -0.01351444518106537616, 0.1792545897336784988, -0.03142867488959544958 ) ) ;
#4279 = CARTESIAN_POINT ( 'NONE',  ( 0.01368144958076605334, 0.1792545897336812188, -0.01704313844648552151 ) ) ;
#4280 = LINE ( 'NONE', #2503, #154 ) ;
#4281 = VECTOR ( 'NONE', #4355, 39.37007874015748143 ) ;
#4282 = VERTEX_POINT ( 'NONE', #3497 ) ;
#4283 = CARTESIAN_POINT ( 'NONE',  ( -0.03750000000000874162, 0.05425458973368129517, 0.07500000000000785205 ) ) ;
#4284 = CARTESIAN_POINT ( 'NONE',  ( 0.04999999999999209244, 0.1792545897336816907, -0.09999999999999237277 ) ) ;
#4285 = LINE ( 'NONE', #4613, #4828 ) ;
#4286 = DIRECTION ( 'NONE',  ( 1.000000000000000000, 1.276756478318932585E-15, -5.551115123125791330E-17 ) ) ;
#4287 = VERTEX_POINT ( 'NONE', #2163 ) ;
#4288 = DIRECTION ( 'NONE',  ( 0.000000000000000000, 0.000000000000000000, 1.000000000000000000 ) ) ;
#4289 = ORIENTED_EDGE ( 'NONE', *, *, #1001, .F. ) ;
#4290 =( NAMED_UNIT ( * ) SI_UNIT ( $, .STERADIAN. ) SOLID_ANGLE_UNIT ( ) );
#4291 = DIRECTION ( 'NONE',  ( -2.635182449764338365E-15, -1.000000000000000000, 1.006139616066556989E-15 ) ) ;
#4292 = SURFACE_STYLE_FILL_AREA ( #2704 ) ;
#4294 = ORIENTED_EDGE ( 'NONE', *, *, #947, .T. ) ;
#4293 = PLANE ( 'NONE',  #1199 ) ;
#4295 = CARTESIAN_POINT ( 'NONE',  ( 0.01720689005930942789, 0.1892545897336884164, 0.02561697559257300472 ) ) ;
#4296 = AXIS2_PLACEMENT_3D ( 'NONE', #6303, #4349, #3825 ) ;
#4297 =( GEOMETRIC_REPRESENTATION_CONTEXT ( 3 ) GLOBAL_UNCERTAINTY_ASSIGNED_CONTEXT ( ( #6279 ) ) GLOBAL_UNIT_ASSIGNED_CONTEXT ( ( #5814, #5258, #2839 ) ) REPRESENTATION_CONTEXT ( 'NONE', 'WORKASPACE' ) );
#4298 = CARTESIAN_POINT ( 'NONE',  ( 0.006930743645131174670, 0.1792545897336822458, -0.04616437650656739916 ) ) ;
#4299 = VECTOR ( 'NONE', #1176, 39.37007874015748143 ) ;
#4300 = ORIENTED_EDGE ( 'NONE', *, *, #604, .F. ) ;
#4301 = ORIENTED_EDGE ( 'NONE', *, *, #1065, .F. ) ;
#4302 = DIRECTION ( 'NONE',  ( -1.110223024625166155E-16, 5.967448757360198655E-16, 1.000000000000000000 ) ) ;
#4303 = CARTESIAN_POINT ( 'NONE',  ( 0.3749999999999912292, 0.05425458973368454257, -0.07499999999999633349 ) ) ;
#4304 = VECTOR ( 'NONE', #597, 39.37007874015748143 ) ;
#4305 = DIRECTION ( 'NONE',  ( 1.000000000000000000, 1.574630274937079330E-15, -1.476215882753511995E-16 ) ) ;
#4306 = ORIENTED_EDGE ( 'NONE', *, *, #3033, .F. ) ;
#4307 = ORIENTED_EDGE ( 'NONE', *, *, #6082, .F. ) ;
#4308 = ORIENTED_EDGE ( 'NONE', *, *, #3520, .F. ) ;
#4309 = CIRCLE ( 'NONE', #1531, 0.01250000000000003712 ) ;
#4310 = EDGE_CURVE ( 'NONE', #5136, #2584, #1160, .T. ) ;
#4311 = CARTESIAN_POINT ( 'NONE',  ( 0.2374999999999913847, -0.2807454102663161088, -0.09999999999999510669 ) ) ;
#4312 = AXIS2_PLACEMENT_3D ( 'NONE', #3358, #5851, #6300 ) ;
#4313 = VECTOR ( 'NONE', #2056, 39.37007874015749564 ) ;
#4314 = LINE ( 'NONE', #2788, #573 ) ;
#4315 = EDGE_LOOP ( 'NONE', ( #688, #3556, #2913, #4114 ) ) ;
#4316 = ORIENTED_EDGE ( 'NONE', *, *, #16, .T. ) ;
#4318 = DIRECTION ( 'NONE',  ( -1.000000000000000000, -1.276756478318932585E-15, -1.110223024625158759E-16 ) ) ;
#4317 = DIRECTION ( 'NONE',  ( -1.332267629550189623E-15, -1.000000000000000000, -4.163336342344341957E-16 ) ) ;
#4319 = CARTESIAN_POINT ( 'NONE',  ( -0.2240718372288947047, -0.1577405214759541041, 0.01250000000001496095 ) ) ;
#4320 = DIRECTION ( 'NONE',  ( -1.332267629550189623E-15, -1.000000000000000000, -4.163336342344342450E-16 ) ) ;
#4321 = CARTESIAN_POINT ( 'NONE',  ( -0.3375000000000042411, -0.2807454102663117235, 0.1000000000000082212 ) ) ;
#4322 = ORIENTED_EDGE ( 'NONE', *, *, #3199, .F. ) ;
#4323 = CARTESIAN_POINT ( 'NONE',  ( 0.01591275890346753943, 0.1792545897336806915, -0.008593426595860546163 ) ) ;
#4324 = CARTESIAN_POINT ( 'NONE',  ( 0.01585104464233446503, 0.1892545897336856964, 0.02696034452306633050 ) ) ;
#4325 = MANIFOLD_SOLID_BREP ( 'NONE', #5250 ) ;
#4326 = DIRECTION ( 'NONE',  ( -1.000000000000000000, -1.461015776501131695E-15, 9.131348603132073093E-17 ) ) ;
#4327 = CARTESIAN_POINT ( 'NONE',  ( 0.08749999999999580336, 0.05425458973367522364, -0.07499999999999526490 ) ) ;
#4328 = FACE_OUTER_BOUND ( 'NONE', #3270, .T. ) ;
#4329 = LINE ( 'NONE', #205, #4691 ) ;
#4330 = EDGE_LOOP ( 'NONE', ( #1108, #6328, #1078, #3585, #122, #87, #3400, #2167, #2147, #4512, #210, #3934 ) ) ;
#4331 = CARTESIAN_POINT ( 'NONE',  ( 0.0006305515213264500278, 0.1792545897336823291, -0.03830836896429751920 ) ) ;
#4332 = VERTEX_POINT ( 'NONE', #2069 ) ;
#4333 = CARTESIAN_POINT ( 'NONE',  ( -0.01654732089709767470, 0.1892545897336824212, -0.02605271058992357155 ) ) ;
#4334 = CARTESIAN_POINT ( 'NONE',  ( 0.01249999999999460397, 0.05425458973368915000, -0.07499999999999157341 ) ) ;
#4335 = EDGE_CURVE ( 'NONE', #5667, #5406, #2248, .T. ) ;
#4336 = VECTOR ( 'NONE', #5785, 39.37007874015748143 ) ;
#4337 = CARTESIAN_POINT ( 'NONE',  ( 0.0006305515213264633635, 0.1892545897336840588, -0.03830836896429751226 ) ) ;
#4338 = VECTOR ( 'NONE', #2566, 39.37007874015748143 ) ;
#4339 = ORIENTED_EDGE ( 'NONE', *, *, #2873, .T. ) ;
#4340 = CARTESIAN_POINT ( 'NONE',  ( -0.1625000000000057232, 0.09425458973368520954, -0.09999999999999428790 ) ) ;
#4341 = CARTESIAN_POINT ( 'NONE',  ( 0.2124999999999934441, 0.09425458973368301685, -0.09999999999999510669 ) ) ;
#4342 = ORIENTED_EDGE ( 'NONE', *, *, #4103, .F. ) ;
#4343 = ADVANCED_FACE ( 'NONE', ( #6053 ), #1701, .F. ) ;
#4344 = VECTOR ( 'NONE', #2520, 39.37007874015748143 ) ;
#4345 = DIRECTION ( 'NONE',  ( 1.332267629550189623E-15, 1.000000000000000000, 4.163336342344342450E-16 ) ) ;
#4346 = VECTOR ( 'NONE', #3234, 39.37007874015748143 ) ;
#4347 = AXIS2_PLACEMENT_3D ( 'NONE', #2600, #2532, #1710 ) ;
#4348 = STYLED_ITEM ( 'NONE', ( #3951 ), #166 ) ;
#4349 = DIRECTION ( 'NONE',  ( 1.000000000000000000, -2.635182449764338759E-15, -1.359791920952805236E-16 ) ) ;
#4350 = CARTESIAN_POINT ( 'NONE',  ( -0.2824148077667720802, -0.5507454102663228435, 0.01250000000001550565 ) ) ;
#4351 = DIRECTION ( 'NONE',  ( 1.000000000000000000, 1.858026332526783612E-15, -1.359791920952777133E-16 ) ) ;
#4352 = CARTESIAN_POINT ( 'NONE',  ( -2.731847993664263218E-15, -0.2807454102663117235, -0.09999999999999456546 ) ) ;
#4353 = CARTESIAN_POINT ( 'NONE',  ( 0.3374999999999922506, -0.2807454102663139439, 0.1000000000000068612 ) ) ;
#4354 = VECTOR ( 'NONE', #6346, 39.37007874015748143 ) ;
#4355 = DIRECTION ( 'NONE',  ( 1.000000000000000000, 2.135582088683073931E-15, 4.191323202172999653E-16 ) ) ;
#4356 = DIRECTION ( 'NONE',  ( 1.000000000000000000, -2.302115542376798108E-15, -1.359791920952804496E-16 ) ) ;
#4357 = VECTOR ( 'NONE', #1623, 39.37007874015748143 ) ;
#4358 = DIRECTION ( 'NONE',  ( -5.551115123125634174E-17, 4.163336342344342450E-16, -1.000000000000000000 ) ) ;
#4359 = EDGE_CURVE ( 'NONE', #399, #682, #4259, .T. ) ;
#4360 = CARTESIAN_POINT ( 'NONE',  ( -0.1474148077667589152, 0.06925458973369298665, 0.01250000000001195467 ) ) ;
#4361 = DIRECTION ( 'NONE',  ( -5.551115123125634174E-17, 4.163336342344342450E-16, -1.000000000000000000 ) ) ;
#4362 = CARTESIAN_POINT ( 'NONE',  ( 0.01249999999999337925, 0.09425458973368575077, -0.09999999999999566180 ) ) ;
#4363 = DIRECTION ( 'NONE',  ( -1.000000000000000000, -1.276756478318932585E-15, -1.110223024625158759E-16 ) ) ;
#4364 = LINE ( 'NONE', #223, #4975 ) ;
#4365 = ORIENTED_EDGE ( 'NONE', *, *, #4839, .F. ) ;
#4366 = CARTESIAN_POINT ( 'NONE',  ( 0.3749999999999925615, 0.1792545897336844385, -0.09999999999999401035 ) ) ;
#4367 = DIRECTION ( 'NONE',  ( -1.000000000000000000, -2.135582088683073931E-15, -4.191323202172999653E-16 ) ) ;
#4368 = EDGE_CURVE ( 'NONE', #1361, #74, #15, .T. ) ;
#4369 = ORIENTED_EDGE ( 'NONE', *, *, #6212, .T. ) ;
#4370 = VECTOR ( 'NONE', #5072, 39.37007874015748143 ) ;
#4371 = CARTESIAN_POINT ( 'NONE',  ( 0.3749999999999925615, 0.1792545897336860761, 0.1000000000000049460 ) ) ;
#4372 = CARTESIAN_POINT ( 'NONE',  ( 0.01513709532474780822, 0.1892545897336851413, -0.008059971528395683954 ) ) ;
#4373 = CARTESIAN_POINT ( 'NONE',  ( -0.003976820273542901706, 0.1892545897336829763, -0.003051958707882416327 ) ) ;
#4374 = ORIENTED_EDGE ( 'NONE', *, *, #1641, .T. ) ;
#4375 = ADVANCED_FACE ( 'NONE', ( #3086 ), #3687, .F. ) ;
#4376 = CARTESIAN_POINT ( 'NONE',  ( -0.01654732089709767470, 0.1892545897336824212, -0.02605271058992357155 ) ) ;
#4377 = CARTESIAN_POINT ( 'NONE',  ( -0.007367889364546387730, 0.1892545897336884164, 0.03990419405100956857 ) ) ;
#4378 = LINE ( 'NONE', #1508, #309 ) ;
#4379 = EDGE_CURVE ( 'NONE', #1883, #183, #4407, .T. ) ;
#4380 = DIRECTION ( 'NONE',  ( 1.332267629550189623E-15, 1.000000000000000000, 4.163336342344342450E-16 ) ) ;
#4381 = CARTESIAN_POINT ( 'NONE',  ( 0.09105150371278759869, -0.5507454102663140727, 0.01250000000001577974 ) ) ;
#4382 = CARTESIAN_POINT ( 'NONE',  ( -0.01796021279532427836, 0.1792545897336882688, 0.03453136463847814031 ) ) ;
#4383 = FACE_OUTER_BOUND ( 'NONE', #1251, .T. ) ;
#4384 = CARTESIAN_POINT ( 'NONE',  ( -0.002171620964135822368, 0.1892545897336851413, -0.03821053525951313701 ) ) ;
#4385 = CARTESIAN_POINT ( 'NONE',  ( 0.02486933357260881841, 0.1892545897336851413, -0.02520406875061753302 ) ) ;
#4386 = ORIENTED_EDGE ( 'NONE', *, *, #4944, .T. ) ;
#4387 = VERTEX_POINT ( 'NONE', #5749 ) ;
#4388 = CARTESIAN_POINT ( 'NONE',  ( -0.007972479498719174662, 0.1792545897336816907, -0.04550517437743444721 ) ) ;
#4389 = CARTESIAN_POINT ( 'NONE',  ( -0.01300876610109096866, 0.1892545897336878891, 0.02805696224543321668 ) ) ;
#4390 = LINE ( 'NONE', #4563, #26 ) ;
#4391 = VERTEX_POINT ( 'NONE', #6193 ) ;
#4392 = DIRECTION ( 'NONE',  ( 1.332267629550189623E-15, 1.000000000000000000, 4.163336342344342450E-16 ) ) ;
#4393 = CARTESIAN_POINT ( 'NONE',  ( -0.07227584794738950436, -0.1631983307839846298, 0.01000000000001710458 ) ) ;
#4394 = CARTESIAN_POINT ( 'NONE',  ( -0.01062770409874784841, 0.1892545897336818661, -0.03459471263507823968 ) ) ;
#4395 = ORIENTED_EDGE ( 'NONE', *, *, #4915, .F. ) ;
#4396 = ORIENTED_EDGE ( 'NONE', *, *, #3882, .T. ) ;
#4397 = ORIENTED_EDGE ( 'NONE', *, *, #2626, .F. ) ;
#4398 = DIRECTION ( 'NONE',  ( 1.026956297778269208E-15, 0.8479983040050873555, 0.5299989400031809295 ) ) ;
#4399 = CARTESIAN_POINT ( 'NONE',  ( -0.02275476243528555889, 0.1792545897336893512, 0.02900427526596762590 ) ) ;
#4400 = LINE ( 'NONE', #118, #5972 ) ;
#4401 = LINE ( 'NONE', #4081, #5885 ) ;
#4402 = VERTEX_POINT ( 'NONE', #3264 ) ;
#4403 = ORIENTED_EDGE ( 'NONE', *, *, #4112, .T. ) ;
#4404 = SURFACE_STYLE_USAGE ( .BOTH. , #3936 ) ;
#4405 = EDGE_CURVE ( 'NONE', #4903, #1800, #5628, .T. ) ;
#4406 = CARTESIAN_POINT ( 'NONE',  ( -0.01357273298371743792, 0.1792545897336795258, -0.04263804480404730785 ) ) ;
#4407 = LINE ( 'NONE', #5244, #6357 ) ;
#4408 = LINE ( 'NONE', #3005, #1680 ) ;
#4409 = EDGE_LOOP ( 'NONE', ( #3590, #3064, #5626, #3076 ) ) ;
#4410 = EDGE_LOOP ( 'NONE', ( #153, #1401, #1384, #4029 ) ) ;
#4411 = CARTESIAN_POINT ( 'NONE',  ( 0.008027148387438495791, 0.1792545897336861316, 0.03993972824117503206 ) ) ;
#4412 = LINE ( 'NONE', #2808, #2404 ) ;
#4413 = EDGE_CURVE ( 'NONE', #3727, #3204, #3016, .T. ) ;
#4414 = DIRECTION ( 'NONE',  ( -1.970877152922708759E-16, -1.006139616066556398E-15, -1.000000000000000000 ) ) ;
#4415 = ORIENTED_EDGE ( 'NONE', *, *, #1219, .T. ) ;
#4416 = DIRECTION ( 'NONE',  ( -0.7071067811865553443, -0.7071067811865398012, -5.620504062164632133E-16 ) ) ;
#4417 = DIRECTION ( 'NONE',  ( -1.000000000000000000, -2.135582088683073931E-15, -4.191323202172999653E-16 ) ) ;
#4418 = ORIENTED_EDGE ( 'NONE', *, *, #6247, .F. ) ;
#4419 = PLANE ( 'NONE',  #4707 ) ;
#4420 = CYLINDRICAL_SURFACE ( 'NONE', #562, 0.01250000000000003712 ) ;
#4421 = ORIENTED_EDGE ( 'NONE', *, *, #780, .F. ) ;
#4422 = CARTESIAN_POINT ( 'NONE',  ( -0.2824148077667589796, -0.2306847410194219350, -0.01249999999998463625 ) ) ;
#4423 = CARTESIAN_POINT ( 'NONE',  ( 0.1399999999999936018, 0.1692545897336848182, -0.03999999999999602485 ) ) ;
#4424 = EDGE_CURVE ( 'NONE', #3099, #6093, #44, .T. ) ;
#4425 = CARTESIAN_POINT ( 'NONE',  ( -0.2924148077667602097, -0.2807454102663226592, 0.01250000000001741905 ) ) ;
#4426 = VERTEX_POINT ( 'NONE', #2777 ) ;
#4427 = CARTESIAN_POINT ( 'NONE',  ( -0.02401530145222477430, 0.1792545897336860761, 0.02678705964218184438 ) ) ;
#4428 = LINE ( 'NONE', #2260, #5183 ) ;
#4429 = VERTEX_POINT ( 'NONE', #289 ) ;
#4430 = LENGTH_MEASURE_WITH_UNIT ( LENGTH_MEASURE( 0.02539999999999999897 ), #622 );
#4431 = ORIENTED_EDGE ( 'NONE', *, *, #152, .T. ) ;
#4432 = DIRECTION ( 'NONE',  ( 1.332267629550189623E-15, 1.000000000000000000, 4.163336342344342450E-16 ) ) ;
#4433 = CARTESIAN_POINT ( 'NONE',  ( 0.1624999999999953426, 0.1792545897336849936, -0.09999999999999237277 ) ) ;
#4434 = DIRECTION ( 'NONE',  ( -1.000000000000000000, -2.001735728616920982E-15, 1.000867864308460442E-16 ) ) ;
#4435 = DIRECTION ( 'NONE',  ( 1.970877152922708759E-16, 1.006139616066556398E-15, 1.000000000000000000 ) ) ;
#4436 = ORIENTED_EDGE ( 'NONE', *, *, #594, .F. ) ;
#4437 = EDGE_CURVE ( 'NONE', #4025, #4992, #4093, .T. ) ;
#4438 = AXIS2_PLACEMENT_3D ( 'NONE', #1460, #2883, #3880 ) ;
#4439 = CARTESIAN_POINT ( 'NONE',  ( 0.02162776961686695837, 0.1892545897336785909, 0.01379978597103648404 ) ) ;
#4440 = CYLINDRICAL_SURFACE ( 'NONE', #6438, 0.04290909967644727929 ) ;
#4441 = CARTESIAN_POINT ( 'NONE',  ( -0.3325000000000047362, 0.03425458973367983412, 0.06250000000000650868 ) ) ;
#4442 = UNCERTAINTY_MEASURE_WITH_UNIT (LENGTH_MEASURE( 1.000000000000000082E-05 ), #5063, 'distance_accuracy_value', 'NONE');
#4443 = DIRECTION ( 'NONE',  ( 1.000000000000000000, 1.858026332526783612E-15, -1.359791920952777133E-16 ) ) ;
#4444 = PLANE ( 'NONE',  #1718 ) ;
#4445 = LINE ( 'NONE', #3956, #480 ) ;
#4446 = ORIENTED_EDGE ( 'NONE', *, *, #4159, .T. ) ;
#4447 = LINE ( 'NONE', #4173, #1085 ) ;
#4448 = PLANE ( 'NONE',  #1980 ) ;
#4449 = CARTESIAN_POINT ( 'NONE',  ( -0.01607452348235566958, 0.1892545897336873340, 0.03600597387196861898 ) ) ;
#4450 = FACE_OUTER_BOUND ( 'NONE', #1538, .T. ) ;
#4451 = PLANE ( 'NONE',  #1208 ) ;
#4452 = ORIENTED_EDGE ( 'NONE', *, *, #2284, .T. ) ;
#4453 = ORIENTED_EDGE ( 'NONE', *, *, #1349, .T. ) ;
#4454 = AXIS2_PLACEMENT_3D ( 'NONE', #72, #995, #1013 ) ;
#4455 = VECTOR ( 'NONE', #5304, 39.37007874015748143 ) ;
#4456 = PLANE ( 'NONE',  #3409 ) ;
#4457 = VERTEX_POINT ( 'NONE', #1801 ) ;
#4458 = VECTOR ( 'NONE', #1915, 39.37007874015748143 ) ;
#4459 = DIRECTION ( 'NONE',  ( -1.970877152922708759E-16, -1.006139616066556398E-15, -1.000000000000000000 ) ) ;
#4460 = LINE ( 'NONE', #1962, #1832 ) ;
#4461 = FACE_OUTER_BOUND ( 'NONE', #3571, .T. ) ;
#4462 = VERTEX_POINT ( 'NONE', #1224 ) ;
#4463 = AXIS2_PLACEMENT_3D ( 'NONE', #987, #5438, #2994 ) ;
#4464 = MECHANICAL_DESIGN_GEOMETRIC_PRESENTATION_REPRESENTATION (  '', ( #4661 ), #4219 ) ;
#4465 = LINE ( 'NONE', #5648, #3079 ) ;
#4466 = VECTOR ( 'NONE', #2359, 39.37007874015748143 ) ;
#4467 = ORIENTED_EDGE ( 'NONE', *, *, #2394, .F. ) ;
#4468 = ORIENTED_EDGE ( 'NONE', *, *, #2560, .T. ) ;
#4469 = ORIENTED_EDGE ( 'NONE', *, *, #2703, .T. ) ;
#4470 = DIRECTION ( 'NONE',  ( 1.000000000000000000, -2.302115542376802052E-15, -1.359791920952802031E-16 ) ) ;
#4471 = CARTESIAN_POINT ( 'NONE',  ( -0.3750000000000084377, 2.076204475184839967E-14, 3.278217592397115862E-15 ) ) ;
#4472 = ORIENTED_EDGE ( 'NONE', *, *, #1906, .F. ) ;
#4473 = EDGE_CURVE ( 'NONE', #2213, #3163, #4538, .T. ) ;
#4474 = ORIENTED_EDGE ( 'NONE', *, *, #6380, .F. ) ;
#4475 = AXIS2_PLACEMENT_3D ( 'NONE', #653, #5129, #669 ) ;
#4476 = ADVANCED_FACE ( 'NONE', ( #1755 ), #2721, .F. ) ;
#4477 = FACE_OUTER_BOUND ( 'NONE', #4665, .T. ) ;
#4478 = VECTOR ( 'NONE', #3706, 39.37007874015748143 ) ;
#4479 = ORIENTED_EDGE ( 'NONE', *, *, #6219, .T. ) ;
#4480 = EDGE_LOOP ( 'NONE', ( #2180, #951, #4263, #5620 ) ) ;
#4481 = EDGE_CURVE ( 'NONE', #3868, #3329, #1278, .T. ) ;
#4482 = CARTESIAN_POINT ( 'NONE',  ( 0.02017398004792773578, 0.1892545897336829763, -0.005120593274375683304 ) ) ;
#4483 = LINE ( 'NONE', #5854, #1390 ) ;
#4484 = CARTESIAN_POINT ( 'NONE',  ( -0.01726013670776193124, 0.1792545897336800531, 0.02302044542203982025 ) ) ;
#4485 = CARTESIAN_POINT ( 'NONE',  ( -0.3325000000000047362, -0.2807454102663161088, 0.06250000000000568989 ) ) ;
#4486 = VECTOR ( 'NONE', #2201, 39.37007874015748143 ) ;
#4487 = LINE ( 'NONE', #6218, #459 ) ;
#4488 = EDGE_CURVE ( 'NONE', #2154, #1800, #2593, .T. ) ;
#4489 = DIRECTION ( 'NONE',  ( -1.332267629550189623E-15, -1.000000000000000000, -4.163336342344342450E-16 ) ) ;
#4490 = VERTEX_POINT ( 'NONE', #2800 ) ;
#4491 = EDGE_LOOP ( 'NONE', ( #369, #2802, #6416, #5726 ) ) ;
#4492 = VECTOR ( 'NONE', #6455, 39.37007874015748143 ) ;
#4493 =( CONVERSION_BASED_UNIT ( 'INCH', #2927 ) LENGTH_UNIT ( ) NAMED_UNIT ( #742 ) );
#4494 = PLANE ( 'NONE',  #2285 ) ;
#4495 = CARTESIAN_POINT ( 'NONE',  ( -0.003574894911289944448, 0.1792545897336850491, 0.03194302322864985694 ) ) ;
#4496 = CARTESIAN_POINT ( 'NONE',  ( 0.03749999999999070743, 0.05425458973367800614, 0.07500000000001071088 ) ) ;
#4497 = CARTESIAN_POINT ( 'NONE',  ( 0.3324999999999921352, -0.2807454102663161088, -0.06249999999999202721 ) ) ;
#4498 = EDGE_CURVE ( 'NONE', #2830, #1266, #5081, .T. ) ;
#4499 = FACE_OUTER_BOUND ( 'NONE', #5789, .T. ) ;
#4500 = CARTESIAN_POINT ( 'NONE',  ( 0.3324999999999926903, -0.005745410266318098057, 0.03750000000000390521 ) ) ;
#4501 = VECTOR ( 'NONE', #5196, 39.37007874015748143 ) ;
#4502 = ADVANCED_FACE ( 'NONE', ( #2860 ), #6233, .T. ) ;
#4503 = PRESENTATION_LAYER_ASSIGNMENT (  '', '', ( #925 ) ) ;
#4504 = CARTESIAN_POINT ( 'NONE',  ( -0.01688115229187431288, 0.1792545897336766392, -0.03988349797633816696 ) ) ;
#4505 = CARTESIAN_POINT ( 'NONE',  ( 0.01739070109397345201, 0.1892545897336856964, -0.02523745550275343155 ) ) ;
#4506 = EDGE_CURVE ( 'NONE', #3867, #4287, #1213, .T. ) ;
#4507 = AXIS2_PLACEMENT_3D ( 'NONE', #2813, #821, #1356 ) ;
#4508 = DIRECTION ( 'NONE',  ( 1.000000000000000000, 1.276756478318932585E-15, 1.110223024625158759E-16 ) ) ;
#4509 = MANIFOLD_SOLID_BREP ( 'NONE', #6365 ) ;
#4510 = CARTESIAN_POINT ( 'NONE',  ( 0.02914283784611154324, 0.1792545897336816907, 0.01385843124938212871 ) ) ;
#4511 = LINE ( 'NONE', #3817, #1984 ) ;
#4512 = ORIENTED_EDGE ( 'NONE', *, *, #6408, .T. ) ;
#4513 = CARTESIAN_POINT ( 'NONE',  ( 0.0003133773760272127226, 0.1792545897336883243, 0.04075146009553184262 ) ) ;
#4514 = CARTESIAN_POINT ( 'NONE',  ( 0.3749999999999925615, -0.1207454102663189227, 0.03750000000000417583 ) ) ;
#4515 = ORIENTED_EDGE ( 'NONE', *, *, #3033, .T. ) ;
#4516 = DIRECTION ( 'NONE',  ( -2.635182449764338759E-15, -1.000000000000000000, -6.314393452555451606E-16 ) ) ;
#4517 = ORIENTED_EDGE ( 'NONE', *, *, #4137, .F. ) ;
#4518 = ORIENTED_EDGE ( 'NONE', *, *, #5563, .F. ) ;
#4519 = DIRECTION ( 'NONE',  ( -1.332267629550189623E-15, -1.000000000000000000, -4.163336342344342450E-16 ) ) ;
#4520 = CARTESIAN_POINT ( 'NONE',  ( 0.02355241627268644250, 0.1892545897336862515, -0.01770915335563652895 ) ) ;
#4521 = ORIENTED_EDGE ( 'NONE', *, *, #2991, .T. ) ;
#4522 = EDGE_CURVE ( 'NONE', #3544, #2765, #2283, .T. ) ;
#4523 = VERTEX_POINT ( 'NONE', #3502 ) ;
#4524 = CARTESIAN_POINT ( 'NONE',  ( -0.0002161250766770952101, 0.1892545897336818661, -0.04684146500975872041 ) ) ;
#4525 = CARTESIAN_POINT ( 'NONE',  ( -0.07227584794739060070, -0.1631983307839912078, -0.009999999999982682464 ) ) ;
#4526 = VERTEX_POINT ( 'NONE', #463 ) ;
#4527 = ORIENTED_EDGE ( 'NONE', *, *, #3160, .T. ) ;
#4528 =( GEOMETRIC_REPRESENTATION_CONTEXT ( 3 ) GLOBAL_UNCERTAINTY_ASSIGNED_CONTEXT ( ( #4442 ) ) GLOBAL_UNIT_ASSIGNED_CONTEXT ( ( #5063, #2107, #4595 ) ) REPRESENTATION_CONTEXT ( 'NONE', 'WORKASPACE' ) );
#4529 = STYLED_ITEM ( 'NONE', ( #1189 ), #105 ) ;
#4530 = SURFACE_SIDE_STYLE ('',( #2737 ) ) ;
#4531 = ADVANCED_FACE ( 'NONE', ( #4780 ), #2433, .F. ) ;
#4532 = SURFACE_STYLE_FILL_AREA ( #2230 ) ;
#4533 = VECTOR ( 'NONE', #1257, 39.37007874015748143 ) ;
#4534 = VERTEX_POINT ( 'NONE', #2450 ) ;
#4535 = CARTESIAN_POINT ( 'NONE',  ( 0.2624999999999917955, 0.09425458973368193438, -0.09999999999999319156 ) ) ;
#4536 = CARTESIAN_POINT ( 'NONE',  ( 0.1874999999999935885, 0.05425458973368259274, -0.07499999999999547307 ) ) ;
#4537 = CARTESIAN_POINT ( 'NONE',  ( 0.3324999999999938005, -0.2807454102663172191, 0.06250000000000513478 ) ) ;
#4538 = LINE ( 'NONE', #2274, #3949 ) ;
#4539 = LINE ( 'NONE', #202, #3688 ) ;
#4540 = ORIENTED_EDGE ( 'NONE', *, *, #1885, .T. ) ;
#4541 = CARTESIAN_POINT ( 'NONE',  ( 0.2874999999999914291, -0.2807454102663166640, -0.09999999999999401035 ) ) ;
#4542 = ORIENTED_EDGE ( 'NONE', *, *, #5097, .F. ) ;
#4543 = EDGE_CURVE ( 'NONE', #5136, #648, #4939, .T. ) ;
#4544 = AXIS2_PLACEMENT_3D ( 'NONE', #324, #781, #4288 ) ;
#4545 = LINE ( 'NONE', #4907, #1111 ) ;
#4546 = FILL_AREA_STYLE ('',( #4560 ) ) ;
#4547 = VERTEX_POINT ( 'NONE', #1066 ) ;
#4548 = VERTEX_POINT ( 'NONE', #3970 ) ;
#4549 = EDGE_LOOP ( 'NONE', ( #5921, #5887, #3918, #2405 ) ) ;
#4550 = CARTESIAN_POINT ( 'NONE',  ( -0.2625000000000051736, 0.09425458973368520954, 0.1000000000000076800 ) ) ;
#4551 = CARTESIAN_POINT ( 'NONE',  ( 0.008027148387442334734, 0.1792545897336893512, 0.03993972824117284631 ) ) ;
#4552 = VECTOR ( 'NONE', #972, 39.37007874015748143 ) ;
#4553 = CARTESIAN_POINT ( 'NONE',  ( -0.3000000000000082601, -0.2807454102663139439, 0.1000000000000049460 ) ) ;
#4554 = VECTOR ( 'NONE', #5604, 39.37007874015748143 ) ;
#4555 = SURFACE_STYLE_USAGE ( .BOTH. , #4572 ) ;
#4556 = CARTESIAN_POINT ( 'NONE',  ( 0.3749999999999909517, 0.09425458973368357196, 0.1000000000000049460 ) ) ;
#4557 = FACE_OUTER_BOUND ( 'NONE', #6305, .T. ) ;
#4558 = ADVANCED_FACE ( 'NONE', ( #2535 ), #1946, .T. ) ;
#4559 = CARTESIAN_POINT ( 'NONE',  ( -0.08750000000000719702, 0.09425458973368411320, -0.09999999999999456546 ) ) ;
#4560 = FILL_AREA_STYLE_COLOUR ( '', #120 ) ;
#4561 = CARTESIAN_POINT ( 'NONE',  ( 0.0007230357127345433867, 0.1892545897336818661, -0.002718415153753599763 ) ) ;
#4562 = AXIS2_PLACEMENT_3D ( 'NONE', #5331, #4249, #6281 ) ;
#4563 = CARTESIAN_POINT ( 'NONE',  ( -0.07241480776675875142, 0.01925458973369542984, -0.09999999999997981337 ) ) ;
#4564 = FACE_OUTER_BOUND ( 'NONE', #3303, .T. ) ;
#4565 = ORIENTED_EDGE ( 'NONE', *, *, #6458, .T. ) ;
#4566 = CARTESIAN_POINT ( 'NONE',  ( -0.02748109377781745785, 0.1792545897336817740, 0.01617881052288666979 ) ) ;
#4567 = DIRECTION ( 'NONE',  ( 0.000000000000000000, 0.000000000000000000, -1.000000000000000000 ) ) ;
#4568 = VECTOR ( 'NONE', #6067, 39.37007874015748143 ) ;
#4569 = LINE ( 'NONE', #902, #82 ) ;
#4570 = AXIS2_PLACEMENT_3D ( 'NONE', #4423, #3504, #2045 ) ;
#4571 = CARTESIAN_POINT ( 'NONE',  ( 0.3324999999999921352, -0.2807454102663161088, -0.06249999999999202721 ) ) ;
#4572 = SURFACE_SIDE_STYLE ('',( #68 ) ) ;
#4573 = EDGE_CURVE ( 'NONE', #6401, #3611, #1532, .T. ) ;
#4574 = FACE_OUTER_BOUND ( 'NONE', #5593, .T. ) ;
#4575 = LINE ( 'NONE', #5858, #1790 ) ;
#4576 = CARTESIAN_POINT ( 'NONE',  ( 0.09999999999999620304, 0.1792545897336871585, -0.1000000000000000194 ) ) ;
#4577 = CARTESIAN_POINT ( 'NONE',  ( 0.02109024215797157195, 0.1892545897336829763, -0.01338281997595829921 ) ) ;
#4578 = VERTEX_POINT ( 'NONE', #5534 ) ;
#4579 = CARTESIAN_POINT ( 'NONE',  ( -0.02285114177014574768, 0.1792545897336788319, -0.03030967445838330526 ) ) ;
#4580 = EDGE_CURVE ( 'NONE', #1533, #3065, #2763, .T. ) ;
#4581 = CARTESIAN_POINT ( 'NONE',  ( -0.2574148077667743895, -0.5507454102663172923, 0.01250000000001414042 ) ) ;
#4582 = AXIS2_PLACEMENT_3D ( 'NONE', #564, #1056, #4567 ) ;
#4583 = CARTESIAN_POINT ( 'NONE',  ( 0.002849950902689354221, 0.1892545897336840588, -0.002469800493193734844 ) ) ;
#4584 = ORIENTED_EDGE ( 'NONE', *, *, #2466, .T. ) ;
#4585 = DIRECTION ( 'NONE',  ( -1.026956297778269208E-15, -0.8479983040050873555, -0.5299989400031809295 ) ) ;
#4586 = PRESENTATION_STYLE_ASSIGNMENT (( #4186 ) ) ;
#4587 = DIRECTION ( 'NONE',  ( -1.110223024625166155E-16, 5.967448757360198655E-16, 1.000000000000000000 ) ) ;
#4588 = VERTEX_POINT ( 'NONE', #2044 ) ;
#4589 = DIMENSIONAL_EXPONENTS ( 1.000000000000000000, 0.000000000000000000, 0.000000000000000000, 0.000000000000000000, 0.000000000000000000, 0.000000000000000000, 0.000000000000000000 ) ;
#4590 = ORIENTED_EDGE ( 'NONE', *, *, #3266, .T. ) ;
#4591 = CARTESIAN_POINT ( 'NONE',  ( 0.1310515037128046623, 0.01925458973369324409, 0.01250000000001468686 ) ) ;
#4592 = EDGE_CURVE ( 'NONE', #3099, #5280, #4539, .T. ) ;
#4593 = CARTESIAN_POINT ( 'NONE',  ( 0.3749999999999898415, 0.09425458973367974169, -0.09999999999999510669 ) ) ;
#4594 = AXIS2_PLACEMENT_3D ( 'NONE', #2797, #5833, #6355 ) ;
#4595 =( NAMED_UNIT ( * ) SI_UNIT ( $, .STERADIAN. ) SOLID_ANGLE_UNIT ( ) );
#4596 = DIRECTION ( 'NONE',  ( -1.332267629550189623E-15, -1.000000000000000000, -4.163336342344342450E-16 ) ) ;
#4597 = ORIENTED_EDGE ( 'NONE', *, *, #5563, .T. ) ;
#4598 = ORIENTED_EDGE ( 'NONE', *, *, #4137, .T. ) ;
#4599 = CARTESIAN_POINT ( 'NONE',  ( 0.06605150371280303634, 0.01925458973369980134, -0.01249999999998463625 ) ) ;
#4600 = FACE_OUTER_BOUND ( 'NONE', #5103, .T. ) ;
#4601 = EDGE_CURVE ( 'NONE', #1521, #3157, #1240, .T. ) ;
#4602 = VECTOR ( 'NONE', #5345, 39.37007874015748143 ) ;
#4603 = VECTOR ( 'NONE', #4519, 39.37007874015748143 ) ;
#4604 = ORIENTED_EDGE ( 'NONE', *, *, #3447, .F. ) ;
#4605 = ORIENTED_EDGE ( 'NONE', *, *, #5836, .F. ) ;
#4606 = CARTESIAN_POINT ( 'NONE',  ( 0.04999999999999263367, -0.2807454102663172191, 0.1000000000000054873 ) ) ;
#4607 = DIRECTION ( 'NONE',  ( -1.110223024625166155E-16, 5.967448757360198655E-16, 1.000000000000000000 ) ) ;
#4608 = CARTESIAN_POINT ( 'NONE',  ( -0.1375000000000052847, -0.2807454102663139439, 0.1000000000000043909 ) ) ;
#4609 = VECTOR ( 'NONE', #3071, 39.37007874015748143 ) ;
#4610 = ORIENTED_EDGE ( 'NONE', *, *, #5282, .T. ) ;
#4611 = DIRECTION ( 'NONE',  ( 1.000000000000000000, 1.276756478318932191E-15, 1.110223024625158513E-16 ) ) ;
#4612 = AXIS2_PLACEMENT_3D ( 'NONE', #4108, #5591, #4611 ) ;
#4613 = CARTESIAN_POINT ( 'NONE',  ( -0.1250000000000113798, 0.08425458973368832316, -0.07499999999999250322 ) ) ;
#4614 = LINE ( 'NONE', #1311, #1758 ) ;
#4615 = ORIENTED_EDGE ( 'NONE', *, *, #1909, .T. ) ;
#4616 =( BOUNDED_CURVE ( )  B_SPLINE_CURVE ( 3, ( #3002, #992, #2422, #1456 ),
 .UNSPECIFIED., .F., .T. ) 
 B_SPLINE_CURVE_WITH_KNOTS ( ( 4, 4 ),
 ( 1.570796326794895004, 4.712388980384689674 ),
 .UNSPECIFIED. ) 
 CURVE ( )  GEOMETRIC_REPRESENTATION_ITEM ( )  RATIONAL_B_SPLINE_CURVE ( ( 1.000000000000000000, 0.3333333333333335369, 0.3333333333333335369, 1.000000000000000000 ) ) 
 REPRESENTATION_ITEM ( '' )  );
#4617 = VECTOR ( 'NONE', #5810, 39.37007874015748143 ) ;
#4618 = ORIENTED_EDGE ( 'NONE', *, *, #3191, .T. ) ;
#4619 = DIRECTION ( 'NONE',  ( 1.970877152922708759E-16, 1.006139616066556398E-15, 1.000000000000000000 ) ) ;
#4620 = EDGE_CURVE ( 'NONE', #3670, #1271, #2752, .T. ) ;
#4621 = ORIENTED_EDGE ( 'NONE', *, *, #5603, .T. ) ;
#4622 = DIRECTION ( 'NONE',  ( 1.000000000000000000, 1.490591092757379113E-15, -9.316194329733619456E-17 ) ) ;
#4623 = ADVANCED_FACE ( 'NONE', ( #5413 ), #4237, .F. ) ;
#4624 = ORIENTED_EDGE ( 'NONE', *, *, #2626, .T. ) ;
#4625 = LINE ( 'NONE', #5177, #981 ) ;
#4626 = DIRECTION ( 'NONE',  ( 1.000000000000000000, 2.135582088683073931E-15, 4.191323202172999653E-16 ) ) ;
#4627 = DIRECTION ( 'NONE',  ( 1.000000000000000000, 1.276756478318932191E-15, 1.110223024625158513E-16 ) ) ;
#4628 = ORIENTED_EDGE ( 'NONE', *, *, #4413, .F. ) ;
#4629 = DIRECTION ( 'NONE',  ( -1.332267629550189623E-15, -1.000000000000000000, -4.163336342344342450E-16 ) ) ;
#4630 = SURFACE_STYLE_USAGE ( .BOTH. , #3116 ) ;
#4631 = EDGE_CURVE ( 'NONE', #2027, #2830, #1107, .T. ) ;
#4632 = PRODUCT_RELATED_PRODUCT_CATEGORY ( 'part', '', ( #1931 ) ) ;
#4633 = VECTOR ( 'NONE', #3769, 39.37007874015748143 ) ;
#4634 = ORIENTED_EDGE ( 'NONE', *, *, #1457, .F. ) ;
#4635 = CARTESIAN_POINT ( 'NONE',  ( 0.009869860310389258831, 0.1892545897336835037, -0.01453678228547183350 ) ) ;
#4636 = CARTESIAN_POINT ( 'NONE',  ( 0.01880936620159583128, 0.1892545897336796734, 0.005700805375088466125 ) ) ;
#4637 = LINE ( 'NONE', #6326, #1882 ) ;
#4638 = VERTEX_POINT ( 'NONE', #108 ) ;
#4639 = EDGE_CURVE ( 'NONE', #4547, #6050, #2227, .T. ) ;
#4640 = CARTESIAN_POINT ( 'NONE',  ( -0.01804857858004985105, 0.1892545897336785909, 0.02151132347018456029 ) ) ;
#4641 = CARTESIAN_POINT ( 'NONE',  ( -0.1875000000000066613, -0.2807454102663161088, 0.1000000000000052097 ) ) ;
#4642 = CARTESIAN_POINT ( 'NONE',  ( -0.007252088618097149268, 0.1792545897336872418, 0.03109306656385042028 ) ) ;
#4643 = CARTESIAN_POINT ( 'NONE',  ( -0.1875000000000039413, -0.2807454102663161088, -0.09999999999999674427 ) ) ;
#4644 = CARTESIAN_POINT ( 'NONE',  ( 0.0004469243845741008281, 0.1792545897336860761, 0.03220445154852612235 ) ) ;
#4645 = CARTESIAN_POINT ( 'NONE',  ( -0.001570672896905250977, 0.1792545897336849936, -0.002917344700047787200 ) ) ;
#4646 = PLANE ( 'NONE',  #4961 ) ;
#4647 = ORIENTED_EDGE ( 'NONE', *, *, #1805, .T. ) ;
#4648 = CARTESIAN_POINT ( 'NONE',  ( 0.09105150371278705745, -0.5507454102663118523, -0.01249999999998600321 ) ) ;
#4649 = CARTESIAN_POINT ( 'NONE',  ( 0.0004469243845746472118, 0.1892545897336873340, 0.03220445154852639297 ) ) ;
#4650 = AXIS2_PLACEMENT_3D ( 'NONE', #5721, #3338, #832 ) ;
#4651 = CARTESIAN_POINT ( 'NONE',  ( 0.01143304758262298805, 0.1792545897336795258, -0.03536067778064206496 ) ) ;
#4652 = LINE ( 'NONE', #2195, #3369 ) ;
#4653 = CIRCLE ( 'NONE', #894, 0.01250000000000003712 ) ;
#4654 = EDGE_LOOP ( 'NONE', ( #47, #2067, #5451, #3356 ) ) ;
#4655 = DIRECTION ( 'NONE',  ( 1.332267629550189623E-15, 1.000000000000000000, 4.163336342344342450E-16 ) ) ;
#4656 =( NAMED_UNIT ( * ) PLANE_ANGLE_UNIT ( ) SI_UNIT ( $, .RADIAN. ) );
#4657 = VECTOR ( 'NONE', #295, 39.37007874015748143 ) ;
#4658 = CARTESIAN_POINT ( 'NONE',  ( 0.02478741552121966132, 0.1792545897336871585, -0.02259875091326910695 ) ) ;
#4659 = EDGE_CURVE ( 'NONE', #3065, #2585, #3874, .T. ) ;
#4660 = VERTEX_POINT ( 'NONE', #5597 ) ;
#4661 = STYLED_ITEM ( 'NONE', ( #5016 ), #4558 ) ;
#4662 = DIRECTION ( 'NONE',  ( -1.970877152922708759E-16, -1.006139616066556398E-15, -1.000000000000000000 ) ) ;
#4663 = DIRECTION ( 'NONE',  ( -1.332267629550189623E-15, -1.000000000000000000, -4.163336342344342450E-16 ) ) ;
#4664 = LINE ( 'NONE', #4371, #2912 ) ;
#4665 = EDGE_LOOP ( 'NONE', ( #4517, #3296, #561, #5172 ) ) ;
#4666 = ORIENTED_EDGE ( 'NONE', *, *, #1742, .T. ) ;
#4667 = CARTESIAN_POINT ( 'NONE',  ( 0.3124999999999923395, 0.09425458973368083804, -0.09999999999999155398 ) ) ;
#4668 = EDGE_CURVE ( 'NONE', #4785, #3194, #1194, .T. ) ;
#4669 = APPLICATION_CONTEXT ( 'automotive_design' ) ;
#4670 = CARTESIAN_POINT ( 'NONE',  ( 0.02536459840669803151, 0.1792545897336784988, 0.0006893987762213786520 ) ) ;
#4671 = CARTESIAN_POINT ( 'NONE',  ( 0.06605150371280303634, -0.2306847410194153847, -0.01249999999998217814 ) ) ;
#4672 = AXIS2_PLACEMENT_3D ( 'NONE', #2848, #1333, #753 ) ;
#4673 = CARTESIAN_POINT ( 'NONE',  ( -0.01679733309406145417, 0.1892545897336835037, -0.02548785614378141703 ) ) ;
#4674 = FACE_BOUND ( 'NONE', #2707, .T. ) ;
#4675 = EDGE_LOOP ( 'NONE', ( #3117, #2923, #5230, #3487 ) ) ;
#4676 = ORIENTED_EDGE ( 'NONE', *, *, #4543, .T. ) ;
#4677 = ORIENTED_EDGE ( 'NONE', *, *, #2063, .F. ) ;
#4678 = EDGE_CURVE ( 'NONE', #1140, #4136, #1455, .T. ) ;
#4679 = DIRECTION ( 'NONE',  ( 2.135582088683031727E-15, 1.000000000000000000, 4.093947403305188815E-16 ) ) ;
#4680 = ORIENTED_EDGE ( 'NONE', *, *, #195, .T. ) ;
#4681 = ORIENTED_EDGE ( 'NONE', *, *, #5586, .F. ) ;
#4682 = CARTESIAN_POINT ( 'NONE',  ( 0.01141058684657524601, 0.1892545897336818661, -0.0003326739459143650832 ) ) ;
#4683 = CARTESIAN_POINT ( 'NONE',  ( 0.3324999999999940781, 0.03425458973368530197, -0.06249999999999475420 ) ) ;
#4684 = VECTOR ( 'NONE', #2500, 39.37007874015748143 ) ;
#4685 = ORIENTED_EDGE ( 'NONE', *, *, #5208, .F. ) ;
#4686 = CARTESIAN_POINT ( 'NONE',  ( 0.01720689005930833501, 0.1792545897336871585, 0.02561697559256863321 ) ) ;
#4687 = EDGE_CURVE ( 'NONE', #3666, #2837, #4690, .T. ) ;
#4688 = DIRECTION ( 'NONE',  ( 1.970877152922708759E-16, 1.006139616066556398E-15, 1.000000000000000000 ) ) ;
#4689 = ADVANCED_FACE ( 'NONE', ( #191 ), #3299, .T. ) ;
#4690 = LINE ( 'NONE', #4747, #2082 ) ;
#4691 = VECTOR ( 'NONE', #3239, 39.37007874015748143 ) ;
#4692 = CARTESIAN_POINT ( 'NONE',  ( 0.02634639682935987354, 0.1892545897336807836, 0.002440266059169380296 ) ) ;
#4693 = EDGE_LOOP ( 'NONE', ( #6190, #478, #1343, #4342 ) ) ;
#4694 = CARTESIAN_POINT ( 'NONE',  ( 0.02484162902386784569, 0.1892545897336813110, -0.02432295459095993456 ) ) ;
#4695 = CARTESIAN_POINT ( 'NONE',  ( 0.01472650835064931614, 0.1892545897336807836, -0.03242988407286986202 ) ) ;
#4696 = ORIENTED_EDGE ( 'NONE', *, *, #5532, .T. ) ;
#4697 = EDGE_LOOP ( 'NONE', ( #3094, #5698, #2733 ) ) ;
#4698 = VERTEX_POINT ( 'NONE', #4262 ) ;
#4699 = UNCERTAINTY_MEASURE_WITH_UNIT (LENGTH_MEASURE( 1.000000000000000082E-05 ), #5700, 'distance_accuracy_value', 'NONE');
#4700 = CARTESIAN_POINT ( 'NONE',  ( 0.01505909414008189430, 0.1792545897336849936, -0.01851534343082523321 ) ) ;
#4701 = CARTESIAN_POINT ( 'NONE',  ( -0.02608239452992065083, 0.1892545897336807836, 0.02182768450743833785 ) ) ;
#4702 = VECTOR ( 'NONE', #593, 39.37007874015748143 ) ;
#4703 = VECTOR ( 'NONE', #4833, 39.37007874015748143 ) ;
#4704 = ADVANCED_FACE ( 'NONE', ( #3950 ), #4891, .F. ) ;
#4705 = CARTESIAN_POINT ( 'NONE',  ( 0.2106198646181319523, -0.1577405214759497465, 0.01250000000001905837 ) ) ;
#4706 = CARTESIAN_POINT ( 'NONE',  ( 0.3324999999999940781, 0.03425458973368530197, -0.06249999999999475420 ) ) ;
#4707 = AXIS2_PLACEMENT_3D ( 'NONE', #3429, #4358, #1858 ) ;
#4708 = DIRECTION ( 'NONE',  ( -2.080070937451772322E-15, -1.000000000000000000, -6.383782391594523890E-16 ) ) ;
#4709 = EDGE_CURVE ( 'NONE', #3347, #3788, #1686, .T. ) ;
#4710 = LINE ( 'NONE', #1559, #4357 ) ;
#4711 = CARTESIAN_POINT ( 'NONE',  ( 0.01623022704662379842, 0.1892545897336807836, -0.03021184305291424801 ) ) ;
#4712 = DIRECTION ( 'NONE',  ( 1.332267629550189623E-15, 1.000000000000000000, 4.163336342344342450E-16 ) ) ;
#4713 = CARTESIAN_POINT ( 'NONE',  ( 0.1124999999999928557, 0.1792545897336871585, 0.1000000000000054873 ) ) ;
#4714 = ORIENTED_EDGE ( 'NONE', *, *, #3224, .F. ) ;
#4715 =( NAMED_UNIT ( * ) SI_UNIT ( $, .STERADIAN. ) SOLID_ANGLE_UNIT ( ) );
#4716 = DIRECTION ( 'NONE',  ( -1.000000000000000000, -1.276756478318932585E-15, -1.110223024625158759E-16 ) ) ;
#4717 = CARTESIAN_POINT ( 'NONE',  ( 0.01270519912757761029, 0.1892545897336862515, 0.02926710357731369949 ) ) ;
#4718 = DIRECTION ( 'NONE',  ( -1.970877152922708759E-16, -1.006139616066556398E-15, -1.000000000000000000 ) ) ;
#4719 = DIRECTION ( 'NONE',  ( -1.000000000000000000, -1.276756478318932585E-15, -1.110223024625158759E-16 ) ) ;
#4720 = EDGE_CURVE ( 'NONE', #4073, #2537, #5340, .T. ) ;
#4721 = VERTEX_POINT ( 'NONE', #1355 ) ;
#4722 = CARTESIAN_POINT ( 'NONE',  ( -0.01688115229187429900, 0.1892545897336818661, -0.03988349797633816696 ) ) ;
#4723 = CARTESIAN_POINT ( 'NONE',  ( 0.01513709532474944754, 0.1792545897336816907, -0.008059971528394591078 ) ) ;
#4724 = ADVANCED_FACE ( 'NONE', ( #2941 ), #4050, .F. ) ;
#4725 = VECTOR ( 'NONE', #2496, 39.37007874015748143 ) ;
#4726 = VERTEX_POINT ( 'NONE', #1970 ) ;
#4727 = DIRECTION ( 'NONE',  ( -9.992007221626414780E-16, -0.8479983040050872445, 0.5299989400031810405 ) ) ;
#4728 = VECTOR ( 'NONE', #635, 39.37007874015748143 ) ;
#4729 = EDGE_CURVE ( 'NONE', #707, #3347, #112, .T. ) ;
#4730 = VECTOR ( 'NONE', #4708, 39.37007874015748143 ) ;
#4731 = DIRECTION ( 'NONE',  ( -1.970877152922708759E-16, -1.006139616066556398E-15, -1.000000000000000000 ) ) ;
#4732 = ORIENTED_EDGE ( 'NONE', *, *, #4709, .F. ) ;
#4733 = PLANE ( 'NONE',  #6363 ) ;
#4734 = CARTESIAN_POINT ( 'NONE',  ( -0.1074148077667746309, -0.5507454102663260631, 1.393242476768774222E-14 ) ) ;
#4735 =( NAMED_UNIT ( * ) PLANE_ANGLE_UNIT ( ) SI_UNIT ( $, .RADIAN. ) );
#4736 = DIRECTION ( 'NONE',  ( 0.000000000000000000, 0.000000000000000000, -1.000000000000000000 ) ) ;
#4737 = DIRECTION ( 'NONE',  ( -1.970877152922708759E-16, -1.006139616066556398E-15, -1.000000000000000000 ) ) ;
#4738 = FACE_OUTER_BOUND ( 'NONE', #851, .T. ) ;
#4739 = VERTEX_POINT ( 'NONE', #2967 ) ;
#4740 = EDGE_CURVE ( 'NONE', #4578, #5488, #382, .T. ) ;
#4741 = CARTESIAN_POINT ( 'NONE',  ( 0.3749999999999909517, -0.1803076923076681881, -0.03749999999999571038 ) ) ;
#4742 = FACE_BOUND ( 'NONE', #2828, .T. ) ;
#4743 = DIRECTION ( 'NONE',  ( -1.332267629550189623E-15, -1.000000000000000000, -4.163336342344342450E-16 ) ) ;
#4744 = CARTESIAN_POINT ( 'NONE',  ( 0.01249999999999337925, 0.09425458973368575077, -0.09999999999999566180 ) ) ;
#4745 = ORIENTED_EDGE ( 'NONE', *, *, #451, .F. ) ;
#4746 = CARTESIAN_POINT ( 'NONE',  ( -0.01454912441475099578, 0.1892545897336835037, 0.02675590908175511096 ) ) ;
#4747 = CARTESIAN_POINT ( 'NONE',  ( -0.07241480776675875142, -0.2807454102663248796, -0.01249999999998135762 ) ) ;
#4748 = CARTESIAN_POINT ( 'NONE',  ( 0.1399999999999936018, 0.1792545897336860761, -0.03999999999999574729 ) ) ;
#4749 = AXIS2_PLACEMENT_3D ( 'NONE', #4525, #3095, #124 ) ;
#4750 = EDGE_CURVE ( 'NONE', #1938, #682, #2467, .T. ) ;
#4751 = ORIENTED_EDGE ( 'NONE', *, *, #1419, .F. ) ;
#4752 = ORIENTED_EDGE ( 'NONE', *, *, #1149, .T. ) ;
#4753 = CARTESIAN_POINT ( 'NONE',  ( 0.3749999999999925615, 0.1792545897336844385, -0.09999999999999401035 ) ) ;
#4754 = B_SPLINE_CURVE_WITH_KNOTS ( 'NONE', 3,
 ( #863, #5782, #323, #798, #3370, #2391, #4824, #1381, #5866, #2894, #3765, #443, #2911, #6378, #421 ),
 .UNSPECIFIED., .F., .F.,
 ( 4, 1, 1, 1, 1, 1, 1, 1, 1, 1, 1, 1, 4 ),
 ( 0.000000000000000000, 0.1227119423657788422, 0.2396849640167734719, 0.3518158552560948782, 0.4637661328620819590, 0.5208177931608305444, 0.5794482914480040270, 0.6406041451203191572, 0.7052975118059832127, 0.7736338807131352135, 0.8446693818863784120, 0.9200565080211456914, 1.000000000000000000 ),
 .UNSPECIFIED. ) ;
#4756 = DIRECTION ( 'NONE',  ( 1.970877152922708759E-16, 1.006139616066556398E-15, 1.000000000000000000 ) ) ;
#4755 = CARTESIAN_POINT ( 'NONE',  ( -0.3375000000000065725, 0.05425458973368210702, 0.07500000000000539568 ) ) ;
#4757 = LINE ( 'NONE', #3872, #1745 ) ;
#4758 = CARTESIAN_POINT ( 'NONE',  ( -0.06250000000000568989, 0.09425458973368848470, 0.1000000000000049460 ) ) ;
#4759 = ORIENTED_EDGE ( 'NONE', *, *, #966, .F. ) ;
#4760 = EDGE_CURVE ( 'NONE', #1760, #2561, #3017, .T. ) ;
#4761 =( CONVERSION_BASED_UNIT ( 'INCH', #2827 ) LENGTH_UNIT ( ) NAMED_UNIT ( #6173 ) );
#4762 = FACE_OUTER_BOUND ( 'NONE', #5980, .T. ) ;
#4763 = CARTESIAN_POINT ( 'NONE',  ( 0.01941556088599435265, 0.1892545897336851413, 0.02275104938732946253 ) ) ;
#4764 = CARTESIAN_POINT ( 'NONE',  ( 0.0006305515213270098014, 0.1792545897336828009, -0.03830836896429287014 ) ) ;
#4765 = VECTOR ( 'NONE', #3570, 39.37007874015748143 ) ;
#4766 = VECTOR ( 'NONE', #3583, 39.37007874015748143 ) ;
#4767 = DIRECTION ( 'NONE',  ( 1.332267629550189623E-15, 1.000000000000000000, 4.163336342344342450E-16 ) ) ;
#4768 = CARTESIAN_POINT ( 'NONE',  ( 0.1124999999999952427, 0.05425458973367562610, -0.07499999999999280853 ) ) ;
#4769 = VERTEX_POINT ( 'NONE', #2669 ) ;
#4770 = ORIENTED_EDGE ( 'NONE', *, *, #3533, .F. ) ;
#4771 = DIRECTION ( 'NONE',  ( -1.000000000000000000, -8.326672684688685886E-16, -1.942890293094015564E-16 ) ) ;
#4772 = DIRECTION ( 'NONE',  ( -1.000000000000000000, -1.276756478318932585E-15, -1.110223024625158759E-16 ) ) ;
#4773 = CARTESIAN_POINT ( 'NONE',  ( -0.02000246129918646296, 0.1792545897336784988, 0.01617881052288530283 ) ) ;
#4774 = EDGE_CURVE ( 'NONE', #2755, #4391, #4021, .T. ) ;
#4775 = CARTESIAN_POINT ( 'NONE',  ( 0.05605150371279903759, -0.2807454102663161088, 0.01250000000001523330 ) ) ;
#4776 = VECTOR ( 'NONE', #236, 39.37007874015748143 ) ;
#4777 = VERTEX_POINT ( 'NONE', #1192 ) ;
#4778 = ADVANCED_FACE ( 'NONE', ( #4328 ), #4733, .F. ) ;
#4779 = DIRECTION ( 'NONE',  ( 0.000000000000000000, 0.000000000000000000, -1.000000000000000000 ) ) ;
#4780 = FACE_OUTER_BOUND ( 'NONE', #6398, .T. ) ;
#4781 = ORIENTED_EDGE ( 'NONE', *, *, #235, .T. ) ;
#4782 = ORIENTED_EDGE ( 'NONE', *, *, #1627, .T. ) ;
#4784 = CARTESIAN_POINT ( 'NONE',  ( 0.2124999999999898359, 0.05425458973368456339, 0.07500000000001112721 ) ) ;
#4783 = DIRECTION ( 'NONE',  ( 1.000000000000000000, 1.858026332526783612E-15, -1.359791920952777133E-16 ) ) ;
#4785 = VERTEX_POINT ( 'NONE', #4535 ) ;
#4786 = AXIS2_PLACEMENT_3D ( 'NONE', #3871, #5360, #4622 ) ;
#4787 = CARTESIAN_POINT ( 'NONE',  ( 0.3749999999999925615, 0.1792545897336844385, -0.09999999999999401035 ) ) ;
#4788 = CYLINDRICAL_SURFACE ( 'NONE', #364, 0.01250000000000003712 ) ;
#4789 = LINE ( 'NONE', #5489, #2771 ) ;
#4790 =( CONVERSION_BASED_UNIT ( 'INCH', #6351 ) LENGTH_UNIT ( ) NAMED_UNIT ( #4214 ) );
#4791 = CARTESIAN_POINT ( 'NONE',  ( -0.1400000000000067024, 0.1692545897336815430, 0.04000000000000612788 ) ) ;
#4792 =( NAMED_UNIT ( * ) SI_UNIT ( $, .STERADIAN. ) SOLID_ANGLE_UNIT ( ) );
#4793 = CARTESIAN_POINT ( 'NONE',  ( 0.08749999999999198697, 0.05425458973368129517, 0.07500000000000743572 ) ) ;
#4794 = ORIENTED_EDGE ( 'NONE', *, *, #3922, .F. ) ;
#4795 = CARTESIAN_POINT ( 'NONE',  ( 0.004084181092459596499, 0.1892545897336807836, -0.03808123327535896385 ) ) ;
#4796 = FACE_OUTER_BOUND ( 'NONE', #274, .T. ) ;
#4797 = AXIS2_PLACEMENT_3D ( 'NONE', #4953, #6010, #3039 ) ;
#4798 = VECTOR ( 'NONE', #1990, 39.37007874015748143 ) ;
#4799 = ORIENTED_EDGE ( 'NONE', *, *, #628, .T. ) ;
#4800 = EDGE_CURVE ( 'NONE', #3964, #2674, #2221, .T. ) ;
#4801 = PLANE ( 'NONE',  #893 ) ;
#4802 = DIRECTION ( 'NONE',  ( 1.332267629550189623E-15, 1.000000000000000000, 4.163336342344342450E-16 ) ) ;
#4803 = DIRECTION ( 'NONE',  ( 0.000000000000000000, 0.000000000000000000, 1.000000000000000000 ) ) ;
#4804 = DIRECTION ( 'NONE',  ( -2.635182449764338365E-15, -1.000000000000000000, 1.006139616066556989E-15 ) ) ;
#4805 = CARTESIAN_POINT ( 'NONE',  ( -0.003976820273542901706, 0.1892545897336829763, -0.003051958707882416327 ) ) ;
#4806 = FACE_OUTER_BOUND ( 'NONE', #5024, .T. ) ;
#4807 = CARTESIAN_POINT ( 'NONE',  ( 0.02004405786098515177, 0.1892545897336829763, -0.03825365719620276578 ) ) ;
#4809 = CARTESIAN_POINT ( 'NONE',  ( 0.01249999999999010063, 0.1792545897336871585, -0.09999999999999401035 ) ) ;
#4808 = CARTESIAN_POINT ( 'NONE',  ( 0.3749999999999898415, 0.09425458973367974169, -0.09999999999999510669 ) ) ;
#4810 = AXIS2_PLACEMENT_3D ( 'NONE', #2235, #6183, #3695 ) ;
#4811 = VECTOR ( 'NONE', #1504, 39.37007874015748143 ) ;
#4812 = CARTESIAN_POINT ( 'NONE',  ( 0.3124999999999928946, 0.1792545897336833560, -0.09999999999999482914 ) ) ;
#4813 = DIRECTION ( 'NONE',  ( -1.276756478318932191E-15, 1.000000000000000000, 4.163336342344339492E-16 ) ) ;
#4814 = ADVANCED_FACE ( 'NONE', ( #3405 ), #6231, .T. ) ;
#4815 = CARTESIAN_POINT ( 'NONE',  ( 0.3749999999999925615, 0.1792545897336860761, 0.1000000000000049460 ) ) ;
#4816 = ORIENTED_EDGE ( 'NONE', *, *, #3412, .F. ) ;
#4817 = CARTESIAN_POINT ( 'NONE',  ( 0.1124999999999928557, 0.09425458973368083804, -0.09999999999999237277 ) ) ;
#4818 = EDGE_CURVE ( 'NONE', #2378, #2847, #352, .T. ) ;
#4819 = CARTESIAN_POINT ( 'NONE',  ( 0.01557680315738582850, 0.1892545897336785909, -0.04232899144339184044 ) ) ;
#4820 = ORIENTED_EDGE ( 'NONE', *, *, #5333, .F. ) ;
#4821 = DIRECTION ( 'NONE',  ( 1.970877152922708759E-16, 1.006139616066556398E-15, 1.000000000000000000 ) ) ;
#4822 = CARTESIAN_POINT ( 'NONE',  ( -0.01606154590617826783, 0.1892545897336813110, -0.02715022569830191981 ) ) ;
#4823 = CARTESIAN_POINT ( 'NONE',  ( -0.01250000000000649203, 0.09425458973368411320, -0.09999999999999729938 ) ) ;
#4824 = CARTESIAN_POINT ( 'NONE',  ( -0.01062770409874675553, 0.1792545897336816907, -0.03459471263507823968 ) ) ;
#4825 = ORIENTED_EDGE ( 'NONE', *, *, #4335, .T. ) ;
#4826 = DIRECTION ( 'NONE',  ( 1.000000000000000000, 1.276756478318932585E-15, 1.110223024625158759E-16 ) ) ;
#4827 = DIRECTION ( 'NONE',  ( 0.000000000000000000, 0.000000000000000000, -1.000000000000000000 ) ) ;
#4828 = VECTOR ( 'NONE', #643, 39.37007874015748143 ) ;
#4830 = CARTESIAN_POINT ( 'NONE',  ( -0.07241480776675437991, 0.01925458973369324409, 0.01250000000001523330 ) ) ;
#4829 = DIRECTION ( 'NONE',  ( -1.000000000000000000, -1.276756478318932585E-15, -1.110223024625158759E-16 ) ) ;
#4831 = CARTESIAN_POINT ( 'NONE',  ( -0.02936674827094055626, -0.04723214755362883238, 0.01000000000001437239 ) ) ;
#4832 = ORIENTED_EDGE ( 'NONE', *, *, #5265, .T. ) ;
#4833 = DIRECTION ( 'NONE',  ( -1.332267629550189623E-15, -1.000000000000000000, -4.163336342344342450E-16 ) ) ;
#4834 = LINE ( 'NONE', #5253, #3205 ) ;
#4835 = EDGE_LOOP ( 'NONE', ( #3013, #5316, #5941, #1513, #5680, #221, #9, #5602, #1607, #5181, #2086, #1232 ) ) ;
#4836 = AXIS2_PLACEMENT_3D ( 'NONE', #3101, #5077, #2127 ) ;
#4837 = VERTEX_POINT ( 'NONE', #20 ) ;
#4838 = CARTESIAN_POINT ( 'NONE',  ( -0.009225738047352846291, 0.1892545897336807836, -0.03566019915533747559 ) ) ;
#4839 = EDGE_CURVE ( 'NONE', #582, #3788, #6180, .T. ) ;
#4840 = ORIENTED_EDGE ( 'NONE', *, *, #3385, .F. ) ;
#4841 = DIRECTION ( 'NONE',  ( 0.000000000000000000, 0.000000000000000000, 1.000000000000000000 ) ) ;
#4842 = DIRECTION ( 'NONE',  ( -1.110223024625166155E-16, 5.967448757360198655E-16, 1.000000000000000000 ) ) ;
#4843 = LINE ( 'NONE', #65, #2651 ) ;
#4844 = CARTESIAN_POINT ( 'NONE',  ( 0.02885280713197316965, 0.1892545897336807836, 0.009861844751192177724 ) ) ;
#4845 = EDGE_LOOP ( 'NONE', ( #5901, #5678, #3847, #4681, #4120, #4759, #3489, #2682 ) ) ;
#4846 = ORIENTED_EDGE ( 'NONE', *, *, #5515, .F. ) ;
#4847 = MECHANICAL_DESIGN_GEOMETRIC_PRESENTATION_REPRESENTATION (  '', ( #925 ), #5513 ) ;
#4848 = CARTESIAN_POINT ( 'NONE',  ( -0.0003182977168401618200, 0.1892545897336829763, -0.03827524129755227600 ) ) ;
#4849 = LENGTH_MEASURE_WITH_UNIT ( LENGTH_MEASURE( 0.02539999999999999897 ), #1949 );
#4850 = EDGE_CURVE ( 'NONE', #6444, #6415, #2851, .T. ) ;
#4851 = CARTESIAN_POINT ( 'NONE',  ( -0.3325000000000069011, 0.09425458973368193438, -0.09999999999999456546 ) ) ;
#4852 = ADVANCED_FACE ( 'NONE', ( #428 ), #6085, .F. ) ;
#4853 = AXIS2_PLACEMENT_3D ( 'NONE', #4091, #2591, #578 ) ;
#4854 = CARTESIAN_POINT ( 'NONE',  ( -0.01969168667525115698, 0.1792545897336816907, -0.03650059107312111917 ) ) ;
#4855 = PLANE ( 'NONE',  #1364 ) ;
#4856 = CARTESIAN_POINT ( 'NONE',  ( 0.02486933357260881841, 0.1892545897336851413, -0.02520406875061753302 ) ) ;
#4858 = ORIENTED_EDGE ( 'NONE', *, *, #2105, .T. ) ;
#4857 = B_SPLINE_CURVE_WITH_KNOTS ( 'NONE', 3,
 ( #4372, #456, #1420, #2406, #5831, #899, #5349 ),
 .UNSPECIFIED., .F., .F.,
 ( 4, 1, 1, 1, 4 ),
 ( 0.000000000000000000, 0.2538796003266559631, 0.5030089172783633877, 0.7502910806899732998, 1.000000000000000000 ),
 .UNSPECIFIED. ) ;
#4859 = DIRECTION ( 'NONE',  ( 1.000000000000000000, 1.858026332526783612E-15, -1.359791920952777133E-16 ) ) ;
#4860 = VECTOR ( 'NONE', #1370, 39.37007874015748143 ) ;
#4861 = DIRECTION ( 'NONE',  ( 1.332267629550189623E-15, 1.000000000000000000, 4.163336342344342450E-16 ) ) ;
#4862 = EDGE_CURVE ( 'NONE', #3818, #4210, #3011, .T. ) ;
#4863 = ORIENTED_EDGE ( 'NONE', *, *, #442, .T. ) ;
#4864 = CARTESIAN_POINT ( 'NONE',  ( -0.1125000000000030281, 0.05425458973368915000, -0.07499999999999362732 ) ) ;
#4865 = FACE_OUTER_BOUND ( 'NONE', #3477, .T. ) ;
#4866 = EDGE_LOOP ( 'NONE', ( #651, #2432, #4991, #696 ) ) ;
#4867 = CARTESIAN_POINT ( 'NONE',  ( 0.004084181092459583488, 0.1792545897336790539, -0.03808123327535896385 ) ) ;
#4868 = ORIENTED_EDGE ( 'NONE', *, *, #2937, .F. ) ;
#4869 = DIRECTION ( 'NONE',  ( -1.000000000000000000, -1.276756478318932585E-15, -1.110223024625158759E-16 ) ) ;
#4870 = DIRECTION ( 'NONE',  ( -1.970877152922708759E-16, -1.006139616066556398E-15, -1.000000000000000000 ) ) ;
#4871 = EDGE_CURVE ( 'NONE', #1527, #5744, #711, .T. ) ;
#4872 = CARTESIAN_POINT ( 'NONE',  ( -0.02514951460974524863, 0.1792545897336795258, 0.02440502970700291624 ) ) ;
#4873 = VECTOR ( 'NONE', #4821, 39.37007874015748143 ) ;
#4874 = CARTESIAN_POINT ( 'NONE',  ( -0.002171620964135835812, 0.1792545897336823291, -0.03821053525951314395 ) ) ;
#4875 = VERTEX_POINT ( 'NONE', #4068 ) ;
#4876 = EDGE_LOOP ( 'NONE', ( #4289, #2188, #1046, #715 ) ) ;
#4877 = ORIENTED_EDGE ( 'NONE', *, *, #5575, .T. ) ;
#4878 = PRESENTATION_LAYER_ASSIGNMENT (  '', '', ( #4529 ) ) ;
#4879 = ORIENTED_EDGE ( 'NONE', *, *, #4207, .T. ) ;
#4880 = CARTESIAN_POINT ( 'NONE',  ( 0.3749999999999925615, 0.1792545897336860761, 0.1000000000000049460 ) ) ;
#4881 = CARTESIAN_POINT ( 'NONE',  ( 0.01591275890346755331, 0.1892545897336840588, -0.008593426595860542694 ) ) ;
#4882 = DIRECTION ( 'NONE',  ( 2.635182449764338759E-15, 1.000000000000000000, 6.314393452555451606E-16 ) ) ;
#4883 = FACE_OUTER_BOUND ( 'NONE', #1417, .T. ) ;
#4884 = VERTEX_POINT ( 'NONE', #4559 ) ;
#4885 = CARTESIAN_POINT ( 'NONE',  ( 0.01557680315738581463, 0.1792545897336773886, -0.04232899144339184044 ) ) ;
#4886 = CARTESIAN_POINT ( 'NONE',  ( 0.01011757674814747245, 0.1792545897336817740, -0.03614433580396150814 ) ) ;
#4887 = EDGE_CURVE ( 'NONE', #5818, #2357, #1524, .T. ) ;
#4888 = AXIS2_PLACEMENT_3D ( 'NONE', #3488, #4470, #2437 ) ;
#4889 = FACE_OUTER_BOUND ( 'NONE', #431, .T. ) ;
#4890 = CARTESIAN_POINT ( 'NONE',  ( 0.02846861588816559582, 0.1892545897336807836, 0.007930359130751426719 ) ) ;
#4891 = PLANE ( 'NONE',  #4888 ) ;
#4892 =( NAMED_UNIT ( * ) PLANE_ANGLE_UNIT ( ) SI_UNIT ( $, .RADIAN. ) );
#4893 = DIRECTION ( 'NONE',  ( -1.858026332526783612E-15, 1.000000000000000000, 6.314393452555458508E-16 ) ) ;
#4894 = FACE_OUTER_BOUND ( 'NONE', #6198, .T. ) ;
#4895 = EDGE_LOOP ( 'NONE', ( #4300, #1246, #1746, #1767 ) ) ;
#4896 = DIMENSIONAL_EXPONENTS ( 1.000000000000000000, 0.000000000000000000, 0.000000000000000000, 0.000000000000000000, 0.000000000000000000, 0.000000000000000000, 0.000000000000000000 ) ;
#4897 = VECTOR ( 'NONE', #5179, 39.37007874015748143 ) ;
#4898 = DIRECTION ( 'NONE',  ( -1.332267629550189623E-15, -1.000000000000000000, -4.163336342344342450E-16 ) ) ;
#4899 = CARTESIAN_POINT ( 'NONE',  ( -0.2240718372288941773, -0.1577405214759541041, -0.09999999999998472611 ) ) ;
#4900 = FACE_OUTER_BOUND ( 'NONE', #4242, .T. ) ;
#4901 = FILL_AREA_STYLE ('',( #875 ) ) ;
#4902 = CARTESIAN_POINT ( 'NONE',  ( 0.3624999999999891642, 0.05425458973368210702, 0.07500000000001030842 ) ) ;
#4903 = VERTEX_POINT ( 'NONE', #2609 ) ;
#4904 = EDGE_CURVE ( 'NONE', #5167, #510, #1188, .T. ) ;
#4905 = CARTESIAN_POINT ( 'NONE',  ( 0.02313856683036204231, 0.1892545897336835037, -0.03329203639368705919 ) ) ;
#4906 = CARTESIAN_POINT ( 'NONE',  ( 0.01011757674814748632, 0.1892545897336835037, -0.03614433580396150120 ) ) ;
#4907 = CARTESIAN_POINT ( 'NONE',  ( 0.2760515037128007942, -0.2807454102663139439, -0.01249999999998245050 ) ) ;
#4908 = VERTEX_POINT ( 'NONE', #1604 ) ;
#4909 = FILL_AREA_STYLE ('',( #1444 ) ) ;
#4910 = CARTESIAN_POINT ( 'NONE',  ( 0.3452188589793152018, -0.1803076923076758209, 0.03750000000000581341 ) ) ;
#4911 = CARTESIAN_POINT ( 'NONE',  ( 0.3749999999999925615, 0.1792545897336860761, 0.1000000000000049460 ) ) ;
#4912 = CARTESIAN_POINT ( 'NONE',  ( -0.1625000000000076661, 0.05425458973368833815, -0.07499999999999465428 ) ) ;
#4913 =( BOUNDED_CURVE ( )  B_SPLINE_CURVE ( 3, ( #4024, #1018, #939, #5004 ),
 .UNSPECIFIED., .F., .F. ) 
 B_SPLINE_CURVE_WITH_KNOTS ( ( 4, 4 ),
 ( 1.570796326794895004, 4.712388980384689674 ),
 .UNSPECIFIED. ) 
 CURVE ( )  GEOMETRIC_REPRESENTATION_ITEM ( )  RATIONAL_B_SPLINE_CURVE ( ( 1.000000000000000000, 0.3333333333333335369, 0.3333333333333335369, 1.000000000000000000 ) ) 
 REPRESENTATION_ITEM ( '' )  );
#4914 = AXIS2_PLACEMENT_3D ( 'NONE', #4553, #1575, #552 ) ;
#4915 = EDGE_CURVE ( 'NONE', #4660, #4946, #4400, .T. ) ;
#4916 = DIRECTION ( 'NONE',  ( 1.332267629550189623E-15, 1.000000000000000000, 4.163336342344342450E-16 ) ) ;
#4917 = ORIENTED_EDGE ( 'NONE', *, *, #966, .T. ) ;
#4918 = DIRECTION ( 'NONE',  ( 1.000000000000000000, 1.276756478318932191E-15, 1.110223024625158513E-16 ) ) ;
#4919 = DIRECTION ( 'NONE',  ( 0.000000000000000000, 0.000000000000000000, 1.000000000000000000 ) ) ;
#4920 = CYLINDRICAL_SURFACE ( 'NONE', #6172, 0.04337284817182600338 ) ;
#4921 = ORIENTED_EDGE ( 'NONE', *, *, #2169, .T. ) ;
#4922 = DIRECTION ( 'NONE',  ( 0.000000000000000000, 0.000000000000000000, 1.000000000000000000 ) ) ;
#4923 = VERTEX_POINT ( 'NONE', #2118 ) ;
#4924 = CARTESIAN_POINT ( 'NONE',  ( -0.3375000000000036859, 0.09425458973368411320, 0.1000000000000038497 ) ) ;
#4925 = CARTESIAN_POINT ( 'NONE',  ( -0.08750000000000719702, 0.09425458973368411320, -0.09999999999999456546 ) ) ;
#4926 = AXIS2_PLACEMENT_3D ( 'NONE', #3450, #5952, #6443 ) ;
#4927 = EDGE_CURVE ( 'NONE', #2584, #973, #572, .T. ) ;
#4928 = FACE_OUTER_BOUND ( 'NONE', #4330, .T. ) ;
#4929 = EDGE_LOOP ( 'NONE', ( #1114, #912, #5937, #2699 ) ) ;
#4930 = ORIENTED_EDGE ( 'NONE', *, *, #298, .F. ) ;
#4931 = CIRCLE ( 'NONE', #6321, 0.02337284817182590929 ) ;
#4932 = DIMENSIONAL_EXPONENTS ( 1.000000000000000000, 0.000000000000000000, 0.000000000000000000, 0.000000000000000000, 0.000000000000000000, 0.000000000000000000, 0.000000000000000000 ) ;
#4933 = CARTESIAN_POINT ( 'NONE',  ( -0.3325000000000030709, -0.1803076923076780136, 0.03750000000000526523 ) ) ;
#4934 = CARTESIAN_POINT ( 'NONE',  ( -0.009714070265894167791, 0.1792545897336871585, 0.03922078201848138573 ) ) ;
#4935 = FACE_OUTER_BOUND ( 'NONE', #2764, .T. ) ;
#4936 = ORIENTED_EDGE ( 'NONE', *, *, #1025, .F. ) ;
#4937 = ORIENTED_EDGE ( 'NONE', *, *, #6139, .T. ) ;
#4938 = EDGE_CURVE ( 'NONE', #4721, #1026, #6112, .T. ) ;
#4939 = LINE ( 'NONE', #5975, #969 ) ;
#4940 = LINE ( 'NONE', #310, #5009 ) ;
#4941 = ORIENTED_EDGE ( 'NONE', *, *, #6393, .T. ) ;
#4942 = VERTEX_POINT ( 'NONE', #5110 ) ;
#4943 = CARTESIAN_POINT ( 'NONE',  ( 0.02910011133376971121, 0.1892545897336791461, 0.01502532937288852781 ) ) ;
#4944 = EDGE_CURVE ( 'NONE', #5093, #1520, #187, .T. ) ;
#4945 = ORIENTED_EDGE ( 'NONE', *, *, #4601, .F. ) ;
#4946 = VERTEX_POINT ( 'NONE', #4713 ) ;
#4947 = LENGTH_MEASURE_WITH_UNIT ( LENGTH_MEASURE( 0.02539999999999999897 ), #6189 );
#4948 = ORIENTED_EDGE ( 'NONE', *, *, #3893, .T. ) ;
#4949 = EDGE_LOOP ( 'NONE', ( #6352, #3217, #6043, #4825 ) ) ;
#4950 = DIRECTION ( 'NONE',  ( 1.110223024625166155E-16, -5.967448757360198655E-16, -1.000000000000000000 ) ) ;
#4951 = ORIENTED_EDGE ( 'NONE', *, *, #3395, .F. ) ;
#4952 = DIRECTION ( 'NONE',  ( -1.000000000000000000, -1.276756478318932585E-15, -1.110223024625158759E-16 ) ) ;
#4953 = CARTESIAN_POINT ( 'NONE',  ( -0.008320611846346644136, -0.04723214755363538964, -0.009999999999981863674 ) ) ;
#4954 = EDGE_CURVE ( 'NONE', #5143, #5409, #5884, .T. ) ;
#4955 = ORIENTED_EDGE ( 'NONE', *, *, #507, .T. ) ;
#4956 = CARTESIAN_POINT ( 'NONE',  ( -0.01972113107404148760, 0.1792545897336866312, 0.03288180892998465027 ) ) ;
#4957 = VECTOR ( 'NONE', #4596, 39.37007874015748143 ) ;
#4958 = DIRECTION ( 'NONE',  ( 1.970877152922708759E-16, 1.006139616066556398E-15, 1.000000000000000000 ) ) ;
#4959 = ORIENTED_EDGE ( 'NONE', *, *, #5693, .T. ) ;
#4960 = CYLINDRICAL_SURFACE ( 'NONE', #3042, 0.01250000000000003712 ) ;
#4961 = AXIS2_PLACEMENT_3D ( 'NONE', #184, #1631, #1652 ) ;
#4962 = PLANE ( 'NONE',  #6210 ) ;
#4963 = DIRECTION ( 'NONE',  ( 1.332267629550189623E-15, 1.000000000000000000, 4.163336342344342450E-16 ) ) ;
#4964 = CARTESIAN_POINT ( 'NONE',  ( -0.1625000000000062506, 0.1792545897336855210, 0.1000000000000065836 ) ) ;
#4965 = VERTEX_POINT ( 'NONE', #5128 ) ;
#4966 = CARTESIAN_POINT ( 'NONE',  ( 0.02017398004792772190, 0.1792545897336795813, -0.005120593274375686774 ) ) ;
#4967 = FACE_OUTER_BOUND ( 'NONE', #5511, .T. ) ;
#4968 = ORIENTED_EDGE ( 'NONE', *, *, #1641, .F. ) ;
#4969 = ORIENTED_EDGE ( 'NONE', *, *, #3565, .F. ) ;
#4970 = ADVANCED_FACE ( 'NONE', ( #4013 ), #668, .F. ) ;
#4971 = CARTESIAN_POINT ( 'NONE',  ( 0.02456919611946667067, 0.1792545897336806082, -0.0003995992373497647817 ) ) ;
#4972 = EDGE_CURVE ( 'NONE', #3612, #2378, #1964, .T. ) ;
#4973 = DIRECTION ( 'NONE',  ( 1.332267629550189623E-15, 1.000000000000000000, 4.163336342344342450E-16 ) ) ;
#4974 = CARTESIAN_POINT ( 'NONE',  ( 0.3749999999999909517, 0.09425458973368357196, 0.1000000000000049460 ) ) ;
#4975 = VECTOR ( 'NONE', #3681, 39.37007874015748854 ) ;
#4976 = VERTEX_POINT ( 'NONE', #3174 ) ;
#4977 = VECTOR ( 'NONE', #4508, 39.37007874015748143 ) ;
#4978 = CIRCLE ( 'NONE', #1935, 0.02290909967644729275 ) ;
#4979 = ORIENTED_EDGE ( 'NONE', *, *, #3520, .T. ) ;
#4980 = CARTESIAN_POINT ( 'NONE',  ( -0.005466022654902694643, 0.1792545897336839666, 0.03160682039216306666 ) ) ;
#4981 = ORIENTED_EDGE ( 'NONE', *, *, #4082, .F. ) ;
#4982 = SURFACE_STYLE_FILL_AREA ( #168 ) ;
#4983 = CARTESIAN_POINT ( 'NONE',  ( 0.02416821177773580132, 0.1792545897336773886, -0.0009485933232672305463 ) ) ;
#4984 = CARTESIAN_POINT ( 'NONE',  ( -0.3125000000000071054, 0.09425458973368630589, -0.09999999999999292788 ) ) ;
#4985 = CARTESIAN_POINT ( 'NONE',  ( -0.01207703603250364841, 0.1792545897336850491, 0.02877529633554142680 ) ) ;
#4986 = ORIENTED_EDGE ( 'NONE', *, *, #683, .T. ) ;
#4987 = EDGE_CURVE ( 'NONE', #4908, #2838, #5334, .T. ) ;
#4988 = CARTESIAN_POINT ( 'NONE',  ( -0.01347535125645207138, 0.1792545897336871585, 0.02769724001006445419 ) ) ;
#4989 = DIRECTION ( 'NONE',  ( -1.970877152922708759E-16, -1.006139616066556398E-15, -1.000000000000000000 ) ) ;
#4990 =( BOUNDED_CURVE ( )  B_SPLINE_CURVE ( 3, ( #3794, #4283, #2348, #2661 ),
 .UNSPECIFIED., .F., .T. ) 
 B_SPLINE_CURVE_WITH_KNOTS ( ( 4, 4 ),
 ( 1.570796326794895004, 4.712388980384689674 ),
 .UNSPECIFIED. ) 
 CURVE ( )  GEOMETRIC_REPRESENTATION_ITEM ( )  RATIONAL_B_SPLINE_CURVE ( ( 1.000000000000000000, 0.3333333333333340365, 0.3333333333333340365, 1.000000000000000000 ) ) 
 REPRESENTATION_ITEM ( '' )  );
#4991 = ORIENTED_EDGE ( 'NONE', *, *, #2859, .F. ) ;
#4992 = VERTEX_POINT ( 'NONE', #6164 ) ;
#4993 = CARTESIAN_POINT ( 'NONE',  ( 0.02539404388146167257, 0.1792545897336860761, 0.02737208806333830957 ) ) ;
#4994 = AXIS2_PLACEMENT_3D ( 'NONE', #3062, #583, #1119 ) ;
#4995 = LINE ( 'NONE', #5440, #4075 ) ;
#4996 = CARTESIAN_POINT ( 'NONE',  ( 0.03300344421698773317, -0.04723214755363757539, 0.01000000000001655814 ) ) ;
#4997 = ORIENTED_EDGE ( 'NONE', *, *, #427, .T. ) ;
#4998 = ADVANCED_FACE ( 'NONE', ( #3473 ), #2268, .F. ) ;
#4999 = VERTEX_POINT ( 'NONE', #4160 ) ;
#5000 = DIRECTION ( 'NONE',  ( 1.332267629550189623E-15, 1.000000000000000000, 4.163336342344342450E-16 ) ) ;
#5001 = CARTESIAN_POINT ( 'NONE',  ( -0.001595389741961596337, 0.1892545897336840588, 0.03217369397491456201 ) ) ;
#5002 = LINE ( 'NONE', #1639, #6174 ) ;
#5003 = VERTEX_POINT ( 'NONE', #4644 ) ;
#5004 = CARTESIAN_POINT ( 'NONE',  ( -0.03750000000000799916, 0.09425458973368630589, -0.09999999999999811817 ) ) ;
#5005 = AXIS2_PLACEMENT_3D ( 'NONE', #2974, #2524, #5498 ) ;
#5006 = CARTESIAN_POINT ( 'NONE',  ( 0.2106198646181330347, -0.2306847410193957060, 0.01250000000001250111 ) ) ;
#5007 = CARTESIAN_POINT ( 'NONE',  ( -0.02748109377781744744, 0.1892545897336807836, 0.01617881052288667326 ) ) ;
#5008 = EDGE_CURVE ( 'NONE', #1341, #2380, #2152, .T. ) ;
#5009 = VECTOR ( 'NONE', #1263, 39.37007874015748143 ) ;
#5010 = VECTOR ( 'NONE', #3927, 39.37007874015748143 ) ;
#5011 = CARTESIAN_POINT ( 'NONE',  ( -0.003852103426985316412, 0.1892545897336840588, -0.04653332507402649365 ) ) ;
#5012 = ORIENTED_EDGE ( 'NONE', *, *, #3173, .T. ) ;
#5013 = DIRECTION ( 'NONE',  ( 0.000000000000000000, 0.000000000000000000, 1.000000000000000000 ) ) ;
#5014 = CARTESIAN_POINT ( 'NONE',  ( 0.2660515037128006188, -0.2807454102663139439, 0.01250000000001796549 ) ) ;
#5015 = VECTOR ( 'NONE', #3218, 39.37007874015748143 ) ;
#5016 = PRESENTATION_STYLE_ASSIGNMENT (( #1087 ) ) ;
#5017 = LINE ( 'NONE', #1132, #1038 ) ;
#5018 = ORIENTED_EDGE ( 'NONE', *, *, #2784, .T. ) ;
#5019 = EDGE_CURVE ( 'NONE', #3788, #3485, #4465, .T. ) ;
#5020 = ORIENTED_EDGE ( 'NONE', *, *, #4413, .T. ) ;
#5021 = AXIS2_PLACEMENT_3D ( 'NONE', #3188, #793, #2631 ) ;
#5022 = CARTESIAN_POINT ( 'NONE',  ( -0.002330622751429574022, 0.1892545897336851413, 0.04069011325182616406 ) ) ;
#5023 = LINE ( 'NONE', #3434, #1948 ) ;
#5024 = EDGE_LOOP ( 'NONE', ( #208, #3419, #2638, #6423 ) ) ;
#5025 = ORIENTED_EDGE ( 'NONE', *, *, #5470, .F. ) ;
#5026 = EDGE_CURVE ( 'NONE', #4769, #1181, #1752, .T. ) ;
#5027 = CARTESIAN_POINT ( 'NONE',  ( 0.02901485938073007295, 0.1892545897336906091, 0.01735363417869263680 ) ) ;
#5028 = VECTOR ( 'NONE', #2358, 39.37007874015748143 ) ;
#5029 = PLANE ( 'NONE',  #3600 ) ;
#5030 = LINE ( 'NONE', #4537, #374 ) ;
#5031 = ADVANCED_FACE ( 'NONE', ( #3325 ), #5317, .F. ) ;
#5032 = CARTESIAN_POINT ( 'NONE',  ( -0.001686305805208451920, 0.1892545897336829763, -0.04681406588866095231 ) ) ;
#5033 = CARTESIAN_POINT ( 'NONE',  ( 0.01095801699369842834, 0.1792545897336861316, 0.03018730370676039540 ) ) ;
#5034 = PLANE ( 'NONE',  #5624 ) ;
#5035 = EDGE_CURVE ( 'NONE', #2903, #5818, #5798, .T. ) ;
#5036 = CARTESIAN_POINT ( 'NONE',  ( -0.1250000000000048017, -0.2807454102663139439, 0.07500000000000452138 ) ) ;
#5037 = CARTESIAN_POINT ( 'NONE',  ( -0.3125000000000027200, -0.2807454102663139439, -0.09999999999999784062 ) ) ;
#5038 =( NAMED_UNIT ( * ) SI_UNIT ( $, .STERADIAN. ) SOLID_ANGLE_UNIT ( ) );
#5039 = CARTESIAN_POINT ( 'NONE',  ( -0.3750000000000046074, 0.1792545897336871585, 0.1000000000000054873 ) ) ;
#5040 = EDGE_CURVE ( 'NONE', #4282, #3485, #4940, .T. ) ;
#5041 = LINE ( 'NONE', #1388, #3724 ) ;
#5042 = ORIENTED_EDGE ( 'NONE', *, *, #126, .F. ) ;
#5043 = CARTESIAN_POINT ( 'NONE',  ( 0.1999999999999945988, 0.1792545897336816907, -0.09999999999999456546 ) ) ;
#5044 = VERTEX_POINT ( 'NONE', #3804 ) ;
#5045 = DIRECTION ( 'NONE',  ( -5.551115123125634174E-17, 4.163336342344342450E-16, -1.000000000000000000 ) ) ;
#5046 = VECTOR ( 'NONE', #3830, 39.37007874015748143 ) ;
#5047 =( LENGTH_UNIT ( ) NAMED_UNIT ( * ) SI_UNIT ( $, .METRE. ) );
#5048 = EDGE_CURVE ( 'NONE', #825, #3470, #3156, .T. ) ;
#5049 = VERTEX_POINT ( 'NONE', #2850 ) ;
#5050 = SURFACE_SIDE_STYLE ('',( #2835 ) ) ;
#5051 = CARTESIAN_POINT ( 'NONE',  ( -0.003158557798293490110, 0.1892545897336835037, -0.003006180301988076696 ) ) ;
#5052 = DIRECTION ( 'NONE',  ( -1.332267629550189623E-15, -1.000000000000000000, -4.163336342344342450E-16 ) ) ;
#5053 = VECTOR ( 'NONE', #1868, 39.37007874015748143 ) ;
#5054 = CARTESIAN_POINT ( 'NONE',  ( 0.02355241627268862825, 0.1792545897336822458, -0.01770915335564117107 ) ) ;
#5055 = ORIENTED_EDGE ( 'NONE', *, *, #1430, .T. ) ;
#5056 = CARTESIAN_POINT ( 'NONE',  ( -0.01607452348235567999, 0.1792545897336883243, 0.03600597387196861898 ) ) ;
#5057 = ADVANCED_FACE ( 'NONE', ( #3682 ), #335, .F. ) ;
#5058 = ORIENTED_EDGE ( 'NONE', *, *, #3447, .T. ) ;
#5059 = VECTOR ( 'NONE', #2907, 39.37007874015748854 ) ;
#5060 = EDGE_CURVE ( 'NONE', #3319, #3867, #5234, .T. ) ;
#5061 = CARTESIAN_POINT ( 'NONE',  ( -0.007252088618097136258, 0.1892545897336884164, 0.03109306656385042375 ) ) ;
#5062 = CARTESIAN_POINT ( 'NONE',  ( 0.06605150371279974730, -0.2807454102663139439, -0.01249999999998518269 ) ) ;
#5063 =( CONVERSION_BASED_UNIT ( 'INCH', #4430 ) LENGTH_UNIT ( ) NAMED_UNIT ( #3912 ) );
#5064 = CARTESIAN_POINT ( 'NONE',  ( -0.01250000000000430628, 0.09425458973367920046, 0.1000000000000076800 ) ) ;
#5065 = ORIENTED_EDGE ( 'NONE', *, *, #3711, .T. ) ;
#5066 = DIRECTION ( 'NONE',  ( 0.000000000000000000, 0.000000000000000000, -1.000000000000000000 ) ) ;
#5067 = CARTESIAN_POINT ( 'NONE',  ( 0.02432708919831294558, 0.1892545897336862515, -0.02008157240997701654 ) ) ;
#5068 = ORIENTED_EDGE ( 'NONE', *, *, #3792, .F. ) ;
#5069 = EDGE_CURVE ( 'NONE', #1404, #1020, #6422, .T. ) ;
#5070 = ORIENTED_EDGE ( 'NONE', *, *, #3378, .T. ) ;
#5071 = CARTESIAN_POINT ( 'NONE',  ( -0.01969168667525006758, 0.1892545897336807836, -0.03650059107311811463 ) ) ;
#5072 = DIRECTION ( 'NONE',  ( -1.000000000000000000, -1.276756478318932585E-15, -1.110223024625158759E-16 ) ) ;
#5073 = CARTESIAN_POINT ( 'NONE',  ( 0.1249999999999911598, 0.08425458973368395166, -0.07499999999999305833 ) ) ;
#5074 = LINE ( 'NONE', #745, #2457 ) ;
#5075 = VECTOR ( 'NONE', #2563, 39.37007874015748143 ) ;
#5076 = AXIS2_PLACEMENT_3D ( 'NONE', #1338, #1243, #1757 ) ;
#5077 = DIRECTION ( 'NONE',  ( 1.332267629550189623E-15, 1.000000000000000000, 4.163336342344342450E-16 ) ) ;
#5078 = LINE ( 'NONE', #6011, #2142 ) ;
#5079 = CIRCLE ( 'NONE', #2218, 0.01250000000000003712 ) ;
#5080 = ORIENTED_EDGE ( 'NONE', *, *, #5945, .F. ) ;
#5081 = LINE ( 'NONE', #3809, #5163 ) ;
#5082 = VECTOR ( 'NONE', #4435, 39.37007874015748143 ) ;
#5083 = CARTESIAN_POINT ( 'NONE',  ( 0.3749999999999925615, 0.1792545897336844385, -0.09999999999999401035 ) ) ;
#5084 = ORIENTED_EDGE ( 'NONE', *, *, #5823, .F. ) ;
#5085 = EDGE_CURVE ( 'NONE', #581, #5877, #3006, .T. ) ;
#5086 = AXIS2_PLACEMENT_3D ( 'NONE', #1337, #3284, #783 ) ;
#5087 = ADVANCED_FACE ( 'NONE', ( #2743 ), #1447, .F. ) ;
#5088 = VECTOR ( 'NONE', #1743, 39.37007874015748143 ) ;
#5089 = DIRECTION ( 'NONE',  ( -5.551115123125634174E-17, 4.163336342344342450E-16, -1.000000000000000000 ) ) ;
#5090 = CARTESIAN_POINT ( 'NONE',  ( 0.02162776961686641367, 0.1792545897336828009, 0.01379978597103839744 ) ) ;
#5091 = ORIENTED_EDGE ( 'NONE', *, *, #2757, .F. ) ;
#5092 = ORIENTED_EDGE ( 'NONE', *, *, #6212, .F. ) ;
#5093 = VERTEX_POINT ( 'NONE', #1908 ) ;
#5094 = CARTESIAN_POINT ( 'NONE',  ( -0.1125000000000032363, 0.09425458973368520954, 0.1000000000000076800 ) ) ;
#5095 = CARTESIAN_POINT ( 'NONE',  ( 0.01141058684657524601, 0.1892545897336818661, -0.0003326739459143650832 ) ) ;
#5096 = DIRECTION ( 'NONE',  ( 1.332267629550189623E-15, 1.000000000000000000, 4.163336342344342450E-16 ) ) ;
#5097 = EDGE_CURVE ( 'NONE', #3591, #652, #5481, .T. ) ;
#5098 = AXIS2_PLACEMENT_3D ( 'NONE', #1865, #1676, #4185 ) ;
#5099 = PRESENTATION_STYLE_ASSIGNMENT (( #1365 ) ) ;
#5100 = ORIENTED_EDGE ( 'NONE', *, *, #843, .F. ) ;
#5101 = CARTESIAN_POINT ( 'NONE',  ( -0.02728522864616611879, 0.1892545897336796734, 0.01716192826542084840 ) ) ;
#5102 = CARTESIAN_POINT ( 'NONE',  ( 0.0006305515213270098014, 0.1792545897336828009, -0.03830836896429287014 ) ) ;
#5103 = EDGE_LOOP ( 'NONE', ( #5537, #6436, #101, #2477, #706 ) ) ;
#5104 = CARTESIAN_POINT ( 'NONE',  ( 0.01730091205242926394, 0.1892545897336829763, -0.02346667119528300996 ) ) ;
#5105 = FACE_OUTER_BOUND ( 'NONE', #4549, .T. ) ;
#5106 = FACE_OUTER_BOUND ( 'NONE', #4094, .T. ) ;
#5107 = UNCERTAINTY_MEASURE_WITH_UNIT (LENGTH_MEASURE( 1.000000000000000082E-05 ), #4493, 'distance_accuracy_value', 'NONE');
#5108 = CARTESIAN_POINT ( 'NONE',  ( 0.3374999999999914180, -0.2807454102663166640, -0.09999999999999566180 ) ) ;
#5109 = VECTOR ( 'NONE', #5237, 39.37007874015748854 ) ;
#5110 = CARTESIAN_POINT ( 'NONE',  ( -0.3125000000000054956, 0.1792545897336860761, -0.09999999999999784062 ) ) ;
#5111 = CARTESIAN_POINT ( 'NONE',  ( 0.1624999999999958700, 0.09425458973368193438, 0.1000000000000087624 ) ) ;
#5112 = DIRECTION ( 'NONE',  ( 1.000000000000000000, 1.574630274937079330E-15, -1.476215882753511995E-16 ) ) ;
#5113 =( GEOMETRIC_REPRESENTATION_CONTEXT ( 3 ) GLOBAL_UNCERTAINTY_ASSIGNED_CONTEXT ( ( #5314 ) ) GLOBAL_UNIT_ASSIGNED_CONTEXT ( ( #4790, #2773, #2249 ) ) REPRESENTATION_CONTEXT ( 'NONE', 'WORKASPACE' ) );
#5114 = VECTOR ( 'NONE', #4829, 39.37007874015748143 ) ;
#5115 = CARTESIAN_POINT ( 'NONE',  ( 0.09999999999999566180, -0.2807454102663183293, -0.09999999999999756306 ) ) ;
#5116 = CARTESIAN_POINT ( 'NONE',  ( 0.05605150371280067517, -0.1865689222180703100, -0.009999999999982682464 ) ) ;
#5117 = VECTOR ( 'NONE', #285, 39.37007874015748143 ) ;
#5118 = VERTEX_POINT ( 'NONE', #3403 ) ;
#5119 = DIRECTION ( 'NONE',  ( -2.635182449764338759E-15, -1.000000000000000000, -6.314393452555451606E-16 ) ) ;
#5120 = CARTESIAN_POINT ( 'NONE',  ( 0.05605150371280286092, 0.06925458973369298665, 0.01250000000001632618 ) ) ;
#5121 = EDGE_CURVE ( 'NONE', #1951, #5482, #3770, .T. ) ;
#5122 = AXIS2_PLACEMENT_3D ( 'NONE', #2100, #5518, #63 ) ;
#5123 = LINE ( 'NONE', #4791, #1235 ) ;
#5124 = LINE ( 'NONE', #1792, #4730 ) ;
#5125 = CARTESIAN_POINT ( 'NONE',  ( -0.01942863977304035150, 0.1892545897336807836, 0.01806850540114691636 ) ) ;
#5126 = CARTESIAN_POINT ( 'NONE',  ( 0.2760515037128059568, 0.06925458973369516547, -0.01249999999998354337 ) ) ;
#5127 = ORIENTED_EDGE ( 'NONE', *, *, #1168, .T. ) ;
#5128 = CARTESIAN_POINT ( 'NONE',  ( 0.2660515037128011739, -0.5257454102663196016, -0.01249999999998081118 ) ) ;
#5129 = DIRECTION ( 'NONE',  ( -5.551115123125634174E-17, 4.163336342344342450E-16, -1.000000000000000000 ) ) ;
#5130 = EDGE_CURVE ( 'NONE', #6177, #525, #2008, .T. ) ;
#5131 = DIRECTION ( 'NONE',  ( -1.332267629550189623E-15, -1.000000000000000000, -4.163336342344342450E-16 ) ) ;
#5132 =( NAMED_UNIT ( * ) SI_UNIT ( $, .STERADIAN. ) SOLID_ANGLE_UNIT ( ) );
#5133 = CARTESIAN_POINT ( 'NONE',  ( -0.1349351154182167334, -0.1577405214759562968, -0.09999999999998226974 ) ) ;
#5134 = ORIENTED_EDGE ( 'NONE', *, *, #3365, .F. ) ;
#5135 = VECTOR ( 'NONE', #1866, 39.37007874015748143 ) ;
#5136 = VERTEX_POINT ( 'NONE', #5923 ) ;
#5137 = ORIENTED_EDGE ( 'NONE', *, *, #143, .F. ) ;
#5138 = ORIENTED_EDGE ( 'NONE', *, *, #6400, .T. ) ;
#5139 = DIRECTION ( 'NONE',  ( -3.055426159849185432E-17, 6.314393452555452592E-16, -1.000000000000000000 ) ) ;
#5140 = EDGE_CURVE ( 'NONE', #2599, #1918, #5404, .T. ) ;
#5141 = PLANE ( 'NONE',  #3657 ) ;
#5142 = ORIENTED_EDGE ( 'NONE', *, *, #6430, .F. ) ;
#5143 = VERTEX_POINT ( 'NONE', #3258 ) ;
#5144 = DIRECTION ( 'NONE',  ( 1.000000000000000000, 2.135582088683073931E-15, -3.025126457890509971E-16 ) ) ;
#5145 = LINE ( 'NONE', #4303, #2521 ) ;
#5147 = CARTESIAN_POINT ( 'NONE',  ( -0.3750000000000029421, 0.09425458973368301685, 0.1000000000000038497 ) ) ;
#5146 = CARTESIAN_POINT ( 'NONE',  ( -0.3625000000000092593, 0.05425458973367800614, 0.07500000000001030842 ) ) ;
#5148 = DIRECTION ( 'NONE',  ( -1.000000000000000000, -1.276756478318932585E-15, -1.110223024625158759E-16 ) ) ;
#5149 = EDGE_CURVE ( 'NONE', #4213, #5553, #2587, .T. ) ;
#5150 = ADVANCED_FACE ( 'NONE', ( #180 ), #2461, .F. ) ;
#5151 = LINE ( 'NONE', #104, #6248 ) ;
#5152 = EDGE_LOOP ( 'NONE', ( #1437, #46, #4634, #6237, #2025, #6252, #960, #985, #361, #4604, #2306, #624, #5042, #253, #4745, #3660, #1089 ) ) ;
#5153 = DIRECTION ( 'NONE',  ( -1.000000000000000000, -1.276756478318932191E-15, -1.110223024625158513E-16 ) ) ;
#5154 = CARTESIAN_POINT ( 'NONE',  ( 0.02100011323768106661, 0.1792545897336795258, 0.009971738767881429405 ) ) ;
#5155 = CARTESIAN_POINT ( 'NONE',  ( 0.002023461084510633137, 0.1892545897336862515, -0.01206520806677107739 ) ) ;
#5156 = DIRECTION ( 'NONE',  ( 0.000000000000000000, 0.000000000000000000, 1.000000000000000000 ) ) ;
#5157 = CARTESIAN_POINT ( 'NONE',  ( 0.3749999999999909517, 0.09425458973368357196, 0.1000000000000049460 ) ) ;
#5158 = CARTESIAN_POINT ( 'NONE',  ( 0.3749999999999909517, 0.09425458973368357196, 0.1000000000000049460 ) ) ;
#5159 = VECTOR ( 'NONE', #2356, 39.37007874015748854 ) ;
#5160 = ORIENTED_EDGE ( 'NONE', *, *, #2843, .T. ) ;
#5161 = PRESENTATION_LAYER_ASSIGNMENT (  '', '', ( #6090 ) ) ;
#5162 = EDGE_CURVE ( 'NONE', #6391, #5638, #2933, .T. ) ;
#5163 = VECTOR ( 'NONE', #6261, 39.37007874015748143 ) ;
#5164 = CARTESIAN_POINT ( 'NONE',  ( 0.004844254230588374011, 0.1892545897336829763, -0.01263855635381397856 ) ) ;
#5165 = EDGE_LOOP ( 'NONE', ( #5357, #3763, #50, #5864 ) ) ;
#5166 = ORIENTED_EDGE ( 'NONE', *, *, #824, .T. ) ;
#5167 = VERTEX_POINT ( 'NONE', #2965 ) ;
#5168 = CARTESIAN_POINT ( 'NONE',  ( 0.05637629238880918076, -0.1631983307839933728, 0.01000000000001655814 ) ) ;
#5169 = CARTESIAN_POINT ( 'NONE',  ( -0.01980762102679808553, 0.1892545897336807836, 0.01682045369594680276 ) ) ;
#5170 = VERTEX_POINT ( 'NONE', #430 ) ;
#5171 = EDGE_LOOP ( 'NONE', ( #5374, #2397, #5675, #5344 ) ) ;
#5172 = ORIENTED_EDGE ( 'NONE', *, *, #1545, .F. ) ;
#5174 = CARTESIAN_POINT ( 'NONE',  ( 0.2760515037128026816, 0.06925458973368642246, 0.01250000000001605209 ) ) ;
#5173 = FILL_AREA_STYLE ('',( #752 ) ) ;
#5175 = EDGE_CURVE ( 'NONE', #3690, #1377, #957, .T. ) ;
#5176 = STYLED_ITEM ( 'NONE', ( #3853 ), #5548 ) ;
#5177 = CARTESIAN_POINT ( 'NONE',  ( 0.3749999999999928391, -0.1803076923076747384, 0.03750000000000390521 ) ) ;
#5178 = FACE_OUTER_BOUND ( 'NONE', #3756, .T. ) ;
#5179 = DIRECTION ( 'NONE',  ( 1.332267629550189623E-15, 1.000000000000000000, 4.163336342344342450E-16 ) ) ;
#5180 = CARTESIAN_POINT ( 'NONE',  ( 0.2660515037128014515, -0.5507454102663162931, 0.01250000000001414042 ) ) ;
#5181 = ORIENTED_EDGE ( 'NONE', *, *, #1565, .T. ) ;
#5182 = EDGE_CURVE ( 'NONE', #6367, #3867, #2819, .T. ) ;
#5183 = VECTOR ( 'NONE', #3164, 39.37007874015748143 ) ;
#5184 = UNCERTAINTY_MEASURE_WITH_UNIT (LENGTH_MEASURE( 1.000000000000000082E-05 ), #926, 'distance_accuracy_value', 'NONE');
#5185 = ADVANCED_FACE ( 'NONE', ( #3148 ), #1781, .F. ) ;
#5186 =( LENGTH_UNIT ( ) NAMED_UNIT ( * ) SI_UNIT ( $, .METRE. ) );
#5187 = CARTESIAN_POINT ( 'NONE',  ( 0.01333963134736568940, 0.1892545897336785909, 0.0006456273969126522308 ) ) ;
#5188 = PRESENTATION_STYLE_ASSIGNMENT (( #4555 ) ) ;
#5189 = EDGE_CURVE ( 'NONE', #3171, #197, #5078, .T. ) ;
#5190 = DIRECTION ( 'NONE',  ( -1.332267629550189623E-15, -1.000000000000000000, -4.163336342344341957E-16 ) ) ;
#5191 = CARTESIAN_POINT ( 'NONE',  ( 0.0005303912649160208263, 0.1792545897336839666, -0.04685537751130350315 ) ) ;
#5192 = CARTESIAN_POINT ( 'NONE',  ( -0.007252088618097136258, 0.1892545897336884164, 0.03109306656385042375 ) ) ;
#5193 = CARTESIAN_POINT ( 'NONE',  ( 0.1399999999999946843, 0.1792545897336871585, 0.04000000000000394212 ) ) ;
#5194 = CARTESIAN_POINT ( 'NONE',  ( 0.02885280713197315577, 0.1792545897336806915, 0.009861844751192174255 ) ) ;
#5195 = ORIENTED_EDGE ( 'NONE', *, *, #3893, .F. ) ;
#5196 = DIRECTION ( 'NONE',  ( -2.635182449764338759E-15, -1.000000000000000000, -6.314393452555451606E-16 ) ) ;
#5197 = ADVANCED_FACE ( 'NONE', ( #2844 ), #4083, .F. ) ;
#5198 = DIRECTION ( 'NONE',  ( -5.551115123125634174E-17, 4.163336342344342450E-16, -1.000000000000000000 ) ) ;
#5199 = CARTESIAN_POINT ( 'NONE',  ( 0.007258516520484555208, 0.1892545897336796734, -0.03736706352253700569 ) ) ;
#5200 = ORIENTED_EDGE ( 'NONE', *, *, #683, .F. ) ;
#5201 = CARTESIAN_POINT ( 'NONE',  ( -0.1474148077667736534, -0.5507454102663162931, 0.01250000000001523330 ) ) ;
#5202 = CARTESIAN_POINT ( 'NONE',  ( 0.02017398004792555002, 0.1792545897336816907, -0.005120593274374590428 ) ) ;
#5203 = CARTESIAN_POINT ( 'NONE',  ( 0.01730091205242925353, 0.1792545897336812188, -0.02346667119528301343 ) ) ;
#5204 = CARTESIAN_POINT ( 'NONE',  ( 0.3749999999999925615, -0.1207454102663134549, -0.03749999999999352462 ) ) ;
#5205 = CARTESIAN_POINT ( 'NONE',  ( -0.01972113107404150148, 0.1792545897336894345, 0.03288180892998355392 ) ) ;
#5206 = SURFACE_SIDE_STYLE ('',( #4532 ) ) ;
#5207 = CARTESIAN_POINT ( 'NONE',  ( 0.006602559600786319163, 0.1792545897336828564, -0.001821380977087209150 ) ) ;
#5208 = EDGE_CURVE ( 'NONE', #3938, #5808, #304, .T. ) ;
#5209 = DIRECTION ( 'NONE',  ( -1.000000000000000000, -1.858026332526782823E-15, 1.970877152922727494E-16 ) ) ;
#5210 = CARTESIAN_POINT ( 'NONE',  ( 0.2499999999999921452, -0.2807454102663161088, 0.1000000000000054873 ) ) ;
#5211 = DIRECTION ( 'NONE',  ( -5.551115123125634174E-17, 4.163336342344342450E-16, -1.000000000000000000 ) ) ;
#5212 = LINE ( 'NONE', #3323, #4657 ) ;
#5214 = PLANE ( 'NONE',  #4672 ) ;
#5213 = DIRECTION ( 'NONE',  ( -2.635182449764338759E-15, -1.000000000000000000, -6.314393452555451606E-16 ) ) ;
#5215 = ADVANCED_FACE ( 'NONE', ( #1270 ), #5270, .F. ) ;
#5216 = CARTESIAN_POINT ( 'NONE',  ( 0.3749999999999909517, 0.09425458973368357196, 0.1000000000000049460 ) ) ;
#5217 = DIRECTION ( 'NONE',  ( -5.551115123125634174E-17, 4.163336342344342450E-16, -1.000000000000000000 ) ) ;
#5218 = EDGE_CURVE ( 'NONE', #1615, #4547, #1035, .T. ) ;
#5219 = CARTESIAN_POINT ( 'NONE',  ( 0.02486933357260881841, 0.1892545897336851413, -0.02520406875061753302 ) ) ;
#5220 = CARTESIAN_POINT ( 'NONE',  ( 0.02088065918336343141, 0.1892545897336878891, 0.01964406486835902632 ) ) ;
#5221 = LINE ( 'NONE', #3324, #6404 ) ;
#5222 = EDGE_LOOP ( 'NONE', ( #23, #2542, #4403, #3025 ) ) ;
#5223 = VERTEX_POINT ( 'NONE', #1799 ) ;
#5224 = FILL_AREA_STYLE_COLOUR ( '', #2081 ) ;
#5225 = CARTESIAN_POINT ( 'NONE',  ( -0.2375000000000097033, 0.1792545897336871585, -0.09999999999999292788 ) ) ;
#5226 = DIRECTION ( 'NONE',  ( -1.000000000000000000, -1.276756478318932585E-15, -1.110223024625158759E-16 ) ) ;
#5227 = VECTOR ( 'NONE', #4727, 39.37007874015748854 ) ;
#5228 = CARTESIAN_POINT ( 'NONE',  ( -0.01726013670776029366, 0.1892545897336807836, 0.02302044542203708979 ) ) ;
#5229 = EDGE_CURVE ( 'NONE', #3379, #4660, #3942, .T. ) ;
#5230 = ORIENTED_EDGE ( 'NONE', *, *, #6450, .T. ) ;
#5231 = CARTESIAN_POINT ( 'NONE',  ( -0.1250000000000113798, 0.03425458973368093046, -0.06249999999999202721 ) ) ;
#5232 = CARTESIAN_POINT ( 'NONE',  ( -0.02936674827094383489, -0.04723214755363757539, -0.009999999999985140567 ) ) ;
#5233 = ADVANCED_FACE ( 'NONE', ( #4935 ), #5714, .F. ) ;
#5234 = LINE ( 'NONE', #1795, #6103 ) ;
#5235 = FACE_OUTER_BOUND ( 'NONE', #5171, .T. ) ;
#5236 = ORIENTED_EDGE ( 'NONE', *, *, #4818, .F. ) ;
#5237 = DIRECTION ( 'NONE',  ( -0.4310419253470437750, 0.8620838506940881052, -0.2664850708117932343 ) ) ;
#5238 = CARTESIAN_POINT ( 'NONE',  ( 0.2374999999999916900, 0.05425458973368292581, 0.07500000000001112721 ) ) ;
#5239 = VECTOR ( 'NONE', #1685, 39.37007874015748143 ) ;
#5240 = FACE_OUTER_BOUND ( 'NONE', #2462, .T. ) ;
#5241 =( CONVERSION_BASED_UNIT ( 'INCH', #22 ) LENGTH_UNIT ( ) NAMED_UNIT ( #201 ) );
#5242 = CARTESIAN_POINT ( 'NONE',  ( -0.3625000000000052069, -0.2807454102663128337, 0.1000000000000065836 ) ) ;
#5243 = CARTESIAN_POINT ( 'NONE',  ( 0.02166420536748000017, 0.1892545897336780358, 0.01457624642032253649 ) ) ;
#5244 = CARTESIAN_POINT ( 'NONE',  ( 0.2899999999999914313, 0.1692545897336782679, 0.04000000000000394212 ) ) ;
#5245 = PRESENTATION_STYLE_ASSIGNMENT (( #1441 ) ) ;
#5246 = CARTESIAN_POINT ( 'NONE',  ( 0.02486933357260880800, 0.1792545897336839666, -0.02520406875061753649 ) ) ;
#5247 = ORIENTED_EDGE ( 'NONE', *, *, #4379, .T. ) ;
#5248 = ORIENTED_EDGE ( 'NONE', *, *, #1579, .F. ) ;
#5249 = AXIS2_PLACEMENT_3D ( 'NONE', #810, #3816, #5302 ) ;
#5250 = CLOSED_SHELL ( 'NONE', ( #984, #724, #1764, #566, #1043, #275, #141, #4724, #6054, #2671, #1744, #3302, #5804, #1137, #5215, #6294, #2178, #2203, #703, #2220, #3483, #1074, #2579, #5307, #4998, #1585, #5462, #2117, #5233, #3979, #1253 ) ) ;
#5251 = CARTESIAN_POINT ( 'NONE',  ( 0.3374999999999905853, 0.09425458973368301685, 0.1000000000000038497 ) ) ;
#5252 = DIRECTION ( 'NONE',  ( -0.7071067811865393571, -0.7071067811865555663, -7.424616477180644631E-16 ) ) ;
#5253 = CARTESIAN_POINT ( 'NONE',  ( 0.3749999999999925615, 0.1792545897336844385, -0.09999999999999401035 ) ) ;
#5254 = DIMENSIONAL_EXPONENTS ( 1.000000000000000000, 0.000000000000000000, 0.000000000000000000, 0.000000000000000000, 0.000000000000000000, 0.000000000000000000, 0.000000000000000000 ) ;
#5255 = CARTESIAN_POINT ( 'NONE',  ( -0.01382818743019697920, 0.1892545897336873340, 0.02738792365175875265 ) ) ;
#5256 = DIRECTION ( 'NONE',  ( 1.000000000000000000, 1.276756478318932191E-15, 1.110223024625158513E-16 ) ) ;
#5257 = CARTESIAN_POINT ( 'NONE',  ( -0.2875000000000072498, 0.09425458973368520954, -0.09999999999999456546 ) ) ;
#5258 =( NAMED_UNIT ( * ) PLANE_ANGLE_UNIT ( ) SI_UNIT ( $, .RADIAN. ) );
#5259 = CYLINDRICAL_SURFACE ( 'NONE', #5021, 0.01250000000000003712 ) ;
#5260 = FACE_OUTER_BOUND ( 'NONE', #96, .T. ) ;
#5261 = EDGE_LOOP ( 'NONE', ( #1637, #4190, #2863, #445 ) ) ;
#5262 = DIRECTION ( 'NONE',  ( -1.332267629550189623E-15, -1.000000000000000000, -4.163336342344342450E-16 ) ) ;
#5264 = DIRECTION ( 'NONE',  ( 1.332267629550189623E-15, 1.000000000000000000, 4.163336342344342450E-16 ) ) ;
#5263 = DIRECTION ( 'NONE',  ( 1.000000000000000000, 2.135582088683073931E-15, 4.191323202172999653E-16 ) ) ;
#5265 = EDGE_CURVE ( 'NONE', #3157, #3868, #4460, .T. ) ;
#5266 = VECTOR ( 'NONE', #1884, 39.37007874015748143 ) ;
#5267 = CARTESIAN_POINT ( 'NONE',  ( -0.07241480776675875142, -0.2807454102663248796, -0.01249999999998135762 ) ) ;
#5268 = DIRECTION ( 'NONE',  ( 1.000000000000000000, 1.276756478318932191E-15, 1.110223024625158513E-16 ) ) ;
#5269 = CARTESIAN_POINT ( 'NONE',  ( 0.3324999999999940781, 0.03425458973368530197, -0.06249999999999475420 ) ) ;
#5270 = PLANE ( 'NONE',  #6186 ) ;
#5271 = VECTOR ( 'NONE', #4743, 39.37007874015748143 ) ;
#5272 = DIRECTION ( 'NONE',  ( -8.326672684688655564E-17, -6.106226635438347167E-16, -1.000000000000000000 ) ) ;
#5273 = EDGE_CURVE ( 'NONE', #5538, #2316, #6259, .T. ) ;
#5274 = DIRECTION ( 'NONE',  ( 1.000000000000000000, 1.276756478318932191E-15, 1.110223024625158513E-16 ) ) ;
#5275 = DIRECTION ( 'NONE',  ( -1.332267629550189623E-15, -1.000000000000000000, -4.163336342344341957E-16 ) ) ;
#5276 = DIRECTION ( 'NONE',  ( -1.000000000000000000, -1.276756478318932585E-15, -1.110223024625158759E-16 ) ) ;
#5277 = CIRCLE ( 'NONE', #4594, 0.02132405606333307932 ) ;
#5278 = ORIENTED_EDGE ( 'NONE', *, *, #2233, .F. ) ;
#5279 = CARTESIAN_POINT ( 'NONE',  ( 0.02166420536748109305, 0.1792545897336816907, 0.01457624642032417581 ) ) ;
#5280 = VERTEX_POINT ( 'NONE', #5433 ) ;
#5281 = CARTESIAN_POINT ( 'NONE',  ( -0.004843404699977939265, 0.1792545897336790539, -0.03764379684403109522 ) ) ;
#5282 = EDGE_CURVE ( 'NONE', #1578, #1662, #4008, .T. ) ;
#5283 = SURFACE_STYLE_FILL_AREA ( #6166 ) ;
#5285 = ORIENTED_EDGE ( 'NONE', *, *, #6380, .T. ) ;
#5284 = CARTESIAN_POINT ( 'NONE',  ( -0.3500000000000041966, 0.1792545897336806082, -0.09999999999999346911 ) ) ;
#5286 = CARTESIAN_POINT ( 'NONE',  ( -0.3325000000000052913, -0.2807454102663161088, -0.06249999999999503175 ) ) ;
#5287 = CARTESIAN_POINT ( 'NONE',  ( 0.1874999999999927280, 0.09425458973368301685, -0.09999999999999566180 ) ) ;
#5288 = ORIENTED_EDGE ( 'NONE', *, *, #1775, .T. ) ;
#5289 = EDGE_LOOP ( 'NONE', ( #2924, #2929, #1084, #4472 ) ) ;
#5290 = LINE ( 'NONE', #5996, #5670 ) ;
#5291 = FACE_OUTER_BOUND ( 'NONE', #1834, .T. ) ;
#5292 = ORIENTED_EDGE ( 'NONE', *, *, #4498, .F. ) ;
#5293 = CARTESIAN_POINT ( 'NONE',  ( 0.02478741552122293995, 0.1892545897336829763, -0.02259875091326692120 ) ) ;
#5294 = PLANE ( 'NONE',  #2449 ) ;
#5295 = AXIS2_PLACEMENT_3D ( 'NONE', #128, #3659, #4092 ) ;
#5296 = ORIENTED_EDGE ( 'NONE', *, *, #3191, .F. ) ;
#5297 = DIRECTION ( 'NONE',  ( -1.000000000000000000, -1.858026332526782823E-15, 1.970877152922727494E-16 ) ) ;
#5298 = CARTESIAN_POINT ( 'NONE',  ( -0.002171620964135822368, 0.1892545897336851413, -0.03821053525951313701 ) ) ;
#5299 = CARTESIAN_POINT ( 'NONE',  ( 0.002382093389780299674, 0.1892545897336785909, -0.03826784410230584660 ) ) ;
#5300 = DIRECTION ( 'NONE',  ( 0.7071067811865393571, 0.7071067811865555663, 7.424616477180644631E-16 ) ) ;
#5301 = CARTESIAN_POINT ( 'NONE',  ( -0.01351444518106536229, 0.1892545897336813110, -0.03142867488959544958 ) ) ;
#5302 = DIRECTION ( 'NONE',  ( -1.332267629550189623E-15, -1.000000000000000000, -4.163336342344341957E-16 ) ) ;
#5303 = CARTESIAN_POINT ( 'NONE',  ( -0.1349351154182303891, -0.5507454102663151829, -0.01249999999998463625 ) ) ;
#5304 = DIRECTION ( 'NONE',  ( -1.000000000000000000, -1.387778780781448042E-15, -1.942890293094027397E-16 ) ) ;
#5305 = LINE ( 'NONE', #5332, #557 ) ;
#5306 = EDGE_CURVE ( 'NONE', #3162, #581, #3333, .T. ) ;
#5307 = ADVANCED_FACE ( 'NONE', ( #509 ), #6327, .T. ) ;
#5308 = ORIENTED_EDGE ( 'NONE', *, *, #1219, .F. ) ;
#5309 = ORIENTED_EDGE ( 'NONE', *, *, #5265, .F. ) ;
#5310 = CARTESIAN_POINT ( 'NONE',  ( 0.02177963828146201042, 0.1892545897336840588, -0.03585526280766380275 ) ) ;
#5311 = PLANE ( 'NONE',  #1260 ) ;
#5312 = PLANE ( 'NONE',  #1646 ) ;
#5313 = CARTESIAN_POINT ( 'NONE',  ( -0.3625000000000035971, 0.09425458973368630589, 0.1000000000000065836 ) ) ;
#5314 = UNCERTAINTY_MEASURE_WITH_UNIT (LENGTH_MEASURE( 1.000000000000000082E-05 ), #4790, 'distance_accuracy_value', 'NONE');
#5315 = VECTOR ( 'NONE', #3507, 39.37007874015748143 ) ;
#5316 = ORIENTED_EDGE ( 'NONE', *, *, #3722, .T. ) ;
#5317 = PLANE ( 'NONE',  #5086 ) ;
#5318 = CARTESIAN_POINT ( 'NONE',  ( -0.2240718372288947047, -0.1577405214759541041, 0.01250000000001496095 ) ) ;
#5319 = ORIENTED_EDGE ( 'NONE', *, *, #6296, .T. ) ;
#5320 = ORIENTED_EDGE ( 'NONE', *, *, #5728, .T. ) ;
#5321 = DIRECTION ( 'NONE',  ( 1.000000000000000000, 2.135582088683073931E-15, 4.191323202172999653E-16 ) ) ;
#5322 = CARTESIAN_POINT ( 'NONE',  ( 0.06605150371278882548, -0.5257454102663174922, 0.01250000000001304755 ) ) ;
#5323 = VECTOR ( 'NONE', #2146, 39.37007874015748143 ) ;
#5324 = CARTESIAN_POINT ( 'NONE',  ( 0.3749999999999925615, 0.1792545897336844385, -0.09999999999999401035 ) ) ;
#5325 = CARTESIAN_POINT ( 'NONE',  ( -0.01606154590617826783, 0.1892545897336813110, -0.02715022569830191981 ) ) ;
#5326 = VECTOR ( 'NONE', #2400, 39.37007874015748143 ) ;
#5327 = LINE ( 'NONE', #3796, #4009 ) ;
#5328 = ORIENTED_EDGE ( 'NONE', *, *, #2169, .F. ) ;
#5329 = ORIENTED_EDGE ( 'NONE', *, *, #1025, .T. ) ;
#5330 = CARTESIAN_POINT ( 'NONE',  ( 0.02004405786098515177, 0.1892545897336829763, -0.03825365719620276578 ) ) ;
#5331 = CARTESIAN_POINT ( 'NONE',  ( 0.01328136385572315989, -0.04723214755363101813, 0.01000000000001355187 ) ) ;
#5332 = CARTESIAN_POINT ( 'NONE',  ( 0.3324999999999932454, -0.2057454102663159590, 7.102804783527084762E-15 ) ) ;
#5333 = EDGE_CURVE ( 'NONE', #2154, #4023, #343, .T. ) ;
#5334 = LINE ( 'NONE', #4204, #4776 ) ;
#5335 = ORIENTED_EDGE ( 'NONE', *, *, #1083, .F. ) ;
#5336 = ORIENTED_EDGE ( 'NONE', *, *, #4580, .F. ) ;
#5337 =( NAMED_UNIT ( * ) SI_UNIT ( $, .STERADIAN. ) SOLID_ANGLE_UNIT ( ) );
#5338 = CARTESIAN_POINT ( 'NONE',  ( 0.02482972424198970698, 0.1892545897336829763, -0.02611966954341641764 ) ) ;
#5339 = DIRECTION ( 'NONE',  ( 1.332267629550189623E-15, 1.000000000000000000, 4.163336342344342450E-16 ) ) ;
#5340 = LINE ( 'NONE', #4425, #719 ) ;
#5341 = ORIENTED_EDGE ( 'NONE', *, *, #24, .F. ) ;
#5343 = DIRECTION ( 'NONE',  ( -1.332267629550189623E-15, -1.000000000000000000, -4.163336342344342450E-16 ) ) ;
#5342 = CARTESIAN_POINT ( 'NONE',  ( 0.3324999999999938005, -0.2807454102663172191, 0.06250000000000513478 ) ) ;
#5344 = ORIENTED_EDGE ( 'NONE', *, *, #479, .T. ) ;
#5345 = DIRECTION ( 'NONE',  ( -1.000000000000000000, -2.135582088683073931E-15, -4.191323202172999653E-16 ) ) ;
#5346 = DIRECTION ( 'NONE',  ( -1.970877152922708759E-16, -1.006139616066556398E-15, -1.000000000000000000 ) ) ;
#5347 = ORIENTED_EDGE ( 'NONE', *, *, #4217, .T. ) ;
#5348 = VERTEX_POINT ( 'NONE', #13 ) ;
#5349 = CARTESIAN_POINT ( 'NONE',  ( 0.02416821177773581519, 0.1892545897336807836, -0.0009485933232672264263 ) ) ;
#5350 = ADVANCED_FACE ( 'NONE', ( #2302 ), #2689, .T. ) ;
#5351 = CARTESIAN_POINT ( 'NONE',  ( -0.2824148077667616996, -0.2807454102663161088, 0.01250000000001414042 ) ) ;
#5352 = CARTESIAN_POINT ( 'NONE',  ( 0.009979001242801854507, 0.1792545897336795813, -0.04522568287908935308 ) ) ;
#5353 = VECTOR ( 'NONE', #2794, 39.37007874015748143 ) ;
#5354 = EDGE_CURVE ( 'NONE', #2526, #924, #5963, .T. ) ;
#5355 = CARTESIAN_POINT ( 'NONE',  ( 0.3324999999999940781, 0.03425458973368530197, -0.06249999999999475420 ) ) ;
#5356 = DIRECTION ( 'NONE',  ( 2.468648996070568828E-15, 1.000000000000000000, 9.367506770274570955E-16 ) ) ;
#5357 = ORIENTED_EDGE ( 'NONE', *, *, #1321, .F. ) ;
#5358 = CARTESIAN_POINT ( 'NONE',  ( 0.3749999999999925615, 0.1792545897336844385, -0.09999999999999401035 ) ) ;
#5359 = VECTOR ( 'NONE', #3776, 39.37007874015748143 ) ;
#5360 = DIRECTION ( 'NONE',  ( 1.970877152922708759E-16, 1.006139616066556398E-15, 1.000000000000000000 ) ) ;
#5361 = CARTESIAN_POINT ( 'NONE',  ( -0.2625000000000051736, -0.2807454102663161088, 0.1000000000000076800 ) ) ;
#5363 = FILL_AREA_STYLE ('',( #5426 ) ) ;
#5362 = DIRECTION ( 'NONE',  ( 1.970877152922708759E-16, 1.006139616066556398E-15, 1.000000000000000000 ) ) ;
#5364 = EDGE_CURVE ( 'NONE', #4457, #6391, #5616, .T. ) ;
#5365 = AXIS2_PLACEMENT_3D ( 'NONE', #1617, #3623, #717 ) ;
#5366 = LINE ( 'NONE', #6075, #2697 ) ;
#5367 = CARTESIAN_POINT ( 'NONE',  ( 0.02914283784611371511, 0.1792545897336801364, 0.01385843124938349047 ) ) ;
#5368 = DIRECTION ( 'NONE',  ( -1.000000000000000000, -1.276756478318932585E-15, -1.110223024625158759E-16 ) ) ;
#5369 = ORIENTED_EDGE ( 'NONE', *, *, #1187, .T. ) ;
#5370 = DIRECTION ( 'NONE',  ( -2.635182449764338365E-15, -1.000000000000000000, 1.006139616066556989E-15 ) ) ;
#5371 = DIRECTION ( 'NONE',  ( 1.332267629550189623E-15, 1.000000000000000000, 4.163336342344342450E-16 ) ) ;
#5372 = CARTESIAN_POINT ( 'NONE',  ( -0.1400000000000056199, 0.1692545897336804328, -0.03999999999999684364 ) ) ;
#5373 = PRESENTATION_STYLE_ASSIGNMENT (( #2196 ) ) ;
#5374 = ORIENTED_EDGE ( 'NONE', *, *, #2157, .F. ) ;
#5375 = CARTESIAN_POINT ( 'NONE',  ( -0.01972113107404148760, 0.1892545897336884164, 0.03288180892998355392 ) ) ;
#5376 = EDGE_CURVE ( 'NONE', #3485, #707, #250, .T. ) ;
#5377 = ORIENTED_EDGE ( 'NONE', *, *, #4078, .T. ) ;
#5378 = DIRECTION ( 'NONE',  ( -1.000000000000000000, -2.135582088683073931E-15, -4.191323202172999653E-16 ) ) ;
#5379 = CARTESIAN_POINT ( 'NONE',  ( 0.3749999999999925615, 0.1792545897336844385, -0.09999999999999401035 ) ) ;
#5380 = FACE_OUTER_BOUND ( 'NONE', #3515, .T. ) ;
#5381 = ORIENTED_EDGE ( 'NONE', *, *, #2893, .T. ) ;
#5382 = DIRECTION ( 'NONE',  ( -1.000000000000000000, -1.276756478318932585E-15, -1.110223024625158759E-16 ) ) ;
#5383 = EDGE_LOOP ( 'NONE', ( #829, #1597, #5423, #1239 ) ) ;
#5384 = DIRECTION ( 'NONE',  ( 1.332267629550189623E-15, 1.000000000000000000, 4.163336342344342450E-16 ) ) ;
#5385 = CARTESIAN_POINT ( 'NONE',  ( 0.05605150371280340910, 0.01925458973368887605, 0.01250000000001577974 ) ) ;
#5386 = CARTESIAN_POINT ( 'NONE',  ( 0.09105150371278596111, -0.5507454102663217332, 1.748382715945128460E-14 ) ) ;
#5387 = AXIS2_PLACEMENT_3D ( 'NONE', #3268, #4842, #292 ) ;
#5388 = ORIENTED_EDGE ( 'NONE', *, *, #4424, .T. ) ;
#5389 = VERTEX_POINT ( 'NONE', #934 ) ;
#5390 = CARTESIAN_POINT ( 'NONE',  ( 0.01797528379422248801, 0.1792545897336828564, -0.04042506913637630012 ) ) ;
#5391 = CARTESIAN_POINT ( 'NONE',  ( 0.008726579731196358602, 0.1892545897336818661, -0.03681445632958321723 ) ) ;
#5392 = DIMENSIONAL_EXPONENTS ( 1.000000000000000000, 0.000000000000000000, 0.000000000000000000, 0.000000000000000000, 0.000000000000000000, 0.000000000000000000, 0.000000000000000000 ) ;
#5393 = FACE_OUTER_BOUND ( 'NONE', #2538, .T. ) ;
#5394 = CARTESIAN_POINT ( 'NONE',  ( -0.2824148077667584245, 0.01925458973369542984, -0.01249999999998245050 ) ) ;
#5395 = DIRECTION ( 'NONE',  ( -1.970877152922708759E-16, -1.006139616066556398E-15, -1.000000000000000000 ) ) ;
#5396 = EDGE_LOOP ( 'NONE', ( #3458, #5422, #4840, #1345 ) ) ;
#5397 = VERTEX_POINT ( 'NONE', #473 ) ;
#5398 = EDGE_CURVE ( 'NONE', #2204, #2331, #3823, .T. ) ;
#5399 = AXIS2_PLACEMENT_3D ( 'NONE', #3337, #4320, #4736 ) ;
#5400 = FACE_OUTER_BOUND ( 'NONE', #4866, .T. ) ;
#5401 = CARTESIAN_POINT ( 'NONE',  ( 0.002023461084511726012, 0.1792545897336816907, -0.01206520806677135148 ) ) ;
#5402 = ORIENTED_EDGE ( 'NONE', *, *, #5182, .T. ) ;
#5403 = CARTESIAN_POINT ( 'NONE',  ( 0.02091726214320685853, 0.1892545897336867788, 0.03307343782615693173 ) ) ;
#5404 = LINE ( 'NONE', #3093, #4765 ) ;
#5405 = LINE ( 'NONE', #4706, #2143 ) ;
#5406 = VERTEX_POINT ( 'NONE', #975 ) ;
#5407 = DIRECTION ( 'NONE',  ( 1.000000000000000000, -2.635182449764338759E-15, -1.359791920952805236E-16 ) ) ;
#5408 = VERTEX_POINT ( 'NONE', #993 ) ;
#5409 = VERTEX_POINT ( 'NONE', #3023 ) ;
#5410 = DIRECTION ( 'NONE',  ( 5.551115123125767911E-17, 5.967448757360200628E-16, 1.000000000000000000 ) ) ;
#5411 = VECTOR ( 'NONE', #2312, 39.37007874015748143 ) ;
#5412 = CARTESIAN_POINT ( 'NONE',  ( -0.0005775583449991372655, 0.1892545897336851413, 0.04073078835128520619 ) ) ;
#5413 = FACE_OUTER_BOUND ( 'NONE', #247, .T. ) ;
#5414 = ORIENTED_EDGE ( 'NONE', *, *, #4904, .F. ) ;
#5415 = CARTESIAN_POINT ( 'NONE',  ( 0.02634639682936041824, 0.1792545897336816907, 0.002440266059175117026 ) ) ;
#5416 = VERTEX_POINT ( 'NONE', #5524 ) ;
#5417 = CARTESIAN_POINT ( 'NONE',  ( 0.05605150371280286092, -0.1865689222180856310, 0.01000000000001573762 ) ) ;
#5418 = EDGE_CURVE ( 'NONE', #3449, #582, #699, .T. ) ;
#5419 = DIRECTION ( 'NONE',  ( 1.000000000000000000, 2.135582088683073931E-15, 4.191323202172999653E-16 ) ) ;
#5420 = CARTESIAN_POINT ( 'NONE',  ( -0.004907848903482802706, 0.1792545897336838834, 0.04041205131857734945 ) ) ;
#5421 = VERTEX_POINT ( 'NONE', #3003 ) ;
#5422 = ORIENTED_EDGE ( 'NONE', *, *, #86, .F. ) ;
#5423 = ORIENTED_EDGE ( 'NONE', *, *, #1972, .T. ) ;
#5424 = CARTESIAN_POINT ( 'NONE',  ( -0.02367727447178667038, 0.1792545897336816907, -0.02796664443821058471 ) ) ;
#5425 = CYLINDRICAL_SURFACE ( 'NONE', #6066, 0.02290909967644728581 ) ;
#5426 = FILL_AREA_STYLE_COLOUR ( '', #398 ) ;
#5427 = SURFACE_STYLE_FILL_AREA ( #852 ) ;
#5428 = ORIENTED_EDGE ( 'NONE', *, *, #1788, .F. ) ;
#5429 = AXIS2_PLACEMENT_3D ( 'NONE', #2768, #6249, #4270 ) ;
#5430 = EDGE_CURVE ( 'NONE', #1687, #3185, #5476, .T. ) ;
#5431 = VERTEX_POINT ( 'NONE', #4015 ) ;
#5432 = DIRECTION ( 'NONE',  ( -1.110223024625166155E-16, 5.967448757360198655E-16, 1.000000000000000000 ) ) ;
#5433 = CARTESIAN_POINT ( 'NONE',  ( -0.3325000000000069011, -0.2057454102663165141, -0.02963676017008358421 ) ) ;
#5434 = VECTOR ( 'NONE', #5816, 39.37007874015748143 ) ;
#5435 = AXIS2_PLACEMENT_3D ( 'NONE', #3381, #3408, #3854 ) ;
#5436 = CARTESIAN_POINT ( 'NONE',  ( 0.02912565696281248923, 0.1792545897336828009, 0.01318447576653549412 ) ) ;
#5437 = EDGE_CURVE ( 'NONE', #3446, #2202, #2210, .T. ) ;
#5438 = DIRECTION ( 'NONE',  ( -1.110223024625166155E-16, 5.967448757360198655E-16, 1.000000000000000000 ) ) ;
#5439 = PLANE ( 'NONE',  #179 ) ;
#5440 = CARTESIAN_POINT ( 'NONE',  ( 0.3749999999999909517, 0.09425458973368357196, 0.1000000000000049460 ) ) ;
#5441 = CARTESIAN_POINT ( 'NONE',  ( -0.01022922163025641144, 0.1892545897336818661, -0.03488945279382474340 ) ) ;
#5442 = CARTESIAN_POINT ( 'NONE',  ( 0.01711365014875593574, 0.1792545897336812188, -0.02780330123909881615 ) ) ;
#5443 = ORIENTED_EDGE ( 'NONE', *, *, #3280, .T. ) ;
#5444 = PRESENTATION_LAYER_ASSIGNMENT (  '', '', ( #2334 ) ) ;
#5445 = CARTESIAN_POINT ( 'NONE',  ( 0.3624999999999938272, 0.05425458973368504911, -0.07499999999999219791 ) ) ;
#5446 = CARTESIAN_POINT ( 'NONE',  ( 0.01812472860963187243, 0.1792545897336883243, 0.03538769031034499218 ) ) ;
#5447 = VECTOR ( 'NONE', #1879, 39.37007874015748143 ) ;
#5448 = VECTOR ( 'NONE', #1700, 39.37007874015748143 ) ;
#5449 = ORIENTED_EDGE ( 'NONE', *, *, #2573, .F. ) ;
#5450 = CARTESIAN_POINT ( 'NONE',  ( -0.2375000000000047629, 0.09425458973368301685, 0.1000000000000043909 ) ) ;
#5451 = ORIENTED_EDGE ( 'NONE', *, *, #363, .T. ) ;
#5452 = VECTOR ( 'NONE', #1006, 39.37007874015748143 ) ;
#5453 = EDGE_CURVE ( 'NONE', #4523, #6270, #3004, .T. ) ;
#5454 = VECTOR ( 'NONE', #3751, 39.37007874015748143 ) ;
#5455 = CARTESIAN_POINT ( 'NONE',  ( -0.01878353743887141783, 0.1792545897336806082, 0.01986470315530641448 ) ) ;
#5456 = CARTESIAN_POINT ( 'NONE',  ( 0.3749999999999920619, -0.005745410266313180983, 0.03750000000000636158 ) ) ;
#5457 = ORIENTED_EDGE ( 'NONE', *, *, #1398, .T. ) ;
#5458 = PLANE ( 'NONE',  #4463 ) ;
#5459 = CARTESIAN_POINT ( 'NONE',  ( -0.02690347949745042211, 0.1792545897336795258, 0.01907806493627160413 ) ) ;
#5460 = AXIS2_PLACEMENT_3D ( 'NONE', #5386, #4416, #1438 ) ;
#5461 = ORIENTED_EDGE ( 'NONE', *, *, #5364, .T. ) ;
#5462 = ADVANCED_FACE ( 'NONE', ( #4145 ), #1705, .F. ) ;
#5463 = ORIENTED_EDGE ( 'NONE', *, *, #6082, .T. ) ;
#5464 = PLANE ( 'NONE',  #3179 ) ;
#5465 = ORIENTED_EDGE ( 'NONE', *, *, #1249, .F. ) ;
#5466 = DIRECTION ( 'NONE',  ( -1.000000000000000000, -1.276756478318932585E-15, -1.110223024625158759E-16 ) ) ;
#5467 = ORIENTED_EDGE ( 'NONE', *, *, #5582, .T. ) ;
#5468 = CARTESIAN_POINT ( 'NONE',  ( 0.01777991982095159657, 0.1792545897336801364, -0.006783825596215775806 ) ) ;
#5469 = CARTESIAN_POINT ( 'NONE',  ( -0.02427596557269409011, 0.1892545897336775085, -0.02548785614378524036 ) ) ;
#5470 = EDGE_CURVE ( 'NONE', #6081, #3099, #2003, .T. ) ;
#5471 = VECTOR ( 'NONE', #5576, 39.37007874015748143 ) ;
#5472 = VERTEX_POINT ( 'NONE', #744 ) ;
#5473 = ORIENTED_EDGE ( 'NONE', *, *, #3631, .T. ) ;
#5474 = ORIENTED_EDGE ( 'NONE', *, *, #1817, .T. ) ;
#5475 =( CONVERSION_BASED_UNIT ( 'INCH', #2151 ) LENGTH_UNIT ( ) NAMED_UNIT ( #5827 ) );
#5476 = LINE ( 'NONE', #3982, #6420 ) ;
#5477 = CARTESIAN_POINT ( 'NONE',  ( 0.002751689850450465564, 0.1792545897336861316, 0.03216111214879936037 ) ) ;
#5478 = CARTESIAN_POINT ( 'NONE',  ( 0.1399999999999936018, 0.1692545897336848182, -0.03999999999999602485 ) ) ;
#5479 = UNCERTAINTY_MEASURE_WITH_UNIT (LENGTH_MEASURE( 1.000000000000000082E-05 ), #771, 'distance_accuracy_value', 'NONE');
#5480 = CARTESIAN_POINT ( 'NONE',  ( -0.2625000000000084488, 0.09425458973368630589, -0.09999999999999566180 ) ) ;
#5481 = CIRCLE ( 'NONE', #61, 0.01250000000000003712 ) ;
#5482 = VERTEX_POINT ( 'NONE', #1722 ) ;
#5483 = ORIENTED_EDGE ( 'NONE', *, *, #419, .F. ) ;
#5484 = AXIS2_PLACEMENT_3D ( 'NONE', #6388, #5407, #2446 ) ;
#5485 = SURFACE_STYLE_USAGE ( .BOTH. , #4530 ) ;
#5486 = VECTOR ( 'NONE', #3889, 39.37007874015748143 ) ;
#5487 = EDGE_LOOP ( 'NONE', ( #6232, #3026, #553, #4274 ) ) ;
#5488 = VERTEX_POINT ( 'NONE', #5257 ) ;
#5489 = CARTESIAN_POINT ( 'NONE',  ( -0.04964466790968047327, -0.04723214755362446782, 0.01000000000001491883 ) ) ;
#5490 = DIRECTION ( 'NONE',  ( 2.635182449764338759E-15, 1.000000000000000000, 6.314393452555451606E-16 ) ) ;
#5491 = PRESENTATION_STYLE_ASSIGNMENT (( #1944 ) ) ;
#5492 = VERTEX_POINT ( 'NONE', #5204 ) ;
#5493 = MECHANICAL_DESIGN_GEOMETRIC_PRESENTATION_REPRESENTATION (  '', ( #3732 ), #1141 ) ;
#5494 = ORIENTED_EDGE ( 'NONE', *, *, #5693, .F. ) ;
#5495 = ADVANCED_FACE ( 'NONE', ( #2840 ), #2870, .F. ) ;
#5496 = DIRECTION ( 'NONE',  ( -1.000000000000000000, -1.276756478318932585E-15, -1.110223024625158759E-16 ) ) ;
#5497 = ORIENTED_EDGE ( 'NONE', *, *, #2004, .T. ) ;
#5498 = DIRECTION ( 'NONE',  ( 1.000000000000000000, 1.461015776501131892E-15, -9.131348603132074326E-17 ) ) ;
#5499 = EDGE_CURVE ( 'NONE', #5093, #1378, #1023, .T. ) ;
#5500 = CARTESIAN_POINT ( 'NONE',  ( 0.01163609105403637552, 0.1792545897336860761, 0.03886693198292182072 ) ) ;
#5501 = VECTOR ( 'NONE', #4380, 39.37007874015748143 ) ;
#5502 = VECTOR ( 'NONE', #5368, 39.37007874015748143 ) ;
#5503 = PLANE ( 'NONE',  #489 ) ;
#5504 = CIRCLE ( 'NONE', #3677, 0.01250000000000003712 ) ;
#5505 = MECHANICAL_DESIGN_GEOMETRIC_PRESENTATION_REPRESENTATION (  '', ( #6090 ), #4297 ) ;
#5506 = CARTESIAN_POINT ( 'NONE',  ( 0.2624999999999915179, 0.1792545897336838834, 0.1000000000000052097 ) ) ;
#5507 = LINE ( 'NONE', #4311, #6205 ) ;
#5508 = CARTESIAN_POINT ( 'NONE',  ( -0.01250000000000728480, 0.05425458973367636856, 0.07500000000001071088 ) ) ;
#5509 = EDGE_CURVE ( 'NONE', #6160, #2001, #3528, .T. ) ;
#5510 = DIRECTION ( 'NONE',  ( -2.635182449764338759E-15, -1.000000000000000000, -6.314393452555451606E-16 ) ) ;
#5511 = EDGE_LOOP ( 'NONE', ( #5966, #3998, #1021, #892 ) ) ;
#5512 = LINE ( 'NONE', #3189, #2484 ) ;
#5513 =( GEOMETRIC_REPRESENTATION_CONTEXT ( 3 ) GLOBAL_UNCERTAINTY_ASSIGNED_CONTEXT ( ( #6076 ) ) GLOBAL_UNIT_ASSIGNED_CONTEXT ( ( #933, #6348, #1389 ) ) REPRESENTATION_CONTEXT ( 'NONE', 'WORKASPACE' ) );
#5514 = CARTESIAN_POINT ( 'NONE',  ( -0.02367727447178449851, 0.1792545897336777494, -0.02796664443820949877 ) ) ;
#5515 = EDGE_CURVE ( 'NONE', #6141, #1540, #2586, .T. ) ;
#5516 = CARTESIAN_POINT ( 'NONE',  ( 0.01941556088599435265, 0.1892545897336851413, 0.02275104938732946253 ) ) ;
#5517 = CARTESIAN_POINT ( 'NONE',  ( 0.004810503675141943915, 0.1892545897336862515, -0.002171673156244178452 ) ) ;
#5518 = DIRECTION ( 'NONE',  ( -1.858026332526783612E-15, 1.000000000000000000, 6.314393452555458508E-16 ) ) ;
#5519 = LINE ( 'NONE', #176, #476 ) ;
#5520 = CARTESIAN_POINT ( 'NONE',  ( 0.1624999999999931499, -0.2807454102663161088, 0.1000000000000068612 ) ) ;
#5521 = LINE ( 'NONE', #2543, #2189 ) ;
#5522 = ADVANCED_FACE ( 'NONE', ( #6171 ), #5439, .T. ) ;
#5523 = CARTESIAN_POINT ( 'NONE',  ( 0.3324999999999940781, 0.03425458973368530197, -0.06249999999999475420 ) ) ;
#5524 = CARTESIAN_POINT ( 'NONE',  ( -0.1250000000000102696, 0.05425458973368454257, -0.07499999999999359956 ) ) ;
#5525 = PLANE ( 'NONE',  #953 ) ;
#5526 = VECTOR ( 'NONE', #3352, 39.37007874015748143 ) ;
#5527 = CARTESIAN_POINT ( 'NONE',  ( 0.02707158997593010763, 0.1892545897336873340, 0.02415602046225134164 ) ) ;
#5528 = CARTESIAN_POINT ( 'NONE',  ( 0.02478741552122293995, 0.1892545897336829763, -0.02259875091326692120 ) ) ;
#5529 = DIRECTION ( 'NONE',  ( -2.709934187065354083E-16, 0.2953293246920158377, -0.9553955149449666617 ) ) ;
#5530 = ORIENTED_EDGE ( 'NONE', *, *, #5809, .F. ) ;
#5531 = CARTESIAN_POINT ( 'NONE',  ( -0.02690347949745097028, 0.1892545897336813110, 0.01907806493626968899 ) ) ;
#5532 = EDGE_CURVE ( 'NONE', #3906, #246, #6255, .T. ) ;
#5533 = LINE ( 'NONE', #6338, #325 ) ;
#5534 = CARTESIAN_POINT ( 'NONE',  ( -0.3125000000000071054, 0.09425458973368630589, -0.09999999999999292788 ) ) ;
#5535 = CARTESIAN_POINT ( 'NONE',  ( 0.02162672384274021489, 0.1892545897336807836, 0.01630701497410743869 ) ) ;
#5536 = CARTESIAN_POINT ( 'NONE',  ( 0.3749999999999925615, 0.1792545897336844385, -0.09999999999999401035 ) ) ;
#5537 = ORIENTED_EDGE ( 'NONE', *, *, #3330, .F. ) ;
#5538 = VERTEX_POINT ( 'NONE', #486 ) ;
#5539 = CARTESIAN_POINT ( 'NONE',  ( 0.01812472860963079344, 0.1792545897336844385, 0.03538769031034117579 ) ) ;
#5540 = LINE ( 'NONE', #6151, #1511 ) ;
#5541 = DIRECTION ( 'NONE',  ( 1.000000000000000000, 2.135582088683073931E-15, -3.025126457890509971E-16 ) ) ;
#5542 = ORIENTED_EDGE ( 'NONE', *, *, #1187, .F. ) ;
#5543 = CARTESIAN_POINT ( 'NONE',  ( -0.1474148077667605528, 0.01925458973369324409, -0.09999999999998117339 ) ) ;
#5544 = COLOUR_RGB ( '',0.000000000000000000, 0.000000000000000000, 0.000000000000000000 ) ;
#5545 = VERTEX_POINT ( 'NONE', #955 ) ;
#5546 = CARTESIAN_POINT ( 'NONE',  ( -0.2625000000000035638, 0.1792545897336860761, -0.09999999999999674427 ) ) ;
#5547 = EDGE_CURVE ( 'NONE', #2531, #1687, #4931, .T. ) ;
#5548 = ADVANCED_FACE ( 'NONE', ( #3766 ), #6413, .T. ) ;
#5549 = VECTOR ( 'NONE', #5585, 39.37007874015748143 ) ;
#5550 = VECTOR ( 'NONE', #4132, 39.37007874015748143 ) ;
#5551 = VERTEX_POINT ( 'NONE', #5775 ) ;
#5552 =( CONVERSION_BASED_UNIT ( 'INCH', #1280 ) LENGTH_UNIT ( ) NAMED_UNIT ( #2867 ) );
#5553 = VERTEX_POINT ( 'NONE', #6339 ) ;
#5554 = DIRECTION ( 'NONE',  ( 5.551115123125767911E-17, 5.967448757360200628E-16, 1.000000000000000000 ) ) ;
#5555 = LINE ( 'NONE', #2717, #4238 ) ;
#5556 = EDGE_CURVE ( 'NONE', #3019, #4976, #641, .T. ) ;
#5557 = VERTEX_POINT ( 'NONE', #820 ) ;
#5558 = ORIENTED_EDGE ( 'NONE', *, *, #5644, .F. ) ;
#5559 = DIRECTION ( 'NONE',  ( 1.000000000000000000, -2.302115542376798108E-15, -1.359791920952804496E-16 ) ) ;
#5560 = EDGE_LOOP ( 'NONE', ( #3845, #3774, #2677, #5084 ) ) ;
#5561 = ORIENTED_EDGE ( 'NONE', *, *, #6071, .F. ) ;
#5562 = ORIENTED_EDGE ( 'NONE', *, *, #1095, .T. ) ;
#5563 = EDGE_CURVE ( 'NONE', #3952, #5416, #5145, .T. ) ;
#5564 =( NAMED_UNIT ( * ) SI_UNIT ( $, .STERADIAN. ) SOLID_ANGLE_UNIT ( ) );
#5565 = LINE ( 'NONE', #1227, #4251 ) ;
#5566 = CARTESIAN_POINT ( 'NONE',  ( 0.01513709532474780822, 0.1892545897336851413, -0.008059971528395683954 ) ) ;
#5567 = CARTESIAN_POINT ( 'NONE',  ( 0.3749999999999928391, -0.1803076923076747384, 0.03750000000000390521 ) ) ;
#5568 = VECTOR ( 'NONE', #4202, 39.37007874015748143 ) ;
#5569 = ORIENTED_EDGE ( 'NONE', *, *, #4592, .T. ) ;
#5570 = CARTESIAN_POINT ( 'NONE',  ( -0.01177667060870021994, 0.1892545897336818661, -0.04375411759791431043 ) ) ;
#5571 = CYLINDRICAL_SURFACE ( 'NONE', #4347, 0.01250000000000003712 ) ;
#5572 = SURFACE_STYLE_USAGE ( .BOTH. , #5050 ) ;
#5573 = CARTESIAN_POINT ( 'NONE',  ( 0.2660515037128014515, -0.5507454102663118523, -0.01249999999998135762 ) ) ;
#5574 = AXIS2_PLACEMENT_3D ( 'NONE', #6347, #3377, #5362 ) ;
#5575 = EDGE_CURVE ( 'NONE', #3475, #4429, #4309, .T. ) ;
#5576 = DIRECTION ( 'NONE',  ( -1.332267629550189623E-15, -1.000000000000000000, -4.163336342344342450E-16 ) ) ;
#5577 = DIRECTION ( 'NONE',  ( 2.302115542376798108E-15, 1.000000000000000000, 6.591949208711731866E-16 ) ) ;
#5578 = ADVANCED_FACE ( 'NONE', ( #6028 ), #6345, .F. ) ;
#5579 = CARTESIAN_POINT ( 'NONE',  ( 0.3749999999999925615, 0.1792545897336844385, -0.09999999999999401035 ) ) ;
#5580 = CARTESIAN_POINT ( 'NONE',  ( 0.02166420536748000017, 0.1892545897336780358, 0.01457624642032253649 ) ) ;
#5581 =( BOUNDED_CURVE ( )  B_SPLINE_CURVE ( 3, ( #6336, #3384, #4793, #1831 ),
 .UNSPECIFIED., .F., .F. ) 
 B_SPLINE_CURVE_WITH_KNOTS ( ( 4, 4 ),
 ( 1.570796326794895004, 4.712388980384689674 ),
 .UNSPECIFIED. ) 
 CURVE ( )  GEOMETRIC_REPRESENTATION_ITEM ( )  RATIONAL_B_SPLINE_CURVE ( ( 1.000000000000000000, 0.3333333333333340365, 0.3333333333333340365, 1.000000000000000000 ) ) 
 REPRESENTATION_ITEM ( '' )  );
#5582 = EDGE_CURVE ( 'NONE', #4903, #441, #2383, .T. ) ;
#5583 = LINE ( 'NONE', #305, #2489 ) ;
#5584 = FACE_OUTER_BOUND ( 'NONE', #6276, .T. ) ;
#5585 = DIRECTION ( 'NONE',  ( 1.000000000000000000, 1.276756478318932585E-15, 1.110223024625158759E-16 ) ) ;
#5586 = EDGE_CURVE ( 'NONE', #2674, #1603, #1096, .T. ) ;
#5587 = ORIENTED_EDGE ( 'NONE', *, *, #400, .F. ) ;
#5588 = AXIS2_PLACEMENT_3D ( 'NONE', #6221, #5000, #5846 ) ;
#5589 = DIRECTION ( 'NONE',  ( 1.332267629550189623E-15, 1.000000000000000000, 4.163336342344342450E-16 ) ) ;
#5590 = PRESENTATION_STYLE_ASSIGNMENT (( #4630 ) ) ;
#5591 = DIRECTION ( 'NONE',  ( -1.110223024625166155E-16, 5.967448757360198655E-16, 1.000000000000000000 ) ) ;
#5592 = FACE_OUTER_BOUND ( 'NONE', #3229, .T. ) ;
#5593 = EDGE_LOOP ( 'NONE', ( #1932, #4215, #6048, #515 ) ) ;
#5594 = VERTEX_POINT ( 'NONE', #3562 ) ;
#5595 = CARTESIAN_POINT ( 'NONE',  ( 0.3499999999999913736, -0.2807454102663161088, 0.1000000000000011158 ) ) ;
#5596 = EDGE_CURVE ( 'NONE', #3611, #3984, #3313, .T. ) ;
#5597 = CARTESIAN_POINT ( 'NONE',  ( 0.1374999999999949041, 0.1792545897336866312, 0.1000000000000054873 ) ) ;
#5598 = CARTESIAN_POINT ( 'NONE',  ( 0.1310515037128041071, 0.06925458973369516547, -0.09999999999998226974 ) ) ;
#5599 = ORIENTED_EDGE ( 'NONE', *, *, #1571, .F. ) ;
#5600 = CIRCLE ( 'NONE', #919, 0.02132405606333307932 ) ;
#5601 = DIRECTION ( 'NONE',  ( 9.992007221626414780E-16, 0.8479983040050872445, -0.5299989400031810405 ) ) ;
#5602 = ORIENTED_EDGE ( 'NONE', *, *, #1183, .F. ) ;
#5603 = EDGE_CURVE ( 'NONE', #4490, #3347, #2300, .T. ) ;
#5604 = DIRECTION ( 'NONE',  ( -1.000000000000000000, -1.276756478318932585E-15, -1.110223024625158759E-16 ) ) ;
#5605 = EDGE_LOOP ( 'NONE', ( #3081, #1693, #1369, #4615, #1558, #3246, #3045, #6335, #3573, #5800, #4752, #6277 ) ) ;
#5606 = DIRECTION ( 'NONE',  ( -1.000000000000000000, -1.574630274937079330E-15, 1.476215882753511995E-16 ) ) ;
#5607 = CARTESIAN_POINT ( 'NONE',  ( -0.1125000000000059702, 0.1792545897336871585, 0.1000000000000054873 ) ) ;
#5608 = CARTESIAN_POINT ( 'NONE',  ( -0.1125000000000081907, 0.05425458973368456339, 0.07500000000000579814 ) ) ;
#5609 = CARTESIAN_POINT ( 'NONE',  ( 0.3749999999999898415, 0.09425458973367974169, -0.09999999999999510669 ) ) ;
#5610 = DIRECTION ( 'NONE',  ( 5.551115123125767911E-17, 5.967448757360200628E-16, 1.000000000000000000 ) ) ;
#5611 = VECTOR ( 'NONE', #6111, 39.37007874015748143 ) ;
#5612 = ORIENTED_EDGE ( 'NONE', *, *, #1989, .T. ) ;
#5613 = ORIENTED_EDGE ( 'NONE', *, *, #2928, .T. ) ;
#5614 = CARTESIAN_POINT ( 'NONE',  ( -0.1875000000000055789, 0.09425458973368520954, 0.1000000000000060424 ) ) ;
#5615 = VECTOR ( 'NONE', #6096, 39.37007874015748143 ) ;
#5616 = LINE ( 'NONE', #4319, #2654 ) ;
#5617 = FACE_OUTER_BOUND ( 'NONE', #4410, .T. ) ;
#5618 = CARTESIAN_POINT ( 'NONE',  ( 0.004844254230588374011, 0.1892545897336829763, -0.01263855635381397856 ) ) ;
#5619 = ORIENTED_EDGE ( 'NONE', *, *, #3608, .F. ) ;
#5620 = ORIENTED_EDGE ( 'NONE', *, *, #528, .T. ) ;
#5621 = CARTESIAN_POINT ( 'NONE',  ( 0.01543554154673056067, 0.1792545897336795813, 0.002061581946223159118 ) ) ;
#5622 = ORIENTED_EDGE ( 'NONE', *, *, #4235, .T. ) ;
#5623 = CARTESIAN_POINT ( 'NONE',  ( 0.3749999999999925615, 0.1792545897336860761, 0.1000000000000049460 ) ) ;
#5624 = AXIS2_PLACEMENT_3D ( 'NONE', #5536, #2613, #6110 ) ;
#5625 = ORIENTED_EDGE ( 'NONE', *, *, #1095, .F. ) ;
#5626 = ORIENTED_EDGE ( 'NONE', *, *, #1211, .T. ) ;
#5627 = EDGE_CURVE ( 'NONE', #3399, #4523, #6101, .T. ) ;
#5628 = CIRCLE ( 'NONE', #1394, 0.04290909967644726541 ) ;
#5629 = CARTESIAN_POINT ( 'NONE',  ( -0.2924148077667618750, -0.2807454102663270445, -0.01249999999998381746 ) ) ;
#5630 = VECTOR ( 'NONE', #1161, 39.37007874015748143 ) ;
#5631 = ORIENTED_EDGE ( 'NONE', *, *, #2177, .F. ) ;
#5632 = CARTESIAN_POINT ( 'NONE',  ( 0.1374999999999954592, 0.09425458973368028293, 0.1000000000000098588 ) ) ;
#5633 = EDGE_LOOP ( 'NONE', ( #4945, #4930, #6047, #5309 ) ) ;
#5634 = FILL_AREA_STYLE_COLOUR ( '', #2801 ) ;
#5635 = DIRECTION ( 'NONE',  ( 1.970877152922708759E-16, 1.006139616066556398E-15, 1.000000000000000000 ) ) ;
#5636 = LINE ( 'NONE', #1770, #4617 ) ;
#5637 = ORIENTED_EDGE ( 'NONE', *, *, #4659, .T. ) ;
#5638 = VERTEX_POINT ( 'NONE', #1158 ) ;
#5639 = ADVANCED_FACE ( 'NONE', ( #4762 ), #5503, .F. ) ;
#5640 = CARTESIAN_POINT ( 'NONE',  ( -0.002945840137346653932, 0.1892545897336829763, -0.01161646258158660627 ) ) ;
#5641 = SURFACE_STYLE_USAGE ( .BOTH. , #5206 ) ;
#5642 = VECTOR ( 'NONE', #494, 39.37007874015748143 ) ;
#5643 = CARTESIAN_POINT ( 'NONE',  ( 0.01141058684657523387, 0.1792545897336806915, -0.0003326739459143692032 ) ) ;
#5644 = EDGE_CURVE ( 'NONE', #1203, #3690, #5784, .T. ) ;
#5645 = ORIENTED_EDGE ( 'NONE', *, *, #5048, .F. ) ;
#5646 = DIRECTION ( 'NONE',  ( 1.332267629550189623E-15, 1.000000000000000000, 4.163336342344342450E-16 ) ) ;
#5647 = FACE_OUTER_BOUND ( 'NONE', #501, .T. ) ;
#5648 = CARTESIAN_POINT ( 'NONE',  ( 0.2760515037128019045, -0.2807454102663183293, 0.01250000000001577974 ) ) ;
#5649 =( NAMED_UNIT ( * ) SI_UNIT ( $, .STERADIAN. ) SOLID_ANGLE_UNIT ( ) );
#5650 = DIRECTION ( 'NONE',  ( 1.332267629550189623E-15, 1.000000000000000000, 4.163336342344342450E-16 ) ) ;
#5651 = CARTESIAN_POINT ( 'NONE',  ( 0.004976805548798418979, 0.1892545897336906091, 0.03189740484293695361 ) ) ;
#5652 = STYLED_ITEM ( 'NONE', ( #3263 ), #3209 ) ;
#5653 = EDGE_CURVE ( 'NONE', #1732, #5781, #1827, .T. ) ;
#5654 = DIRECTION ( 'NONE',  ( 1.332267629550189623E-15, 1.000000000000000000, 4.163336342344342450E-16 ) ) ;
#5655 = CARTESIAN_POINT ( 'NONE',  ( -0.3375000000000053513, 0.1792545897336860761, 0.1000000000000074024 ) ) ;
#5656 = EDGE_LOOP ( 'NONE', ( #1435, #2855, #4117, #1163 ) ) ;
#5657 =( BOUNDED_CURVE ( )  B_SPLINE_CURVE ( 3, ( #4276, #1803, #6204, #1147 ),
 .UNSPECIFIED., .F., .F. ) 
 B_SPLINE_CURVE_WITH_KNOTS ( ( 4, 4 ),
 ( 1.570796326794895004, 4.712388980384689674 ),
 .UNSPECIFIED. ) 
 CURVE ( )  GEOMETRIC_REPRESENTATION_ITEM ( )  RATIONAL_B_SPLINE_CURVE ( ( 1.000000000000000000, 0.3333333333333340365, 0.3333333333333340365, 1.000000000000000000 ) ) 
 REPRESENTATION_ITEM ( '' )  );
#5658 = PLANE ( 'NONE',  #5387 ) ;
#5659 = ORIENTED_EDGE ( 'NONE', *, *, #5453, .T. ) ;
#5660 = VERTEX_POINT ( 'NONE', #4924 ) ;
#5661 = EDGE_CURVE ( 'NONE', #4462, #812, #2711, .T. ) ;
#5662 = LINE ( 'NONE', #5324, #5117 ) ;
#5663 = VECTOR ( 'NONE', #5692, 39.37007874015748143 ) ;
#5664 = DIRECTION ( 'NONE',  ( 0.000000000000000000, 0.000000000000000000, -1.000000000000000000 ) ) ;
#5666 = CARTESIAN_POINT ( 'NONE',  ( 0.01095801699369516359, 0.1792545897336871585, 0.03018730370675766841 ) ) ;
#5665 = SURFACE_STYLE_USAGE ( .BOTH. , #4199 ) ;
#5667 = VERTEX_POINT ( 'NONE', #5991 ) ;
#5668 = VERTEX_POINT ( 'NONE', #2604 ) ;
#5669 = ADVANCED_FACE ( 'NONE', ( #4600 ), #6159, .F. ) ;
#5670 = VECTOR ( 'NONE', #3466, 39.37007874015748143 ) ;
#5671 = EDGE_CURVE ( 'NONE', #3470, #5955, #3260, .T. ) ;
#5672 = SURFACE_SIDE_STYLE ('',( #1342 ) ) ;
#5673 = AXIS2_PLACEMENT_3D ( 'NONE', #172, #2208, #3693 ) ;
#5674 = DIRECTION ( 'NONE',  ( 1.970877152922708759E-16, 1.006139616066556398E-15, 1.000000000000000000 ) ) ;
#5675 = ORIENTED_EDGE ( 'NONE', *, *, #862, .T. ) ;
#5676 =( CONVERSION_BASED_UNIT ( 'INCH', #2534 ) LENGTH_UNIT ( ) NAMED_UNIT ( #3839 ) );
#5677 = VECTOR ( 'NONE', #4772, 39.37007874015748143 ) ;
#5678 = ORIENTED_EDGE ( 'NONE', *, *, #4043, .T. ) ;
#5679 = ORIENTED_EDGE ( 'NONE', *, *, #408, .F. ) ;
#5680 = ORIENTED_EDGE ( 'NONE', *, *, #1083, .T. ) ;
#5681 = CARTESIAN_POINT ( 'NONE',  ( 0.01736066602666508710, 0.1892545897336851413, -0.02464511566982868079 ) ) ;
#5682 = AXIS2_PLACEMENT_3D ( 'NONE', #3799, #4286, #3401 ) ;
#5683 = CARTESIAN_POINT ( 'NONE',  ( 0.02475066336555593535, 0.1792545897336839666, -0.02794722380949539106 ) ) ;
#5684 = CARTESIAN_POINT ( 'NONE',  ( 0.002849950902689340777, 0.1792545897336828564, -0.002469800493193739181 ) ) ;
#5685 = ADVANCED_FACE ( 'NONE', ( #2101 ), #4960, .F. ) ;
#5686 = VECTOR ( 'NONE', #4629, 39.37007874015748143 ) ;
#5687 = CARTESIAN_POINT ( 'NONE',  ( -0.02000246129918644908, 0.1892545897336818661, 0.01617881052288530630 ) ) ;
#5688 = ORIENTED_EDGE ( 'NONE', *, *, #4359, .T. ) ;
#5689 = CARTESIAN_POINT ( 'NONE',  ( 0.2624999999999917955, 0.09425458973368193438, -0.09999999999999319156 ) ) ;
#5690 = DIRECTION ( 'NONE',  ( 1.332267629550189623E-15, 1.000000000000000000, 4.163336342344342450E-16 ) ) ;
#5692 = DIRECTION ( 'NONE',  ( -1.000000000000000000, -2.135582088683073931E-15, -4.191323202172999653E-16 ) ) ;
#5691 = CARTESIAN_POINT ( 'NONE',  ( -0.3375000000000036859, 0.09425458973368411320, 0.1000000000000038497 ) ) ;
#5693 = EDGE_CURVE ( 'NONE', #511, #1986, #2616, .T. ) ;
#5694 = FACE_OUTER_BOUND ( 'NONE', #3606, .T. ) ;
#5695 = CARTESIAN_POINT ( 'NONE',  ( 0.01940755889867683964, 0.1792545897336849936, -0.01143839400309577641 ) ) ;
#5696 = DIRECTION ( 'NONE',  ( -2.635182449764338759E-15, -1.000000000000000000, -6.314393452555451606E-16 ) ) ;
#5697 = CARTESIAN_POINT ( 'NONE',  ( 0.1374999999999932665, 0.1792545897336833560, -0.09999999999999401035 ) ) ;
#5698 = ORIENTED_EDGE ( 'NONE', *, *, #5978, .T. ) ;
#5699 = ORIENTED_EDGE ( 'NONE', *, *, #2504, .T. ) ;
#5700 =( CONVERSION_BASED_UNIT ( 'INCH', #4947 ) LENGTH_UNIT ( ) NAMED_UNIT ( #1033 ) );
#5701 = CARTESIAN_POINT ( 'NONE',  ( 0.2899999999999928191, 0.1792545897336795258, -0.03999999999999602485 ) ) ;
#5702 = CARTESIAN_POINT ( 'NONE',  ( -0.01347535125645207138, 0.1792545897336871585, 0.02769724001006445419 ) ) ;
#5703 = VECTOR ( 'NONE', #1852, 39.37007874015748143 ) ;
#5704 = FACE_BOUND ( 'NONE', #5383, .T. ) ;
#5705 = ORIENTED_EDGE ( 'NONE', *, *, #5470, .T. ) ;
#5706 = CARTESIAN_POINT ( 'NONE',  ( 0.01738083416631467509, 0.1892545897336851413, -0.02567263991091033731 ) ) ;
#5707 = EDGE_CURVE ( 'NONE', #3740, #3690, #1480, .T. ) ;
#5708 = DIRECTION ( 'NONE',  ( 1.332267629550189623E-15, 1.000000000000000000, 4.163336342344342450E-16 ) ) ;
#5709 =( NAMED_UNIT ( * ) SI_UNIT ( $, .STERADIAN. ) SOLID_ANGLE_UNIT ( ) );
#5710 = CARTESIAN_POINT ( 'NONE',  ( -0.01878353743886924596, 0.1792545897336752236, 0.01986470315530531813 ) ) ;
#5711 = CARTESIAN_POINT ( 'NONE',  ( -0.02514951460974688621, 0.1892545897336807836, 0.02440502970699963761 ) ) ;
#5712 = ORIENTED_EDGE ( 'NONE', *, *, #2831, .T. ) ;
#5713 = B_SPLINE_CURVE_WITH_KNOTS ( 'NONE', 3,
 ( #290, #6234, #1298, #3785, #6264, #5773, #1226, #1275, #4722, #2253, #3219, #2294, #265, #6213, #3730, #1766, #716, #791, #3265 ),
 .UNSPECIFIED., .F., .F.,
 ( 4, 1, 1, 1, 1, 1, 1, 1, 1, 1, 1, 1, 1, 1, 1, 1, 4 ),
 ( 0.000000000000000000, 0.07262534608343561293, 0.1419766113262345697, 0.2089849284189386758, 0.2739568703644448822, 0.3368893473968407326, 0.3987449534945903262, 0.4601158852788616582, 0.5208249225900292156, 0.5809944586324857774, 0.6401519276014649984, 0.6986224507562548425, 0.7572710809271645527, 0.8164266940046602805, 0.8762540482034705258, 0.9371652930625374855, 1.000000000000000000 ),
 .UNSPECIFIED. ) ;
#5714 = PLANE ( 'NONE',  #3632 ) ;
#5715 = ORIENTED_EDGE ( 'NONE', *, *, #2568, .F. ) ;
#5716 = ORIENTED_EDGE ( 'NONE', *, *, #2713, .F. ) ;
#5717 = DIRECTION ( 'NONE',  ( -1.000000000000000000, -1.276756478318932585E-15, -1.110223024625158759E-16 ) ) ;
#5718 = EDGE_CURVE ( 'NONE', #3416, #3018, #3495, .T. ) ;
#5719 = EDGE_LOOP ( 'NONE', ( #4816, #4846, #1072, #4628 ) ) ;
#5720 = DIRECTION ( 'NONE',  ( 0.7071067811865440200, -0.7071067811865511255, 5.720860853693673636E-16 ) ) ;
#5721 = CARTESIAN_POINT ( 'NONE',  ( 0.1249999999999911598, 0.08425458973368066262, 0.07500000000000507649 ) ) ;
#5722 = PLANE ( 'NONE',  #1495 ) ;
#5723 = CYLINDRICAL_SURFACE ( 'NONE', #1130, 0.01250000000000003712 ) ;
#5724 = APPLICATION_PROTOCOL_DEFINITION ( 'draft international standard', 'automotive_design', 1998, #4165 ) ;
#5725 = CARTESIAN_POINT ( 'NONE',  ( 0.02914283784611372899, 0.1892545897336791461, 0.01385843124938349394 ) ) ;
#5726 = ORIENTED_EDGE ( 'NONE', *, *, #2663, .T. ) ;
#5727 = ADVANCED_FACE ( 'NONE', ( #2786 ), #5311, .F. ) ;
#5728 = EDGE_CURVE ( 'NONE', #4086, #5408, #3354, .T. ) ;
#5729 = CARTESIAN_POINT ( 'NONE',  ( 0.01554569850598534753, 0.1892545897336851413, -0.03134208766953035935 ) ) ;
#5730 = VECTOR ( 'NONE', #1330, 39.37007874015748143 ) ;
#5731 = CIRCLE ( 'NONE', #4786, 0.02290909967644729275 ) ;
#5732 = ORIENTED_EDGE ( 'NONE', *, *, #4129, .T. ) ;
#5733 = DIRECTION ( 'NONE',  ( 0.000000000000000000, 0.000000000000000000, 1.000000000000000000 ) ) ;
#5734 = CARTESIAN_POINT ( 'NONE',  ( 0.01739070109397343813, 0.1792545897336839666, -0.02523745550275343502 ) ) ;
#5735 = CARTESIAN_POINT ( 'NONE',  ( -0.02514951460974690009, 0.1792545897336817740, 0.02440502970699963414 ) ) ;
#5736 = VECTOR ( 'NONE', #4198, 39.37007874015748143 ) ;
#5737 = EDGE_CURVE ( 'NONE', #1017, #1079, #4258, .T. ) ;
#5738 = DIRECTION ( 'NONE',  ( -1.332267629550189623E-15, -1.000000000000000000, -4.163336342344342450E-16 ) ) ;
#5739 = DIRECTION ( 'NONE',  ( 1.332267629550189623E-15, 1.000000000000000000, 4.163336342344342450E-16 ) ) ;
#5740 = DIRECTION ( 'NONE',  ( -5.551115123125634174E-17, 4.163336342344342450E-16, -1.000000000000000000 ) ) ;
#5741 = ADVANCED_FACE ( 'NONE', ( #6203 ), #4855, .F. ) ;
#5742 = LINE ( 'NONE', #3427, #1487 ) ;
#5743 = EDGE_LOOP ( 'NONE', ( #2665, #2487, #1041, #697 ) ) ;
#5744 = VERTEX_POINT ( 'NONE', #5893 ) ;
#5745 = SURFACE_SIDE_STYLE ('',( #3326 ) ) ;
#5746 = DIRECTION ( 'NONE',  ( 1.332267629550189623E-15, 1.000000000000000000, 4.163336342344342450E-16 ) ) ;
#5747 = STYLED_ITEM ( 'NONE', ( #5099 ), #4183 ) ;
#5748 = VECTOR ( 'NONE', #5832, 39.37007874015748143 ) ;
#5749 = CARTESIAN_POINT ( 'NONE',  ( -0.1875000000000055789, 0.1792545897336833560, 0.1000000000000060424 ) ) ;
#5750 = ORIENTED_EDGE ( 'NONE', *, *, #1486, .T. ) ;
#5751 = DIRECTION ( 'NONE',  ( -1.332267629550189623E-15, -1.000000000000000000, -4.163336342344342450E-16 ) ) ;
#5752 = CARTESIAN_POINT ( 'NONE',  ( 0.1399999999999936018, 0.1792545897336860761, -0.03999999999999574729 ) ) ;
#5753 = ORIENTED_EDGE ( 'NONE', *, *, #3199, .T. ) ;
#5754 = CARTESIAN_POINT ( 'NONE',  ( 0.01777991982095215515, 0.1792545897336828009, -0.006783825596213312499 ) ) ;
#5755 = CARTESIAN_POINT ( 'NONE',  ( 0.1310515037128019145, 0.06925458973368642246, -0.01249999999998600321 ) ) ;
#5756 = CARTESIAN_POINT ( 'NONE',  ( 0.01505909414008078928, 0.1792545897336806915, -0.01851534343082742243 ) ) ;
#5757 = COLOUR_RGB ( '',0.000000000000000000, 0.000000000000000000, 0.000000000000000000 ) ;
#5758 = LINE ( 'NONE', #1855, #4281 ) ;
#5759 = EDGE_CURVE ( 'NONE', #2652, #5431, #2417, .T. ) ;
#5760 = ORIENTED_EDGE ( 'NONE', *, *, #3972, .T. ) ;
#5761 = CARTESIAN_POINT ( 'NONE',  ( -0.07227584794739169705, -0.2061074304604319507, -0.009999999999987326318 ) ) ;
#5762 = VECTOR ( 'NONE', #1968, 39.37007874015748143 ) ;
#5763 = B_SPLINE_CURVE_WITH_KNOTS ( 'NONE', 3,
 ( #4510, #2080, #3490, #1007, #508, #4993, #3540, #6012, #5539, #2046, #5500, #4551, #2525, #4051, #3040 ),
 .UNSPECIFIED., .F., .F.,
 ( 4, 1, 1, 1, 1, 1, 1, 1, 1, 1, 1, 1, 4 ),
 ( 0.000000000000000000, 0.07964825118022790529, 0.1589216764181125563, 0.2396194947370318962, 0.3226094298185608888, 0.4060346366179243272, 0.4876020954923879769, 0.5696846265959311095, 0.6530361450088340014, 0.7374357177222882198, 0.8224778158555100527, 0.9097476551184072724, 1.000000000000000000 ),
 .UNSPECIFIED. ) ;
#5765 = PLANE ( 'NONE',  #2919 ) ;
#5764 = DIRECTION ( 'NONE',  ( -2.635182449764338759E-15, -1.000000000000000000, -6.314393452555451606E-16 ) ) ;
#5766 = ORIENTED_EDGE ( 'NONE', *, *, #95, .F. ) ;
#5767 = CARTESIAN_POINT ( 'NONE',  ( 0.09999999999999510669, 0.1792545897336849936, 0.1000000000000082212 ) ) ;
#5768 = ORIENTED_EDGE ( 'NONE', *, *, #1691, .F. ) ;
#5769 = CARTESIAN_POINT ( 'NONE',  ( -0.3125000000000049405, 0.09425458973368520954, 0.1000000000000079436 ) ) ;
#5770 = ORIENTED_EDGE ( 'NONE', *, *, #3353, .T. ) ;
#5771 = ORIENTED_EDGE ( 'NONE', *, *, #1622, .F. ) ;
#5772 = DIRECTION ( 'NONE',  ( -1.332267629550189623E-15, -1.000000000000000000, -4.163336342344341957E-16 ) ) ;
#5773 = CARTESIAN_POINT ( 'NONE',  ( -0.02087046653777761482, 0.1892545897336829763, -0.03457680767472376404 ) ) ;
#5774 = PLANE ( 'NONE',  #1347 ) ;
#5775 = CARTESIAN_POINT ( 'NONE',  ( 0.3749999999999909517, 0.09425458973368357196, 0.1000000000000049460 ) ) ;
#5776 = LINE ( 'NONE', #4748, #4455 ) ;
#5777 = CARTESIAN_POINT ( 'NONE',  ( 0.001226769685725524490, 0.1792545897336861316, 0.03218978713787876839 ) ) ;
#5778 = CARTESIAN_POINT ( 'NONE',  ( -0.01726013670776030406, 0.1792545897336773886, 0.02302044542203708632 ) ) ;
#5779 = ORIENTED_EDGE ( 'NONE', *, *, #4481, .T. ) ;
#5780 = DIRECTION ( 'NONE',  ( 1.000000000000000000, 2.135582088683073931E-15, 4.191323202172999653E-16 ) ) ;
#5781 = VERTEX_POINT ( 'NONE', #4514 ) ;
#5782 = CARTESIAN_POINT ( 'NONE',  ( -0.0003182977168401618200, 0.1792545897336795258, -0.03827524129755227600 ) ) ;
#5783 = ORIENTED_EDGE ( 'NONE', *, *, #3598, .T. ) ;
#5784 = LINE ( 'NONE', #3903, #4458 ) ;
#5785 = DIRECTION ( 'NONE',  ( -1.332267629550189623E-15, -1.000000000000000000, -4.163336342344342450E-16 ) ) ;
#5786 = VECTOR ( 'NONE', #5925, 39.37007874015748143 ) ;
#5787 = VECTOR ( 'NONE', #3605, 39.37007874015748143 ) ;
#5788 = ORIENTED_EDGE ( 'NONE', *, *, #1921, .T. ) ;
#5789 = EDGE_LOOP ( 'NONE', ( #4130, #959, #312, #3628 ) ) ;
#5791 = CARTESIAN_POINT ( 'NONE',  ( -0.3375000000000036859, -0.2807454102663183293, -0.09999999999999210909 ) ) ;
#5790 = CARTESIAN_POINT ( 'NONE',  ( 0.3749999999999933942, -0.005745410266316458743, -0.03749999999999571038 ) ) ;
#5792 =( BOUNDED_CURVE ( )  B_SPLINE_CURVE ( 3, ( #2377, #2849, #5238, #1336 ),
 .UNSPECIFIED., .F., .T. ) 
 B_SPLINE_CURVE_WITH_KNOTS ( ( 4, 4 ),
 ( 1.570796326794895004, 4.712388980384689674 ),
 .UNSPECIFIED. ) 
 CURVE ( )  GEOMETRIC_REPRESENTATION_ITEM ( )  RATIONAL_B_SPLINE_CURVE ( ( 1.000000000000000000, 0.3333333333333340365, 0.3333333333333340365, 1.000000000000000000 ) ) 
 REPRESENTATION_ITEM ( '' )  );
#5793 = AXIS2_PLACEMENT_3D ( 'NONE', #808, #5217, #6226 ) ;
#5794 = EDGE_CURVE ( 'NONE', #2346, #3715, #6372, .T. ) ;
#5795 = CARTESIAN_POINT ( 'NONE',  ( 0.06249999999999366479, 0.09425458973368520954, -0.09999999999999292788 ) ) ;
#5796 = DIRECTION ( 'NONE',  ( -1.970877152922708759E-16, -1.006139616066556398E-15, -1.000000000000000000 ) ) ;
#5797 = PLANE ( 'NONE',  #4650 ) ;
#5798 = LINE ( 'NONE', #2304, #5159 ) ;
#5799 = COLOUR_RGB ( '',0.000000000000000000, 0.000000000000000000, 0.000000000000000000 ) ;
#5800 = ORIENTED_EDGE ( 'NONE', *, *, #6064, .T. ) ;
#5801 = ORIENTED_EDGE ( 'NONE', *, *, #1432, .T. ) ;
#5802 = CARTESIAN_POINT ( 'NONE',  ( 0.3374999999999928058, 0.1792545897336811633, -0.09999999999999566180 ) ) ;
#5803 = CARTESIAN_POINT ( 'NONE',  ( 0.01940755889867902539, 0.1892545897336807836, -0.01143839400308867445 ) ) ;
#5804 = ADVANCED_FACE ( 'NONE', ( #2254 ), #4494, .T. ) ;
#5805 = CARTESIAN_POINT ( 'NONE',  ( 0.01840068799362860191, 0.1792545897336893512, 0.02421190247089233943 ) ) ;
#5806 = VECTOR ( 'NONE', #5226, 39.37007874015748143 ) ;
#5807 = EDGE_LOOP ( 'NONE', ( #898, #6024, #2225, #4074 ) ) ;
#5808 = VERTEX_POINT ( 'NONE', #5102 ) ;
#5809 = EDGE_CURVE ( 'NONE', #3194, #860, #1392, .T. ) ;
#5810 = DIRECTION ( 'NONE',  ( -1.970877152922708759E-16, -1.006139616066556398E-15, -1.000000000000000000 ) ) ;
#5811 = CARTESIAN_POINT ( 'NONE',  ( -0.01062770409874784841, 0.1892545897336818661, -0.03459471263507823968 ) ) ;
#5812 = DIRECTION ( 'NONE',  ( -1.332267629550189623E-15, -1.000000000000000000, -4.163336342344342450E-16 ) ) ;
#5813 = CARTESIAN_POINT ( 'NONE',  ( -0.01250000000000525691, 0.05425458973368833815, -0.07499999999999280853 ) ) ;
#5814 =( CONVERSION_BASED_UNIT ( 'INCH', #33 ) LENGTH_UNIT ( ) NAMED_UNIT ( #1277 ) );
#5815 = ORIENTED_EDGE ( 'NONE', *, *, #5229, .F. ) ;
#5816 = DIRECTION ( 'NONE',  ( -1.000000000000000000, -1.276756478318932585E-15, -1.110223024625158759E-16 ) ) ;
#5817 = CARTESIAN_POINT ( 'NONE',  ( -0.3750000000000057176, -0.1207454102663112760, -0.03749999999999379524 ) ) ;
#5818 = VERTEX_POINT ( 'NONE', #6092 ) ;
#5819 = CARTESIAN_POINT ( 'NONE',  ( -0.2375000000000042355, -0.2807454102663122786, -0.09999999999999674427 ) ) ;
#5820 = DIRECTION ( 'NONE',  ( 0.000000000000000000, 0.000000000000000000, 1.000000000000000000 ) ) ;
#5822 = CARTESIAN_POINT ( 'NONE',  ( -0.1375000000000058398, 0.09425458973368630589, -0.09999999999999073519 ) ) ;
#5821 = CARTESIAN_POINT ( 'NONE',  ( -0.003976820273542355268, 0.1792545897336816907, -0.003051958707885421302 ) ) ;
#5823 = EDGE_CURVE ( 'NONE', #4875, #4534, #380, .T. ) ;
#5824 = AXIS2_PLACEMENT_3D ( 'NONE', #6207, #4861, #1418 ) ;
#5825 = VECTOR ( 'NONE', #5890, 39.37007874015748143 ) ;
#5826 = ORIENTED_EDGE ( 'NONE', *, *, #6022, .F. ) ;
#5827 = DIMENSIONAL_EXPONENTS ( 1.000000000000000000, 0.000000000000000000, 0.000000000000000000, 0.000000000000000000, 0.000000000000000000, 0.000000000000000000, 0.000000000000000000 ) ;
#5828 = CARTESIAN_POINT ( 'NONE',  ( 0.3749999999999928391, -0.1803076923076747384, 0.03750000000000390521 ) ) ;
#5829 = DIRECTION ( 'NONE',  ( -1.000000000000000000, -1.858026332526783612E-15, 1.359791920952777133E-16 ) ) ;
#5830 = CARTESIAN_POINT ( 'NONE',  ( -0.2924148077667602097, 0.06925458973368861515, -0.01249999999998791488 ) ) ;
#5831 = CARTESIAN_POINT ( 'NONE',  ( 0.02234726279452005707, 0.1892545897336851413, -0.003200204051660584560 ) ) ;
#5832 = DIRECTION ( 'NONE',  ( -1.332267629550189623E-15, -1.000000000000000000, -4.163336342344342450E-16 ) ) ;
#5833 = DIRECTION ( 'NONE',  ( 1.970877152922708759E-16, 1.006139616066556398E-15, 1.000000000000000000 ) ) ;
#5834 = LINE ( 'NONE', #2386, #2098 ) ;
#5835 = CARTESIAN_POINT ( 'NONE',  ( -0.0003182977168401618200, 0.1892545897336829763, -0.03827524129755227600 ) ) ;
#5836 = EDGE_CURVE ( 'NONE', #2010, #6415, #133, .T. ) ;
#5837 = CARTESIAN_POINT ( 'NONE',  ( 0.02313856683036202844, 0.1792545897336823291, -0.03329203639368706613 ) ) ;
#5838 = CARTESIAN_POINT ( 'NONE',  ( -0.1375000000000058398, -0.2807454102663161088, -0.09999999999999510669 ) ) ;
#5839 = CARTESIAN_POINT ( 'NONE',  ( 0.3749999999999925615, 0.1792545897336860761, 0.1000000000000049460 ) ) ;
#5840 = CARTESIAN_POINT ( 'NONE',  ( 0.3749999999999925615, 0.1792545897336860761, 0.1000000000000049460 ) ) ;
#5841 = CARTESIAN_POINT ( 'NONE',  ( -0.01162953596072767957, 0.1792545897336779437, -0.03366417962623609317 ) ) ;
#5842 = FACE_OUTER_BOUND ( 'NONE', #3852, .T. ) ;
#5843 = CARTESIAN_POINT ( 'NONE',  ( 0.1249999999999949762, -0.2807454102663144990, 0.06250000000000349720 ) ) ;
#5844 = DIRECTION ( 'NONE',  ( -2.635182449764338759E-15, -1.000000000000000000, -6.314393452555451606E-16 ) ) ;
#5845 = ADVANCED_FACE ( 'NONE', ( #2878 ), #3798, .F. ) ;
#5846 = DIRECTION ( 'NONE',  ( 0.000000000000000000, 0.000000000000000000, 1.000000000000000000 ) ) ;
#5847 = LINE ( 'NONE', #4671, #4192 ) ;
#5848 = DIRECTION ( 'NONE',  ( -1.332267629550189623E-15, -1.000000000000000000, -4.163336342344342450E-16 ) ) ;
#5850 = CARTESIAN_POINT ( 'NONE',  ( -0.2574148077667722245, -0.5507454102663217332, -0.01249999999998327102 ) ) ;
#5849 = DIRECTION ( 'NONE',  ( -1.332267629550189623E-15, -1.000000000000000000, -4.163336342344342450E-16 ) ) ;
#5851 = DIRECTION ( 'NONE',  ( -0.8944271909999162995, -0.4472135954999571505, -3.885780586188036552E-16 ) ) ;
#5852 = DIRECTION ( 'NONE',  ( 0.000000000000000000, 0.000000000000000000, 1.000000000000000000 ) ) ;
#5853 = B_SPLINE_SURFACE_WITH_KNOTS ( 'NONE', 3, 1, ( 
 ( #2507, #6089 ),
 ( #1201, #5777 ),
 ( #5994, #5477 ),
 ( #21, #3539 ),
 ( #3014, #1067 ),
 ( #3503, #529 ),
 ( #2523, #5033 ),
 ( #4006, #4030 ),
 ( #545, #3486 ),
 ( #6049, #6009 ),
 ( #41, #5977 ),
 ( #6029, #1024 ),
 ( #5516, #1549 ),
 ( #2992, #3054 ),
 ( #6460, #505 ),
 ( #1049, #2078 ),
 ( #5535, #2557 ),
 ( #3074, #3992 ),
 ( #4089, #1103 ) ),
 .UNSPECIFIED., .F., .F., .F.,
 ( 4, 1, 1, 1, 1, 1, 1, 1, 1, 1, 1, 1, 1, 1, 1, 1, 4 ),
 ( 2, 2 ),
 ( 0.000000000000000000, 0.07607173695556468385, 0.1487517145745115843, 0.2184027938458452112, 0.2857595810623857480, 0.3505980236748785783, 0.4149640445981283010, 0.4780693385717816879, 0.5417606760069072491, 0.6043498585387178101, 0.6640750210708964429, 0.7214636230801987349, 0.7775871282364448245, 0.8326444469271313542, 0.8878435110684598230, 0.9434603426519471148, 1.000000000000000000 ),
 ( 0.000000000000000000, 1.000000000000000000 ),
 .UNSPECIFIED. ) ;
#5854 = CARTESIAN_POINT ( 'NONE',  ( -0.02936674827094383489, -0.04723214755363757539, -0.009999999999985140567 ) ) ;
#5855 = FACE_OUTER_BOUND ( 'NONE', #173, .T. ) ;
#5856 = CARTESIAN_POINT ( 'NONE',  ( 0.08749999999999354128, 0.09425458973368301685, -0.09999999999999401035 ) ) ;
#5857 = CARTESIAN_POINT ( 'NONE',  ( 0.01513709532474779608, 0.1792545897336817740, -0.008059971528395687423 ) ) ;
#5858 = CARTESIAN_POINT ( 'NONE',  ( 0.3749999999999925615, 0.1792545897336844385, -0.09999999999999401035 ) ) ;
#5859 = AXIS2_PLACEMENT_3D ( 'NONE', #182, #218, #6206 ) ;
#5860 = VERTEX_POINT ( 'NONE', #3320 ) ;
#5861 = EDGE_CURVE ( 'NONE', #3222, #3000, #5504, .T. ) ;
#5862 = CIRCLE ( 'NONE', #4797, 0.04132405606333308667 ) ;
#5863 = CARTESIAN_POINT ( 'NONE',  ( 0.01288112619080879380, 0.1792545897336828564, -0.04392868937582337929 ) ) ;
#5864 = ORIENTED_EDGE ( 'NONE', *, *, #2918, .T. ) ;
#5865 = DIRECTION ( 'NONE',  ( 1.970877152922708759E-16, 1.006139616066556398E-15, 1.000000000000000000 ) ) ;
#5866 = CARTESIAN_POINT ( 'NONE',  ( -0.01261335763703690278, 0.1792545897336828009, -0.03263006477715605508 ) ) ;
#5867 = COLOUR_RGB ( '',0.000000000000000000, 0.000000000000000000, 0.000000000000000000 ) ;
#5868 = EDGE_CURVE ( 'NONE', #924, #1845, #3029, .T. ) ;
#5869 = AXIS2_PLACEMENT_3D ( 'NONE', #5598, #3714, #4679 ) ;
#5870 = ORIENTED_EDGE ( 'NONE', *, *, #3224, .T. ) ;
#5871 = VERTEX_POINT ( 'NONE', #5251 ) ;
#5872 = CARTESIAN_POINT ( 'NONE',  ( -0.01177667060869858062, 0.1792545897336811633, -0.04375411759791512922 ) ) ;
#5873 = PLANE ( 'NONE',  #1726 ) ;
#5874 = LINE ( 'NONE', #636, #5611 ) ;
#5875 = CARTESIAN_POINT ( 'NONE',  ( 0.02707158997593009722, 0.1792545897336883243, 0.02415602046225133817 ) ) ;
#5876 = ORIENTED_EDGE ( 'NONE', *, *, #3304, .F. ) ;
#5877 = VERTEX_POINT ( 'NONE', #1786 ) ;
#5878 = VECTOR ( 'NONE', #5356, 39.37007874015748143 ) ;
#5879 = CARTESIAN_POINT ( 'NONE',  ( -0.3325000000000085665, 0.03425458973368530197, -0.06249999999999202721 ) ) ;
#5880 = DIRECTION ( 'NONE',  ( 1.332267629550189623E-15, 1.000000000000000000, 4.163336342344342450E-16 ) ) ;
#5881 = CARTESIAN_POINT ( 'NONE',  ( 0.001618075600038283235, 0.1792545897336790539, -0.04682253869594585338 ) ) ;
#5882 = CARTESIAN_POINT ( 'NONE',  ( 0.001220861675326817422, 0.1792545897336801364, -0.03829471114774138374 ) ) ;
#5883 = EDGE_CURVE ( 'NONE', #2372, #4726, #732, .T. ) ;
#5884 = LINE ( 'NONE', #3151, #39 ) ;
#5885 = VECTOR ( 'NONE', #1082, 39.37007874015748143 ) ;
#5886 = EDGE_LOOP ( 'NONE', ( #1813, #5308, #5347, #4011 ) ) ;
#5887 = ORIENTED_EDGE ( 'NONE', *, *, #891, .F. ) ;
#5888 = VERTEX_POINT ( 'NONE', #3909 ) ;
#5889 = CARTESIAN_POINT ( 'NONE',  ( -0.004843404699977926255, 0.1892545897336818661, -0.03764379684403109522 ) ) ;
#5890 = DIRECTION ( 'NONE',  ( -1.000000000000000000, -1.276756478318932585E-15, -1.110223024625158759E-16 ) ) ;
#5891 = ADVANCED_BREP_SHAPE_REPRESENTATION ( '3A ATM FUSE, PURPLE', ( #4325, #671, #4509, #5098 ), #929 ) ;
#5892 = CARTESIAN_POINT ( 'NONE',  ( -0.3452188589793245277, -0.1803076923076769311, 0.03750000000000690975 ) ) ;
#5893 = CARTESIAN_POINT ( 'NONE',  ( 0.1249999999999933387, -0.2807454102663204942, -0.06249999999999475420 ) ) ;
#5894 = ORIENTED_EDGE ( 'NONE', *, *, #2266, .T. ) ;
#5895 = CARTESIAN_POINT ( 'NONE',  ( -0.1125000000000032363, 0.09425458973368520954, 0.1000000000000076800 ) ) ;
#5896 = CARTESIAN_POINT ( 'NONE',  ( -0.01207703603250363626, 0.1892545897336862515, 0.02877529633554143026 ) ) ;
#5897 = ORIENTED_EDGE ( 'NONE', *, *, #2573, .T. ) ;
#5898 = MECHANICAL_DESIGN_GEOMETRIC_PRESENTATION_REPRESENTATION (  '', ( #4529 ), #5113 ) ;
#5899 = CARTESIAN_POINT ( 'NONE',  ( 0.01501030839890069891, 0.1892545897336846139, 0.03732126716879227701 ) ) ;
#5900 = EDGE_CURVE ( 'NONE', #5488, #2416, #5990, .T. ) ;
#5901 = ORIENTED_EDGE ( 'NONE', *, *, #3518, .F. ) ;
#5902 = ORIENTED_EDGE ( 'NONE', *, *, #604, .T. ) ;
#5903 = CARTESIAN_POINT ( 'NONE',  ( 0.3374999999999905853, 0.09425458973368301685, 0.1000000000000038497 ) ) ;
#5904 = DIRECTION ( 'NONE',  ( 1.332267629550189623E-15, 1.000000000000000000, 4.163336342344341957E-16 ) ) ;
#5905 = EDGE_LOOP ( 'NONE', ( #2324, #612, #353, #1354, #200, #5025, #4981, #3994, #3684, #3519 ) ) ;
#5906 = CARTESIAN_POINT ( 'NONE',  ( -0.01406428792235206449, 0.1892545897336851413, 0.03727529534939258427 ) ) ;
#5907 = CARTESIAN_POINT ( 'NONE',  ( 0.02004405786098514136, 0.1792545897336817740, -0.03825365719620277272 ) ) ;
#5908 = VECTOR ( 'NONE', #3406, 39.37007874015748143 ) ;
#5909 = CARTESIAN_POINT ( 'NONE',  ( -2.458663194297836936E-14, -0.2807454102663073936, 1.884975115628341483E-14 ) ) ;
#5910 = CYLINDRICAL_SURFACE ( 'NONE', #1762, 0.01250000000000003712 ) ;
#5911 = CARTESIAN_POINT ( 'NONE',  ( -0.2125000000000061007, 0.05425458973368218335, -0.07499999999999608369 ) ) ;
#5912 = EDGE_CURVE ( 'NONE', #2838, #4526, #4048, .T. ) ;
#5913 = CARTESIAN_POINT ( 'NONE',  ( -0.0009264033145336291906, 0.1892545897336851413, -0.01165073162879694084 ) ) ;
#5914 = MECHANICAL_DESIGN_GEOMETRIC_PRESENTATION_REPRESENTATION (  '', ( #664 ), #1776 ) ;
#5915 = ORIENTED_EDGE ( 'NONE', *, *, #4473, .T. ) ;
#5916 = CARTESIAN_POINT ( 'NONE',  ( -0.02748109377781908502, 0.1792545897336828009, 0.01617881052288421342 ) ) ;
#5917 = DIRECTION ( 'NONE',  ( 1.970877152922708759E-16, 1.006139616066556398E-15, 1.000000000000000000 ) ) ;
#5918 = VECTOR ( 'NONE', #3580, 39.37007874015748143 ) ;
#5919 = CARTESIAN_POINT ( 'NONE',  ( -0.2240718372288941773, -0.2306847410194197423, -0.01249999999998463625 ) ) ;
#5920 = CARTESIAN_POINT ( 'NONE',  ( -0.02427596557269299724, 0.1792545897336849936, -0.02548785614377868311 ) ) ;
#5921 = ORIENTED_EDGE ( 'NONE', *, *, #4862, .F. ) ;
#5922 = CARTESIAN_POINT ( 'NONE',  ( 0.004235480435889633216, 0.1892545897336856964, 0.04063844251906152671 ) ) ;
#5923 = CARTESIAN_POINT ( 'NONE',  ( 0.08749999999999462375, 0.09425458973368520954, 0.1000000000000060424 ) ) ;
#5924 = CARTESIAN_POINT ( 'NONE',  ( -0.3325000000000063460, -0.005745410266313180983, -0.03749999999999215766 ) ) ;
#5925 = DIRECTION ( 'NONE',  ( 1.000000000000000000, 1.858026332526783612E-15, -1.359791920952777133E-16 ) ) ;
#5926 = CARTESIAN_POINT ( 'NONE',  ( 0.1214831428074659714, -0.2306847410194153847, -0.09999999999998390732 ) ) ;
#5927 = DIRECTION ( 'NONE',  ( -1.970877152922708759E-16, -1.006139616066556398E-15, -1.000000000000000000 ) ) ;
#5928 = DIRECTION ( 'NONE',  ( -1.332267629550189623E-15, -1.000000000000000000, -4.163336342344341957E-16 ) ) ;
#5929 = LINE ( 'NONE', #2399, #6456 ) ;
#5930 = EDGE_CURVE ( 'NONE', #3475, #2290, #1862, .T. ) ;
#5931 = CARTESIAN_POINT ( 'NONE',  ( 0.02846861588816723687, 0.1792545897336806082, 0.007930359130751700805 ) ) ;
#5932 = CARTESIAN_POINT ( 'NONE',  ( -2.458663194297836936E-14, 0.06925458973368861515, 1.857656635691699067E-14 ) ) ;
#5933 = VECTOR ( 'NONE', #1698, 39.37007874015748143 ) ;
#5934 = DIRECTION ( 'NONE',  ( 2.470014945577995303E-16, 6.314393452555444703E-16, -1.000000000000000000 ) ) ;
#5935 = LENGTH_MEASURE_WITH_UNIT ( LENGTH_MEASURE( 0.02539999999999999897 ), #2443 );
#5936 = CARTESIAN_POINT ( 'NONE',  ( 0.1624999999999904021, 0.09425458973368630589, -0.09999999999999674427 ) ) ;
#5937 = ORIENTED_EDGE ( 'NONE', *, *, #663, .T. ) ;
#5938 = CARTESIAN_POINT ( 'NONE',  ( -0.0002161250766803734309, 0.1792545897336871585, -0.04684146500976418825 ) ) ;
#5939 = LINE ( 'NONE', #2836, #5526 ) ;
#5940 = CARTESIAN_POINT ( 'NONE',  ( 0.05605150371280340910, -0.2065669911417110371, 0.01000000000001464474 ) ) ;
#5941 = ORIENTED_EDGE ( 'NONE', *, *, #1556, .T. ) ;
#5942 = DIRECTION ( 'NONE',  ( -1.000000000000000000, -1.276756478318932585E-15, -1.110223024625158759E-16 ) ) ;
#5943 = DIRECTION ( 'NONE',  ( 1.332267629550189623E-15, 1.000000000000000000, 4.163336342344342450E-16 ) ) ;
#5944 = STYLED_ITEM ( 'NONE', ( #1727 ), #1223 ) ;
#5945 = EDGE_CURVE ( 'NONE', #490, #2357, #2545, .T. ) ;
#5946 = VERTEX_POINT ( 'NONE', #2060 ) ;
#5947 = LINE ( 'NONE', #5394, #19 ) ;
#5948 = SURFACE_SIDE_STYLE ('',( #1605 ) ) ;
#5949 = ORIENTED_EDGE ( 'NONE', *, *, #5035, .T. ) ;
#5950 = CARTESIAN_POINT ( 'NONE',  ( -0.1074148077667718970, -0.5507454102663162931, 0.01250000000001523330 ) ) ;
#5951 = LINE ( 'NONE', #2120, #1090 ) ;
#5952 = DIRECTION ( 'NONE',  ( -1.110223024625166155E-16, 5.967448757360198655E-16, 1.000000000000000000 ) ) ;
#5953 = EDGE_LOOP ( 'NONE', ( #3582, #5443, #259, #2935 ) ) ;
#5954 = B_SPLINE_SURFACE_WITH_KNOTS ( 'NONE', 3, 1, ( 
 ( #6149, #2678 ),
 ( #5969, #3481 ),
 ( #3010, #4985 ),
 ( #3828, #460 ),
 ( #178, #1169 ),
 ( #5192, #4642 ),
 ( #3983, #4980 ),
 ( #4016, #4495 ),
 ( #5001, #1245 ),
 ( #2289, #1178 ),
 ( #2680, #2695 ) ),
 .UNSPECIFIED., .F., .F., .F.,
 ( 4, 1, 1, 1, 1, 1, 1, 1, 4 ),
 ( 2, 2 ),
 ( 0.000000000000000000, 0.1182713048357256075, 0.2361775330837630471, 0.3556629329485091473, 0.4759041646706827500, 0.6001273417110829511, 0.7286081161551197782, 0.8613134756739423414, 1.000000000000000000 ),
 ( 0.000000000000000000, 1.000000000000000000 ),
 .UNSPECIFIED. ) ;
#5955 = VERTEX_POINT ( 'NONE', #4485 ) ;
#5956 = CARTESIAN_POINT ( 'NONE',  ( -0.01406428792235315736, 0.1792545897336871585, 0.03727529534939258427 ) ) ;
#5957 = EDGE_CURVE ( 'NONE', #2502, #3938, #2244, .T. ) ;
#5958 = CARTESIAN_POINT ( 'NONE',  ( 0.3124999999999931721, 0.1792545897336871585, 0.1000000000000090400 ) ) ;
#5959 = ORIENTED_EDGE ( 'NONE', *, *, #219, .F. ) ;
#5960 = PLANE ( 'NONE',  #2791 ) ;
#5961 = VECTOR ( 'NONE', #6136, 39.37007874015748143 ) ;
#5962 = B_SPLINE_SURFACE_WITH_KNOTS ( 'NONE', 3, 1, ( 
 ( #1555, #4513 ),
 ( #27, #549 ),
 ( #5022, #3510 ),
 ( #1535, #3472 ),
 ( #534, #4038 ),
 ( #3059, #491 ),
 ( #3547, #4054 ),
 ( #1572, #1231 ),
 ( #3250, #5056 ),
 ( #4236, #1616 ),
 ( #2104, #5205 ),
 ( #2594, #1593 ),
 ( #615, #2577 ),
 ( #88, #3560 ),
 ( #5711, #5735 ),
 ( #4701, #6069 ),
 ( #4125, #1110 ),
 ( #5101, #2258 ),
 ( #598, #4566 ) ),
 .UNSPECIFIED., .F., .F., .F.,
 ( 4, 1, 1, 1, 1, 1, 1, 1, 1, 1, 1, 1, 1, 1, 1, 1, 4 ),
 ( 2, 2 ),
 ( 0.000000000000000000, 0.06554117033740342046, 0.1289631677825934242, 0.1903771361885610858, 0.2500923616690527429, 0.3085484324592011607, 0.3663979630552960942, 0.4245421892666801367, 0.4831699964229058120, 0.5422433998311201320, 0.6017393520173300869, 0.6625060022496068735, 0.7248555134488471330, 0.7891278292811813033, 0.8563463998785101339, 0.9262952349869054691, 1.000000000000000000 ),
 ( 0.000000000000000000, 1.000000000000000000 ),
 .UNSPECIFIED. ) ;
#5963 = LINE ( 'NONE', #6349, #5326 ) ;
#5964 = LINE ( 'NONE', #5108, #4603 ) ;
#5965 = ORIENTED_EDGE ( 'NONE', *, *, #4850, .F. ) ;
#5966 = ORIENTED_EDGE ( 'NONE', *, *, #4927, .T. ) ;
#5967 = EDGE_LOOP ( 'NONE', ( #1690, #571, #1335, #4452 ) ) ;
#5968 = AXIS2_PLACEMENT_3D ( 'NONE', #5174, #1708, #4619 ) ;
#5969 = CARTESIAN_POINT ( 'NONE',  ( -0.01300876610109096866, 0.1892545897336878891, 0.02805696224543321668 ) ) ;
#5970 = CARTESIAN_POINT ( 'NONE',  ( -0.02131048165094867261, 0.1892545897336862515, 0.03102802297837241319 ) ) ;
#5971 = ADVANCED_FACE ( 'NONE', ( #905 ), #157, .F. ) ;
#5972 = VECTOR ( 'NONE', #4105, 39.37007874015748143 ) ;
#5973 = FACE_OUTER_BOUND ( 'NONE', #4233, .T. ) ;
#5974 = ORIENTED_EDGE ( 'NONE', *, *, #3647, .F. ) ;
#5975 = CARTESIAN_POINT ( 'NONE',  ( 0.3749999999999909517, 0.09425458973368357196, 0.1000000000000049460 ) ) ;
#5976 = ORIENTED_EDGE ( 'NONE', *, *, #3100, .F. ) ;
#5977 = CARTESIAN_POINT ( 'NONE',  ( 0.01720689005930941401, 0.1792545897336872418, 0.02561697559257299778 ) ) ;
#5978 = EDGE_CURVE ( 'NONE', #6298, #1732, #2686, .T. ) ;
#5979 = ORIENTED_EDGE ( 'NONE', *, *, #3266, .F. ) ;
#5980 = EDGE_LOOP ( 'NONE', ( #946, #5753, #4453, #3646 ) ) ;
#5981 =( NAMED_UNIT ( * ) PLANE_ANGLE_UNIT ( ) SI_UNIT ( $, .RADIAN. ) );
#5982 = VECTOR ( 'NONE', #4688, 39.37007874015748143 ) ;
#5983 = CARTESIAN_POINT ( 'NONE',  ( -0.003574894911289931004, 0.1892545897336862515, 0.03194302322864985694 ) ) ;
#5984 = VECTOR ( 'NONE', #3635, 39.37007874015748143 ) ;
#5985 = EDGE_LOOP ( 'NONE', ( #6015, #3517, #2490, #5137 ) ) ;
#5986 =( GEOMETRIC_REPRESENTATION_CONTEXT ( 3 ) GLOBAL_UNCERTAINTY_ASSIGNED_CONTEXT ( ( #2590 ) ) GLOBAL_UNIT_ASSIGNED_CONTEXT ( ( #4761, #2288, #5564 ) ) REPRESENTATION_CONTEXT ( 'NONE', 'WORKASPACE' ) );
#5987 = ORIENTED_EDGE ( 'NONE', *, *, #2014, .T. ) ;
#5988 = CARTESIAN_POINT ( 'NONE',  ( 0.0004469243845741008281, 0.1792545897336860761, 0.03220445154852612235 ) ) ;
#5989 = ORIENTED_EDGE ( 'NONE', *, *, #2976, .T. ) ;
#5990 = LINE ( 'NONE', #880, #5501 ) ;
#5991 = CARTESIAN_POINT ( 'NONE',  ( 0.0005303912649160341620, 0.1892545897336851413, -0.04685537751130350315 ) ) ;
#5992 = CYLINDRICAL_SURFACE ( 'NONE', #5076, 0.01250000000000003712 ) ;
#5993 = EDGE_CURVE ( 'NONE', #1662, #510, #4625, .T. ) ;
#5994 = CARTESIAN_POINT ( 'NONE',  ( 0.002751689850450479008, 0.1892545897336873340, 0.03216111214879936731 ) ) ;
#5995 = DIRECTION ( 'NONE',  ( -1.000000000000000000, -1.276756478318932585E-15, -1.110223024625158759E-16 ) ) ;
#5996 = CARTESIAN_POINT ( 'NONE',  ( -0.2900000000000053646, 0.1692545897336859007, -0.03999999999999519912 ) ) ;
#5997 = CARTESIAN_POINT ( 'NONE',  ( 0.3749999999999933942, -0.005745410266316458743, -0.03749999999999571038 ) ) ;
#5998 = EDGE_LOOP ( 'NONE', ( #2570, #54, #5494, #3615 ) ) ;
#5999 = DIRECTION ( 'NONE',  ( 1.000000000000000000, 2.001735728616920982E-15, -1.000867864308460442E-16 ) ) ;
#6000 = VECTOR ( 'NONE', #38, 39.37007874015748143 ) ;
#6001 = VERTEX_POINT ( 'NONE', #758 ) ;
#6002 = ADVANCED_FACE ( 'NONE', ( #3699 ), #5722, .F. ) ;
#6003 = CARTESIAN_POINT ( 'NONE',  ( 0.01711365014875594961, 0.1892545897336829763, -0.02780330123909880921 ) ) ;
#6004 = VECTOR ( 'NONE', #1167, 39.37007874015748143 ) ;
#6005 =( NAMED_UNIT ( * ) PLANE_ANGLE_UNIT ( ) SI_UNIT ( $, .RADIAN. ) );
#6006 = VECTOR ( 'NONE', #1655, 39.37007874015748143 ) ;
#6007 = EDGE_CURVE ( 'NONE', #1047, #3336, #1207, .T. ) ;
#6008 = CARTESIAN_POINT ( 'NONE',  ( -0.0002161250766771085458, 0.1792545897336766392, -0.04684146500975872041 ) ) ;
#6009 = CARTESIAN_POINT ( 'NONE',  ( 0.01585104464233445115, 0.1792545897336844940, 0.02696034452306632703 ) ) ;
#6010 = DIRECTION ( 'NONE',  ( 1.970877152922708759E-16, 1.006139616066556398E-15, 1.000000000000000000 ) ) ;
#6011 = CARTESIAN_POINT ( 'NONE',  ( 0.1624999999999958700, -0.2807454102663166640, -0.09999999999999401035 ) ) ;
#6012 = CARTESIAN_POINT ( 'NONE',  ( 0.02091726214320685853, 0.1792545897336871585, 0.03307343782615256023 ) ) ;
#6013 = LINE ( 'NONE', #661, #3926 ) ;
#6014 = AXIS2_PLACEMENT_3D ( 'NONE', #4606, #4121, #5156 ) ;
#6015 = ORIENTED_EDGE ( 'NONE', *, *, #2105, .F. ) ;
#6016 = CARTESIAN_POINT ( 'NONE',  ( -0.3375000000000037970, 0.05425458973368055271, -0.07499999999999402978 ) ) ;
#6017 = FACE_OUTER_BOUND ( 'NONE', #4167, .T. ) ;
#6018 = VERTEX_POINT ( 'NONE', #5193 ) ;
#6019 = VERTEX_POINT ( 'NONE', #2333 ) ;
#6020 = ORIENTED_EDGE ( 'NONE', *, *, #1751, .T. ) ;
#6021 = CARTESIAN_POINT ( 'NONE',  ( 0.02234726279452005707, 0.1892545897336851413, -0.003200204051660584560 ) ) ;
#6022 = EDGE_CURVE ( 'NONE', #3329, #3194, #3251, .T. ) ;
#6023 = MECHANICAL_DESIGN_GEOMETRIC_PRESENTATION_REPRESENTATION (  '', ( #2369 ), #3814 ) ;
#6024 = ORIENTED_EDGE ( 'NONE', *, *, #1934, .F. ) ;
#6025 = ADVANCED_FACE ( 'NONE', ( #3176 ), #6131, .F. ) ;
#6026 = EDGE_LOOP ( 'NONE', ( #6440, #2145, #1171, #1109 ) ) ;
#6027 = CARTESIAN_POINT ( 'NONE',  ( -0.005945665887004215021, 0.1792545897336755567, -0.04610102017900506721 ) ) ;
#6028 = FACE_OUTER_BOUND ( 'NONE', #148, .T. ) ;
#6029 = CARTESIAN_POINT ( 'NONE',  ( 0.01840068799362805721, 0.1892545897336851413, 0.02421190247089288761 ) ) ;
#6030 = DIRECTION ( 'NONE',  ( 1.000000000000000000, -2.635182449764338759E-15, -1.359791920952805236E-16 ) ) ;
#6031 = DIRECTION ( 'NONE',  ( 1.332267629550189623E-15, 1.000000000000000000, 4.163336342344342450E-16 ) ) ;
#6032 = VECTOR ( 'NONE', #2751, 39.37007874015748143 ) ;
#6033 = ORIENTED_EDGE ( 'NONE', *, *, #2293, .T. ) ;
#6034 = EDGE_CURVE ( 'NONE', #3415, #5818, #6052, .T. ) ;
#6035 = LENGTH_MEASURE_WITH_UNIT ( LENGTH_MEASURE( 0.02539999999999999897 ), #2259 );
#6036 = ORIENTED_EDGE ( 'NONE', *, *, #5140, .T. ) ;
#6037 = ORIENTED_EDGE ( 'NONE', *, *, #4071, .T. ) ;
#6038 = ORIENTED_EDGE ( 'NONE', *, *, #126, .T. ) ;
#6039 = PLANE ( 'NONE',  #4994 ) ;
#6040 = CARTESIAN_POINT ( 'NONE',  ( 0.3749999999999920619, 2.185478394931410575E-14, 4.917326388595674188E-15 ) ) ;
#6041 = B_SPLINE_SURFACE_WITH_KNOTS ( 'NONE', 3, 1, ( 
 ( #5580, #2602 ),
 ( #2091, #136 ),
 ( #2621, #3602 ),
 ( #4111, #1121 ),
 ( #6122, #1162 ),
 ( #4636, #170 ),
 ( #1724, #6157 ),
 ( #1210, #5621 ),
 ( #5187, #6179 ),
 ( #4682, #5643 ),
 ( #3739, #3664 ),
 ( #1665, #2206 ),
 ( #2232, #5207 ),
 ( #747, #3692 ),
 ( #677, #5684 ),
 ( #6138, #194 ),
 ( #1234, #2708 ),
 ( #3223, #212 ),
 ( #723, #2172 ) ),
 .UNSPECIFIED., .F., .F., .F.,
 ( 4, 1, 1, 1, 1, 1, 1, 1, 1, 1, 1, 1, 1, 1, 1, 1, 4 ),
 ( 2, 2 ),
 ( 0.000000000000000000, 0.06690918560565653483, 0.1334854404229653957, 0.2010351165700815235, 0.2712343400187638420, 0.3428799841615842725, 0.4138361296100205311, 0.4859766219744202642, 0.5602295572555486824, 0.5998841807523909164, 0.6440548396425964661, 0.6918919315842545492, 0.7446875244737720667, 0.8014917751698764636, 0.8628576982200922840, 0.9293283793947431093, 1.000000000000000000 ),
 ( 0.000000000000000000, 1.000000000000000000 ),
 .UNSPECIFIED. ) ;
#6042 = CARTESIAN_POINT ( 'NONE',  ( 0.02914283784611372899, 0.1892545897336791461, 0.01385843124938349394 ) ) ;
#6043 = ORIENTED_EDGE ( 'NONE', *, *, #3214, .T. ) ;
#6044 = ORIENTED_EDGE ( 'NONE', *, *, #3290, .T. ) ;
#6045 = VERTEX_POINT ( 'NONE', #1824 ) ;
#6046 = CARTESIAN_POINT ( 'NONE',  ( -0.02285114177014573381, 0.1892545897336840588, -0.03030967445838329832 ) ) ;
#6047 = ORIENTED_EDGE ( 'NONE', *, *, #4481, .F. ) ;
#6048 = ORIENTED_EDGE ( 'NONE', *, *, #1805, .F. ) ;
#6049 = CARTESIAN_POINT ( 'NONE',  ( 0.01585104464233446503, 0.1892545897336856964, 0.02696034452306633050 ) ) ;
#6050 = VERTEX_POINT ( 'NONE', #4964 ) ;
#6051 = CARTESIAN_POINT ( 'NONE',  ( 0.2899999999999914313, 0.1692545897336782679, 0.04000000000000394212 ) ) ;
#6052 = LINE ( 'NONE', #2853, #5908 ) ;
#6053 = FACE_OUTER_BOUND ( 'NONE', #2754, .T. ) ;
#6054 = ADVANCED_FACE ( 'NONE', ( #5105, #2611 ), #2493, .F. ) ;
#6055 = VECTOR ( 'NONE', #3220, 39.37007874015748143 ) ;
#6056 = AXIS2_PLACEMENT_3D ( 'NONE', #2782, #5812, #6238 ) ;
#6057 = VECTOR ( 'NONE', #4826, 39.37007874015748143 ) ;
#6058 = CARTESIAN_POINT ( 'NONE',  ( -0.001595389741961596337, 0.1792545897336871585, 0.03217369397491920413 ) ) ;
#6059 = CARTESIAN_POINT ( 'NONE',  ( -0.08750000000000555944, 0.1792545897336866312, 0.1000000000000082212 ) ) ;
#6060 = CARTESIAN_POINT ( 'NONE',  ( 0.02334957938554647547, 0.1892545897336851413, 0.03038114475382712801 ) ) ;
#6061 = VECTOR ( 'NONE', #2963, 39.37007874015748143 ) ;
#6062 = ORIENTED_EDGE ( 'NONE', *, *, #5175, .F. ) ;
#6063 = CARTESIAN_POINT ( 'NONE',  ( -0.02367727447178448463, 0.1892545897336829763, -0.02796664443820949184 ) ) ;
#6064 = EDGE_CURVE ( 'NONE', #5557, #3380, #2412, .T. ) ;
#6065 = CARTESIAN_POINT ( 'NONE',  ( 0.3124999999999907296, -0.2807454102663166640, 0.1000000000000060424 ) ) ;
#6066 = AXIS2_PLACEMENT_3D ( 'NONE', #6214, #291, #3267 ) ;
#6067 = DIRECTION ( 'NONE',  ( 1.332267629550189623E-15, 1.000000000000000000, 4.163336342344342450E-16 ) ) ;
#6068 = VERTEX_POINT ( 'NONE', #2947 ) ;
#6069 = CARTESIAN_POINT ( 'NONE',  ( -0.02608239452992066471, 0.1792545897336817740, 0.02182768450743833091 ) ) ;
#6070 = CARTESIAN_POINT ( 'NONE',  ( 0.2106198646181409451, -0.5507454102663140727, -0.01249999999998163171 ) ) ;
#6071 = EDGE_CURVE ( 'NONE', #4402, #5538, #6445, .T. ) ;
#6072 = ORIENTED_EDGE ( 'NONE', *, *, #5499, .F. ) ;
#6073 = CARTESIAN_POINT ( 'NONE',  ( 0.2124999999999962752, 0.05425458973368259274, -0.07499999999999096278 ) ) ;
#6074 = EDGE_LOOP ( 'NONE', ( #2936, #4647, #1146, #2738 ) ) ;
#6075 = CARTESIAN_POINT ( 'NONE',  ( -0.2900000000000053646, 0.1792545897336871585, -0.03999999999999738487 ) ) ;
#6076 = UNCERTAINTY_MEASURE_WITH_UNIT (LENGTH_MEASURE( 1.000000000000000082E-05 ), #933, 'distance_accuracy_value', 'NONE');
#6077 = VECTOR ( 'NONE', #6199, 39.37007874015748143 ) ;
#6078 = VECTOR ( 'NONE', #4318, 39.37007874015748143 ) ;
#6079 = CARTESIAN_POINT ( 'NONE',  ( 0.2899999999999919864, 0.1692545897336804328, -0.03999999999999492850 ) ) ;
#6080 = CARTESIAN_POINT ( 'NONE',  ( -0.03750000000000909550, 0.1792545897336893512, -0.09999999999999292788 ) ) ;
#6081 = VERTEX_POINT ( 'NONE', #5924 ) ;
#6082 = EDGE_CURVE ( 'NONE', #1091, #1509, #3625, .T. ) ;
#6083 = ADVANCED_FACE ( 'NONE', ( #6290 ), #272, .F. ) ;
#6084 = VECTOR ( 'NONE', #2684, 39.37007874015748143 ) ;
#6085 = PLANE ( 'NONE',  #2875 ) ;
#6086 = CARTESIAN_POINT ( 'NONE',  ( -0.02427596557269410399, 0.1792545897336722815, -0.02548785614378524383 ) ) ;
#6087 = DIRECTION ( 'NONE',  ( 2.635182449764338759E-15, 1.000000000000000000, 6.314393452555451606E-16 ) ) ;
#6088 = EDGE_LOOP ( 'NONE', ( #3861, #3563, #2659, #493 ) ) ;
#6089 = CARTESIAN_POINT ( 'NONE',  ( 0.0004469243845746338761, 0.1792545897336861316, 0.03220445154852639297 ) ) ;
#6090 = STYLED_ITEM ( 'NONE', ( #2212 ), #671 ) ;
#6091 = FACE_OUTER_BOUND ( 'NONE', #1459, .T. ) ;
#6092 = CARTESIAN_POINT ( 'NONE',  ( -0.3750000000000067724, 0.09425458973367700777, -0.09999999999999401035 ) ) ;
#6093 = VERTEX_POINT ( 'NONE', #2664 ) ;
#6094 = ORIENTED_EDGE ( 'NONE', *, *, #1730, .F. ) ;
#6095 = FILL_AREA_STYLE_COLOUR ( '', #488 ) ;
#6096 = DIRECTION ( 'NONE',  ( 1.387778780781446859E-15, 1.000000000000000000, 5.551115123125787632E-16 ) ) ;
#6097 = ADVANCED_FACE ( 'NONE', ( #4796 ), #6125, .F. ) ;
#6098 = FACE_OUTER_BOUND ( 'NONE', #584, .T. ) ;
#6099 = CARTESIAN_POINT ( 'NONE',  ( 0.004235480435889633216, 0.1892545897336856964, 0.04063844251906152671 ) ) ;
#6100 = EDGE_LOOP ( 'NONE', ( #4152, #6072, #4386, #705 ) ) ;
#6101 = LINE ( 'NONE', #6070, #1184 ) ;
#6102 = EDGE_CURVE ( 'NONE', #2958, #6270, #1299, .T. ) ;
#6103 = VECTOR ( 'NONE', #2769, 39.37007874015748143 ) ;
#6104 = CIRCLE ( 'NONE', #1516, 0.01250000000000003712 ) ;
#6105 = ORIENTED_EDGE ( 'NONE', *, *, #2784, .F. ) ;
#6106 = DIRECTION ( 'NONE',  ( 0.4472135954999572061, -0.8944271909999160775, -4.163336342344339985E-16 ) ) ;
#6107 = ORIENTED_EDGE ( 'NONE', *, *, #5718, .F. ) ;
#6108 = CARTESIAN_POINT ( 'NONE',  ( 0.02132073538738252921, 0.1792545897336860761, 0.01799980702658516424 ) ) ;
#6109 = CARTESIAN_POINT ( 'NONE',  ( 0.3749999999999933942, -0.005745410266316458743, -0.03749999999999571038 ) ) ;
#6110 = DIRECTION ( 'NONE',  ( 1.000000000000000000, 1.276756478318932191E-15, 1.110223024625158513E-16 ) ) ;
#6111 = DIRECTION ( 'NONE',  ( 1.970877152922708759E-16, 1.006139616066556398E-15, 1.000000000000000000 ) ) ;
#6112 = LINE ( 'NONE', #3536, #5549 ) ;
#6113 = ORIENTED_EDGE ( 'NONE', *, *, #4573, .F. ) ;
#6114 = EDGE_CURVE ( 'NONE', #1918, #3544, #3620, .T. ) ;
#6115 = EDGE_LOOP ( 'NONE', ( #5414, #3754, #5134, #1563, #269, #4225 ) ) ;
#6116 = CARTESIAN_POINT ( 'NONE',  ( -0.1250000000000048017, -0.2807454102663117235, 0.06250000000000677236 ) ) ;
#6117 = ADVANCED_FACE ( 'NONE', ( #4477 ), #4788, .F. ) ;
#6118 = SURFACE_STYLE_FILL_AREA ( #4546 ) ;
#6119 = ORIENTED_EDGE ( 'NONE', *, *, #5149, .T. ) ;
#6120 = ORIENTED_EDGE ( 'NONE', *, *, #3518, .T. ) ;
#6121 = EDGE_LOOP ( 'NONE', ( #3527, #729, #3939, #1151, #4307, #3425, #799, #3875, #5296, #1255, #3334, #230 ) ) ;
#6122 = CARTESIAN_POINT ( 'NONE',  ( 0.02008728313750381828, 0.1892545897336807836, 0.007775943233614465884 ) ) ;
#6123 = EDGE_CURVE ( 'NONE', #682, #1741, #4168, .T. ) ;
#6124 = DIRECTION ( 'NONE',  ( -1.942890293094020248E-16, 5.551115123125772841E-16, 1.000000000000000000 ) ) ;
#6125 = CYLINDRICAL_SURFACE ( 'NONE', #5673, 0.01250000000000003712 ) ;
#6126 = LINE ( 'NONE', #5543, #4338 ) ;
#6127 = ORIENTED_EDGE ( 'NONE', *, *, #5661, .T. ) ;
#6128 = PLANE ( 'NONE',  #5968 ) ;
#6129 = ORIENTED_EDGE ( 'NONE', *, *, #1696, .F. ) ;
#6130 = CARTESIAN_POINT ( 'NONE',  ( 0.002849950902691539539, 0.1792545897336838834, -0.002469800493192095964 ) ) ;
#6131 = CYLINDRICAL_SURFACE ( 'NONE', #5824, 0.01250000000000003712 ) ;
#6132 = DIRECTION ( 'NONE',  ( 1.332267629550189623E-15, 1.000000000000000000, 4.163336342344342450E-16 ) ) ;
#6133 = LINE ( 'NONE', #2018, #6446 ) ;
#6134 = DIRECTION ( 'NONE',  ( -1.000000000000000000, -1.276756478318932585E-15, -1.110223024625158759E-16 ) ) ;
#6135 = CARTESIAN_POINT ( 'NONE',  ( -0.003976820273542355268, 0.1792545897336816907, -0.003051958707885421302 ) ) ;
#6136 = DIRECTION ( 'NONE',  ( -1.332267629550189623E-15, -1.000000000000000000, -4.163336342344342450E-16 ) ) ;
#6137 = MECHANICAL_DESIGN_GEOMETRIC_PRESENTATION_REPRESENTATION (  '', ( #3180 ), #3141 ) ;
#6138 = CARTESIAN_POINT ( 'NONE',  ( 0.0007230357127345433867, 0.1892545897336818661, -0.002718415153753599763 ) ) ;
#6139 = EDGE_CURVE ( 'NONE', #652, #6001, #1469, .T. ) ;
#6140 = VECTOR ( 'NONE', #458, 39.37007874015748143 ) ;
#6141 = VERTEX_POINT ( 'NONE', #3513 ) ;
#6142 = DIRECTION ( 'NONE',  ( -1.332267629550189623E-15, -1.000000000000000000, -4.163336342344342450E-16 ) ) ;
#6143 = ADVANCED_FACE ( 'NONE', ( #129 ), #4027, .F. ) ;
#6144 = VECTOR ( 'NONE', #4718, 39.37007874015748143 ) ;
#6145 = ORIENTED_EDGE ( 'NONE', *, *, #2893, .F. ) ;
#6146 = CARTESIAN_POINT ( 'NONE',  ( 0.01249999999999501683, -0.2807454102663117235, -0.09999999999999674427 ) ) ;
#6147 = CARTESIAN_POINT ( 'NONE',  ( 0.3685776294017390486, -0.1335901514628227427, 0.05194120217560539016 ) ) ;
#6148 = DIRECTION ( 'NONE',  ( -1.110223024625166155E-16, 5.967448757360198655E-16, 1.000000000000000000 ) ) ;
#6149 = CARTESIAN_POINT ( 'NONE',  ( -0.01347535125645097850, 0.1892545897336884164, 0.02769724001006636932 ) ) ;
#6150 = AXIS2_PLACEMENT_3D ( 'NONE', #110, #2642, #678 ) ;
#6151 = CARTESIAN_POINT ( 'NONE',  ( -0.2574148077667722245, -0.5507454102663217332, -0.01249999999998327102 ) ) ;
#6152 = FACE_OUTER_BOUND ( 'NONE', #6287, .T. ) ;
#6153 = LINE ( 'NONE', #424, #3916 ) ;
#6154 = VERTEX_POINT ( 'NONE', #5817 ) ;
#6155 =( BOUNDED_CURVE ( )  B_SPLINE_CURVE ( 3, ( #1371, #4902, #2428, #5903 ),
 .UNSPECIFIED., .F., .F. ) 
 B_SPLINE_CURVE_WITH_KNOTS ( ( 4, 4 ),
 ( 1.570796326794895004, 4.712388980384689674 ),
 .UNSPECIFIED. ) 
 CURVE ( )  GEOMETRIC_REPRESENTATION_ITEM ( )  RATIONAL_B_SPLINE_CURVE ( ( 1.000000000000000000, 0.3333333333333340365, 0.3333333333333340365, 1.000000000000000000 ) ) 
 REPRESENTATION_ITEM ( '' )  );
#6156 = DIRECTION ( 'NONE',  ( -1.000000000000000000, -2.135582088683073931E-15, -4.191323202172999653E-16 ) ) ;
#6157 = CARTESIAN_POINT ( 'NONE',  ( 0.01725375361480352421, 0.1792545897336773886, 0.003777569624274010242 ) ) ;
#6158 = EDGE_LOOP ( 'NONE', ( #3253, #3125, #2578, #517 ) ) ;
#6159 = PLANE ( 'NONE',  #4810 ) ;
#6160 = VERTEX_POINT ( 'NONE', #381 ) ;
#6161 = VECTOR ( 'NONE', #4119, 39.37007874015748143 ) ;
#6162 = ORIENTED_EDGE ( 'NONE', *, *, #5809, .T. ) ;
#6163 = ORIENTED_EDGE ( 'NONE', *, *, #903, .T. ) ;
#6164 = CARTESIAN_POINT ( 'NONE',  ( -0.1400000000000067024, 0.1692545897336815430, 0.04000000000000612788 ) ) ;
#6165 = CARTESIAN_POINT ( 'NONE',  ( 0.2874999999999924838, 0.09425458973368193438, -0.09999999999999456546 ) ) ;
#6166 = FILL_AREA_STYLE ('',( #5634 ) ) ;
#6167 = CARTESIAN_POINT ( 'NONE',  ( 0.3749999999999925615, -0.1207454102663134549, -0.03749999999999352462 ) ) ;
#6168 =( LENGTH_UNIT ( ) NAMED_UNIT ( * ) SI_UNIT ( $, .METRE. ) );
#6169 = ORIENTED_EDGE ( 'NONE', *, *, #881, .F. ) ;
#6170 = EDGE_LOOP ( 'NONE', ( #4948, #1467, #4065, #121 ) ) ;
#6171 = FACE_OUTER_BOUND ( 'NONE', #530, .T. ) ;
#6172 = AXIS2_PLACEMENT_3D ( 'NONE', #2158, #654, #5606 ) ;
#6173 = DIMENSIONAL_EXPONENTS ( 1.000000000000000000, 0.000000000000000000, 0.000000000000000000, 0.000000000000000000, 0.000000000000000000, 0.000000000000000000, 0.000000000000000000 ) ;
#6174 = VECTOR ( 'NONE', #149, 39.37007874015748143 ) ;
#6175 = CARTESIAN_POINT ( 'NONE',  ( 0.01328136385572425103, -0.1631983307839890152, -0.009999999999983775339 ) ) ;
#6176 = ORIENTED_EDGE ( 'NONE', *, *, #4729, .F. ) ;
#6177 = VERTEX_POINT ( 'NONE', #2347 ) ;
#6178 = CARTESIAN_POINT ( 'NONE',  ( 0.01739070109397345201, 0.1892545897336856964, -0.02523745550275343155 ) ) ;
#6179 = CARTESIAN_POINT ( 'NONE',  ( 0.01333963134736567725, 0.1792545897336773886, 0.0006456273969126481108 ) ) ;
#6180 = LINE ( 'NONE', #3387, #5486 ) ;
#6181 = ORIENTED_EDGE ( 'NONE', *, *, #189, .T. ) ;
#6182 = CARTESIAN_POINT ( 'NONE',  ( -0.01878353743886923555, 0.1892545897336785909, 0.01986470315530532160 ) ) ;
#6183 = DIRECTION ( 'NONE',  ( -5.551115123125634174E-17, 4.163336342344342450E-16, -1.000000000000000000 ) ) ;
#6184 =( LENGTH_UNIT ( ) NAMED_UNIT ( * ) SI_UNIT ( $, .METRE. ) );
#6185 = EDGE_CURVE ( 'NONE', #3869, #825, #586, .T. ) ;
#6186 = AXIS2_PLACEMENT_3D ( 'NONE', #2310, #4356, #1916 ) ;
#6187 = CARTESIAN_POINT ( 'NONE',  ( 0.3749999999999909517, 0.09425458973368357196, 0.1000000000000049460 ) ) ;
#6188 = VECTOR ( 'NONE', #5148, 39.37007874015748143 ) ;
#6189 =( LENGTH_UNIT ( ) NAMED_UNIT ( * ) SI_UNIT ( $, .METRE. ) );
#6190 = ORIENTED_EDGE ( 'NONE', *, *, #16, .F. ) ;
#6191 = CARTESIAN_POINT ( 'NONE',  ( -0.2924148077667607648, 0.06925458973369516547, 0.01250000000001714497 ) ) ;
#6192 = ADVANCED_FACE ( 'NONE', ( #3484 ), #5259, .F. ) ;
#6193 = CARTESIAN_POINT ( 'NONE',  ( -0.1375000000000058398, 0.1792545897336877136, 0.1000000000000065836 ) ) ;
#6194 = VECTOR ( 'NONE', #2295, 39.37007874015748143 ) ;
#6195 = CARTESIAN_POINT ( 'NONE',  ( 0.02109024215797047908, 0.1792545897336828009, -0.01338281997595775277 ) ) ;
#6196 = EDGE_LOOP ( 'NONE', ( #5428, #1458, #6036, #1451 ) ) ;
#6197 = ORIENTED_EDGE ( 'NONE', *, *, #400, .T. ) ;
#6198 = EDGE_LOOP ( 'NONE', ( #337, #2719, #4610 ) ) ;
#6199 = DIRECTION ( 'NONE',  ( -2.635182449764338759E-15, -1.000000000000000000, -6.314393452555451606E-16 ) ) ;
#6200 = VECTOR ( 'NONE', #5490, 39.37007874015748143 ) ;
#6201 = LINE ( 'NONE', #1323, #5434 ) ;
#6202 = EDGE_CURVE ( 'NONE', #4391, #6050, #526, .T. ) ;
#6203 = FACE_OUTER_BOUND ( 'NONE', #560, .T. ) ;
#6204 = CARTESIAN_POINT ( 'NONE',  ( -0.2625000000000079492, 0.05425458973368046944, 0.07500000000001194600 ) ) ;
#6205 = VECTOR ( 'NONE', #3273, 39.37007874015748143 ) ;
#6206 = DIRECTION ( 'NONE',  ( -1.332267629550189623E-15, -1.000000000000000000, -4.163336342344341957E-16 ) ) ;
#6207 = CARTESIAN_POINT ( 'NONE',  ( -0.1000000000000054873, -0.2807454102663161088, 0.1000000000000049460 ) ) ;
#6208 = CARTESIAN_POINT ( 'NONE',  ( 0.02885280713197316965, 0.1892545897336807836, 0.009861844751192177724 ) ) ;
#6209 = CARTESIAN_POINT ( 'NONE',  ( 0.01840068799362805721, 0.1892545897336851413, 0.02421190247089288761 ) ) ;
#6210 = AXIS2_PLACEMENT_3D ( 'NONE', #6040, #3063, #1062 ) ;
#6211 = CARTESIAN_POINT ( 'NONE',  ( -0.3325000000000069011, -0.2057454102663241469, -0.02499999999999413455 ) ) ;
#6212 = EDGE_CURVE ( 'NONE', #5553, #4073, #2681, .T. ) ;
#6213 = CARTESIAN_POINT ( 'NONE',  ( -0.007972479498718628224, 0.1892545897336807836, -0.04550517437743718113 ) ) ;
#6214 = CARTESIAN_POINT ( 'NONE',  ( -0.07255376758613127364, -0.1631983307839868225, 0.01000000000001846981 ) ) ;
#6215 = SURFACE_SIDE_STYLE ('',( #2567 ) ) ;
#6216 = AXIS2_PLACEMENT_3D ( 'NONE', #2925, #2856, #4882 ) ;
#6217 = ORIENTED_EDGE ( 'NONE', *, *, #4227, .F. ) ;
#6218 = CARTESIAN_POINT ( 'NONE',  ( 0.03749999999999707040, -0.2807454102663161088, -0.09999999999999674427 ) ) ;
#6219 = EDGE_CURVE ( 'NONE', #582, #4282, #5636, .T. ) ;
#6220 = ADVANCED_FACE ( 'NONE', ( #2541 ), #4420, .F. ) ;
#6221 = CARTESIAN_POINT ( 'NONE',  ( -0.2000000000000017042, -0.2807454102663139439, -0.09999999999999292788 ) ) ;
#6222 = VECTOR ( 'NONE', #1849, 39.37007874015748143 ) ;
#6223 = CARTESIAN_POINT ( 'NONE',  ( -0.01726013670776029366, 0.1892545897336807836, 0.02302044542203708979 ) ) ;
#6224 = DIRECTION ( 'NONE',  ( -1.110223024625166155E-16, 5.967448757360198655E-16, 1.000000000000000000 ) ) ;
#6225 = EDGE_LOOP ( 'NONE', ( #2795, #6145, #1688, #6243 ) ) ;
#6226 = DIRECTION ( 'NONE',  ( -1.332267629550189623E-15, -1.000000000000000000, -4.163336342344341957E-16 ) ) ;
#6227 = VECTOR ( 'NONE', #5848, 39.37007874015748143 ) ;
#6228 =( GEOMETRIC_REPRESENTATION_CONTEXT ( 3 ) GLOBAL_UNCERTAINTY_ASSIGNED_CONTEXT ( ( #4699 ) ) GLOBAL_UNIT_ASSIGNED_CONTEXT ( ( #5700, #3211, #3725 ) ) REPRESENTATION_CONTEXT ( 'NONE', 'WORKASPACE' ) );
#6229 = CARTESIAN_POINT ( 'NONE',  ( 0.02109024215797157195, 0.1892545897336829763, -0.01338281997595829921 ) ) ;
#6230 = DIRECTION ( 'NONE',  ( -1.858026332526783612E-15, 1.000000000000000000, 6.314393452555458508E-16 ) ) ;
#6231 = B_SPLINE_SURFACE_WITH_KNOTS ( 'NONE', 3, 1, ( 
 ( #6178, #1479 ),
 ( #2375, #3878 ),
 ( #2034, #1011 ),
 ( #6003, #5442 ),
 ( #2982, #2052 ),
 ( #4711, #3748 ),
 ( #1368, #2735 ),
 ( #1164, #1547 ),
 ( #6273, #2966 ),
 ( #2770, #3999 ),
 ( #1501, #1225 ),
 ( #4906, #4886 ),
 ( #5391, #2431 ),
 ( #2955, #2365 ),
 ( #2388, #857 ),
 ( #414, #4867 ),
 ( #1891, #2891 ),
 ( #6418, #5882 ),
 ( #3907, #4331 ) ),
 .UNSPECIFIED., .F., .F., .F.,
 ( 4, 1, 1, 1, 1, 1, 1, 1, 1, 1, 1, 1, 1, 1, 1, 1, 4 ),
 ( 2, 2 ),
 ( 0.000000000000000000, 0.05527454908752653384, 0.1099660938819835565, 0.1632474428518067011, 0.2180761854823606294, 0.2733008743735932944, 0.3309093000114347594, 0.3909945233652108443, 0.4541759534308246749, 0.5188615408488260750, 0.5833105320111678926, 0.6485166818638258279, 0.7150308870971836539, 0.7825020728543329307, 0.8523226850768557128, 0.9249284897844292086, 1.000000000000000000 ),
 ( 0.000000000000000000, 1.000000000000000000 ),
 .UNSPECIFIED. ) ;
#6232 = ORIENTED_EDGE ( 'NONE', *, *, #4938, .T. ) ;
#6233 = PLANE ( 'NONE',  #2115 ) ;
#6234 = CARTESIAN_POINT ( 'NONE',  ( -0.02407335722314542237, 0.1892545897336829763, -0.02632672480986202740 ) ) ;
#6235 = ORIENTED_EDGE ( 'NONE', *, *, #4159, .F. ) ;
#6236 = ADVANCED_FACE ( 'NONE', ( #3881 ), #5723, .F. ) ;
#6237 = ORIENTED_EDGE ( 'NONE', *, *, #4473, .F. ) ;
#6238 = DIRECTION ( 'NONE',  ( 0.000000000000000000, 0.000000000000000000, -1.000000000000000000 ) ) ;
#6239 = CARTESIAN_POINT ( 'NONE',  ( 0.009869860310389246688, 0.1792545897336817740, -0.01453678228547183870 ) ) ;
#6240 = EDGE_CURVE ( 'NONE', #4923, #2290, #5565, .T. ) ;
#6241 = DIRECTION ( 'NONE',  ( -1.000000000000000000, -1.276756478318932585E-15, -1.110223024625158759E-16 ) ) ;
#6242 = DIRECTION ( 'NONE',  ( 0.000000000000000000, 0.000000000000000000, 1.000000000000000000 ) ) ;
#6243 = ORIENTED_EDGE ( 'NONE', *, *, #5957, .T. ) ;
#6244 = ORIENTED_EDGE ( 'NONE', *, *, #794, .T. ) ;
#6245 = CARTESIAN_POINT ( 'NONE',  ( -0.002945840137346107494, 0.1792545897336844385, -0.01161646258158769915 ) ) ;
#6246 = CARTESIAN_POINT ( 'NONE',  ( -0.07227584794739223828, -0.1861057446201278553, -0.009999999999985414653 ) ) ;
#6247 = EDGE_CURVE ( 'NONE', #1845, #3964, #4101, .T. ) ;
#6248 = VECTOR ( 'NONE', #6293, 39.37007874015748143 ) ;
#6249 = DIRECTION ( 'NONE',  ( -1.332267629550189623E-15, -1.000000000000000000, -4.163336342344342450E-16 ) ) ;
#6250 = PLANE ( 'NONE',  #2029 ) ;
#6251 = ORIENTED_EDGE ( 'NONE', *, *, #2900, .T. ) ;
#6252 = ORIENTED_EDGE ( 'NONE', *, *, #2004, .F. ) ;
#6253 = DIRECTION ( 'NONE',  ( 1.332267629550189623E-15, 1.000000000000000000, 4.163336342344342450E-16 ) ) ;
#6254 = CARTESIAN_POINT ( 'NONE',  ( 0.02478741552122292954, 0.1792545897336795813, -0.02259875091326692467 ) ) ;
#6255 = LINE ( 'NONE', #4911, #3465 ) ;
#6256 = CARTESIAN_POINT ( 'NONE',  ( -0.02427596557269409011, 0.1892545897336775085, -0.02548785614378524036 ) ) ;
#6257 = FILL_AREA_STYLE_COLOUR ( '', #3047 ) ;
#6258 = ADVANCED_FACE ( 'NONE', ( #6437 ), #4801, .T. ) ;
#6259 = LINE ( 'NONE', #6433, #3468 ) ;
#6260 = VECTOR ( 'NONE', #3165, 39.37007874015748854 ) ;
#6261 = DIRECTION ( 'NONE',  ( -1.000000000000000000, -1.276756478318932585E-15, -1.110223024625158759E-16 ) ) ;
#6262 = ORIENTED_EDGE ( 'NONE', *, *, #213, .T. ) ;
#6263 = EDGE_LOOP ( 'NONE', ( #1892, #4868, #3049, #1668 ) ) ;
#6264 = CARTESIAN_POINT ( 'NONE',  ( -0.02195115950360426380, 0.1892545897336807836, -0.03252690115816484623 ) ) ;
#6265 = EDGE_CURVE ( 'NONE', #1488, #5049, #2022, .T. ) ;
#6266 = DIRECTION ( 'NONE',  ( 0.000000000000000000, 0.000000000000000000, 1.000000000000000000 ) ) ;
#6267 = CARTESIAN_POINT ( 'NONE',  ( 0.1249999999999922423, -0.2807454102663161088, -0.07499999999999469591 ) ) ;
#6268 = CARTESIAN_POINT ( 'NONE',  ( 0.06249999999999366479, 0.09425458973368083804, 0.1000000000000054873 ) ) ;
#6269 = VECTOR ( 'NONE', #920, 39.37007874015748143 ) ;
#6270 = VERTEX_POINT ( 'NONE', #1250 ) ;
#6271 = EDGE_LOOP ( 'NONE', ( #908, #2401, #5679, #3543 ) ) ;
#6272 = DIRECTION ( 'NONE',  ( -1.110223024625166155E-16, 5.967448757360198655E-16, 1.000000000000000000 ) ) ;
#6273 = CARTESIAN_POINT ( 'NONE',  ( 0.01375107739161351636, 0.1892545897336835037, -0.03346902166825587582 ) ) ;
#6274 = LINE ( 'NONE', #270, #5806 ) ;
#6275 = B_SPLINE_CURVE_WITH_KNOTS ( 'NONE', 3,
 ( #3929, #5835, #5298, #921, #2410, #4838, #4394, #6310, #3858, #2926, #2363, #1919, #5325, #4376, #855 ),
 .UNSPECIFIED., .F., .F.,
 ( 4, 1, 1, 1, 1, 1, 1, 1, 1, 1, 1, 1, 4 ),
 ( 0.000000000000000000, 0.1227119423657788422, 0.2396849640167734719, 0.3518158552560948782, 0.4637661328620819590, 0.5208177931608305444, 0.5794482914480040270, 0.6406041451203191572, 0.7052975118059832127, 0.7736338807131352135, 0.8446693818863784120, 0.9200565080211456914, 1.000000000000000000 ),
 .UNSPECIFIED. ) ;
#6276 = EDGE_LOOP ( 'NONE', ( #866, #6129, #779, #379 ) ) ;
#6277 = ORIENTED_EDGE ( 'NONE', *, *, #2873, .F. ) ;
#6278 = CARTESIAN_POINT ( 'NONE',  ( 0.3749999999999898415, 0.09425458973367974169, -0.09999999999999510669 ) ) ;
#6279 = UNCERTAINTY_MEASURE_WITH_UNIT (LENGTH_MEASURE( 1.000000000000000082E-05 ), #5814, 'distance_accuracy_value', 'NONE');
#6280 = DIMENSIONAL_EXPONENTS ( 1.000000000000000000, 0.000000000000000000, 0.000000000000000000, 0.000000000000000000, 0.000000000000000000, 0.000000000000000000, 0.000000000000000000 ) ;
#6281 = DIRECTION ( 'NONE',  ( 2.635182449764338759E-15, 1.000000000000000000, 6.314393452555451606E-16 ) ) ;
#6282 = DIRECTION ( 'NONE',  ( 1.942890293094020494E-16, -5.551115123125772841E-16, -1.000000000000000000 ) ) ;
#6283 = DIRECTION ( 'NONE',  ( -1.110223024625164183E-16, 4.440892098500617287E-16, 1.000000000000000000 ) ) ;
#6284 = DIRECTION ( 'NONE',  ( -1.332267629550189623E-15, -1.000000000000000000, -4.163336342344342450E-16 ) ) ;
#6285 = CARTESIAN_POINT ( 'NONE',  ( 0.01940755889867901152, 0.1792545897336773886, -0.01143839400308867792 ) ) ;
#6286 = DIRECTION ( 'NONE',  ( -5.551115123125634174E-17, 4.163336342344342450E-16, -1.000000000000000000 ) ) ;
#6287 = EDGE_LOOP ( 'NONE', ( #5388, #1768, #6120, #3115, #5705 ) ) ;
#6288 = CARTESIAN_POINT ( 'NONE',  ( 0.01623022704662379842, 0.1892545897336807836, -0.03021184305291424801 ) ) ;
#6289 = PRESENTATION_LAYER_ASSIGNMENT (  '', '', ( #1058 ) ) ;
#6290 = FACE_OUTER_BOUND ( 'NONE', #660, .T. ) ;
#6291 = FACE_OUTER_BOUND ( 'NONE', #3084, .T. ) ;
#6292 = CARTESIAN_POINT ( 'NONE',  ( 0.01685328523707264881, 0.1792545897336823291, -0.02173990783965423779 ) ) ;
#6293 = DIRECTION ( 'NONE',  ( -2.080070937451772322E-15, -1.000000000000000000, -6.383782391594523890E-16 ) ) ;
#6294 = ADVANCED_FACE ( 'NONE', ( #1291 ), #5425, .F. ) ;
#6295 = COLOUR_RGB ( '',0.000000000000000000, 0.000000000000000000, 0.000000000000000000 ) ;
#6296 = EDGE_CURVE ( 'NONE', #2583, #1079, #659, .T. ) ;
#6297 = CARTESIAN_POINT ( 'NONE',  ( 0.06605150371280303634, -0.2807454102663183293, 0.01250000000001632618 ) ) ;
#6298 = VERTEX_POINT ( 'NONE', #3735 ) ;
#6299 = CARTESIAN_POINT ( 'NONE',  ( 0.3749999999999925615, 0.1792545897336860761, 0.1000000000000049460 ) ) ;
#6300 = DIRECTION ( 'NONE',  ( -0.4472135954999571505, 0.8944271909999162995, 4.163336342344341464E-16 ) ) ;
#6301 = LINE ( 'NONE', #3584, #6000 ) ;
#6302 = ORIENTED_EDGE ( 'NONE', *, *, #3742, .T. ) ;
#6303 = CARTESIAN_POINT ( 'NONE',  ( -0.2924148077667602097, 0.06925458973368861515, -0.01249999999998791488 ) ) ;
#6304 = CARTESIAN_POINT ( 'NONE',  ( -0.1250000000000048017, -0.2807454102663139439, 0.07500000000000452138 ) ) ;
#6305 = EDGE_LOOP ( 'NONE', ( #1383, #6163, #4339, #3153 ) ) ;
#6306 = CARTESIAN_POINT ( 'NONE',  ( 0.02247932668750086613, 0.1792545897336779437, -0.01547150663841512230 ) ) ;
#6307 = CARTESIAN_POINT ( 'NONE',  ( -0.02748109377781908502, 0.1792545897336828009, 0.01617881052288421342 ) ) ;
#6308 = AXIS2_PLACEMENT_3D ( 'NONE', #4899, #1960, #4351 ) ;
#6309 = LINE ( 'NONE', #255, #6078 ) ;
#6310 = CARTESIAN_POINT ( 'NONE',  ( -0.01162953596072766743, 0.1892545897336807836, -0.03366417962623609317 ) ) ;
#6311 = FACE_OUTER_BOUND ( 'NONE', #579, .T. ) ;
#6312 = ORIENTED_EDGE ( 'NONE', *, *, #5707, .T. ) ;
#6313 = CARTESIAN_POINT ( 'NONE',  ( -0.05000000000000302119, 0.1792545897336816907, 0.1000000000000054873 ) ) ;
#6314 = CARTESIAN_POINT ( 'NONE',  ( -0.01679733309406146805, 0.1792545897336806915, -0.02548785614378142050 ) ) ;
#6315 = DIRECTION ( 'NONE',  ( 1.332267629550189623E-15, 1.000000000000000000, 4.163336342344342450E-16 ) ) ;
#6316 = LINE ( 'NONE', #4032, #4568 ) ;
#6317 = FACE_OUTER_BOUND ( 'NONE', #2984, .T. ) ;
#6318 = ORIENTED_EDGE ( 'NONE', *, *, #870, .T. ) ;
#6319 = EDGE_CURVE ( 'NONE', #1377, #2089, #6274, .T. ) ;
#6320 = ORIENTED_EDGE ( 'NONE', *, *, #6034, .T. ) ;
#6321 = AXIS2_PLACEMENT_3D ( 'NONE', #1405, #5917, #3897 ) ;
#6322 = CARTESIAN_POINT ( 'NONE',  ( 0.3749999999999925615, 0.1792545897336844385, -0.09999999999999401035 ) ) ;
#6323 = DIRECTION ( 'NONE',  ( 5.551115123125767911E-17, 5.967448757360200628E-16, 1.000000000000000000 ) ) ;
#6324 = LINE ( 'NONE', #5456, #12 ) ;
#6325 = B_SPLINE_CURVE_WITH_KNOTS ( 'NONE', 3,
 ( #4158, #3190, #3721, #728, #2239, #199, #5666, #701, #4200, #1215, #4686, #5805, #1632, #1714, #203, #6108, #656, #3129, #123 ),
 .UNSPECIFIED., .F., .F.,
 ( 4, 1, 1, 1, 1, 1, 1, 1, 1, 1, 1, 1, 1, 1, 1, 1, 4 ),
 ( 0.000000000000000000, 0.07607173695556468385, 0.1487517145745115843, 0.2184027938458452112, 0.2857595810623857480, 0.3505980236748785783, 0.4149640445981283010, 0.4780693385717816879, 0.5417606760069072491, 0.6043498585387178101, 0.6640750210708964429, 0.7214636230801987349, 0.7775871282364448245, 0.8326444469271313542, 0.8878435110684598230, 0.9434603426519471148, 1.000000000000000000 ),
 .UNSPECIFIED. ) ;
#6326 = CARTESIAN_POINT ( 'NONE',  ( -0.07241480776675929265, 0.06925458973368861515, -0.01249999999998682200 ) ) ;
#6327 = PLANE ( 'NONE',  #2005 ) ;
#6328 = ORIENTED_EDGE ( 'NONE', *, *, #5499, .T. ) ;
#6329 = DIRECTION ( 'NONE',  ( 0.7071067811865390240, -0.7071067811865560104, 7.632783294297876027E-17 ) ) ;
#6330 = DIRECTION ( 'NONE',  ( -1.000000000000000000, -1.276756478318932585E-15, -1.110223024625158759E-16 ) ) ;
#6331 = CARTESIAN_POINT ( 'NONE',  ( 0.1374999999999943767, -0.2807454102663183293, 0.1000000000000038497 ) ) ;
#6332 = CARTESIAN_POINT ( 'NONE',  ( 0.003769718717739336741, 0.1792545897336838834, -0.04675757737511541945 ) ) ;
#6333 = ADVANCED_FACE ( 'NONE', ( #6431 ), #2749, .F. ) ;
#6334 = LINE ( 'NONE', #3154, #4299 ) ;
#6335 = ORIENTED_EDGE ( 'NONE', *, *, #5069, .F. ) ;
#6336 = CARTESIAN_POINT ( 'NONE',  ( 0.1124999999999939521, 0.09425458973368357196, 0.1000000000000065836 ) ) ;
#6337 = DIRECTION ( 'NONE',  ( 1.332267629550189623E-15, 1.000000000000000000, 4.163336342344342450E-16 ) ) ;
#6338 = CARTESIAN_POINT ( 'NONE',  ( 0.3324999999999948552, 0.03425458973368475379, 0.06250000000000431599 ) ) ;
#6339 = CARTESIAN_POINT ( 'NONE',  ( -0.2924148077667618750, -0.2807454102663270445, -0.01249999999998381746 ) ) ;
#6340 = DIRECTION ( 'NONE',  ( -1.110223024625164183E-16, 4.440892098500617287E-16, 1.000000000000000000 ) ) ;
#6341 = ORIENTED_EDGE ( 'NONE', *, *, #4862, .T. ) ;
#6342 = EDGE_CURVE ( 'NONE', #3887, #6415, #2595, .T. ) ;
#6343 = CARTESIAN_POINT ( 'NONE',  ( -0.03750000000000472400, -0.2807454102663216045, 0.1000000000000084988 ) ) ;
#6344 = ORIENTED_EDGE ( 'NONE', *, *, #4112, .F. ) ;
#6345 = CYLINDRICAL_SURFACE ( 'NONE', #2376, 0.01250000000000003712 ) ;
#6346 = DIRECTION ( 'NONE',  ( -1.332267629550189623E-15, -1.000000000000000000, -4.163336342344342450E-16 ) ) ;
#6348 =( NAMED_UNIT ( * ) PLANE_ANGLE_UNIT ( ) SI_UNIT ( $, .RADIAN. ) );
#6347 = CARTESIAN_POINT ( 'NONE',  ( -0.1474148077667583601, 0.06925458973369079396, -0.09999999999998145095 ) ) ;
#6349 = CARTESIAN_POINT ( 'NONE',  ( 0.3749999999999925615, 0.1792545897336860761, 0.1000000000000049460 ) ) ;
#6350 = CARTESIAN_POINT ( 'NONE',  ( -0.3325000000000069011, -0.005745410266318644495, 0.03750000000000909550 ) ) ;
#6351 = LENGTH_MEASURE_WITH_UNIT ( LENGTH_MEASURE( 0.02539999999999999897 ), #3259 );
#6352 = ORIENTED_EDGE ( 'NONE', *, *, #542, .F. ) ;
#6353 = ORIENTED_EDGE ( 'NONE', *, *, #4207, .F. ) ;
#6354 = DIRECTION ( 'NONE',  ( -1.000000000000000000, -1.276756478318932585E-15, -1.110223024625158759E-16 ) ) ;
#6355 = DIRECTION ( 'NONE',  ( 1.000000000000000000, 2.001735728616920982E-15, -1.000867864308460442E-16 ) ) ;
#6356 = DIRECTION ( 'NONE',  ( -1.000000000000000000, -1.276756478318932585E-15, -1.110223024625158759E-16 ) ) ;
#6357 = VECTOR ( 'NONE', #4767, 39.37007874015748143 ) ;
#6358 = CARTESIAN_POINT ( 'NONE',  ( 0.01797528379422250189, 0.1892545897336840588, -0.04042506913637630012 ) ) ;
#6359 = VECTOR ( 'NONE', #3617, 39.37007874015748143 ) ;
#6360 = ORIENTED_EDGE ( 'NONE', *, *, #4659, .F. ) ;
#6361 = ORIENTED_EDGE ( 'NONE', *, *, #4720, .F. ) ;
#6362 = EDGE_CURVE ( 'NONE', #4965, #5118, #1461, .T. ) ;
#6363 = AXIS2_PLACEMENT_3D ( 'NONE', #1779, #5740, #1115 ) ;
#6364 = CARTESIAN_POINT ( 'NONE',  ( 0.02793114286824158535, 0.1892545897336785909, 0.006047668328414703386 ) ) ;
#6365 = CLOSED_SHELL ( 'NONE', ( #4852, #1619, #5727, #1830, #2499, #4343, #4004, #1789, #3247, #1650, #5185, #864, #5057, #5741, #1725, #512, #5495, #6448, #5971, #1325, #4066, #1205, #2592, #48, #2889, #4476, #3089, #4778, #3373, #355, #3704, #2322, #4970, #5669, #4115, #81, #1097, #543, #2393, #3819, #2556, #1999, #2999, #2639, #1875, #4264, #764, #2241, #2362, #5639, #2033, #3686, #242, #5845, #5087, #3586, #6220, #3344, #4623, #4097, #18, #5197, #3512, #5685, #6117, #1373, #6025, #1172, #6097, #6143, #3760, #6192, #4039, #2261, #6236, #2759, #4375, #2705, #3624, #5150, #5578, #6083, #316, #3741, #5522, #6258, #3036, #3226, #229, #616, #5031, #1683, #3183, #2842, #4230, #4194, #2058, #4689, #5350, #6002, #5548, #4814, #1523, #2798, #3262, #1009, #2720, #1557, #4502, #589, #4183, #1123, #166, #105, #3209, #4558, #1223, #2527 ) ) ;
#6366 = ORIENTED_EDGE ( 'NONE', *, *, #427, .F. ) ;
#6367 = VERTEX_POINT ( 'NONE', #4723 ) ;
#6368 =( BOUNDED_CURVE ( )  B_SPLINE_CURVE ( 3, ( #2054, #3476, #4496, #53 ),
 .UNSPECIFIED., .F., .T. ) 
 B_SPLINE_CURVE_WITH_KNOTS ( ( 4, 4 ),
 ( 1.570796326794895004, 4.712388980384689674 ),
 .UNSPECIFIED. ) 
 CURVE ( )  GEOMETRIC_REPRESENTATION_ITEM ( )  RATIONAL_B_SPLINE_CURVE ( ( 1.000000000000000000, 0.3333333333333340365, 0.3333333333333340365, 1.000000000000000000 ) ) 
 REPRESENTATION_ITEM ( '' )  );
#6369 = EDGE_CURVE ( 'NONE', #5860, #4490, #4412, .T. ) ;
#6370 = LINE ( 'NONE', #1036, #4175 ) ;
#6371 = DIRECTION ( 'NONE',  ( -1.332267629550189623E-15, -1.000000000000000000, -4.163336342344342450E-16 ) ) ;
#6372 = LINE ( 'NONE', #5520, #3558 ) ;
#6373 = FACE_OUTER_BOUND ( 'NONE', #5985, .T. ) ;
#6374 = CARTESIAN_POINT ( 'NONE',  ( 0.006930743645132254535, 0.1792545897336817740, -0.04616437650656903674 ) ) ;
#6375 = FACE_OUTER_BOUND ( 'NONE', #6074, .T. ) ;
#6376 = CARTESIAN_POINT ( 'NONE',  ( 0.02634639682935987354, 0.1892545897336807836, 0.002440266059169380296 ) ) ;
#6377 = ORIENTED_EDGE ( 'NONE', *, *, #2540, .F. ) ;
#6378 = CARTESIAN_POINT ( 'NONE',  ( -0.01654732089709822287, 0.1792545897336816907, -0.02605271058992083763 ) ) ;
#6379 = ORIENTED_EDGE ( 'NONE', *, *, #1885, .F. ) ;
#6380 = EDGE_CURVE ( 'NONE', #1606, #5408, #2313, .T. ) ;
#6381 = CARTESIAN_POINT ( 'NONE',  ( 0.01194889845519631934, 0.1792545897336860761, -0.01572373965489580819 ) ) ;
#6382 = CARTESIAN_POINT ( 'NONE',  ( 0.3749999999999925615, 0.1792545897336844385, -0.09999999999999401035 ) ) ;
#6383 = ORIENTED_EDGE ( 'NONE', *, *, #5586, .T. ) ;
#6384 = LINE ( 'NONE', #2308, #5046 ) ;
#6385 = CARTESIAN_POINT ( 'NONE',  ( 0.03300344421698773317, -0.04723214755363757539, 0.01000000000001655814 ) ) ;
#6386 = PLANE ( 'NONE',  #6308 ) ;
#6387 = LINE ( 'NONE', #2896, #3568 ) ;
#6388 = CARTESIAN_POINT ( 'NONE',  ( 0.05605150371280231969, 0.06925458973369079396, -0.01249999999998381746 ) ) ;
#6389 = CARTESIAN_POINT ( 'NONE',  ( -0.02936674827094055626, -0.04723214755362883238, 0.01000000000001437239 ) ) ;
#6390 = AXIS2_PLACEMENT_3D ( 'NONE', #2370, #6315, #1320 ) ;
#6391 = VERTEX_POINT ( 'NONE', #1967 ) ;
#6392 = CARTESIAN_POINT ( 'NONE',  ( 0.0004469243845746472118, 0.1892545897336873340, 0.03220445154852639297 ) ) ;
#6393 = EDGE_CURVE ( 'NONE', #1847, #1404, #3243, .T. ) ;
#6394 = CARTESIAN_POINT ( 'NONE',  ( -0.02275476243528501419, 0.1892545897336840588, 0.02900427526596407318 ) ) ;
#6395 = LINE ( 'NONE', #1925, #3737 ) ;
#6396 = DIRECTION ( 'NONE',  ( -1.000000000000000000, -1.276756478318932191E-15, -1.110223024625158513E-16 ) ) ;
#6397 = EDGE_LOOP ( 'NONE', ( #2862, #2458, #2453, #2444 ) ) ;
#6398 = EDGE_LOOP ( 'NONE', ( #5341, #2559, #5771, #4222 ) ) ;
#6399 = DIRECTION ( 'NONE',  ( -1.970877152922708759E-16, -1.006139616066556398E-15, -1.000000000000000000 ) ) ;
#6400 = EDGE_CURVE ( 'NONE', #2561, #2019, #1731, .T. ) ;
#6401 = VERTEX_POINT ( 'NONE', #6421 ) ;
#6402 = CARTESIAN_POINT ( 'NONE',  ( -0.01055874481587342623, 0.1892545897336862515, 0.02969200177692038131 ) ) ;
#6403 = DIMENSIONAL_EXPONENTS ( 1.000000000000000000, 0.000000000000000000, 0.000000000000000000, 0.000000000000000000, 0.000000000000000000, 0.000000000000000000, 0.000000000000000000 ) ;
#6404 = VECTOR ( 'NONE', #5844, 39.37007874015748143 ) ;
#6405 = ORIENTED_EDGE ( 'NONE', *, *, #1374, .T. ) ;
#6406 = VERTEX_POINT ( 'NONE', #1893 ) ;
#6407 = DIRECTION ( 'NONE',  ( 1.026956297778269208E-15, 0.8479983040050873555, 0.5299989400031809295 ) ) ;
#6408 = EDGE_CURVE ( 'NONE', #4332, #3575, #5023, .T. ) ;
#6409 = AXIS2_PLACEMENT_3D ( 'NONE', #1917, #3855, #1395 ) ;
#6410 =( LENGTH_UNIT ( ) NAMED_UNIT ( * ) SI_UNIT ( $, .METRE. ) );
#6411 = PLANE ( 'NONE',  #5435 ) ;
#6412 = CARTESIAN_POINT ( 'NONE',  ( -0.3125000000000043299, 0.05425458973368259274, -0.07499999999999157341 ) ) ;
#6413 = B_SPLINE_SURFACE_WITH_KNOTS ( 'NONE', 3, 1, ( 
 ( #4337, #1382 ),
 ( #4848, #3917 ),
 ( #4384, #4874 ),
 ( #5889, #5281 ),
 ( #2317, #2834 ),
 ( #3295, #2367 ),
 ( #5811, #3351 ),
 ( #1303, #5841 ),
 ( #1808, #1842 ),
 ( #5301, #4278 ),
 ( #2868, #3322 ),
 ( #2341, #293 ),
 ( #4822, #349 ),
 ( #4333, #1319 ),
 ( #1351, #6314 ) ),
 .UNSPECIFIED., .F., .F., .F.,
 ( 4, 1, 1, 1, 1, 1, 1, 1, 1, 1, 1, 1, 4 ),
 ( 2, 2 ),
 ( 0.000000000000000000, 0.1227119423657788422, 0.2396849640167734719, 0.3518158552560948782, 0.4637661328620819590, 0.5208177931608305444, 0.5794482914480040270, 0.6406041451203191572, 0.7052975118059832127, 0.7736338807131352135, 0.8446693818863784120, 0.9200565080211456914, 1.000000000000000000 ),
 ( 0.000000000000000000, 1.000000000000000000 ),
 .UNSPECIFIED. ) ;
#6414 = VECTOR ( 'NONE', #949, 39.37007874015748143 ) ;
#6415 = VERTEX_POINT ( 'NONE', #4360 ) ;
#6416 = ORIENTED_EDGE ( 'NONE', *, *, #3991, .T. ) ;
#6417 = ORIENTED_EDGE ( 'NONE', *, *, #3835, .F. ) ;
#6418 = CARTESIAN_POINT ( 'NONE',  ( 0.001220861675326830867, 0.1892545897336818661, -0.03829471114774137680 ) ) ;
#6419 = CARTESIAN_POINT ( 'NONE',  ( -0.01550553263254423643, 0.1792545897336893512, 0.02563411855294992978 ) ) ;
#6420 = VECTOR ( 'NONE', #4151, 39.37007874015748143 ) ;
#6421 = CARTESIAN_POINT ( 'NONE',  ( 0.3324999999999938005, -0.2807454102663172191, 0.06250000000000513478 ) ) ;
#6422 = LINE ( 'NONE', #4350, #4602 ) ;
#6423 = ORIENTED_EDGE ( 'NONE', *, *, #3675, .T. ) ;
#6424 = VECTOR ( 'NONE', #5780, 39.37007874015748143 ) ;
#6425 = EDGE_LOOP ( 'NONE', ( #2473, #1120, #3421, #2864, #6353, #6113, #5760, #5285, #2629, #345, #3604, #5894 ) ) ;
#6426 = DIRECTION ( 'NONE',  ( -1.110223024625166155E-16, 5.967448757360198655E-16, 1.000000000000000000 ) ) ;
#6427 = ORIENTED_EDGE ( 'NONE', *, *, #3471, .F. ) ;
#6428 = AXIS2_PLACEMENT_3D ( 'NONE', #2455, #5934, #3451 ) ;
#6429 = CARTESIAN_POINT ( 'NONE',  ( 0.02334957938554647547, 0.1892545897336851413, 0.03038114475382712801 ) ) ;
#6430 = EDGE_CURVE ( 'NONE', #1883, #782, #3694, .T. ) ;
#6431 = FACE_OUTER_BOUND ( 'NONE', #4675, .T. ) ;
#6432 = CARTESIAN_POINT ( 'NONE',  ( 0.01513709532474944754, 0.1792545897336816907, -0.008059971528394591078 ) ) ;
#6433 = CARTESIAN_POINT ( 'NONE',  ( 0.1874999999999919231, -0.2807454102663144990, -0.09999999999999456546 ) ) ;
#6434 = ORIENTED_EDGE ( 'NONE', *, *, #4082, .T. ) ;
#6435 = DIRECTION ( 'NONE',  ( -1.970877152922708759E-16, -1.006139616066556398E-15, -1.000000000000000000 ) ) ;
#6436 = ORIENTED_EDGE ( 'NONE', *, *, #5653, .T. ) ;
#6437 = FACE_OUTER_BOUND ( 'NONE', #1785, .T. ) ;
#6438 = AXIS2_PLACEMENT_3D ( 'NONE', #4393, #5927, #409 ) ;
#6439 = FACE_OUTER_BOUND ( 'NONE', #4697, .T. ) ;
#6440 = ORIENTED_EDGE ( 'NONE', *, *, #5218, .F. ) ;
#6441 = EDGE_CURVE ( 'NONE', #3575, #5409, #4545, .T. ) ;
#6442 = AXIS2_PLACEMENT_3D ( 'NONE', #1289, #365, #5268 ) ;
#6443 = DIRECTION ( 'NONE',  ( 1.000000000000000000, 1.276756478318932191E-15, 1.110223024625158513E-16 ) ) ;
#6444 = VERTEX_POINT ( 'NONE', #376 ) ;
#6445 = CIRCLE ( 'NONE', #807, 0.01250000000000003712 ) ;
#6446 = VECTOR ( 'NONE', #5942, 39.37007874015748143 ) ;
#6447 = DIRECTION ( 'NONE',  ( -1.000000000000000000, -1.276756478318932585E-15, -1.110223024625158759E-16 ) ) ;
#6448 = ADVANCED_FACE ( 'NONE', ( #1044 ), #2389, .F. ) ;
#6449 = CARTESIAN_POINT ( 'NONE',  ( 0.1374999999999950984, 0.05425458973367932453, -0.07499999999999362732 ) ) ;
#6450 = EDGE_CURVE ( 'NONE', #4999, #2837, #359, .T. ) ;
#6451 = LINE ( 'NONE', #1452, #6061 ) ;
#6452 = ORIENTED_EDGE ( 'NONE', *, *, #1065, .T. ) ;
#6453 = EDGE_LOOP ( 'NONE', ( #36, #877, #6427, #1357 ) ) ;
#6454 = CARTESIAN_POINT ( 'NONE',  ( 0.02825285761150077984, 0.1892545897336856964, 0.02079350850329489409 ) ) ;
#6455 = DIRECTION ( 'NONE',  ( -1.332267629550189623E-15, -1.000000000000000000, -4.163336342344342450E-16 ) ) ;
#6456 = VECTOR ( 'NONE', #1362, 39.37007874015748143 ) ;
#6457 = CARTESIAN_POINT ( 'NONE',  ( -0.02401530145222313672, 0.1892545897336840588, 0.02678705964218785346 ) ) ;
#6458 = EDGE_CURVE ( 'NONE', #58, #2053, #1844, .T. ) ;
#6459 = CARTESIAN_POINT ( 'NONE',  ( 0.02885280713197098390, 0.1792545897336806082, 0.009861844751185894556 ) ) ;
#6460 = CARTESIAN_POINT ( 'NONE',  ( 0.02088065918336343141, 0.1892545897336878891, 0.01964406486835902632 ) ) ;
ENDSEC;
END-ISO-10303-21;
