ISO-10303-21;
HEADER;
/* Generated by software containing ST-Developer
 * from STEP Tools, Inc. (www.steptools.com) 
 */

FILE_DESCRIPTION(
/* description */ ('STEP AP214'),
/* implementation_level */ '2;1');

FILE_NAME(
/* name */ 'ATC Fuse.step',
/* time_stamp */ '2025-12-12T10:44:39+07:00',
/* author */ (''),
/* organization */ (''),
/* preprocessor_version */ 'ST-DEVELOPER v20.1',
/* originating_system */ 'Autodesk Translation Framework v14.21.0.0',
/* authorisation */ '');

FILE_SCHEMA (('AUTOMOTIVE_DESIGN { 1 0 10303 214 3 1 1 }'));
ENDSEC;

DATA;
#10=MECHANICAL_DESIGN_GEOMETRIC_PRESENTATION_REPRESENTATION('',(#85,#86,
#87,#88,#89,#90,#91,#92,#93,#94,#95,#96,#97,#98,#99,#100,#101,#102,#103,
#104,#105),#6092);
#11=SHAPE_REPRESENTATION_RELATIONSHIP('SRR','None',#6099,#12);
#12=ADVANCED_BREP_SHAPE_REPRESENTATION('',(#106,#107,#108),#6091);
#13=B_SPLINE_SURFACE_WITH_KNOTS('',3,1,((#5430,#5431),(#5432,#5433),(#5434,
#5435),(#5436,#5437),(#5438,#5439),(#5440,#5441),(#5442,#5443),(#5444,#5445),
(#5446,#5447),(#5448,#5449),(#5450,#5451),(#5452,#5453),(#5454,#5455),(#5456,
#5457),(#5458,#5459)),.UNSPECIFIED.,.F.,.F.,.F.,(4,1,1,1,1,1,1,1,1,1,1,
1,4),(2,2),(0.,0.122711942365779,0.239684964016773,0.351815855256095,0.463766132862082,
0.520817793160831,0.579448291448004,0.640604145120319,0.705297511805983,
0.773633880713135,0.844669381886378,0.920056508021146,1.),(0.,0.0304800000000219),
 .UNSPECIFIED.);
#14=B_SPLINE_SURFACE_WITH_KNOTS('',3,1,((#5479,#5480),(#5481,#5482),(#5483,
#5484),(#5485,#5486),(#5487,#5488),(#5489,#5490),(#5491,#5492),(#5493,#5494),
(#5495,#5496),(#5497,#5498),(#5499,#5500),(#5501,#5502),(#5503,#5504),(#5505,
#5506),(#5507,#5508),(#5509,#5510),(#5511,#5512),(#5513,#5514),(#5515,#5516)),
 .UNSPECIFIED.,.F.,.F.,.F.,(4,1,1,1,1,1,1,1,1,1,1,1,1,1,1,1,4),(2,2),(0.,
0.0552745490875265,0.109966093881984,0.163247442851807,0.218076185482361,
0.273300874373593,0.330909300011435,0.390994523365211,0.454175953430825,
0.518861540848826,0.583310532011168,0.648516681863826,0.715030887097184,
0.782502072854333,0.852322685076856,0.924928489784429,1.),(0.,0.030480000000027),
 .UNSPECIFIED.);
#15=B_SPLINE_SURFACE_WITH_KNOTS('',3,1,((#5538,#5539),(#5540,#5541),(#5542,
#5543),(#5544,#5545),(#5546,#5547),(#5548,#5549),(#5550,#5551),(#5552,#5553),
(#5554,#5555),(#5556,#5557),(#5558,#5559),(#5560,#5561),(#5562,#5563),(#5564,
#5565),(#5566,#5567)),.UNSPECIFIED.,.F.,.F.,.F.,(4,1,1,1,1,1,1,1,1,1,1,
1,4),(2,2),(0.,0.110165553211444,0.215787256174972,0.318027434909417,0.417573954165508,
0.511650487647446,0.596162097102762,0.672934533484996,0.743669557349857,
0.810677001065361,0.874058962313736,0.936696301919373,1.),(0.,0.0304800000000085),
 .UNSPECIFIED.);
#16=B_SPLINE_SURFACE_WITH_KNOTS('',3,1,((#5589,#5590),(#5591,#5592),(#5593,
#5594),(#5595,#5596),(#5597,#5598),(#5599,#5600),(#5601,#5602),(#5603,#5604),
(#5605,#5606),(#5607,#5608),(#5609,#5610),(#5611,#5612),(#5613,#5614),(#5615,
#5616),(#5617,#5618),(#5619,#5620),(#5621,#5622),(#5623,#5624),(#5625,#5626)),
 .UNSPECIFIED.,.F.,.F.,.F.,(4,1,1,1,1,1,1,1,1,1,1,1,1,1,1,1,4),(2,2),(0.,
0.0669091856056565,0.133485440422965,0.201035116570082,0.271234340018764,
0.342879984161584,0.413836129610021,0.48597662197442,0.560229557255549,
0.599884180752391,0.644054839642596,0.691891931584255,0.744687524473772,
0.801491775169876,0.862857698220092,0.929328379394743,1.),(0.,0.0304800000000036),
 .UNSPECIFIED.);
#17=B_SPLINE_SURFACE_WITH_KNOTS('',3,1,((#5648,#5649),(#5650,#5651),(#5652,
#5653),(#5654,#5655),(#5656,#5657),(#5658,#5659),(#5660,#5661),(#5662,#5663),
(#5664,#5665),(#5666,#5667),(#5668,#5669),(#5670,#5671),(#5672,#5673),(#5674,
#5675),(#5676,#5677),(#5678,#5679),(#5680,#5681),(#5682,#5683),(#5684,#5685)),
 .UNSPECIFIED.,.F.,.F.,.F.,(4,1,1,1,1,1,1,1,1,1,1,1,1,1,1,1,4),(2,2),(0.,
0.0760717369555647,0.148751714574512,0.218402793845845,0.285759581062386,
0.350598023674879,0.414964044598128,0.478069338571782,0.541760676006907,
0.604349858538718,0.664075021070896,0.721463623080199,0.777587128236445,
0.832644446927131,0.88784351106846,0.943460342651947,1.),(0.,0.0304800000000318),
 .UNSPECIFIED.);
#18=B_SPLINE_SURFACE_WITH_KNOTS('',3,1,((#5707,#5708),(#5709,#5710),(#5711,
#5712),(#5713,#5714),(#5715,#5716),(#5717,#5718),(#5719,#5720),(#5721,#5722),
(#5723,#5724),(#5725,#5726),(#5727,#5728)),.UNSPECIFIED.,.F.,.F.,.F.,(4,
1,1,1,1,1,1,1,4),(2,2),(0.,0.118271304835726,0.236177533083763,0.355662932948509,
0.475904164670683,0.600127341711083,0.72860811615512,0.861313475673942,
1.),(0.,0.0304800000000169),.UNSPECIFIED.);
#19=B_SPLINE_SURFACE_WITH_KNOTS('',3,1,((#5742,#5743),(#5744,#5745),(#5746,
#5747),(#5748,#5749),(#5750,#5751),(#5752,#5753),(#5754,#5755),(#5756,#5757),
(#5758,#5759),(#5760,#5761),(#5762,#5763)),.UNSPECIFIED.,.F.,.F.,.F.,(4,
1,1,1,1,1,1,1,4),(2,2),(0.,0.149770386031968,0.291316409995244,0.425966373104742,
0.552159573969528,0.671527413523593,0.786121628691659,0.895325073070445,
1.),(0.,0.0304800000000202),.UNSPECIFIED.);
#20=B_SPLINE_SURFACE_WITH_KNOTS('',3,1,((#5781,#5782),(#5783,#5784),(#5785,
#5786),(#5787,#5788),(#5789,#5790),(#5791,#5792),(#5793,#5794),(#5795,#5796),
(#5797,#5798),(#5799,#5800),(#5801,#5802),(#5803,#5804),(#5805,#5806),(#5807,
#5808),(#5809,#5810),(#5811,#5812),(#5813,#5814),(#5815,#5816),(#5817,#5818)),
 .UNSPECIFIED.,.F.,.F.,.F.,(4,1,1,1,1,1,1,1,1,1,1,1,1,1,1,1,4),(2,2),(0.,
0.0655411703374034,0.128963167782593,0.190377136188561,0.250092361669053,
0.308548432459201,0.366397963055296,0.42454218926668,0.483169996422906,
0.54224339983112,0.60173935201733,0.662506002249607,0.724855513448847,0.789127829281181,
0.85634639987851,0.926295234986905,1.),(0.,0.0304800000000203),
 .UNSPECIFIED.);
#21=B_SPLINE_SURFACE_WITH_KNOTS('',3,1,((#5840,#5841),(#5842,#5843),(#5844,
#5845),(#5846,#5847),(#5848,#5849),(#5850,#5851),(#5852,#5853),(#5854,#5855),
(#5856,#5857),(#5858,#5859),(#5860,#5861),(#5862,#5863),(#5864,#5865),(#5866,
#5867),(#5868,#5869)),.UNSPECIFIED.,.F.,.F.,.F.,(4,1,1,1,1,1,1,1,1,1,1,
1,4),(2,2),(0.,0.0796482511802279,0.158921676418113,0.239619494737032,0.322609429818561,
0.406034636617924,0.487602095492388,0.569684626595931,0.653036145008834,
0.737435717722288,0.82247781585551,0.909747655118407,1.),(0.,0.030479999999997),
 .UNSPECIFIED.);
#22=B_SPLINE_SURFACE_WITH_KNOTS('',3,1,((#5887,#5888),(#5889,#5890),(#5891,
#5892),(#5893,#5894),(#5895,#5896),(#5897,#5898),(#5899,#5900),(#5901,#5902),
(#5903,#5904),(#5905,#5906),(#5907,#5908)),.UNSPECIFIED.,.F.,.F.,.F.,(4,
1,1,1,1,1,1,1,4),(2,2),(0.,0.128135509797255,0.25417271190198,0.378111645139002,
0.501712263007284,0.623986309368485,0.747095613617741,0.872874636650062,
1.),(0.,0.030480000000007),.UNSPECIFIED.);
#23=B_SPLINE_SURFACE_WITH_KNOTS('',3,1,((#5922,#5923),(#5924,#5925),(#5926,
#5927),(#5928,#5929),(#5930,#5931),(#5932,#5933),(#5934,#5935)),
 .UNSPECIFIED.,.F.,.F.,.F.,(4,1,1,1,4),(2,2),(0.,0.253879600326656,0.503008917278363,
0.750291080689973,1.),(0.,0.0304800000000236),.UNSPECIFIED.);
#24=B_SPLINE_SURFACE_WITH_KNOTS('',3,1,((#5945,#5946),(#5947,#5948),(#5949,
#5950),(#5951,#5952),(#5953,#5954),(#5955,#5956),(#5957,#5958),(#5959,#5960),
(#5961,#5962),(#5963,#5964),(#5965,#5966)),.UNSPECIFIED.,.F.,.F.,.F.,(4,
1,1,1,1,1,1,1,4),(2,2),(0.,0.12806754859589,0.250608318867669,0.370630165914503,
0.490072246729949,0.61037476415462,0.734313069911526,0.86321650424499,1.),
(0.,0.0304800000000236),.UNSPECIFIED.);
#25=B_SPLINE_SURFACE_WITH_KNOTS('',3,1,((#5980,#5981),(#5982,#5983),(#5984,
#5985),(#5986,#5987),(#5988,#5989),(#5990,#5991),(#5992,#5993),(#5994,#5995),
(#5996,#5997),(#5998,#5999),(#6000,#6001),(#6002,#6003),(#6004,#6005),(#6006,
#6007),(#6008,#6009)),.UNSPECIFIED.,.F.,.F.,.F.,(4,1,1,1,1,1,1,1,1,1,1,
1,4),(2,2),(0.,0.0902542493426766,0.178539791528685,0.26609303385382,0.354630977957173,
0.441886153350563,0.525746915163649,0.608113633603637,0.690197272827882,
0.770821484330335,0.848326181255411,0.924011740024743,1.),(0.,0.0304800000000236),
 .UNSPECIFIED.);
#26=B_SPLINE_SURFACE_WITH_KNOTS('',3,1,((#6027,#6028),(#6029,#6030),(#6031,
#6032),(#6033,#6034),(#6035,#6036),(#6037,#6038),(#6039,#6040),(#6041,#6042),
(#6043,#6044),(#6045,#6046),(#6047,#6048),(#6049,#6050),(#6051,#6052),(#6053,
#6054),(#6055,#6056),(#6057,#6058),(#6059,#6060),(#6061,#6062),(#6063,#6064)),
 .UNSPECIFIED.,.F.,.F.,.F.,(4,1,1,1,1,1,1,1,1,1,1,1,1,1,1,1,4),(2,2),(0.,
0.0726253460834356,0.141976611326235,0.208984928418939,0.273956870364445,
0.336889347396841,0.39874495349459,0.460115885278862,0.520824922590029,
0.580994458632486,0.640151927601465,0.698622450756255,0.757271080927165,
0.81642669400466,0.876254048203471,0.937165293062537,1.),(0.,0.030480000000016),
 .UNSPECIFIED.);
#27=B_SPLINE_CURVE_WITH_KNOTS('',3,(#5070,#5071,#5072,#5073,#5074,#5075,
#5076,#5077,#5078,#5079,#5080,#5081,#5082,#5083,#5084,#5085,#5086,#5087,
#5088),.UNSPECIFIED.,.F.,.F.,(4,1,1,1,1,1,1,1,1,1,1,1,1,1,1,1,4),(0.,0.0552745490875265,
0.109966093881984,0.163247442851807,0.218076185482361,0.273300874373593,
0.330909300011435,0.390994523365211,0.454175953430825,0.518861540848826,
0.583310532011168,0.648516681863826,0.715030887097184,0.782502072854333,
0.852322685076856,0.924928489784429,1.),.UNSPECIFIED.);
#28=B_SPLINE_CURVE_WITH_KNOTS('',3,(#5090,#5091,#5092,#5093,#5094,#5095,
#5096,#5097,#5098,#5099,#5100,#5101,#5102,#5103,#5104),.UNSPECIFIED.,.F.,
 .F.,(4,1,1,1,1,1,1,1,1,1,1,1,4),(0.,0.122711942365779,0.239684964016773,
0.351815855256095,0.463766132862082,0.520817793160831,0.579448291448004,
0.640604145120319,0.705297511805983,0.773633880713135,0.844669381886378,
0.920056508021146,1.),.UNSPECIFIED.);
#29=B_SPLINE_CURVE_WITH_KNOTS('',3,(#5108,#5109,#5110,#5111,#5112,#5113,
#5114,#5115,#5116,#5117,#5118,#5119,#5120,#5121,#5122,#5123,#5124,#5125,
#5126),.UNSPECIFIED.,.F.,.F.,(4,1,1,1,1,1,1,1,1,1,1,1,1,1,1,1,4),(0.,0.0726253460834356,
0.141976611326235,0.208984928418939,0.273956870364445,0.336889347396841,
0.39874495349459,0.460115885278862,0.520824922590029,0.580994458632486,
0.640151927601465,0.698622450756255,0.757271080927165,0.81642669400466,
0.876254048203471,0.937165293062537,1.),.UNSPECIFIED.);
#30=B_SPLINE_CURVE_WITH_KNOTS('',3,(#5128,#5129,#5130,#5131,#5132,#5133,
#5134,#5135,#5136,#5137,#5138,#5139,#5140,#5141,#5142),.UNSPECIFIED.,.F.,
 .F.,(4,1,1,1,1,1,1,1,1,1,1,1,4),(0.,0.0902542493426766,0.178539791528685,
0.26609303385382,0.354630977957173,0.441886153350563,0.525746915163649,
0.608113633603637,0.690197272827882,0.770821484330335,0.848326181255411,
0.924011740024743,1.),.UNSPECIFIED.);
#31=B_SPLINE_CURVE_WITH_KNOTS('',3,(#5144,#5145,#5146,#5147,#5148,#5149,
#5150,#5151,#5152,#5153,#5154),.UNSPECIFIED.,.F.,.F.,(4,1,1,1,1,1,1,1,4),
(0.,0.12806754859589,0.250608318867669,0.370630165914503,0.490072246729949,
0.61037476415462,0.734313069911526,0.86321650424499,1.),.UNSPECIFIED.);
#32=B_SPLINE_CURVE_WITH_KNOTS('',3,(#5156,#5157,#5158,#5159,#5160,#5161,
#5162),.UNSPECIFIED.,.F.,.F.,(4,1,1,1,4),(0.,0.253879600326656,0.503008917278363,
0.750291080689973,1.),.UNSPECIFIED.);
#33=B_SPLINE_CURVE_WITH_KNOTS('',3,(#5164,#5165,#5166,#5167,#5168,#5169,
#5170,#5171,#5172,#5173,#5174),.UNSPECIFIED.,.F.,.F.,(4,1,1,1,1,1,1,1,4),
(0.,0.128135509797255,0.25417271190198,0.378111645139002,0.501712263007284,
0.623986309368485,0.747095613617741,0.872874636650062,1.),.UNSPECIFIED.);
#34=B_SPLINE_CURVE_WITH_KNOTS('',3,(#5176,#5177,#5178,#5179,#5180,#5181,
#5182,#5183,#5184,#5185,#5186,#5187,#5188,#5189,#5190),.UNSPECIFIED.,.F.,
 .F.,(4,1,1,1,1,1,1,1,1,1,1,1,4),(0.,0.0796482511802279,0.158921676418113,
0.239619494737032,0.322609429818561,0.406034636617924,0.487602095492388,
0.569684626595931,0.653036145008834,0.737435717722288,0.82247781585551,
0.909747655118407,1.),.UNSPECIFIED.);
#35=B_SPLINE_CURVE_WITH_KNOTS('',3,(#5192,#5193,#5194,#5195,#5196,#5197,
#5198,#5199,#5200,#5201,#5202,#5203,#5204,#5205,#5206,#5207,#5208,#5209,
#5210),.UNSPECIFIED.,.F.,.F.,(4,1,1,1,1,1,1,1,1,1,1,1,1,1,1,1,4),(0.,0.0655411703374034,
0.128963167782593,0.190377136188561,0.250092361669053,0.308548432459201,
0.366397963055296,0.42454218926668,0.483169996422906,0.54224339983112,0.60173935201733,
0.662506002249607,0.724855513448847,0.789127829281181,0.85634639987851,
0.926295234986905,1.),.UNSPECIFIED.);
#36=B_SPLINE_CURVE_WITH_KNOTS('',3,(#5214,#5215,#5216,#5217,#5218,#5219,
#5220,#5221,#5222,#5223,#5224),.UNSPECIFIED.,.F.,.F.,(4,1,1,1,1,1,1,1,4),
(0.,0.149770386031968,0.291316409995244,0.425966373104742,0.552159573969528,
0.671527413523593,0.786121628691659,0.895325073070445,1.),.UNSPECIFIED.);
#37=B_SPLINE_CURVE_WITH_KNOTS('',3,(#5226,#5227,#5228,#5229,#5230,#5231,
#5232,#5233,#5234,#5235,#5236),.UNSPECIFIED.,.F.,.F.,(4,1,1,1,1,1,1,1,4),
(0.,0.118271304835726,0.236177533083763,0.355662932948509,0.475904164670683,
0.600127341711083,0.72860811615512,0.861313475673942,1.),.UNSPECIFIED.);
#38=B_SPLINE_CURVE_WITH_KNOTS('',3,(#5238,#5239,#5240,#5241,#5242,#5243,
#5244,#5245,#5246,#5247,#5248,#5249,#5250,#5251,#5252,#5253,#5254,#5255,
#5256),.UNSPECIFIED.,.F.,.F.,(4,1,1,1,1,1,1,1,1,1,1,1,1,1,1,1,4),(0.,0.0760717369555647,
0.148751714574512,0.218402793845845,0.285759581062386,0.350598023674879,
0.414964044598128,0.478069338571782,0.541760676006907,0.604349858538718,
0.664075021070896,0.721463623080199,0.777587128236445,0.832644446927131,
0.88784351106846,0.943460342651947,1.),.UNSPECIFIED.);
#39=B_SPLINE_CURVE_WITH_KNOTS('',3,(#5258,#5259,#5260,#5261,#5262,#5263,
#5264,#5265,#5266,#5267,#5268,#5269,#5270,#5271,#5272,#5273,#5274,#5275,
#5276),.UNSPECIFIED.,.F.,.F.,(4,1,1,1,1,1,1,1,1,1,1,1,1,1,1,1,4),(0.,0.0669091856056565,
0.133485440422965,0.201035116570082,0.271234340018764,0.342879984161584,
0.413836129610021,0.48597662197442,0.560229557255549,0.599884180752391,
0.644054839642596,0.691891931584255,0.744687524473772,0.801491775169876,
0.862857698220092,0.929328379394743,1.),.UNSPECIFIED.);
#40=B_SPLINE_CURVE_WITH_KNOTS('',3,(#5279,#5280,#5281,#5282,#5283,#5284,
#5285,#5286,#5287,#5288,#5289,#5290,#5291,#5292,#5293),.UNSPECIFIED.,.F.,
 .F.,(4,1,1,1,1,1,1,1,1,1,1,1,4),(0.,0.110165553211444,0.215787256174972,
0.318027434909417,0.417573954165508,0.511650487647446,0.596162097102762,
0.672934533484996,0.743669557349857,0.810677001065361,0.874058962313736,
0.936696301919373,1.),.UNSPECIFIED.);
#41=B_SPLINE_CURVE_WITH_KNOTS('',3,(#5463,#5464,#5465,#5466,#5467,#5468,
#5469,#5470,#5471,#5472,#5473,#5474,#5475,#5476,#5477),.UNSPECIFIED.,.F.,
 .F.,(4,1,1,1,1,1,1,1,1,1,1,1,4),(0.,0.122711942365779,0.239684964016773,
0.351815855256095,0.463766132862082,0.520817793160831,0.579448291448004,
0.640604145120319,0.705297511805983,0.773633880713135,0.844669381886378,
0.920056508021146,1.),.UNSPECIFIED.);
#42=B_SPLINE_CURVE_WITH_KNOTS('',3,(#5519,#5520,#5521,#5522,#5523,#5524,
#5525,#5526,#5527,#5528,#5529,#5530,#5531,#5532,#5533,#5534,#5535,#5536,
#5537),.UNSPECIFIED.,.F.,.F.,(4,1,1,1,1,1,1,1,1,1,1,1,1,1,1,1,4),(0.,0.0552745490875265,
0.109966093881984,0.163247442851807,0.218076185482361,0.273300874373593,
0.330909300011435,0.390994523365211,0.454175953430825,0.518861540848826,
0.583310532011168,0.648516681863826,0.715030887097184,0.782502072854333,
0.852322685076856,0.924928489784429,1.),.UNSPECIFIED.);
#43=B_SPLINE_CURVE_WITH_KNOTS('',3,(#5570,#5571,#5572,#5573,#5574,#5575,
#5576,#5577,#5578,#5579,#5580,#5581,#5582,#5583,#5584),.UNSPECIFIED.,.F.,
 .F.,(4,1,1,1,1,1,1,1,1,1,1,1,4),(0.,0.110165553211444,0.215787256174972,
0.318027434909417,0.417573954165508,0.511650487647446,0.596162097102762,
0.672934533484996,0.743669557349857,0.810677001065361,0.874058962313736,
0.936696301919373,1.),.UNSPECIFIED.);
#44=B_SPLINE_CURVE_WITH_KNOTS('',3,(#5629,#5630,#5631,#5632,#5633,#5634,
#5635,#5636,#5637,#5638,#5639,#5640,#5641,#5642,#5643,#5644,#5645,#5646,
#5647),.UNSPECIFIED.,.F.,.F.,(4,1,1,1,1,1,1,1,1,1,1,1,1,1,1,1,4),(0.,0.0669091856056565,
0.133485440422965,0.201035116570082,0.271234340018764,0.342879984161584,
0.413836129610021,0.48597662197442,0.560229557255549,0.599884180752391,
0.644054839642596,0.691891931584255,0.744687524473772,0.801491775169876,
0.862857698220092,0.929328379394743,1.),.UNSPECIFIED.);
#45=B_SPLINE_CURVE_WITH_KNOTS('',3,(#5688,#5689,#5690,#5691,#5692,#5693,
#5694,#5695,#5696,#5697,#5698,#5699,#5700,#5701,#5702,#5703,#5704,#5705,
#5706),.UNSPECIFIED.,.F.,.F.,(4,1,1,1,1,1,1,1,1,1,1,1,1,1,1,1,4),(0.,0.0760717369555647,
0.148751714574512,0.218402793845845,0.285759581062386,0.350598023674879,
0.414964044598128,0.478069338571782,0.541760676006907,0.604349858538718,
0.664075021070896,0.721463623080199,0.777587128236445,0.832644446927131,
0.88784351106846,0.943460342651947,1.),.UNSPECIFIED.);
#46=B_SPLINE_CURVE_WITH_KNOTS('',3,(#5731,#5732,#5733,#5734,#5735,#5736,
#5737,#5738,#5739,#5740,#5741),.UNSPECIFIED.,.F.,.F.,(4,1,1,1,1,1,1,1,4),
(0.,0.118271304835726,0.236177533083763,0.355662932948509,0.475904164670683,
0.600127341711083,0.72860811615512,0.861313475673942,1.),.UNSPECIFIED.);
#47=B_SPLINE_CURVE_WITH_KNOTS('',3,(#5766,#5767,#5768,#5769,#5770,#5771,
#5772,#5773,#5774,#5775,#5776),.UNSPECIFIED.,.F.,.F.,(4,1,1,1,1,1,1,1,4),
(0.,0.149770386031968,0.291316409995244,0.425966373104742,0.552159573969528,
0.671527413523593,0.786121628691659,0.895325073070445,1.),.UNSPECIFIED.);
#48=B_SPLINE_CURVE_WITH_KNOTS('',3,(#5821,#5822,#5823,#5824,#5825,#5826,
#5827,#5828,#5829,#5830,#5831,#5832,#5833,#5834,#5835,#5836,#5837,#5838,
#5839),.UNSPECIFIED.,.F.,.F.,(4,1,1,1,1,1,1,1,1,1,1,1,1,1,1,1,4),(0.,0.0655411703374034,
0.128963167782593,0.190377136188561,0.250092361669053,0.308548432459201,
0.366397963055296,0.42454218926668,0.483169996422906,0.54224339983112,0.60173935201733,
0.662506002249607,0.724855513448847,0.789127829281181,0.85634639987851,
0.926295234986905,1.),.UNSPECIFIED.);
#49=B_SPLINE_CURVE_WITH_KNOTS('',3,(#5872,#5873,#5874,#5875,#5876,#5877,
#5878,#5879,#5880,#5881,#5882,#5883,#5884,#5885,#5886),.UNSPECIFIED.,.F.,
 .F.,(4,1,1,1,1,1,1,1,1,1,1,1,4),(0.,0.0796482511802279,0.158921676418113,
0.239619494737032,0.322609429818561,0.406034636617924,0.487602095492388,
0.569684626595931,0.653036145008834,0.737435717722288,0.82247781585551,
0.909747655118407,1.),.UNSPECIFIED.);
#50=B_SPLINE_CURVE_WITH_KNOTS('',3,(#5911,#5912,#5913,#5914,#5915,#5916,
#5917,#5918,#5919,#5920,#5921),.UNSPECIFIED.,.F.,.F.,(4,1,1,1,1,1,1,1,4),
(0.,0.128135509797255,0.25417271190198,0.378111645139002,0.501712263007284,
0.623986309368485,0.747095613617741,0.872874636650062,1.),.UNSPECIFIED.);
#51=B_SPLINE_CURVE_WITH_KNOTS('',3,(#5938,#5939,#5940,#5941,#5942,#5943,
#5944),.UNSPECIFIED.,.F.,.F.,(4,1,1,1,4),(0.,0.253879600326656,0.503008917278363,
0.750291080689973,1.),.UNSPECIFIED.);
#52=B_SPLINE_CURVE_WITH_KNOTS('',3,(#5969,#5970,#5971,#5972,#5973,#5974,
#5975,#5976,#5977,#5978,#5979),.UNSPECIFIED.,.F.,.F.,(4,1,1,1,1,1,1,1,4),
(0.,0.12806754859589,0.250608318867669,0.370630165914503,0.490072246729949,
0.61037476415462,0.734313069911526,0.86321650424499,1.),.UNSPECIFIED.);
#53=B_SPLINE_CURVE_WITH_KNOTS('',3,(#6012,#6013,#6014,#6015,#6016,#6017,
#6018,#6019,#6020,#6021,#6022,#6023,#6024,#6025,#6026),.UNSPECIFIED.,.F.,
 .F.,(4,1,1,1,1,1,1,1,1,1,1,1,4),(0.,0.0902542493426766,0.178539791528685,
0.26609303385382,0.354630977957173,0.441886153350563,0.525746915163649,
0.608113633603637,0.690197272827882,0.770821484330335,0.848326181255411,
0.924011740024743,1.),.UNSPECIFIED.);
#54=B_SPLINE_CURVE_WITH_KNOTS('',3,(#6067,#6068,#6069,#6070,#6071,#6072,
#6073,#6074,#6075,#6076,#6077,#6078,#6079,#6080,#6081,#6082,#6083,#6084,
#6085),.UNSPECIFIED.,.F.,.F.,(4,1,1,1,1,1,1,1,1,1,1,1,1,1,1,1,4),(0.,0.0726253460834356,
0.141976611326235,0.208984928418939,0.273956870364445,0.336889347396841,
0.39874495349459,0.460115885278862,0.520824922590029,0.580994458632486,
0.640151927601465,0.698622450756255,0.757271080927165,0.81642669400466,
0.876254048203471,0.937165293062537,1.),.UNSPECIFIED.);
#55=ELLIPSE('',#3400,0.59905780188562,0.317500000000027);
#56=ELLIPSE('',#3401,0.599057801885618,0.317500000000029);
#57=ELLIPSE('',#3402,0.599057801885514,0.317499999999977);
#58=ELLIPSE('',#3403,0.599057801885603,0.317499999999999);
#59=ELLIPSE('',#3404,0.599057801885614,0.317500000000005);
#60=ELLIPSE('',#3405,0.599057801885604,0.317499999999992);
#61=ELLIPSE('',#3406,0.599057801885599,0.317499999999991);
#62=ELLIPSE('',#3407,0.599057801885624,0.317499999999998);
#63=ELLIPSE('',#3408,0.59905780188561,0.317500000000005);
#64=ELLIPSE('',#3409,0.59905780188558,0.317499999999991);
#65=ELLIPSE('',#3410,0.59905780188556,0.317499999999999);
#66=ELLIPSE('',#3411,0.59905780188552,0.317499999999978);
#67=ELLIPSE('',#3412,0.599057801885634,0.317500000000006);
#68=ELLIPSE('',#3413,0.599057801885647,0.317499999999998);
#69=ELLIPSE('',#3414,0.599057801885599,0.317499999999999);
#70=ELLIPSE('',#3420,0.599057801885522,0.317499999999957);
#71=ELLIPSE('',#3421,0.599057801885662,0.317499999999998);
#72=ELLIPSE('',#3422,0.599057801885699,0.317500000000026);
#73=ELLIPSE('',#3423,0.599057801885573,0.317499999999985);
#74=ELLIPSE('',#3424,0.599057801885551,0.317499999999999);
#75=ELLIPSE('',#3425,0.599057801885614,0.317500000000026);
#76=ELLIPSE('',#3426,0.599057801885606,0.317499999999984);
#77=ELLIPSE('',#3427,0.599057801885582,0.317499999999998);
#78=ELLIPSE('',#3428,0.599057801885646,0.317499999999991);
#79=ELLIPSE('',#3429,0.599057801885655,0.317499999999991);
#80=ELLIPSE('',#3430,0.599057801885643,0.317499999999964);
#81=ELLIPSE('',#3431,0.599057801885582,0.317500000000009);
#82=ELLIPSE('',#3432,0.599057801885576,0.317499999999995);
#83=ELLIPSE('',#3433,0.599057801885555,0.317499999999998);
#84=ELLIPSE('',#3434,0.599057801885565,0.317499999999978);
#85=STYLED_ITEM('',(#6109),#106);
#86=STYLED_ITEM('',(#6109),#107);
#87=STYLED_ITEM('',(#6111),#3272);
#88=STYLED_ITEM('',(#6111),#3273);
#89=STYLED_ITEM('',(#6111),#3274);
#90=STYLED_ITEM('',(#6111),#3275);
#91=STYLED_ITEM('',(#6111),#3276);
#92=STYLED_ITEM('',(#6111),#3277);
#93=STYLED_ITEM('',(#6111),#3278);
#94=STYLED_ITEM('',(#6111),#3279);
#95=STYLED_ITEM('',(#6111),#3280);
#96=STYLED_ITEM('',(#6111),#3281);
#97=STYLED_ITEM('',(#6111),#3282);
#98=STYLED_ITEM('',(#6111),#3283);
#99=STYLED_ITEM('',(#6111),#3284);
#100=STYLED_ITEM('',(#6111),#3285);
#101=STYLED_ITEM('',(#6111),#3286);
#102=STYLED_ITEM('',(#6111),#3287);
#103=STYLED_ITEM('',(#6111),#3288);
#104=STYLED_ITEM('',(#6111),#3289);
#105=STYLED_ITEM('',(#6110),#108);
#106=MANIFOLD_SOLID_BREP('Body1',#3290);
#107=MANIFOLD_SOLID_BREP('Body2',#3291);
#108=MANIFOLD_SOLID_BREP('Body3',#3292);
#109=CIRCLE('',#3320,1.04963102400866);
#110=CIRCLE('',#3321,1.04963102400866);
#111=CIRCLE('',#3324,0.581891131781761);
#112=CIRCLE('',#3325,0.581891131781761);
#113=CIRCLE('',#3328,1.08989113178176);
#114=CIRCLE('',#3329,1.08989113178176);
#115=CIRCLE('',#3332,0.54163102400866);
#116=CIRCLE('',#3333,0.54163102400866);
#117=CIRCLE('',#3336,1.10167034356438);
#118=CIRCLE('',#3337,1.10167034356438);
#119=CIRCLE('',#3339,0.593670343564378);
#120=CIRCLE('',#3340,0.593670343564378);
#121=CIRCLE('',#3437,0.317500000000001);
#122=CIRCLE('',#3438,0.317500000000001);
#123=CIRCLE('',#3439,0.317500000000001);
#124=CIRCLE('',#3440,0.317500000000001);
#125=CIRCLE('',#3441,0.317500000000001);
#126=CIRCLE('',#3442,0.317500000000001);
#127=CIRCLE('',#3443,0.317500000000001);
#128=CIRCLE('',#3444,0.317500000000001);
#129=CIRCLE('',#3445,0.317500000000001);
#130=CIRCLE('',#3446,0.317500000000001);
#131=CIRCLE('',#3447,0.317500000000001);
#132=CIRCLE('',#3448,0.317500000000001);
#133=CIRCLE('',#3449,0.317500000000001);
#134=CIRCLE('',#3450,0.317500000000001);
#135=CIRCLE('',#3451,0.317500000000001);
#136=CIRCLE('',#3452,0.317500000000001);
#137=CIRCLE('',#3453,0.317500000000001);
#138=CIRCLE('',#3454,0.317500000000001);
#139=CIRCLE('',#3455,0.317500000000001);
#140=CIRCLE('',#3456,0.317500000000001);
#141=CIRCLE('',#3457,0.317500000000001);
#142=CIRCLE('',#3458,0.317500000000001);
#143=CIRCLE('',#3459,0.317500000000001);
#144=CIRCLE('',#3460,0.317500000000001);
#145=CIRCLE('',#3461,0.317500000000001);
#146=CIRCLE('',#3462,0.317500000000001);
#147=CIRCLE('',#3463,0.317500000000001);
#148=CIRCLE('',#3464,0.317500000000001);
#149=CIRCLE('',#3465,0.317500000000001);
#150=CIRCLE('',#3466,0.317500000000001);
#151=CYLINDRICAL_SURFACE('',#3319,1.04963102400866);
#152=CYLINDRICAL_SURFACE('',#3323,0.581891131781761);
#153=CYLINDRICAL_SURFACE('',#3327,1.08989113178176);
#154=CYLINDRICAL_SURFACE('',#3331,0.54163102400866);
#155=CYLINDRICAL_SURFACE('',#3335,1.10167034356438);
#156=CYLINDRICAL_SURFACE('',#3338,0.593670343564378);
#157=CYLINDRICAL_SURFACE('',#3479,0.317500000000001);
#158=CYLINDRICAL_SURFACE('',#3480,0.317500000000001);
#159=CYLINDRICAL_SURFACE('',#3481,0.317500000000001);
#160=CYLINDRICAL_SURFACE('',#3482,0.317500000000001);
#161=CYLINDRICAL_SURFACE('',#3483,0.317500000000001);
#162=CYLINDRICAL_SURFACE('',#3484,0.317500000000001);
#163=CYLINDRICAL_SURFACE('',#3485,0.317500000000001);
#164=CYLINDRICAL_SURFACE('',#3486,0.317500000000001);
#165=CYLINDRICAL_SURFACE('',#3487,0.317500000000001);
#166=CYLINDRICAL_SURFACE('',#3488,0.317500000000001);
#167=CYLINDRICAL_SURFACE('',#3489,0.317500000000001);
#168=CYLINDRICAL_SURFACE('',#3490,0.317500000000001);
#169=CYLINDRICAL_SURFACE('',#3491,0.317500000000001);
#170=CYLINDRICAL_SURFACE('',#3492,0.317500000000001);
#171=CYLINDRICAL_SURFACE('',#3493,0.317500000000001);
#172=CYLINDRICAL_SURFACE('',#3494,0.317500000000001);
#173=CYLINDRICAL_SURFACE('',#3495,0.317500000000001);
#174=CYLINDRICAL_SURFACE('',#3496,0.317500000000001);
#175=CYLINDRICAL_SURFACE('',#3497,0.317500000000001);
#176=CYLINDRICAL_SURFACE('',#3498,0.317500000000001);
#177=CYLINDRICAL_SURFACE('',#3499,0.317500000000001);
#178=CYLINDRICAL_SURFACE('',#3500,0.317500000000001);
#179=CYLINDRICAL_SURFACE('',#3501,0.317500000000001);
#180=CYLINDRICAL_SURFACE('',#3502,0.317500000000001);
#181=CYLINDRICAL_SURFACE('',#3503,0.317500000000001);
#182=CYLINDRICAL_SURFACE('',#3504,0.317500000000001);
#183=CYLINDRICAL_SURFACE('',#3505,0.317500000000001);
#184=CYLINDRICAL_SURFACE('',#3506,0.317500000000001);
#185=CYLINDRICAL_SURFACE('',#3507,0.317500000000001);
#186=CYLINDRICAL_SURFACE('',#3508,0.317500000000001);
#187=FACE_BOUND('',#364,.T.);
#188=FACE_BOUND('',#367,.T.);
#189=FACE_BOUND('',#373,.T.);
#190=FACE_BOUND('',#398,.T.);
#191=FACE_BOUND('',#401,.T.);
#192=FACE_BOUND('',#456,.T.);
#193=FACE_BOUND('',#457,.T.);
#194=FACE_BOUND('',#458,.T.);
#195=FACE_OUTER_BOUND('',#362,.T.);
#196=FACE_OUTER_BOUND('',#363,.T.);
#197=FACE_OUTER_BOUND('',#365,.T.);
#198=FACE_OUTER_BOUND('',#366,.T.);
#199=FACE_OUTER_BOUND('',#368,.T.);
#200=FACE_OUTER_BOUND('',#369,.T.);
#201=FACE_OUTER_BOUND('',#370,.T.);
#202=FACE_OUTER_BOUND('',#371,.T.);
#203=FACE_OUTER_BOUND('',#372,.T.);
#204=FACE_OUTER_BOUND('',#374,.T.);
#205=FACE_OUTER_BOUND('',#375,.T.);
#206=FACE_OUTER_BOUND('',#376,.T.);
#207=FACE_OUTER_BOUND('',#377,.T.);
#208=FACE_OUTER_BOUND('',#378,.T.);
#209=FACE_OUTER_BOUND('',#379,.T.);
#210=FACE_OUTER_BOUND('',#380,.T.);
#211=FACE_OUTER_BOUND('',#381,.T.);
#212=FACE_OUTER_BOUND('',#382,.T.);
#213=FACE_OUTER_BOUND('',#383,.T.);
#214=FACE_OUTER_BOUND('',#384,.T.);
#215=FACE_OUTER_BOUND('',#385,.T.);
#216=FACE_OUTER_BOUND('',#386,.T.);
#217=FACE_OUTER_BOUND('',#387,.T.);
#218=FACE_OUTER_BOUND('',#388,.T.);
#219=FACE_OUTER_BOUND('',#389,.T.);
#220=FACE_OUTER_BOUND('',#390,.T.);
#221=FACE_OUTER_BOUND('',#391,.T.);
#222=FACE_OUTER_BOUND('',#392,.T.);
#223=FACE_OUTER_BOUND('',#393,.T.);
#224=FACE_OUTER_BOUND('',#394,.T.);
#225=FACE_OUTER_BOUND('',#395,.T.);
#226=FACE_OUTER_BOUND('',#396,.T.);
#227=FACE_OUTER_BOUND('',#397,.T.);
#228=FACE_OUTER_BOUND('',#399,.T.);
#229=FACE_OUTER_BOUND('',#400,.T.);
#230=FACE_OUTER_BOUND('',#402,.T.);
#231=FACE_OUTER_BOUND('',#403,.T.);
#232=FACE_OUTER_BOUND('',#404,.T.);
#233=FACE_OUTER_BOUND('',#405,.T.);
#234=FACE_OUTER_BOUND('',#406,.T.);
#235=FACE_OUTER_BOUND('',#407,.T.);
#236=FACE_OUTER_BOUND('',#408,.T.);
#237=FACE_OUTER_BOUND('',#409,.T.);
#238=FACE_OUTER_BOUND('',#410,.T.);
#239=FACE_OUTER_BOUND('',#411,.T.);
#240=FACE_OUTER_BOUND('',#412,.T.);
#241=FACE_OUTER_BOUND('',#413,.T.);
#242=FACE_OUTER_BOUND('',#414,.T.);
#243=FACE_OUTER_BOUND('',#415,.T.);
#244=FACE_OUTER_BOUND('',#416,.T.);
#245=FACE_OUTER_BOUND('',#417,.T.);
#246=FACE_OUTER_BOUND('',#418,.T.);
#247=FACE_OUTER_BOUND('',#419,.T.);
#248=FACE_OUTER_BOUND('',#420,.T.);
#249=FACE_OUTER_BOUND('',#421,.T.);
#250=FACE_OUTER_BOUND('',#422,.T.);
#251=FACE_OUTER_BOUND('',#423,.T.);
#252=FACE_OUTER_BOUND('',#424,.T.);
#253=FACE_OUTER_BOUND('',#425,.T.);
#254=FACE_OUTER_BOUND('',#426,.T.);
#255=FACE_OUTER_BOUND('',#427,.T.);
#256=FACE_OUTER_BOUND('',#428,.T.);
#257=FACE_OUTER_BOUND('',#429,.T.);
#258=FACE_OUTER_BOUND('',#430,.T.);
#259=FACE_OUTER_BOUND('',#431,.T.);
#260=FACE_OUTER_BOUND('',#432,.T.);
#261=FACE_OUTER_BOUND('',#433,.T.);
#262=FACE_OUTER_BOUND('',#434,.T.);
#263=FACE_OUTER_BOUND('',#435,.T.);
#264=FACE_OUTER_BOUND('',#436,.T.);
#265=FACE_OUTER_BOUND('',#437,.T.);
#266=FACE_OUTER_BOUND('',#438,.T.);
#267=FACE_OUTER_BOUND('',#439,.T.);
#268=FACE_OUTER_BOUND('',#440,.T.);
#269=FACE_OUTER_BOUND('',#441,.T.);
#270=FACE_OUTER_BOUND('',#442,.T.);
#271=FACE_OUTER_BOUND('',#443,.T.);
#272=FACE_OUTER_BOUND('',#444,.T.);
#273=FACE_OUTER_BOUND('',#445,.T.);
#274=FACE_OUTER_BOUND('',#446,.T.);
#275=FACE_OUTER_BOUND('',#447,.T.);
#276=FACE_OUTER_BOUND('',#448,.T.);
#277=FACE_OUTER_BOUND('',#449,.T.);
#278=FACE_OUTER_BOUND('',#450,.T.);
#279=FACE_OUTER_BOUND('',#451,.T.);
#280=FACE_OUTER_BOUND('',#452,.T.);
#281=FACE_OUTER_BOUND('',#453,.T.);
#282=FACE_OUTER_BOUND('',#454,.T.);
#283=FACE_OUTER_BOUND('',#455,.T.);
#284=FACE_OUTER_BOUND('',#459,.T.);
#285=FACE_OUTER_BOUND('',#460,.T.);
#286=FACE_OUTER_BOUND('',#461,.T.);
#287=FACE_OUTER_BOUND('',#462,.T.);
#288=FACE_OUTER_BOUND('',#463,.T.);
#289=FACE_OUTER_BOUND('',#464,.T.);
#290=FACE_OUTER_BOUND('',#465,.T.);
#291=FACE_OUTER_BOUND('',#466,.T.);
#292=FACE_OUTER_BOUND('',#467,.T.);
#293=FACE_OUTER_BOUND('',#468,.T.);
#294=FACE_OUTER_BOUND('',#469,.T.);
#295=FACE_OUTER_BOUND('',#470,.T.);
#296=FACE_OUTER_BOUND('',#471,.T.);
#297=FACE_OUTER_BOUND('',#472,.T.);
#298=FACE_OUTER_BOUND('',#473,.T.);
#299=FACE_OUTER_BOUND('',#474,.T.);
#300=FACE_OUTER_BOUND('',#475,.T.);
#301=FACE_OUTER_BOUND('',#476,.T.);
#302=FACE_OUTER_BOUND('',#477,.T.);
#303=FACE_OUTER_BOUND('',#478,.T.);
#304=FACE_OUTER_BOUND('',#479,.T.);
#305=FACE_OUTER_BOUND('',#480,.T.);
#306=FACE_OUTER_BOUND('',#481,.T.);
#307=FACE_OUTER_BOUND('',#482,.T.);
#308=FACE_OUTER_BOUND('',#483,.T.);
#309=FACE_OUTER_BOUND('',#484,.T.);
#310=FACE_OUTER_BOUND('',#485,.T.);
#311=FACE_OUTER_BOUND('',#486,.T.);
#312=FACE_OUTER_BOUND('',#487,.T.);
#313=FACE_OUTER_BOUND('',#488,.T.);
#314=FACE_OUTER_BOUND('',#489,.T.);
#315=FACE_OUTER_BOUND('',#490,.T.);
#316=FACE_OUTER_BOUND('',#491,.T.);
#317=FACE_OUTER_BOUND('',#492,.T.);
#318=FACE_OUTER_BOUND('',#493,.T.);
#319=FACE_OUTER_BOUND('',#494,.T.);
#320=FACE_OUTER_BOUND('',#495,.T.);
#321=FACE_OUTER_BOUND('',#496,.T.);
#322=FACE_OUTER_BOUND('',#497,.T.);
#323=FACE_OUTER_BOUND('',#498,.T.);
#324=FACE_OUTER_BOUND('',#499,.T.);
#325=FACE_OUTER_BOUND('',#500,.T.);
#326=FACE_OUTER_BOUND('',#501,.T.);
#327=FACE_OUTER_BOUND('',#502,.T.);
#328=FACE_OUTER_BOUND('',#503,.T.);
#329=FACE_OUTER_BOUND('',#504,.T.);
#330=FACE_OUTER_BOUND('',#505,.T.);
#331=FACE_OUTER_BOUND('',#506,.T.);
#332=FACE_OUTER_BOUND('',#507,.T.);
#333=FACE_OUTER_BOUND('',#508,.T.);
#334=FACE_OUTER_BOUND('',#509,.T.);
#335=FACE_OUTER_BOUND('',#510,.T.);
#336=FACE_OUTER_BOUND('',#511,.T.);
#337=FACE_OUTER_BOUND('',#512,.T.);
#338=FACE_OUTER_BOUND('',#513,.T.);
#339=FACE_OUTER_BOUND('',#514,.T.);
#340=FACE_OUTER_BOUND('',#515,.T.);
#341=FACE_OUTER_BOUND('',#516,.T.);
#342=FACE_OUTER_BOUND('',#517,.T.);
#343=FACE_OUTER_BOUND('',#518,.T.);
#344=FACE_OUTER_BOUND('',#519,.T.);
#345=FACE_OUTER_BOUND('',#520,.T.);
#346=FACE_OUTER_BOUND('',#521,.T.);
#347=FACE_OUTER_BOUND('',#522,.T.);
#348=FACE_OUTER_BOUND('',#523,.T.);
#349=FACE_OUTER_BOUND('',#524,.T.);
#350=FACE_OUTER_BOUND('',#525,.T.);
#351=FACE_OUTER_BOUND('',#526,.T.);
#352=FACE_OUTER_BOUND('',#527,.T.);
#353=FACE_OUTER_BOUND('',#528,.T.);
#354=FACE_OUTER_BOUND('',#529,.T.);
#355=FACE_OUTER_BOUND('',#530,.T.);
#356=FACE_OUTER_BOUND('',#531,.T.);
#357=FACE_OUTER_BOUND('',#532,.T.);
#358=FACE_OUTER_BOUND('',#533,.T.);
#359=FACE_OUTER_BOUND('',#534,.T.);
#360=FACE_OUTER_BOUND('',#535,.T.);
#361=FACE_OUTER_BOUND('',#536,.T.);
#362=EDGE_LOOP('',(#2064,#2065,#2066,#2067));
#363=EDGE_LOOP('',(#2068,#2069,#2070,#2071,#2072,#2073,#2074,#2075,#2076,
#2077,#2078,#2079));
#364=EDGE_LOOP('',(#2080,#2081,#2082,#2083));
#365=EDGE_LOOP('',(#2084,#2085,#2086,#2087));
#366=EDGE_LOOP('',(#2088,#2089,#2090,#2091,#2092,#2093,#2094,#2095,#2096,
#2097,#2098,#2099));
#367=EDGE_LOOP('',(#2100,#2101,#2102,#2103));
#368=EDGE_LOOP('',(#2104,#2105,#2106,#2107));
#369=EDGE_LOOP('',(#2108,#2109,#2110,#2111));
#370=EDGE_LOOP('',(#2112,#2113,#2114,#2115));
#371=EDGE_LOOP('',(#2116,#2117,#2118,#2119));
#372=EDGE_LOOP('',(#2120,#2121,#2122,#2123));
#373=EDGE_LOOP('',(#2124,#2125,#2126,#2127));
#374=EDGE_LOOP('',(#2128,#2129,#2130,#2131));
#375=EDGE_LOOP('',(#2132,#2133,#2134,#2135));
#376=EDGE_LOOP('',(#2136,#2137,#2138,#2139));
#377=EDGE_LOOP('',(#2140,#2141,#2142,#2143));
#378=EDGE_LOOP('',(#2144,#2145,#2146,#2147));
#379=EDGE_LOOP('',(#2148,#2149,#2150,#2151));
#380=EDGE_LOOP('',(#2152,#2153,#2154,#2155));
#381=EDGE_LOOP('',(#2156,#2157,#2158,#2159));
#382=EDGE_LOOP('',(#2160,#2161,#2162,#2163));
#383=EDGE_LOOP('',(#2164,#2165,#2166,#2167));
#384=EDGE_LOOP('',(#2168,#2169,#2170,#2171));
#385=EDGE_LOOP('',(#2172,#2173,#2174,#2175));
#386=EDGE_LOOP('',(#2176,#2177,#2178,#2179));
#387=EDGE_LOOP('',(#2180,#2181,#2182,#2183));
#388=EDGE_LOOP('',(#2184,#2185,#2186,#2187,#2188,#2189,#2190,#2191,#2192,
#2193,#2194,#2195));
#389=EDGE_LOOP('',(#2196,#2197,#2198,#2199,#2200,#2201,#2202,#2203,#2204,
#2205,#2206,#2207));
#390=EDGE_LOOP('',(#2208,#2209,#2210,#2211));
#391=EDGE_LOOP('',(#2212,#2213,#2214,#2215));
#392=EDGE_LOOP('',(#2216,#2217,#2218,#2219));
#393=EDGE_LOOP('',(#2220,#2221,#2222,#2223));
#394=EDGE_LOOP('',(#2224,#2225,#2226,#2227));
#395=EDGE_LOOP('',(#2228,#2229,#2230,#2231));
#396=EDGE_LOOP('',(#2232,#2233,#2234,#2235));
#397=EDGE_LOOP('',(#2236,#2237,#2238,#2239,#2240,#2241,#2242,#2243,#2244,
#2245,#2246,#2247));
#398=EDGE_LOOP('',(#2248,#2249,#2250,#2251));
#399=EDGE_LOOP('',(#2252,#2253,#2254,#2255));
#400=EDGE_LOOP('',(#2256,#2257,#2258,#2259,#2260,#2261,#2262,#2263,#2264,
#2265,#2266,#2267));
#401=EDGE_LOOP('',(#2268,#2269,#2270,#2271));
#402=EDGE_LOOP('',(#2272,#2273,#2274,#2275));
#403=EDGE_LOOP('',(#2276,#2277,#2278,#2279));
#404=EDGE_LOOP('',(#2280,#2281,#2282,#2283));
#405=EDGE_LOOP('',(#2284,#2285,#2286,#2287));
#406=EDGE_LOOP('',(#2288,#2289,#2290,#2291));
#407=EDGE_LOOP('',(#2292,#2293,#2294,#2295));
#408=EDGE_LOOP('',(#2296,#2297,#2298,#2299));
#409=EDGE_LOOP('',(#2300,#2301,#2302,#2303));
#410=EDGE_LOOP('',(#2304,#2305,#2306,#2307));
#411=EDGE_LOOP('',(#2308,#2309,#2310,#2311));
#412=EDGE_LOOP('',(#2312,#2313,#2314,#2315));
#413=EDGE_LOOP('',(#2316,#2317,#2318,#2319));
#414=EDGE_LOOP('',(#2320,#2321,#2322,#2323));
#415=EDGE_LOOP('',(#2324,#2325,#2326,#2327));
#416=EDGE_LOOP('',(#2328,#2329,#2330,#2331));
#417=EDGE_LOOP('',(#2332,#2333,#2334,#2335));
#418=EDGE_LOOP('',(#2336,#2337,#2338,#2339));
#419=EDGE_LOOP('',(#2340,#2341,#2342,#2343));
#420=EDGE_LOOP('',(#2344,#2345,#2346,#2347));
#421=EDGE_LOOP('',(#2348,#2349,#2350,#2351));
#422=EDGE_LOOP('',(#2352,#2353,#2354,#2355));
#423=EDGE_LOOP('',(#2356,#2357,#2358,#2359));
#424=EDGE_LOOP('',(#2360,#2361,#2362,#2363));
#425=EDGE_LOOP('',(#2364,#2365,#2366,#2367));
#426=EDGE_LOOP('',(#2368,#2369,#2370,#2371));
#427=EDGE_LOOP('',(#2372,#2373,#2374,#2375));
#428=EDGE_LOOP('',(#2376,#2377,#2378,#2379));
#429=EDGE_LOOP('',(#2380,#2381,#2382,#2383));
#430=EDGE_LOOP('',(#2384,#2385,#2386,#2387));
#431=EDGE_LOOP('',(#2388,#2389,#2390,#2391));
#432=EDGE_LOOP('',(#2392,#2393,#2394,#2395));
#433=EDGE_LOOP('',(#2396,#2397,#2398,#2399));
#434=EDGE_LOOP('',(#2400,#2401,#2402,#2403));
#435=EDGE_LOOP('',(#2404,#2405,#2406,#2407));
#436=EDGE_LOOP('',(#2408,#2409,#2410,#2411));
#437=EDGE_LOOP('',(#2412,#2413,#2414,#2415));
#438=EDGE_LOOP('',(#2416,#2417,#2418,#2419));
#439=EDGE_LOOP('',(#2420,#2421,#2422,#2423));
#440=EDGE_LOOP('',(#2424,#2425,#2426,#2427));
#441=EDGE_LOOP('',(#2428,#2429,#2430,#2431));
#442=EDGE_LOOP('',(#2432,#2433,#2434,#2435));
#443=EDGE_LOOP('',(#2436,#2437,#2438,#2439));
#444=EDGE_LOOP('',(#2440,#2441,#2442,#2443));
#445=EDGE_LOOP('',(#2444,#2445,#2446,#2447));
#446=EDGE_LOOP('',(#2448,#2449,#2450,#2451));
#447=EDGE_LOOP('',(#2452,#2453,#2454,#2455));
#448=EDGE_LOOP('',(#2456,#2457,#2458,#2459,#2460,#2461,#2462,#2463,#2464,
#2465,#2466,#2467,#2468,#2469,#2470,#2471,#2472,#2473,#2474,#2475,#2476,
#2477,#2478,#2479,#2480,#2481,#2482,#2483,#2484,#2485,#2486,#2487,#2488,
#2489,#2490,#2491,#2492,#2493,#2494,#2495,#2496,#2497));
#449=EDGE_LOOP('',(#2498,#2499,#2500,#2501,#2502));
#450=EDGE_LOOP('',(#2503,#2504,#2505));
#451=EDGE_LOOP('',(#2506,#2507,#2508));
#452=EDGE_LOOP('',(#2509,#2510,#2511,#2512,#2513));
#453=EDGE_LOOP('',(#2514,#2515,#2516,#2517,#2518,#2519,#2520,#2521,#2522,
#2523,#2524,#2525,#2526,#2527,#2528,#2529,#2530,#2531,#2532,#2533,#2534,
#2535,#2536,#2537,#2538,#2539,#2540,#2541,#2542,#2543,#2544,#2545,#2546,
#2547,#2548,#2549,#2550,#2551,#2552,#2553,#2554,#2555));
#454=EDGE_LOOP('',(#2556,#2557,#2558,#2559));
#455=EDGE_LOOP('',(#2560,#2561,#2562,#2563,#2564,#2565,#2566,#2567,#2568,
#2569,#2570,#2571,#2572,#2573,#2574,#2575,#2576,#2577,#2578,#2579,#2580,
#2581,#2582,#2583,#2584,#2585,#2586,#2587,#2588,#2589,#2590,#2591,#2592,
#2593,#2594,#2595,#2596,#2597,#2598,#2599,#2600,#2601,#2602,#2603,#2604,
#2605,#2606,#2607,#2608,#2609,#2610,#2611,#2612,#2613,#2614,#2615,#2616,
#2617,#2618,#2619,#2620,#2621,#2622,#2623));
#456=EDGE_LOOP('',(#2624,#2625,#2626,#2627));
#457=EDGE_LOOP('',(#2628,#2629,#2630,#2631));
#458=EDGE_LOOP('',(#2632,#2633,#2634,#2635,#2636,#2637,#2638,#2639,#2640,
#2641,#2642,#2643,#2644,#2645,#2646,#2647,#2648));
#459=EDGE_LOOP('',(#2649,#2650,#2651,#2652));
#460=EDGE_LOOP('',(#2653,#2654,#2655,#2656,#2657));
#461=EDGE_LOOP('',(#2658,#2659,#2660));
#462=EDGE_LOOP('',(#2661,#2662,#2663));
#463=EDGE_LOOP('',(#2664,#2665,#2666,#2667,#2668));
#464=EDGE_LOOP('',(#2669,#2670,#2671,#2672,#2673,#2674,#2675,#2676));
#465=EDGE_LOOP('',(#2677,#2678,#2679,#2680,#2681,#2682,#2683,#2684));
#466=EDGE_LOOP('',(#2685,#2686,#2687,#2688,#2689,#2690,#2691,#2692,#2693,
#2694));
#467=EDGE_LOOP('',(#2695,#2696,#2697,#2698,#2699,#2700,#2701,#2702,#2703,
#2704));
#468=EDGE_LOOP('',(#2705,#2706,#2707,#2708));
#469=EDGE_LOOP('',(#2709,#2710,#2711,#2712,#2713,#2714,#2715,#2716,#2717,
#2718,#2719,#2720));
#470=EDGE_LOOP('',(#2721,#2722,#2723,#2724));
#471=EDGE_LOOP('',(#2725,#2726,#2727,#2728));
#472=EDGE_LOOP('',(#2729,#2730,#2731,#2732));
#473=EDGE_LOOP('',(#2733,#2734,#2735,#2736));
#474=EDGE_LOOP('',(#2737,#2738,#2739,#2740));
#475=EDGE_LOOP('',(#2741,#2742,#2743,#2744));
#476=EDGE_LOOP('',(#2745,#2746,#2747,#2748));
#477=EDGE_LOOP('',(#2749,#2750,#2751,#2752));
#478=EDGE_LOOP('',(#2753,#2754,#2755,#2756));
#479=EDGE_LOOP('',(#2757,#2758,#2759,#2760));
#480=EDGE_LOOP('',(#2761,#2762,#2763,#2764));
#481=EDGE_LOOP('',(#2765,#2766,#2767,#2768));
#482=EDGE_LOOP('',(#2769,#2770,#2771,#2772));
#483=EDGE_LOOP('',(#2773,#2774,#2775,#2776));
#484=EDGE_LOOP('',(#2777,#2778,#2779,#2780));
#485=EDGE_LOOP('',(#2781,#2782,#2783,#2784));
#486=EDGE_LOOP('',(#2785,#2786,#2787,#2788));
#487=EDGE_LOOP('',(#2789,#2790,#2791,#2792));
#488=EDGE_LOOP('',(#2793,#2794,#2795,#2796));
#489=EDGE_LOOP('',(#2797,#2798,#2799,#2800));
#490=EDGE_LOOP('',(#2801,#2802,#2803,#2804));
#491=EDGE_LOOP('',(#2805,#2806,#2807,#2808));
#492=EDGE_LOOP('',(#2809,#2810,#2811,#2812));
#493=EDGE_LOOP('',(#2813,#2814,#2815,#2816));
#494=EDGE_LOOP('',(#2817,#2818,#2819,#2820));
#495=EDGE_LOOP('',(#2821,#2822,#2823,#2824));
#496=EDGE_LOOP('',(#2825,#2826,#2827,#2828));
#497=EDGE_LOOP('',(#2829,#2830,#2831,#2832));
#498=EDGE_LOOP('',(#2833,#2834,#2835,#2836));
#499=EDGE_LOOP('',(#2837,#2838,#2839,#2840));
#500=EDGE_LOOP('',(#2841,#2842,#2843,#2844));
#501=EDGE_LOOP('',(#2845,#2846,#2847,#2848));
#502=EDGE_LOOP('',(#2849,#2850,#2851,#2852));
#503=EDGE_LOOP('',(#2853,#2854,#2855,#2856));
#504=EDGE_LOOP('',(#2857,#2858,#2859,#2860));
#505=EDGE_LOOP('',(#2861,#2862,#2863,#2864));
#506=EDGE_LOOP('',(#2865,#2866,#2867,#2868));
#507=EDGE_LOOP('',(#2869,#2870,#2871,#2872));
#508=EDGE_LOOP('',(#2873,#2874,#2875,#2876));
#509=EDGE_LOOP('',(#2877,#2878,#2879,#2880));
#510=EDGE_LOOP('',(#2881,#2882,#2883,#2884));
#511=EDGE_LOOP('',(#2885,#2886,#2887,#2888));
#512=EDGE_LOOP('',(#2889,#2890,#2891,#2892));
#513=EDGE_LOOP('',(#2893,#2894,#2895,#2896));
#514=EDGE_LOOP('',(#2897,#2898,#2899,#2900));
#515=EDGE_LOOP('',(#2901,#2902,#2903,#2904));
#516=EDGE_LOOP('',(#2905,#2906,#2907,#2908));
#517=EDGE_LOOP('',(#2909,#2910,#2911,#2912,#2913,#2914));
#518=EDGE_LOOP('',(#2915,#2916,#2917,#2918,#2919,#2920));
#519=EDGE_LOOP('',(#2921,#2922,#2923,#2924));
#520=EDGE_LOOP('',(#2925,#2926,#2927,#2928));
#521=EDGE_LOOP('',(#2929,#2930,#2931,#2932));
#522=EDGE_LOOP('',(#2933,#2934,#2935,#2936));
#523=EDGE_LOOP('',(#2937,#2938,#2939,#2940));
#524=EDGE_LOOP('',(#2941,#2942,#2943,#2944));
#525=EDGE_LOOP('',(#2945,#2946,#2947,#2948));
#526=EDGE_LOOP('',(#2949,#2950,#2951,#2952));
#527=EDGE_LOOP('',(#2953,#2954,#2955,#2956));
#528=EDGE_LOOP('',(#2957,#2958,#2959,#2960));
#529=EDGE_LOOP('',(#2961,#2962,#2963,#2964));
#530=EDGE_LOOP('',(#2965,#2966,#2967,#2968));
#531=EDGE_LOOP('',(#2969,#2970,#2971,#2972));
#532=EDGE_LOOP('',(#2973,#2974,#2975,#2976));
#533=EDGE_LOOP('',(#2977,#2978,#2979,#2980));
#534=EDGE_LOOP('',(#2981,#2982,#2983,#2984));
#535=EDGE_LOOP('',(#2985,#2986,#2987,#2988));
#536=EDGE_LOOP('',(#2989,#2990,#2991,#2992,#2993,#2994,#2995,#2996,#2997,
#2998,#2999,#3000,#3001,#3002,#3003,#3004,#3005));
#537=LINE('',#4358,#908);
#538=LINE('',#4360,#909);
#539=LINE('',#4362,#910);
#540=LINE('',#4363,#911);
#541=LINE('',#4367,#912);
#542=LINE('',#4369,#913);
#543=LINE('',#4371,#914);
#544=LINE('',#4373,#915);
#545=LINE('',#4375,#916);
#546=LINE('',#4377,#917);
#547=LINE('',#4379,#918);
#548=LINE('',#4381,#919);
#549=LINE('',#4382,#920);
#550=LINE('',#4384,#921);
#551=LINE('',#4385,#922);
#552=LINE('',#4388,#923);
#553=LINE('',#4390,#924);
#554=LINE('',#4392,#925);
#555=LINE('',#4393,#926);
#556=LINE('',#4397,#927);
#557=LINE('',#4398,#928);
#558=LINE('',#4399,#929);
#559=LINE('',#4403,#930);
#560=LINE('',#4405,#931);
#561=LINE('',#4407,#932);
#562=LINE('',#4409,#933);
#563=LINE('',#4410,#934);
#564=LINE('',#4412,#935);
#565=LINE('',#4414,#936);
#566=LINE('',#4415,#937);
#567=LINE('',#4417,#938);
#568=LINE('',#4418,#939);
#569=LINE('',#4421,#940);
#570=LINE('',#4423,#941);
#571=LINE('',#4425,#942);
#572=LINE('',#4426,#943);
#573=LINE('',#4428,#944);
#574=LINE('',#4429,#945);
#575=LINE('',#4433,#946);
#576=LINE('',#4435,#947);
#577=LINE('',#4436,#948);
#578=LINE('',#4439,#949);
#579=LINE('',#4441,#950);
#580=LINE('',#4443,#951);
#581=LINE('',#4444,#952);
#582=LINE('',#4446,#953);
#583=LINE('',#4448,#954);
#584=LINE('',#4453,#955);
#585=LINE('',#4455,#956);
#586=LINE('',#4457,#957);
#587=LINE('',#4458,#958);
#588=LINE('',#4463,#959);
#589=LINE('',#4467,#960);
#590=LINE('',#4469,#961);
#591=LINE('',#4470,#962);
#592=LINE('',#4475,#963);
#593=LINE('',#4479,#964);
#594=LINE('',#4481,#965);
#595=LINE('',#4482,#966);
#596=LINE('',#4487,#967);
#597=LINE('',#4491,#968);
#598=LINE('',#4493,#969);
#599=LINE('',#4494,#970);
#600=LINE('',#4499,#971);
#601=LINE('',#4503,#972);
#602=LINE('',#4505,#973);
#603=LINE('',#4506,#974);
#604=LINE('',#4516,#975);
#605=LINE('',#4519,#976);
#606=LINE('',#4520,#977);
#607=LINE('',#4522,#978);
#608=LINE('',#4524,#979);
#609=LINE('',#4529,#980);
#610=LINE('',#4531,#981);
#611=LINE('',#4533,#982);
#612=LINE('',#4534,#983);
#613=LINE('',#4538,#984);
#614=LINE('',#4540,#985);
#615=LINE('',#4542,#986);
#616=LINE('',#4544,#987);
#617=LINE('',#4546,#988);
#618=LINE('',#4548,#989);
#619=LINE('',#4550,#990);
#620=LINE('',#4552,#991);
#621=LINE('',#4553,#992);
#622=LINE('',#4555,#993);
#623=LINE('',#4556,#994);
#624=LINE('',#4559,#995);
#625=LINE('',#4561,#996);
#626=LINE('',#4563,#997);
#627=LINE('',#4564,#998);
#628=LINE('',#4568,#999);
#629=LINE('',#4569,#1000);
#630=LINE('',#4570,#1001);
#631=LINE('',#4574,#1002);
#632=LINE('',#4576,#1003);
#633=LINE('',#4578,#1004);
#634=LINE('',#4580,#1005);
#635=LINE('',#4581,#1006);
#636=LINE('',#4583,#1007);
#637=LINE('',#4585,#1008);
#638=LINE('',#4586,#1009);
#639=LINE('',#4588,#1010);
#640=LINE('',#4589,#1011);
#641=LINE('',#4592,#1012);
#642=LINE('',#4594,#1013);
#643=LINE('',#4596,#1014);
#644=LINE('',#4597,#1015);
#645=LINE('',#4599,#1016);
#646=LINE('',#4600,#1017);
#647=LINE('',#4604,#1018);
#648=LINE('',#4606,#1019);
#649=LINE('',#4607,#1020);
#650=LINE('',#4609,#1021);
#651=LINE('',#4611,#1022);
#652=LINE('',#4614,#1023);
#653=LINE('',#4617,#1024);
#654=LINE('',#4618,#1025);
#655=LINE('',#4620,#1026);
#656=LINE('',#4622,#1027);
#657=LINE('',#4627,#1028);
#658=LINE('',#4629,#1029);
#659=LINE('',#4631,#1030);
#660=LINE('',#4632,#1031);
#661=LINE('',#4636,#1032);
#662=LINE('',#4638,#1033);
#663=LINE('',#4640,#1034);
#664=LINE('',#4641,#1035);
#665=LINE('',#4645,#1036);
#666=LINE('',#4647,#1037);
#667=LINE('',#4649,#1038);
#668=LINE('',#4650,#1039);
#669=LINE('',#4654,#1040);
#670=LINE('',#4656,#1041);
#671=LINE('',#4658,#1042);
#672=LINE('',#4659,#1043);
#673=LINE('',#4663,#1044);
#674=LINE('',#4665,#1045);
#675=LINE('',#4667,#1046);
#676=LINE('',#4668,#1047);
#677=LINE('',#4672,#1048);
#678=LINE('',#4674,#1049);
#679=LINE('',#4676,#1050);
#680=LINE('',#4677,#1051);
#681=LINE('',#4681,#1052);
#682=LINE('',#4683,#1053);
#683=LINE('',#4685,#1054);
#684=LINE('',#4686,#1055);
#685=LINE('',#4690,#1056);
#686=LINE('',#4692,#1057);
#687=LINE('',#4694,#1058);
#688=LINE('',#4695,#1059);
#689=LINE('',#4699,#1060);
#690=LINE('',#4701,#1061);
#691=LINE('',#4703,#1062);
#692=LINE('',#4704,#1063);
#693=LINE('',#4708,#1064);
#694=LINE('',#4710,#1065);
#695=LINE('',#4712,#1066);
#696=LINE('',#4713,#1067);
#697=LINE('',#4717,#1068);
#698=LINE('',#4719,#1069);
#699=LINE('',#4721,#1070);
#700=LINE('',#4722,#1071);
#701=LINE('',#4726,#1072);
#702=LINE('',#4728,#1073);
#703=LINE('',#4730,#1074);
#704=LINE('',#4731,#1075);
#705=LINE('',#4735,#1076);
#706=LINE('',#4737,#1077);
#707=LINE('',#4739,#1078);
#708=LINE('',#4740,#1079);
#709=LINE('',#4744,#1080);
#710=LINE('',#4746,#1081);
#711=LINE('',#4748,#1082);
#712=LINE('',#4749,#1083);
#713=LINE('',#4753,#1084);
#714=LINE('',#4755,#1085);
#715=LINE('',#4757,#1086);
#716=LINE('',#4758,#1087);
#717=LINE('',#4762,#1088);
#718=LINE('',#4764,#1089);
#719=LINE('',#4766,#1090);
#720=LINE('',#4767,#1091);
#721=LINE('',#4771,#1092);
#722=LINE('',#4773,#1093);
#723=LINE('',#4775,#1094);
#724=LINE('',#4776,#1095);
#725=LINE('',#4780,#1096);
#726=LINE('',#4782,#1097);
#727=LINE('',#4784,#1098);
#728=LINE('',#4785,#1099);
#729=LINE('',#4789,#1100);
#730=LINE('',#4791,#1101);
#731=LINE('',#4793,#1102);
#732=LINE('',#4794,#1103);
#733=LINE('',#4798,#1104);
#734=LINE('',#4800,#1105);
#735=LINE('',#4802,#1106);
#736=LINE('',#4803,#1107);
#737=LINE('',#4807,#1108);
#738=LINE('',#4809,#1109);
#739=LINE('',#4811,#1110);
#740=LINE('',#4812,#1111);
#741=LINE('',#4816,#1112);
#742=LINE('',#4818,#1113);
#743=LINE('',#4820,#1114);
#744=LINE('',#4821,#1115);
#745=LINE('',#4825,#1116);
#746=LINE('',#4827,#1117);
#747=LINE('',#4829,#1118);
#748=LINE('',#4830,#1119);
#749=LINE('',#4834,#1120);
#750=LINE('',#4836,#1121);
#751=LINE('',#4838,#1122);
#752=LINE('',#4839,#1123);
#753=LINE('',#4843,#1124);
#754=LINE('',#4845,#1125);
#755=LINE('',#4847,#1126);
#756=LINE('',#4848,#1127);
#757=LINE('',#4852,#1128);
#758=LINE('',#4854,#1129);
#759=LINE('',#4856,#1130);
#760=LINE('',#4857,#1131);
#761=LINE('',#4861,#1132);
#762=LINE('',#4863,#1133);
#763=LINE('',#4865,#1134);
#764=LINE('',#4866,#1135);
#765=LINE('',#4870,#1136);
#766=LINE('',#4872,#1137);
#767=LINE('',#4874,#1138);
#768=LINE('',#4875,#1139);
#769=LINE('',#4879,#1140);
#770=LINE('',#4881,#1141);
#771=LINE('',#4883,#1142);
#772=LINE('',#4884,#1143);
#773=LINE('',#4888,#1144);
#774=LINE('',#4890,#1145);
#775=LINE('',#4892,#1146);
#776=LINE('',#4893,#1147);
#777=LINE('',#4897,#1148);
#778=LINE('',#4899,#1149);
#779=LINE('',#4901,#1150);
#780=LINE('',#4902,#1151);
#781=LINE('',#4906,#1152);
#782=LINE('',#4908,#1153);
#783=LINE('',#4910,#1154);
#784=LINE('',#4911,#1155);
#785=LINE('',#4915,#1156);
#786=LINE('',#4916,#1157);
#787=LINE('',#4918,#1158);
#788=LINE('',#4920,#1159);
#789=LINE('',#4922,#1160);
#790=LINE('',#4924,#1161);
#791=LINE('',#4941,#1162);
#792=LINE('',#4943,#1163);
#793=LINE('',#4945,#1164);
#794=LINE('',#4947,#1165);
#795=LINE('',#4948,#1166);
#796=LINE('',#4952,#1167);
#797=LINE('',#4954,#1168);
#798=LINE('',#4955,#1169);
#799=LINE('',#4956,#1170);
#800=LINE('',#4959,#1171);
#801=LINE('',#4960,#1172);
#802=LINE('',#4964,#1173);
#803=LINE('',#4966,#1174);
#804=LINE('',#4967,#1175);
#805=LINE('',#4971,#1176);
#806=LINE('',#4972,#1177);
#807=LINE('',#4974,#1178);
#808=LINE('',#4975,#1179);
#809=LINE('',#4978,#1180);
#810=LINE('',#4980,#1181);
#811=LINE('',#4982,#1182);
#812=LINE('',#4984,#1183);
#813=LINE('',#4986,#1184);
#814=LINE('',#4988,#1185);
#815=LINE('',#4990,#1186);
#816=LINE('',#4992,#1187);
#817=LINE('',#5008,#1188);
#818=LINE('',#5009,#1189);
#819=LINE('',#5013,#1190);
#820=LINE('',#5014,#1191);
#821=LINE('',#5015,#1192);
#822=LINE('',#5023,#1193);
#823=LINE('',#5041,#1194);
#824=LINE('',#5042,#1195);
#825=LINE('',#5054,#1196);
#826=LINE('',#5056,#1197);
#827=LINE('',#5058,#1198);
#828=LINE('',#5059,#1199);
#829=LINE('',#5062,#1200);
#830=LINE('',#5064,#1201);
#831=LINE('',#5066,#1202);
#832=LINE('',#5067,#1203);
#833=LINE('',#5106,#1204);
#834=LINE('',#5212,#1205);
#835=LINE('',#5278,#1206);
#836=LINE('',#5295,#1207);
#837=LINE('',#5296,#1208);
#838=LINE('',#5299,#1209);
#839=LINE('',#5301,#1210);
#840=LINE('',#5303,#1211);
#841=LINE('',#5304,#1212);
#842=LINE('',#5307,#1213);
#843=LINE('',#5308,#1214);
#844=LINE('',#5312,#1215);
#845=LINE('',#5314,#1216);
#846=LINE('',#5315,#1217);
#847=LINE('',#5318,#1218);
#848=LINE('',#5319,#1219);
#849=LINE('',#5320,#1220);
#850=LINE('',#5322,#1221);
#851=LINE('',#5324,#1222);
#852=LINE('',#5326,#1223);
#853=LINE('',#5327,#1224);
#854=LINE('',#5329,#1225);
#855=LINE('',#5331,#1226);
#856=LINE('',#5333,#1227);
#857=LINE('',#5334,#1228);
#858=LINE('',#5337,#1229);
#859=LINE('',#5338,#1230);
#860=LINE('',#5341,#1231);
#861=LINE('',#5343,#1232);
#862=LINE('',#5345,#1233);
#863=LINE('',#5346,#1234);
#864=LINE('',#5348,#1235);
#865=LINE('',#5350,#1236);
#866=LINE('',#5351,#1237);
#867=LINE('',#5353,#1238);
#868=LINE('',#5385,#1239);
#869=LINE('',#5387,#1240);
#870=LINE('',#5390,#1241);
#871=LINE('',#5391,#1242);
#872=LINE('',#5396,#1243);
#873=LINE('',#5398,#1244);
#874=LINE('',#5399,#1245);
#875=LINE('',#5402,#1246);
#876=LINE('',#5403,#1247);
#877=LINE('',#5406,#1248);
#878=LINE('',#5407,#1249);
#879=LINE('',#5409,#1250);
#880=LINE('',#5413,#1251);
#881=LINE('',#5415,#1252);
#882=LINE('',#5416,#1253);
#883=LINE('',#5419,#1254);
#884=LINE('',#5420,#1255);
#885=LINE('',#5423,#1256);
#886=LINE('',#5424,#1257);
#887=LINE('',#5426,#1258);
#888=LINE('',#5461,#1259);
#889=LINE('',#5478,#1260);
#890=LINE('',#5518,#1261);
#891=LINE('',#5569,#1262);
#892=LINE('',#5587,#1263);
#893=LINE('',#5588,#1264);
#894=LINE('',#5628,#1265);
#895=LINE('',#5687,#1266);
#896=LINE('',#5730,#1267);
#897=LINE('',#5765,#1268);
#898=LINE('',#5779,#1269);
#899=LINE('',#5780,#1270);
#900=LINE('',#5820,#1271);
#901=LINE('',#5871,#1272);
#902=LINE('',#5910,#1273);
#903=LINE('',#5937,#1274);
#904=LINE('',#5968,#1275);
#905=LINE('',#6011,#1276);
#906=LINE('',#6066,#1277);
#907=LINE('',#6087,#1278);
#908=VECTOR('',#3535,1000.);
#909=VECTOR('',#3536,1000.);
#910=VECTOR('',#3537,1000.);
#911=VECTOR('',#3538,1000.);
#912=VECTOR('',#3541,1000.);
#913=VECTOR('',#3542,1000.);
#914=VECTOR('',#3543,1000.);
#915=VECTOR('',#3544,1000.);
#916=VECTOR('',#3545,1000.);
#917=VECTOR('',#3546,1000.);
#918=VECTOR('',#3547,1000.);
#919=VECTOR('',#3548,1000.);
#920=VECTOR('',#3549,1000.);
#921=VECTOR('',#3550,1000.);
#922=VECTOR('',#3551,1000.);
#923=VECTOR('',#3552,1000.);
#924=VECTOR('',#3553,1000.);
#925=VECTOR('',#3554,1000.);
#926=VECTOR('',#3555,1000.);
#927=VECTOR('',#3558,1000.);
#928=VECTOR('',#3559,1000.);
#929=VECTOR('',#3560,1000.);
#930=VECTOR('',#3563,1000.);
#931=VECTOR('',#3564,1000.);
#932=VECTOR('',#3565,1000.);
#933=VECTOR('',#3566,1000.);
#934=VECTOR('',#3567,1000.);
#935=VECTOR('',#3568,1000.);
#936=VECTOR('',#3569,1000.);
#937=VECTOR('',#3570,1000.);
#938=VECTOR('',#3571,1000.);
#939=VECTOR('',#3572,1000.);
#940=VECTOR('',#3573,1000.);
#941=VECTOR('',#3574,1000.);
#942=VECTOR('',#3575,1000.);
#943=VECTOR('',#3576,1000.);
#944=VECTOR('',#3579,1000.);
#945=VECTOR('',#3580,1000.);
#946=VECTOR('',#3587,1000.);
#947=VECTOR('',#3590,1000.);
#948=VECTOR('',#3591,1000.);
#949=VECTOR('',#3592,1000.);
#950=VECTOR('',#3593,1000.);
#951=VECTOR('',#3594,1000.);
#952=VECTOR('',#3595,1000.);
#953=VECTOR('',#3598,1000.);
#954=VECTOR('',#3601,1000.);
#955=VECTOR('',#3606,1000.);
#956=VECTOR('',#3607,1000.);
#957=VECTOR('',#3608,1000.);
#958=VECTOR('',#3609,1000.);
#959=VECTOR('',#3614,1000.);
#960=VECTOR('',#3619,1000.);
#961=VECTOR('',#3620,1000.);
#962=VECTOR('',#3621,1000.);
#963=VECTOR('',#3626,1000.);
#964=VECTOR('',#3631,1000.);
#965=VECTOR('',#3632,1000.);
#966=VECTOR('',#3633,1000.);
#967=VECTOR('',#3638,1000.);
#968=VECTOR('',#3643,1000.);
#969=VECTOR('',#3644,1000.);
#970=VECTOR('',#3645,1000.);
#971=VECTOR('',#3650,1000.);
#972=VECTOR('',#3655,1000.);
#973=VECTOR('',#3656,1000.);
#974=VECTOR('',#3657,1000.);
#975=VECTOR('',#3676,1000.);
#976=VECTOR('',#3681,1000.);
#977=VECTOR('',#3682,1000.);
#978=VECTOR('',#3685,1000.);
#979=VECTOR('',#3688,1000.);
#980=VECTOR('',#3693,1000.);
#981=VECTOR('',#3694,1000.);
#982=VECTOR('',#3695,1000.);
#983=VECTOR('',#3696,1000.);
#984=VECTOR('',#3699,1000.);
#985=VECTOR('',#3700,1000.);
#986=VECTOR('',#3701,1000.);
#987=VECTOR('',#3702,1000.);
#988=VECTOR('',#3703,1000.);
#989=VECTOR('',#3704,1000.);
#990=VECTOR('',#3705,1000.);
#991=VECTOR('',#3706,1000.);
#992=VECTOR('',#3707,1000.);
#993=VECTOR('',#3708,1000.);
#994=VECTOR('',#3709,1000.);
#995=VECTOR('',#3710,1000.);
#996=VECTOR('',#3711,1000.);
#997=VECTOR('',#3712,1000.);
#998=VECTOR('',#3713,1000.);
#999=VECTOR('',#3716,1000.);
#1000=VECTOR('',#3717,1000.);
#1001=VECTOR('',#3718,1000.);
#1002=VECTOR('',#3721,1000.);
#1003=VECTOR('',#3722,1000.);
#1004=VECTOR('',#3723,1000.);
#1005=VECTOR('',#3724,1000.);
#1006=VECTOR('',#3725,1000.);
#1007=VECTOR('',#3726,1000.);
#1008=VECTOR('',#3727,1000.);
#1009=VECTOR('',#3728,1000.);
#1010=VECTOR('',#3729,1000.);
#1011=VECTOR('',#3730,1000.);
#1012=VECTOR('',#3731,1000.);
#1013=VECTOR('',#3732,1000.);
#1014=VECTOR('',#3733,1000.);
#1015=VECTOR('',#3734,1000.);
#1016=VECTOR('',#3737,1000.);
#1017=VECTOR('',#3738,1000.);
#1018=VECTOR('',#3745,1000.);
#1019=VECTOR('',#3748,1000.);
#1020=VECTOR('',#3749,1000.);
#1021=VECTOR('',#3752,1000.);
#1022=VECTOR('',#3755,1000.);
#1023=VECTOR('',#3760,1000.);
#1024=VECTOR('',#3765,1000.);
#1025=VECTOR('',#3766,1000.);
#1026=VECTOR('',#3769,1000.);
#1027=VECTOR('',#3772,1000.);
#1028=VECTOR('',#3777,1000.);
#1029=VECTOR('',#3778,1000.);
#1030=VECTOR('',#3779,1000.);
#1031=VECTOR('',#3780,1000.);
#1032=VECTOR('',#3783,1000.);
#1033=VECTOR('',#3784,1000.);
#1034=VECTOR('',#3785,1000.);
#1035=VECTOR('',#3786,1000.);
#1036=VECTOR('',#3789,1000.);
#1037=VECTOR('',#3790,1000.);
#1038=VECTOR('',#3791,1000.);
#1039=VECTOR('',#3792,1000.);
#1040=VECTOR('',#3795,1000.);
#1041=VECTOR('',#3796,1000.);
#1042=VECTOR('',#3797,1000.);
#1043=VECTOR('',#3798,1000.);
#1044=VECTOR('',#3801,1000.);
#1045=VECTOR('',#3802,1000.);
#1046=VECTOR('',#3803,1000.);
#1047=VECTOR('',#3804,1000.);
#1048=VECTOR('',#3807,1000.);
#1049=VECTOR('',#3808,1000.);
#1050=VECTOR('',#3809,1000.);
#1051=VECTOR('',#3810,1000.);
#1052=VECTOR('',#3813,1000.);
#1053=VECTOR('',#3814,1000.);
#1054=VECTOR('',#3815,1000.);
#1055=VECTOR('',#3816,1000.);
#1056=VECTOR('',#3819,1000.);
#1057=VECTOR('',#3820,1000.);
#1058=VECTOR('',#3821,1000.);
#1059=VECTOR('',#3822,1000.);
#1060=VECTOR('',#3825,1000.);
#1061=VECTOR('',#3826,1000.);
#1062=VECTOR('',#3827,1000.);
#1063=VECTOR('',#3828,1000.);
#1064=VECTOR('',#3831,1000.);
#1065=VECTOR('',#3832,1000.);
#1066=VECTOR('',#3833,1000.);
#1067=VECTOR('',#3834,1000.);
#1068=VECTOR('',#3837,1000.);
#1069=VECTOR('',#3838,1000.);
#1070=VECTOR('',#3839,1000.);
#1071=VECTOR('',#3840,1000.);
#1072=VECTOR('',#3843,1000.);
#1073=VECTOR('',#3844,1000.);
#1074=VECTOR('',#3845,1000.);
#1075=VECTOR('',#3846,1000.);
#1076=VECTOR('',#3849,1000.);
#1077=VECTOR('',#3850,1000.);
#1078=VECTOR('',#3851,1000.);
#1079=VECTOR('',#3852,1000.);
#1080=VECTOR('',#3855,1000.);
#1081=VECTOR('',#3856,1000.);
#1082=VECTOR('',#3857,1000.);
#1083=VECTOR('',#3858,1000.);
#1084=VECTOR('',#3861,1000.);
#1085=VECTOR('',#3862,1000.);
#1086=VECTOR('',#3863,1000.);
#1087=VECTOR('',#3864,1000.);
#1088=VECTOR('',#3867,1000.);
#1089=VECTOR('',#3868,1000.);
#1090=VECTOR('',#3869,1000.);
#1091=VECTOR('',#3870,1000.);
#1092=VECTOR('',#3873,1000.);
#1093=VECTOR('',#3874,1000.);
#1094=VECTOR('',#3875,1000.);
#1095=VECTOR('',#3876,1000.);
#1096=VECTOR('',#3879,1000.);
#1097=VECTOR('',#3880,1000.);
#1098=VECTOR('',#3881,1000.);
#1099=VECTOR('',#3882,1000.);
#1100=VECTOR('',#3885,1000.);
#1101=VECTOR('',#3886,1000.);
#1102=VECTOR('',#3887,1000.);
#1103=VECTOR('',#3888,1000.);
#1104=VECTOR('',#3891,1000.);
#1105=VECTOR('',#3892,1000.);
#1106=VECTOR('',#3893,1000.);
#1107=VECTOR('',#3894,1000.);
#1108=VECTOR('',#3897,1000.);
#1109=VECTOR('',#3898,1000.);
#1110=VECTOR('',#3899,1000.);
#1111=VECTOR('',#3900,1000.);
#1112=VECTOR('',#3903,1000.);
#1113=VECTOR('',#3904,1000.);
#1114=VECTOR('',#3905,1000.);
#1115=VECTOR('',#3906,1000.);
#1116=VECTOR('',#3909,1000.);
#1117=VECTOR('',#3910,1000.);
#1118=VECTOR('',#3911,1000.);
#1119=VECTOR('',#3912,1000.);
#1120=VECTOR('',#3915,1000.);
#1121=VECTOR('',#3916,1000.);
#1122=VECTOR('',#3917,1000.);
#1123=VECTOR('',#3918,1000.);
#1124=VECTOR('',#3921,1000.);
#1125=VECTOR('',#3922,1000.);
#1126=VECTOR('',#3923,1000.);
#1127=VECTOR('',#3924,1000.);
#1128=VECTOR('',#3927,1000.);
#1129=VECTOR('',#3928,1000.);
#1130=VECTOR('',#3929,1000.);
#1131=VECTOR('',#3930,1000.);
#1132=VECTOR('',#3933,1000.);
#1133=VECTOR('',#3934,1000.);
#1134=VECTOR('',#3935,1000.);
#1135=VECTOR('',#3936,1000.);
#1136=VECTOR('',#3939,1000.);
#1137=VECTOR('',#3940,1000.);
#1138=VECTOR('',#3941,1000.);
#1139=VECTOR('',#3942,1000.);
#1140=VECTOR('',#3945,1000.);
#1141=VECTOR('',#3946,1000.);
#1142=VECTOR('',#3947,1000.);
#1143=VECTOR('',#3948,1000.);
#1144=VECTOR('',#3951,1000.);
#1145=VECTOR('',#3952,1000.);
#1146=VECTOR('',#3953,1000.);
#1147=VECTOR('',#3954,1000.);
#1148=VECTOR('',#3957,1000.);
#1149=VECTOR('',#3958,1000.);
#1150=VECTOR('',#3959,1000.);
#1151=VECTOR('',#3960,1000.);
#1152=VECTOR('',#3963,1000.);
#1153=VECTOR('',#3964,1000.);
#1154=VECTOR('',#3965,1000.);
#1155=VECTOR('',#3966,1000.);
#1156=VECTOR('',#3969,1000.);
#1157=VECTOR('',#3970,1000.);
#1158=VECTOR('',#3971,1000.);
#1159=VECTOR('',#3972,1000.);
#1160=VECTOR('',#3973,1000.);
#1161=VECTOR('',#3974,1000.);
#1162=VECTOR('',#4005,1000.);
#1163=VECTOR('',#4006,1000.);
#1164=VECTOR('',#4007,1000.);
#1165=VECTOR('',#4008,1000.);
#1166=VECTOR('',#4009,1000.);
#1167=VECTOR('',#4012,1000.);
#1168=VECTOR('',#4013,1000.);
#1169=VECTOR('',#4014,1000.);
#1170=VECTOR('',#4015,1000.);
#1171=VECTOR('',#4018,1000.);
#1172=VECTOR('',#4019,1000.);
#1173=VECTOR('',#4022,1000.);
#1174=VECTOR('',#4023,1000.);
#1175=VECTOR('',#4024,1000.);
#1176=VECTOR('',#4027,1000.);
#1177=VECTOR('',#4028,1000.);
#1178=VECTOR('',#4029,1000.);
#1179=VECTOR('',#4030,1000.);
#1180=VECTOR('',#4033,1000.);
#1181=VECTOR('',#4034,1000.);
#1182=VECTOR('',#4035,1000.);
#1183=VECTOR('',#4036,1000.);
#1184=VECTOR('',#4037,1000.);
#1185=VECTOR('',#4038,1000.);
#1186=VECTOR('',#4039,1000.);
#1187=VECTOR('',#4040,1000.);
#1188=VECTOR('',#4071,1000.);
#1189=VECTOR('',#4072,1000.);
#1190=VECTOR('',#4075,1000.);
#1191=VECTOR('',#4076,1000.);
#1192=VECTOR('',#4077,1000.);
#1193=VECTOR('',#4092,1000.);
#1194=VECTOR('',#4123,1000.);
#1195=VECTOR('',#4124,1000.);
#1196=VECTOR('',#4143,1000.);
#1197=VECTOR('',#4144,1000.);
#1198=VECTOR('',#4145,1000.);
#1199=VECTOR('',#4146,1000.);
#1200=VECTOR('',#4147,1000.);
#1201=VECTOR('',#4148,1000.);
#1202=VECTOR('',#4149,1000.);
#1203=VECTOR('',#4150,1000.);
#1204=VECTOR('',#4151,1000.);
#1205=VECTOR('',#4152,1000.);
#1206=VECTOR('',#4153,1000.);
#1207=VECTOR('',#4156,1000.);
#1208=VECTOR('',#4157,1000.);
#1209=VECTOR('',#4160,1000.);
#1210=VECTOR('',#4161,1000.);
#1211=VECTOR('',#4162,1000.);
#1212=VECTOR('',#4163,1000.);
#1213=VECTOR('',#4166,1000.);
#1214=VECTOR('',#4167,1000.);
#1215=VECTOR('',#4170,1000.);
#1216=VECTOR('',#4171,1000.);
#1217=VECTOR('',#4172,1000.);
#1218=VECTOR('',#4175,1000.);
#1219=VECTOR('',#4176,1000.);
#1220=VECTOR('',#4177,1000.);
#1221=VECTOR('',#4180,1000.);
#1222=VECTOR('',#4183,1000.);
#1223=VECTOR('',#4186,1000.);
#1224=VECTOR('',#4187,1000.);
#1225=VECTOR('',#4190,1000.);
#1226=VECTOR('',#4191,1000.);
#1227=VECTOR('',#4192,1000.);
#1228=VECTOR('',#4193,1000.);
#1229=VECTOR('',#4196,1000.);
#1230=VECTOR('',#4197,1000.);
#1231=VECTOR('',#4200,1000.);
#1232=VECTOR('',#4201,1000.);
#1233=VECTOR('',#4202,1000.);
#1234=VECTOR('',#4203,1000.);
#1235=VECTOR('',#4204,1000.);
#1236=VECTOR('',#4205,1000.);
#1237=VECTOR('',#4206,1000.);
#1238=VECTOR('',#4209,1000.);
#1239=VECTOR('',#4272,1000.);
#1240=VECTOR('',#4275,1000.);
#1241=VECTOR('',#4280,1000.);
#1242=VECTOR('',#4281,1000.);
#1243=VECTOR('',#4288,1000.);
#1244=VECTOR('',#4289,1000.);
#1245=VECTOR('',#4290,1000.);
#1246=VECTOR('',#4293,1000.);
#1247=VECTOR('',#4294,1000.);
#1248=VECTOR('',#4297,1000.);
#1249=VECTOR('',#4298,1000.);
#1250=VECTOR('',#4301,1000.);
#1251=VECTOR('',#4306,1000.);
#1252=VECTOR('',#4307,1000.);
#1253=VECTOR('',#4308,1000.);
#1254=VECTOR('',#4311,1000.);
#1255=VECTOR('',#4312,1000.);
#1256=VECTOR('',#4315,1000.);
#1257=VECTOR('',#4316,1000.);
#1258=VECTOR('',#4319,1000.);
#1259=VECTOR('',#4326,1000.);
#1260=VECTOR('',#4327,1000.);
#1261=VECTOR('',#4328,1000.);
#1262=VECTOR('',#4329,1000.);
#1263=VECTOR('',#4332,1000.);
#1264=VECTOR('',#4333,1000.);
#1265=VECTOR('',#4334,1000.);
#1266=VECTOR('',#4335,1000.);
#1267=VECTOR('',#4336,1000.);
#1268=VECTOR('',#4337,1000.);
#1269=VECTOR('',#4340,1000.);
#1270=VECTOR('',#4341,1000.);
#1271=VECTOR('',#4342,1000.);
#1272=VECTOR('',#4343,1000.);
#1273=VECTOR('',#4344,1000.);
#1274=VECTOR('',#4345,1000.);
#1275=VECTOR('',#4346,1000.);
#1276=VECTOR('',#4347,1000.);
#1277=VECTOR('',#4348,1000.);
#1278=VECTOR('',#4351,1000.);
#1279=VERTEX_POINT('',#4356);
#1280=VERTEX_POINT('',#4357);
#1281=VERTEX_POINT('',#4359);
#1282=VERTEX_POINT('',#4361);
#1283=VERTEX_POINT('',#4365);
#1284=VERTEX_POINT('',#4366);
#1285=VERTEX_POINT('',#4368);
#1286=VERTEX_POINT('',#4370);
#1287=VERTEX_POINT('',#4372);
#1288=VERTEX_POINT('',#4374);
#1289=VERTEX_POINT('',#4376);
#1290=VERTEX_POINT('',#4378);
#1291=VERTEX_POINT('',#4380);
#1292=VERTEX_POINT('',#4383);
#1293=VERTEX_POINT('',#4386);
#1294=VERTEX_POINT('',#4387);
#1295=VERTEX_POINT('',#4389);
#1296=VERTEX_POINT('',#4391);
#1297=VERTEX_POINT('',#4395);
#1298=VERTEX_POINT('',#4396);
#1299=VERTEX_POINT('',#4401);
#1300=VERTEX_POINT('',#4402);
#1301=VERTEX_POINT('',#4404);
#1302=VERTEX_POINT('',#4406);
#1303=VERTEX_POINT('',#4408);
#1304=VERTEX_POINT('',#4411);
#1305=VERTEX_POINT('',#4413);
#1306=VERTEX_POINT('',#4416);
#1307=VERTEX_POINT('',#4419);
#1308=VERTEX_POINT('',#4420);
#1309=VERTEX_POINT('',#4422);
#1310=VERTEX_POINT('',#4424);
#1311=VERTEX_POINT('',#4437);
#1312=VERTEX_POINT('',#4438);
#1313=VERTEX_POINT('',#4440);
#1314=VERTEX_POINT('',#4442);
#1315=VERTEX_POINT('',#4451);
#1316=VERTEX_POINT('',#4452);
#1317=VERTEX_POINT('',#4454);
#1318=VERTEX_POINT('',#4456);
#1319=VERTEX_POINT('',#4460);
#1320=VERTEX_POINT('',#4462);
#1321=VERTEX_POINT('',#4466);
#1322=VERTEX_POINT('',#4468);
#1323=VERTEX_POINT('',#4472);
#1324=VERTEX_POINT('',#4474);
#1325=VERTEX_POINT('',#4478);
#1326=VERTEX_POINT('',#4480);
#1327=VERTEX_POINT('',#4484);
#1328=VERTEX_POINT('',#4486);
#1329=VERTEX_POINT('',#4490);
#1330=VERTEX_POINT('',#4492);
#1331=VERTEX_POINT('',#4496);
#1332=VERTEX_POINT('',#4498);
#1333=VERTEX_POINT('',#4502);
#1334=VERTEX_POINT('',#4504);
#1335=VERTEX_POINT('',#4527);
#1336=VERTEX_POINT('',#4528);
#1337=VERTEX_POINT('',#4530);
#1338=VERTEX_POINT('',#4532);
#1339=VERTEX_POINT('',#4536);
#1340=VERTEX_POINT('',#4537);
#1341=VERTEX_POINT('',#4539);
#1342=VERTEX_POINT('',#4541);
#1343=VERTEX_POINT('',#4543);
#1344=VERTEX_POINT('',#4545);
#1345=VERTEX_POINT('',#4547);
#1346=VERTEX_POINT('',#4549);
#1347=VERTEX_POINT('',#4551);
#1348=VERTEX_POINT('',#4554);
#1349=VERTEX_POINT('',#4557);
#1350=VERTEX_POINT('',#4558);
#1351=VERTEX_POINT('',#4560);
#1352=VERTEX_POINT('',#4562);
#1353=VERTEX_POINT('',#4566);
#1354=VERTEX_POINT('',#4567);
#1355=VERTEX_POINT('',#4572);
#1356=VERTEX_POINT('',#4573);
#1357=VERTEX_POINT('',#4575);
#1358=VERTEX_POINT('',#4577);
#1359=VERTEX_POINT('',#4579);
#1360=VERTEX_POINT('',#4582);
#1361=VERTEX_POINT('',#4584);
#1362=VERTEX_POINT('',#4587);
#1363=VERTEX_POINT('',#4590);
#1364=VERTEX_POINT('',#4591);
#1365=VERTEX_POINT('',#4593);
#1366=VERTEX_POINT('',#4595);
#1367=VERTEX_POINT('',#4625);
#1368=VERTEX_POINT('',#4626);
#1369=VERTEX_POINT('',#4628);
#1370=VERTEX_POINT('',#4630);
#1371=VERTEX_POINT('',#4634);
#1372=VERTEX_POINT('',#4635);
#1373=VERTEX_POINT('',#4637);
#1374=VERTEX_POINT('',#4639);
#1375=VERTEX_POINT('',#4643);
#1376=VERTEX_POINT('',#4644);
#1377=VERTEX_POINT('',#4646);
#1378=VERTEX_POINT('',#4648);
#1379=VERTEX_POINT('',#4652);
#1380=VERTEX_POINT('',#4653);
#1381=VERTEX_POINT('',#4655);
#1382=VERTEX_POINT('',#4657);
#1383=VERTEX_POINT('',#4661);
#1384=VERTEX_POINT('',#4662);
#1385=VERTEX_POINT('',#4664);
#1386=VERTEX_POINT('',#4666);
#1387=VERTEX_POINT('',#4670);
#1388=VERTEX_POINT('',#4671);
#1389=VERTEX_POINT('',#4673);
#1390=VERTEX_POINT('',#4675);
#1391=VERTEX_POINT('',#4679);
#1392=VERTEX_POINT('',#4680);
#1393=VERTEX_POINT('',#4682);
#1394=VERTEX_POINT('',#4684);
#1395=VERTEX_POINT('',#4688);
#1396=VERTEX_POINT('',#4689);
#1397=VERTEX_POINT('',#4691);
#1398=VERTEX_POINT('',#4693);
#1399=VERTEX_POINT('',#4697);
#1400=VERTEX_POINT('',#4698);
#1401=VERTEX_POINT('',#4700);
#1402=VERTEX_POINT('',#4702);
#1403=VERTEX_POINT('',#4706);
#1404=VERTEX_POINT('',#4707);
#1405=VERTEX_POINT('',#4709);
#1406=VERTEX_POINT('',#4711);
#1407=VERTEX_POINT('',#4715);
#1408=VERTEX_POINT('',#4716);
#1409=VERTEX_POINT('',#4718);
#1410=VERTEX_POINT('',#4720);
#1411=VERTEX_POINT('',#4724);
#1412=VERTEX_POINT('',#4725);
#1413=VERTEX_POINT('',#4727);
#1414=VERTEX_POINT('',#4729);
#1415=VERTEX_POINT('',#4733);
#1416=VERTEX_POINT('',#4734);
#1417=VERTEX_POINT('',#4736);
#1418=VERTEX_POINT('',#4738);
#1419=VERTEX_POINT('',#4742);
#1420=VERTEX_POINT('',#4743);
#1421=VERTEX_POINT('',#4745);
#1422=VERTEX_POINT('',#4747);
#1423=VERTEX_POINT('',#4751);
#1424=VERTEX_POINT('',#4752);
#1425=VERTEX_POINT('',#4754);
#1426=VERTEX_POINT('',#4756);
#1427=VERTEX_POINT('',#4760);
#1428=VERTEX_POINT('',#4761);
#1429=VERTEX_POINT('',#4763);
#1430=VERTEX_POINT('',#4765);
#1431=VERTEX_POINT('',#4769);
#1432=VERTEX_POINT('',#4770);
#1433=VERTEX_POINT('',#4772);
#1434=VERTEX_POINT('',#4774);
#1435=VERTEX_POINT('',#4778);
#1436=VERTEX_POINT('',#4779);
#1437=VERTEX_POINT('',#4781);
#1438=VERTEX_POINT('',#4783);
#1439=VERTEX_POINT('',#4787);
#1440=VERTEX_POINT('',#4788);
#1441=VERTEX_POINT('',#4790);
#1442=VERTEX_POINT('',#4792);
#1443=VERTEX_POINT('',#4796);
#1444=VERTEX_POINT('',#4797);
#1445=VERTEX_POINT('',#4799);
#1446=VERTEX_POINT('',#4801);
#1447=VERTEX_POINT('',#4805);
#1448=VERTEX_POINT('',#4806);
#1449=VERTEX_POINT('',#4808);
#1450=VERTEX_POINT('',#4810);
#1451=VERTEX_POINT('',#4814);
#1452=VERTEX_POINT('',#4815);
#1453=VERTEX_POINT('',#4817);
#1454=VERTEX_POINT('',#4819);
#1455=VERTEX_POINT('',#4823);
#1456=VERTEX_POINT('',#4824);
#1457=VERTEX_POINT('',#4826);
#1458=VERTEX_POINT('',#4828);
#1459=VERTEX_POINT('',#4832);
#1460=VERTEX_POINT('',#4833);
#1461=VERTEX_POINT('',#4835);
#1462=VERTEX_POINT('',#4837);
#1463=VERTEX_POINT('',#4841);
#1464=VERTEX_POINT('',#4842);
#1465=VERTEX_POINT('',#4844);
#1466=VERTEX_POINT('',#4846);
#1467=VERTEX_POINT('',#4850);
#1468=VERTEX_POINT('',#4851);
#1469=VERTEX_POINT('',#4853);
#1470=VERTEX_POINT('',#4855);
#1471=VERTEX_POINT('',#4859);
#1472=VERTEX_POINT('',#4860);
#1473=VERTEX_POINT('',#4862);
#1474=VERTEX_POINT('',#4864);
#1475=VERTEX_POINT('',#4868);
#1476=VERTEX_POINT('',#4869);
#1477=VERTEX_POINT('',#4871);
#1478=VERTEX_POINT('',#4873);
#1479=VERTEX_POINT('',#4877);
#1480=VERTEX_POINT('',#4878);
#1481=VERTEX_POINT('',#4880);
#1482=VERTEX_POINT('',#4882);
#1483=VERTEX_POINT('',#4886);
#1484=VERTEX_POINT('',#4887);
#1485=VERTEX_POINT('',#4889);
#1486=VERTEX_POINT('',#4891);
#1487=VERTEX_POINT('',#4895);
#1488=VERTEX_POINT('',#4896);
#1489=VERTEX_POINT('',#4898);
#1490=VERTEX_POINT('',#4900);
#1491=VERTEX_POINT('',#4904);
#1492=VERTEX_POINT('',#4905);
#1493=VERTEX_POINT('',#4907);
#1494=VERTEX_POINT('',#4909);
#1495=VERTEX_POINT('',#4913);
#1496=VERTEX_POINT('',#4914);
#1497=VERTEX_POINT('',#4917);
#1498=VERTEX_POINT('',#4919);
#1499=VERTEX_POINT('',#4921);
#1500=VERTEX_POINT('',#4923);
#1501=VERTEX_POINT('',#4940);
#1502=VERTEX_POINT('',#4942);
#1503=VERTEX_POINT('',#4944);
#1504=VERTEX_POINT('',#4946);
#1505=VERTEX_POINT('',#4950);
#1506=VERTEX_POINT('',#4951);
#1507=VERTEX_POINT('',#4953);
#1508=VERTEX_POINT('',#4958);
#1509=VERTEX_POINT('',#4962);
#1510=VERTEX_POINT('',#4963);
#1511=VERTEX_POINT('',#4965);
#1512=VERTEX_POINT('',#4969);
#1513=VERTEX_POINT('',#4970);
#1514=VERTEX_POINT('',#4973);
#1515=VERTEX_POINT('',#4977);
#1516=VERTEX_POINT('',#4979);
#1517=VERTEX_POINT('',#4981);
#1518=VERTEX_POINT('',#4983);
#1519=VERTEX_POINT('',#4985);
#1520=VERTEX_POINT('',#4987);
#1521=VERTEX_POINT('',#4989);
#1522=VERTEX_POINT('',#4991);
#1523=VERTEX_POINT('',#5011);
#1524=VERTEX_POINT('',#5012);
#1525=VERTEX_POINT('',#5038);
#1526=VERTEX_POINT('',#5040);
#1527=VERTEX_POINT('',#5052);
#1528=VERTEX_POINT('',#5053);
#1529=VERTEX_POINT('',#5055);
#1530=VERTEX_POINT('',#5057);
#1531=VERTEX_POINT('',#5060);
#1532=VERTEX_POINT('',#5061);
#1533=VERTEX_POINT('',#5063);
#1534=VERTEX_POINT('',#5065);
#1535=VERTEX_POINT('',#5068);
#1536=VERTEX_POINT('',#5069);
#1537=VERTEX_POINT('',#5089);
#1538=VERTEX_POINT('',#5105);
#1539=VERTEX_POINT('',#5107);
#1540=VERTEX_POINT('',#5127);
#1541=VERTEX_POINT('',#5143);
#1542=VERTEX_POINT('',#5155);
#1543=VERTEX_POINT('',#5163);
#1544=VERTEX_POINT('',#5175);
#1545=VERTEX_POINT('',#5191);
#1546=VERTEX_POINT('',#5211);
#1547=VERTEX_POINT('',#5213);
#1548=VERTEX_POINT('',#5225);
#1549=VERTEX_POINT('',#5237);
#1550=VERTEX_POINT('',#5257);
#1551=VERTEX_POINT('',#5277);
#1552=VERTEX_POINT('',#5298);
#1553=VERTEX_POINT('',#5300);
#1554=VERTEX_POINT('',#5302);
#1555=VERTEX_POINT('',#5306);
#1556=VERTEX_POINT('',#5310);
#1557=VERTEX_POINT('',#5311);
#1558=VERTEX_POINT('',#5313);
#1559=VERTEX_POINT('',#5317);
#1560=VERTEX_POINT('',#5330);
#1561=VERTEX_POINT('',#5332);
#1562=VERTEX_POINT('',#5336);
#1563=VERTEX_POINT('',#5340);
#1564=VERTEX_POINT('',#5342);
#1565=VERTEX_POINT('',#5344);
#1566=VERTEX_POINT('',#5347);
#1567=VERTEX_POINT('',#5349);
#1568=VERTEX_POINT('',#5395);
#1569=VERTEX_POINT('',#5397);
#1570=VERTEX_POINT('',#5401);
#1571=VERTEX_POINT('',#5405);
#1572=VERTEX_POINT('',#5412);
#1573=VERTEX_POINT('',#5414);
#1574=VERTEX_POINT('',#5418);
#1575=VERTEX_POINT('',#5422);
#1576=VERTEX_POINT('',#5460);
#1577=VERTEX_POINT('',#5462);
#1578=VERTEX_POINT('',#5517);
#1579=VERTEX_POINT('',#5568);
#1580=VERTEX_POINT('',#5586);
#1581=VERTEX_POINT('',#5627);
#1582=VERTEX_POINT('',#5686);
#1583=VERTEX_POINT('',#5729);
#1584=VERTEX_POINT('',#5764);
#1585=VERTEX_POINT('',#5778);
#1586=VERTEX_POINT('',#5819);
#1587=VERTEX_POINT('',#5870);
#1588=VERTEX_POINT('',#5909);
#1589=VERTEX_POINT('',#5936);
#1590=VERTEX_POINT('',#5967);
#1591=VERTEX_POINT('',#6010);
#1592=VERTEX_POINT('',#6065);
#1593=EDGE_CURVE('',#1279,#1280,#537,.T.);
#1594=EDGE_CURVE('',#1279,#1281,#538,.T.);
#1595=EDGE_CURVE('',#1281,#1282,#539,.T.);
#1596=EDGE_CURVE('',#1282,#1280,#540,.T.);
#1597=EDGE_CURVE('',#1283,#1284,#541,.T.);
#1598=EDGE_CURVE('',#1283,#1285,#542,.T.);
#1599=EDGE_CURVE('',#1285,#1286,#543,.T.);
#1600=EDGE_CURVE('',#1286,#1287,#544,.T.);
#1601=EDGE_CURVE('',#1287,#1288,#545,.T.);
#1602=EDGE_CURVE('',#1289,#1288,#546,.T.);
#1603=EDGE_CURVE('',#1289,#1290,#547,.T.);
#1604=EDGE_CURVE('',#1291,#1290,#548,.T.);
#1605=EDGE_CURVE('',#1291,#1279,#549,.T.);
#1606=EDGE_CURVE('',#1280,#1292,#550,.T.);
#1607=EDGE_CURVE('',#1284,#1292,#551,.T.);
#1608=EDGE_CURVE('',#1293,#1294,#552,.T.);
#1609=EDGE_CURVE('',#1295,#1293,#553,.T.);
#1610=EDGE_CURVE('',#1296,#1295,#554,.T.);
#1611=EDGE_CURVE('',#1294,#1296,#555,.T.);
#1612=EDGE_CURVE('',#1297,#1298,#556,.T.);
#1613=EDGE_CURVE('',#1297,#1289,#557,.T.);
#1614=EDGE_CURVE('',#1288,#1298,#558,.T.);
#1615=EDGE_CURVE('',#1299,#1300,#559,.T.);
#1616=EDGE_CURVE('',#1300,#1301,#560,.T.);
#1617=EDGE_CURVE('',#1302,#1301,#561,.T.);
#1618=EDGE_CURVE('',#1302,#1303,#562,.T.);
#1619=EDGE_CURVE('',#1303,#1282,#563,.T.);
#1620=EDGE_CURVE('',#1281,#1304,#564,.T.);
#1621=EDGE_CURVE('',#1305,#1304,#565,.T.);
#1622=EDGE_CURVE('',#1305,#1297,#566,.T.);
#1623=EDGE_CURVE('',#1298,#1306,#567,.T.);
#1624=EDGE_CURVE('',#1299,#1306,#568,.T.);
#1625=EDGE_CURVE('',#1307,#1308,#569,.T.);
#1626=EDGE_CURVE('',#1308,#1309,#570,.T.);
#1627=EDGE_CURVE('',#1309,#1310,#571,.T.);
#1628=EDGE_CURVE('',#1310,#1307,#572,.T.);
#1629=EDGE_CURVE('',#1304,#1291,#573,.T.);
#1630=EDGE_CURVE('',#1290,#1305,#574,.T.);
#1631=EDGE_CURVE('',#1292,#1303,#575,.T.);
#1632=EDGE_CURVE('',#1299,#1286,#576,.T.);
#1633=EDGE_CURVE('',#1306,#1287,#577,.T.);
#1634=EDGE_CURVE('',#1311,#1312,#578,.T.);
#1635=EDGE_CURVE('',#1311,#1313,#579,.T.);
#1636=EDGE_CURVE('',#1313,#1314,#580,.T.);
#1637=EDGE_CURVE('',#1312,#1314,#581,.T.);
#1638=EDGE_CURVE('',#1284,#1302,#582,.T.);
#1639=EDGE_CURVE('',#1283,#1301,#583,.T.);
#1640=EDGE_CURVE('',#1315,#1316,#584,.T.);
#1641=EDGE_CURVE('',#1317,#1315,#585,.T.);
#1642=EDGE_CURVE('',#1317,#1318,#586,.T.);
#1643=EDGE_CURVE('',#1318,#1316,#587,.T.);
#1644=EDGE_CURVE('',#1315,#1319,#109,.T.);
#1645=EDGE_CURVE('',#1320,#1319,#588,.T.);
#1646=EDGE_CURVE('',#1317,#1320,#110,.T.);
#1647=EDGE_CURVE('',#1319,#1321,#589,.T.);
#1648=EDGE_CURVE('',#1322,#1321,#590,.T.);
#1649=EDGE_CURVE('',#1320,#1322,#591,.T.);
#1650=EDGE_CURVE('',#1323,#1321,#111,.T.);
#1651=EDGE_CURVE('',#1324,#1323,#592,.T.);
#1652=EDGE_CURVE('',#1324,#1322,#112,.T.);
#1653=EDGE_CURVE('',#1323,#1325,#593,.T.);
#1654=EDGE_CURVE('',#1326,#1325,#594,.T.);
#1655=EDGE_CURVE('',#1324,#1326,#595,.T.);
#1656=EDGE_CURVE('',#1325,#1327,#113,.T.);
#1657=EDGE_CURVE('',#1328,#1327,#596,.T.);
#1658=EDGE_CURVE('',#1326,#1328,#114,.T.);
#1659=EDGE_CURVE('',#1329,#1327,#597,.T.);
#1660=EDGE_CURVE('',#1330,#1329,#598,.T.);
#1661=EDGE_CURVE('',#1330,#1328,#599,.T.);
#1662=EDGE_CURVE('',#1331,#1329,#115,.T.);
#1663=EDGE_CURVE('',#1332,#1331,#600,.T.);
#1664=EDGE_CURVE('',#1332,#1330,#116,.T.);
#1665=EDGE_CURVE('',#1331,#1333,#601,.T.);
#1666=EDGE_CURVE('',#1334,#1333,#602,.T.);
#1667=EDGE_CURVE('',#1332,#1334,#603,.T.);
#1668=EDGE_CURVE('',#1333,#1314,#117,.T.);
#1669=EDGE_CURVE('',#1334,#1313,#118,.T.);
#1670=EDGE_CURVE('',#1316,#1312,#119,.T.);
#1671=EDGE_CURVE('',#1318,#1311,#120,.T.);
#1672=EDGE_CURVE('',#1300,#1285,#604,.T.);
#1673=EDGE_CURVE('',#1308,#1295,#605,.T.);
#1674=EDGE_CURVE('',#1309,#1293,#606,.T.);
#1675=EDGE_CURVE('',#1307,#1296,#607,.T.);
#1676=EDGE_CURVE('',#1310,#1294,#608,.T.);
#1677=EDGE_CURVE('',#1335,#1336,#609,.T.);
#1678=EDGE_CURVE('',#1335,#1337,#610,.T.);
#1679=EDGE_CURVE('',#1337,#1338,#611,.T.);
#1680=EDGE_CURVE('',#1338,#1336,#612,.T.);
#1681=EDGE_CURVE('',#1339,#1340,#613,.T.);
#1682=EDGE_CURVE('',#1340,#1341,#614,.T.);
#1683=EDGE_CURVE('',#1342,#1341,#615,.T.);
#1684=EDGE_CURVE('',#1342,#1343,#616,.T.);
#1685=EDGE_CURVE('',#1343,#1344,#617,.T.);
#1686=EDGE_CURVE('',#1345,#1344,#618,.T.);
#1687=EDGE_CURVE('',#1345,#1346,#619,.T.);
#1688=EDGE_CURVE('',#1347,#1346,#620,.T.);
#1689=EDGE_CURVE('',#1347,#1335,#621,.T.);
#1690=EDGE_CURVE('',#1336,#1348,#622,.T.);
#1691=EDGE_CURVE('',#1339,#1348,#623,.T.);
#1692=EDGE_CURVE('',#1349,#1350,#624,.T.);
#1693=EDGE_CURVE('',#1351,#1349,#625,.T.);
#1694=EDGE_CURVE('',#1352,#1351,#626,.T.);
#1695=EDGE_CURVE('',#1350,#1352,#627,.T.);
#1696=EDGE_CURVE('',#1353,#1354,#628,.T.);
#1697=EDGE_CURVE('',#1353,#1345,#629,.T.);
#1698=EDGE_CURVE('',#1344,#1354,#630,.T.);
#1699=EDGE_CURVE('',#1355,#1356,#631,.T.);
#1700=EDGE_CURVE('',#1355,#1357,#632,.T.);
#1701=EDGE_CURVE('',#1357,#1358,#633,.T.);
#1702=EDGE_CURVE('',#1358,#1359,#634,.T.);
#1703=EDGE_CURVE('',#1359,#1338,#635,.T.);
#1704=EDGE_CURVE('',#1337,#1360,#636,.T.);
#1705=EDGE_CURVE('',#1361,#1360,#637,.T.);
#1706=EDGE_CURVE('',#1361,#1353,#638,.T.);
#1707=EDGE_CURVE('',#1354,#1362,#639,.T.);
#1708=EDGE_CURVE('',#1356,#1362,#640,.T.);
#1709=EDGE_CURVE('',#1363,#1364,#641,.T.);
#1710=EDGE_CURVE('',#1364,#1365,#642,.T.);
#1711=EDGE_CURVE('',#1365,#1366,#643,.T.);
#1712=EDGE_CURVE('',#1366,#1363,#644,.T.);
#1713=EDGE_CURVE('',#1360,#1347,#645,.T.);
#1714=EDGE_CURVE('',#1346,#1361,#646,.T.);
#1715=EDGE_CURVE('',#1348,#1359,#647,.T.);
#1716=EDGE_CURVE('',#1362,#1343,#648,.T.);
#1717=EDGE_CURVE('',#1356,#1342,#649,.T.);
#1718=EDGE_CURVE('',#1358,#1339,#650,.T.);
#1719=EDGE_CURVE('',#1355,#1341,#651,.T.);
#1720=EDGE_CURVE('',#1357,#1340,#652,.T.);
#1721=EDGE_CURVE('',#1364,#1351,#653,.T.);
#1722=EDGE_CURVE('',#1365,#1349,#654,.T.);
#1723=EDGE_CURVE('',#1363,#1352,#655,.T.);
#1724=EDGE_CURVE('',#1366,#1350,#656,.T.);
#1725=EDGE_CURVE('',#1367,#1368,#657,.T.);
#1726=EDGE_CURVE('',#1368,#1369,#658,.T.);
#1727=EDGE_CURVE('',#1370,#1369,#659,.T.);
#1728=EDGE_CURVE('',#1367,#1370,#660,.T.);
#1729=EDGE_CURVE('',#1371,#1372,#661,.T.);
#1730=EDGE_CURVE('',#1372,#1373,#662,.T.);
#1731=EDGE_CURVE('',#1374,#1373,#663,.T.);
#1732=EDGE_CURVE('',#1371,#1374,#664,.T.);
#1733=EDGE_CURVE('',#1375,#1376,#665,.T.);
#1734=EDGE_CURVE('',#1376,#1377,#666,.T.);
#1735=EDGE_CURVE('',#1378,#1377,#667,.T.);
#1736=EDGE_CURVE('',#1378,#1375,#668,.T.);
#1737=EDGE_CURVE('',#1379,#1380,#669,.T.);
#1738=EDGE_CURVE('',#1379,#1381,#670,.T.);
#1739=EDGE_CURVE('',#1381,#1382,#671,.T.);
#1740=EDGE_CURVE('',#1382,#1380,#672,.T.);
#1741=EDGE_CURVE('',#1383,#1384,#673,.T.);
#1742=EDGE_CURVE('',#1384,#1385,#674,.T.);
#1743=EDGE_CURVE('',#1386,#1385,#675,.T.);
#1744=EDGE_CURVE('',#1386,#1383,#676,.T.);
#1745=EDGE_CURVE('',#1387,#1388,#677,.T.);
#1746=EDGE_CURVE('',#1387,#1389,#678,.T.);
#1747=EDGE_CURVE('',#1389,#1390,#679,.T.);
#1748=EDGE_CURVE('',#1390,#1388,#680,.T.);
#1749=EDGE_CURVE('',#1391,#1392,#681,.T.);
#1750=EDGE_CURVE('',#1392,#1393,#682,.T.);
#1751=EDGE_CURVE('',#1394,#1393,#683,.T.);
#1752=EDGE_CURVE('',#1391,#1394,#684,.T.);
#1753=EDGE_CURVE('',#1395,#1396,#685,.T.);
#1754=EDGE_CURVE('',#1396,#1397,#686,.T.);
#1755=EDGE_CURVE('',#1398,#1397,#687,.T.);
#1756=EDGE_CURVE('',#1398,#1395,#688,.T.);
#1757=EDGE_CURVE('',#1399,#1400,#689,.T.);
#1758=EDGE_CURVE('',#1399,#1401,#690,.T.);
#1759=EDGE_CURVE('',#1401,#1402,#691,.T.);
#1760=EDGE_CURVE('',#1402,#1400,#692,.T.);
#1761=EDGE_CURVE('',#1403,#1404,#693,.T.);
#1762=EDGE_CURVE('',#1403,#1405,#694,.T.);
#1763=EDGE_CURVE('',#1405,#1406,#695,.T.);
#1764=EDGE_CURVE('',#1406,#1404,#696,.T.);
#1765=EDGE_CURVE('',#1407,#1408,#697,.T.);
#1766=EDGE_CURVE('',#1407,#1409,#698,.T.);
#1767=EDGE_CURVE('',#1409,#1410,#699,.T.);
#1768=EDGE_CURVE('',#1410,#1408,#700,.T.);
#1769=EDGE_CURVE('',#1411,#1412,#701,.T.);
#1770=EDGE_CURVE('',#1412,#1413,#702,.T.);
#1771=EDGE_CURVE('',#1414,#1413,#703,.T.);
#1772=EDGE_CURVE('',#1414,#1411,#704,.T.);
#1773=EDGE_CURVE('',#1415,#1416,#705,.T.);
#1774=EDGE_CURVE('',#1416,#1417,#706,.T.);
#1775=EDGE_CURVE('',#1418,#1417,#707,.T.);
#1776=EDGE_CURVE('',#1418,#1415,#708,.T.);
#1777=EDGE_CURVE('',#1419,#1420,#709,.T.);
#1778=EDGE_CURVE('',#1419,#1421,#710,.T.);
#1779=EDGE_CURVE('',#1421,#1422,#711,.T.);
#1780=EDGE_CURVE('',#1422,#1420,#712,.T.);
#1781=EDGE_CURVE('',#1423,#1424,#713,.T.);
#1782=EDGE_CURVE('',#1423,#1425,#714,.T.);
#1783=EDGE_CURVE('',#1425,#1426,#715,.T.);
#1784=EDGE_CURVE('',#1426,#1424,#716,.T.);
#1785=EDGE_CURVE('',#1427,#1428,#717,.T.);
#1786=EDGE_CURVE('',#1427,#1429,#718,.T.);
#1787=EDGE_CURVE('',#1429,#1430,#719,.T.);
#1788=EDGE_CURVE('',#1430,#1428,#720,.T.);
#1789=EDGE_CURVE('',#1431,#1432,#721,.T.);
#1790=EDGE_CURVE('',#1431,#1433,#722,.T.);
#1791=EDGE_CURVE('',#1433,#1434,#723,.T.);
#1792=EDGE_CURVE('',#1434,#1432,#724,.T.);
#1793=EDGE_CURVE('',#1435,#1436,#725,.T.);
#1794=EDGE_CURVE('',#1435,#1437,#726,.T.);
#1795=EDGE_CURVE('',#1437,#1438,#727,.T.);
#1796=EDGE_CURVE('',#1438,#1436,#728,.T.);
#1797=EDGE_CURVE('',#1439,#1440,#729,.T.);
#1798=EDGE_CURVE('',#1439,#1441,#730,.T.);
#1799=EDGE_CURVE('',#1441,#1442,#731,.T.);
#1800=EDGE_CURVE('',#1442,#1440,#732,.T.);
#1801=EDGE_CURVE('',#1443,#1444,#733,.T.);
#1802=EDGE_CURVE('',#1443,#1445,#734,.T.);
#1803=EDGE_CURVE('',#1445,#1446,#735,.T.);
#1804=EDGE_CURVE('',#1446,#1444,#736,.T.);
#1805=EDGE_CURVE('',#1447,#1448,#737,.T.);
#1806=EDGE_CURVE('',#1447,#1449,#738,.T.);
#1807=EDGE_CURVE('',#1449,#1450,#739,.T.);
#1808=EDGE_CURVE('',#1450,#1448,#740,.T.);
#1809=EDGE_CURVE('',#1451,#1452,#741,.T.);
#1810=EDGE_CURVE('',#1451,#1453,#742,.T.);
#1811=EDGE_CURVE('',#1453,#1454,#743,.T.);
#1812=EDGE_CURVE('',#1454,#1452,#744,.T.);
#1813=EDGE_CURVE('',#1455,#1456,#745,.T.);
#1814=EDGE_CURVE('',#1456,#1457,#746,.T.);
#1815=EDGE_CURVE('',#1458,#1457,#747,.T.);
#1816=EDGE_CURVE('',#1458,#1455,#748,.T.);
#1817=EDGE_CURVE('',#1459,#1460,#749,.T.);
#1818=EDGE_CURVE('',#1459,#1461,#750,.T.);
#1819=EDGE_CURVE('',#1461,#1462,#751,.T.);
#1820=EDGE_CURVE('',#1462,#1460,#752,.T.);
#1821=EDGE_CURVE('',#1463,#1464,#753,.T.);
#1822=EDGE_CURVE('',#1463,#1465,#754,.T.);
#1823=EDGE_CURVE('',#1465,#1466,#755,.T.);
#1824=EDGE_CURVE('',#1466,#1464,#756,.T.);
#1825=EDGE_CURVE('',#1467,#1468,#757,.T.);
#1826=EDGE_CURVE('',#1467,#1469,#758,.T.);
#1827=EDGE_CURVE('',#1469,#1470,#759,.T.);
#1828=EDGE_CURVE('',#1470,#1468,#760,.T.);
#1829=EDGE_CURVE('',#1471,#1472,#761,.T.);
#1830=EDGE_CURVE('',#1472,#1473,#762,.T.);
#1831=EDGE_CURVE('',#1474,#1473,#763,.T.);
#1832=EDGE_CURVE('',#1474,#1471,#764,.T.);
#1833=EDGE_CURVE('',#1475,#1476,#765,.T.);
#1834=EDGE_CURVE('',#1476,#1477,#766,.T.);
#1835=EDGE_CURVE('',#1478,#1477,#767,.T.);
#1836=EDGE_CURVE('',#1478,#1475,#768,.T.);
#1837=EDGE_CURVE('',#1479,#1480,#769,.T.);
#1838=EDGE_CURVE('',#1479,#1481,#770,.T.);
#1839=EDGE_CURVE('',#1481,#1482,#771,.T.);
#1840=EDGE_CURVE('',#1482,#1480,#772,.T.);
#1841=EDGE_CURVE('',#1483,#1484,#773,.T.);
#1842=EDGE_CURVE('',#1483,#1485,#774,.T.);
#1843=EDGE_CURVE('',#1485,#1486,#775,.T.);
#1844=EDGE_CURVE('',#1486,#1484,#776,.T.);
#1845=EDGE_CURVE('',#1487,#1488,#777,.T.);
#1846=EDGE_CURVE('',#1487,#1489,#778,.T.);
#1847=EDGE_CURVE('',#1489,#1490,#779,.T.);
#1848=EDGE_CURVE('',#1490,#1488,#780,.T.);
#1849=EDGE_CURVE('',#1491,#1492,#781,.T.);
#1850=EDGE_CURVE('',#1492,#1493,#782,.T.);
#1851=EDGE_CURVE('',#1494,#1493,#783,.T.);
#1852=EDGE_CURVE('',#1494,#1491,#784,.T.);
#1853=EDGE_CURVE('',#1495,#1496,#785,.T.);
#1854=EDGE_CURVE('',#1496,#1368,#786,.T.);
#1855=EDGE_CURVE('',#1497,#1367,#787,.T.);
#1856=EDGE_CURVE('',#1498,#1497,#788,.T.);
#1857=EDGE_CURVE('',#1499,#1498,#789,.T.);
#1858=EDGE_CURVE('',#1499,#1500,#790,.T.);
#1859=EDGE_CURVE('',#1500,#1451,#55,.T.);
#1860=EDGE_CURVE('',#1452,#1458,#56,.T.);
#1861=EDGE_CURVE('',#1457,#1443,#57,.T.);
#1862=EDGE_CURVE('',#1444,#1447,#58,.T.);
#1863=EDGE_CURVE('',#1448,#1467,#59,.T.);
#1864=EDGE_CURVE('',#1468,#1474,#60,.T.);
#1865=EDGE_CURVE('',#1473,#1459,#61,.T.);
#1866=EDGE_CURVE('',#1460,#1463,#62,.T.);
#1867=EDGE_CURVE('',#1464,#1478,#63,.T.);
#1868=EDGE_CURVE('',#1477,#1435,#64,.T.);
#1869=EDGE_CURVE('',#1436,#1439,#65,.T.);
#1870=EDGE_CURVE('',#1440,#1487,#66,.T.);
#1871=EDGE_CURVE('',#1488,#1494,#67,.T.);
#1872=EDGE_CURVE('',#1493,#1479,#68,.T.);
#1873=EDGE_CURVE('',#1480,#1483,#69,.T.);
#1874=EDGE_CURVE('',#1484,#1501,#791,.T.);
#1875=EDGE_CURVE('',#1502,#1501,#792,.T.);
#1876=EDGE_CURVE('',#1502,#1503,#793,.T.);
#1877=EDGE_CURVE('',#1504,#1503,#794,.T.);
#1878=EDGE_CURVE('',#1504,#1495,#795,.T.);
#1879=EDGE_CURVE('',#1505,#1506,#796,.T.);
#1880=EDGE_CURVE('',#1505,#1507,#797,.T.);
#1881=EDGE_CURVE('',#1498,#1507,#798,.T.);
#1882=EDGE_CURVE('',#1506,#1497,#799,.T.);
#1883=EDGE_CURVE('',#1508,#1506,#800,.T.);
#1884=EDGE_CURVE('',#1508,#1505,#801,.T.);
#1885=EDGE_CURVE('',#1509,#1510,#802,.T.);
#1886=EDGE_CURVE('',#1509,#1511,#803,.T.);
#1887=EDGE_CURVE('',#1510,#1511,#804,.T.);
#1888=EDGE_CURVE('',#1512,#1513,#805,.T.);
#1889=EDGE_CURVE('',#1512,#1509,#806,.T.);
#1890=EDGE_CURVE('',#1514,#1510,#807,.T.);
#1891=EDGE_CURVE('',#1513,#1514,#808,.T.);
#1892=EDGE_CURVE('',#1373,#1515,#809,.T.);
#1893=EDGE_CURVE('',#1515,#1516,#810,.T.);
#1894=EDGE_CURVE('',#1516,#1517,#811,.T.);
#1895=EDGE_CURVE('',#1517,#1518,#812,.T.);
#1896=EDGE_CURVE('',#1518,#1519,#813,.T.);
#1897=EDGE_CURVE('',#1519,#1520,#814,.T.);
#1898=EDGE_CURVE('',#1520,#1521,#815,.T.);
#1899=EDGE_CURVE('',#1522,#1521,#816,.T.);
#1900=EDGE_CURVE('',#1522,#1422,#70,.T.);
#1901=EDGE_CURVE('',#1421,#1416,#71,.T.);
#1902=EDGE_CURVE('',#1415,#1430,#72,.T.);
#1903=EDGE_CURVE('',#1429,#1426,#73,.T.);
#1904=EDGE_CURVE('',#1425,#1382,#74,.T.);
#1905=EDGE_CURVE('',#1381,#1376,#75,.T.);
#1906=EDGE_CURVE('',#1375,#1412,#76,.T.);
#1907=EDGE_CURVE('',#1411,#1434,#77,.T.);
#1908=EDGE_CURVE('',#1433,#1402,#78,.T.);
#1909=EDGE_CURVE('',#1401,#1396,#79,.T.);
#1910=EDGE_CURVE('',#1395,#1410,#80,.T.);
#1911=EDGE_CURVE('',#1409,#1406,#81,.T.);
#1912=EDGE_CURVE('',#1405,#1390,#82,.T.);
#1913=EDGE_CURVE('',#1389,#1384,#83,.T.);
#1914=EDGE_CURVE('',#1383,#1392,#84,.T.);
#1915=EDGE_CURVE('',#1513,#1391,#817,.T.);
#1916=EDGE_CURVE('',#1374,#1514,#818,.T.);
#1917=EDGE_CURVE('',#1523,#1524,#819,.T.);
#1918=EDGE_CURVE('',#1523,#1522,#820,.T.);
#1919=EDGE_CURVE('',#1521,#1524,#821,.T.);
#1920=EDGE_CURVE('',#1377,#1379,#121,.T.);
#1921=EDGE_CURVE('',#1380,#1423,#122,.T.);
#1922=EDGE_CURVE('',#1424,#1427,#123,.T.);
#1923=EDGE_CURVE('',#1428,#1418,#124,.T.);
#1924=EDGE_CURVE('',#1417,#1419,#125,.T.);
#1925=EDGE_CURVE('',#1420,#1523,#126,.T.);
#1926=EDGE_CURVE('',#1524,#1486,#822,.T.);
#1927=EDGE_CURVE('',#1482,#1485,#127,.T.);
#1928=EDGE_CURVE('',#1492,#1481,#128,.T.);
#1929=EDGE_CURVE('',#1490,#1491,#129,.T.);
#1930=EDGE_CURVE('',#1442,#1489,#130,.T.);
#1931=EDGE_CURVE('',#1438,#1441,#131,.T.);
#1932=EDGE_CURVE('',#1476,#1437,#132,.T.);
#1933=EDGE_CURVE('',#1466,#1475,#133,.T.);
#1934=EDGE_CURVE('',#1462,#1465,#134,.T.);
#1935=EDGE_CURVE('',#1472,#1461,#135,.T.);
#1936=EDGE_CURVE('',#1470,#1471,#136,.T.);
#1937=EDGE_CURVE('',#1450,#1469,#137,.T.);
#1938=EDGE_CURVE('',#1446,#1449,#138,.T.);
#1939=EDGE_CURVE('',#1456,#1445,#139,.T.);
#1940=EDGE_CURVE('',#1454,#1455,#140,.T.);
#1941=EDGE_CURVE('',#1525,#1453,#141,.T.);
#1942=EDGE_CURVE('',#1526,#1525,#823,.T.);
#1943=EDGE_CURVE('',#1394,#1526,#824,.T.);
#1944=EDGE_CURVE('',#1393,#1386,#142,.T.);
#1945=EDGE_CURVE('',#1385,#1387,#143,.T.);
#1946=EDGE_CURVE('',#1388,#1403,#144,.T.);
#1947=EDGE_CURVE('',#1404,#1407,#145,.T.);
#1948=EDGE_CURVE('',#1408,#1398,#146,.T.);
#1949=EDGE_CURVE('',#1397,#1399,#147,.T.);
#1950=EDGE_CURVE('',#1400,#1431,#148,.T.);
#1951=EDGE_CURVE('',#1432,#1414,#149,.T.);
#1952=EDGE_CURVE('',#1413,#1378,#150,.T.);
#1953=EDGE_CURVE('',#1527,#1528,#825,.T.);
#1954=EDGE_CURVE('',#1529,#1527,#826,.T.);
#1955=EDGE_CURVE('',#1530,#1529,#827,.T.);
#1956=EDGE_CURVE('',#1528,#1530,#828,.T.);
#1957=EDGE_CURVE('',#1531,#1532,#829,.T.);
#1958=EDGE_CURVE('',#1533,#1531,#830,.T.);
#1959=EDGE_CURVE('',#1534,#1533,#831,.T.);
#1960=EDGE_CURVE('',#1532,#1534,#832,.T.);
#1961=EDGE_CURVE('',#1535,#1536,#27,.T.);
#1962=EDGE_CURVE('',#1536,#1537,#28,.T.);
#1963=EDGE_CURVE('',#1537,#1538,#833,.T.);
#1964=EDGE_CURVE('',#1538,#1539,#29,.T.);
#1965=EDGE_CURVE('',#1539,#1540,#30,.T.);
#1966=EDGE_CURVE('',#1540,#1541,#31,.T.);
#1967=EDGE_CURVE('',#1541,#1542,#32,.T.);
#1968=EDGE_CURVE('',#1542,#1543,#33,.T.);
#1969=EDGE_CURVE('',#1543,#1544,#34,.T.);
#1970=EDGE_CURVE('',#1544,#1545,#35,.T.);
#1971=EDGE_CURVE('',#1545,#1546,#834,.T.);
#1972=EDGE_CURVE('',#1546,#1547,#36,.T.);
#1973=EDGE_CURVE('',#1547,#1548,#37,.T.);
#1974=EDGE_CURVE('',#1548,#1549,#38,.T.);
#1975=EDGE_CURVE('',#1549,#1550,#39,.T.);
#1976=EDGE_CURVE('',#1550,#1551,#835,.T.);
#1977=EDGE_CURVE('',#1551,#1535,#40,.T.);
#1978=EDGE_CURVE('',#1525,#1500,#836,.T.);
#1979=EDGE_CURVE('',#1526,#1499,#837,.T.);
#1980=EDGE_CURVE('',#1501,#1552,#838,.T.);
#1981=EDGE_CURVE('',#1552,#1553,#839,.T.);
#1982=EDGE_CURVE('',#1554,#1553,#840,.T.);
#1983=EDGE_CURVE('',#1554,#1502,#841,.T.);
#1984=EDGE_CURVE('',#1553,#1555,#842,.T.);
#1985=EDGE_CURVE('',#1555,#1554,#843,.T.);
#1986=EDGE_CURVE('',#1556,#1557,#844,.T.);
#1987=EDGE_CURVE('',#1557,#1558,#845,.T.);
#1988=EDGE_CURVE('',#1556,#1558,#846,.T.);
#1989=EDGE_CURVE('',#1558,#1559,#847,.T.);
#1990=EDGE_CURVE('',#1559,#1520,#848,.T.);
#1991=EDGE_CURVE('',#1519,#1556,#849,.T.);
#1992=EDGE_CURVE('',#1507,#1512,#850,.T.);
#1993=EDGE_CURVE('',#1559,#1552,#851,.T.);
#1994=EDGE_CURVE('',#1370,#1371,#852,.T.);
#1995=EDGE_CURVE('',#1511,#1508,#853,.T.);
#1996=EDGE_CURVE('',#1555,#1557,#854,.T.);
#1997=EDGE_CURVE('',#1560,#1518,#855,.T.);
#1998=EDGE_CURVE('',#1561,#1560,#856,.T.);
#1999=EDGE_CURVE('',#1503,#1561,#857,.T.);
#2000=EDGE_CURVE('',#1562,#1561,#858,.T.);
#2001=EDGE_CURVE('',#1562,#1504,#859,.T.);
#2002=EDGE_CURVE('',#1563,#1560,#860,.T.);
#2003=EDGE_CURVE('',#1563,#1564,#861,.T.);
#2004=EDGE_CURVE('',#1564,#1565,#862,.T.);
#2005=EDGE_CURVE('',#1565,#1372,#863,.T.);
#2006=EDGE_CURVE('',#1369,#1566,#864,.T.);
#2007=EDGE_CURVE('',#1566,#1567,#865,.T.);
#2008=EDGE_CURVE('',#1567,#1562,#866,.T.);
#2009=EDGE_CURVE('',#1517,#1563,#867,.T.);
#2010=EDGE_CURVE('',#1516,#1564,#868,.T.);
#2011=EDGE_CURVE('',#1515,#1565,#869,.T.);
#2012=EDGE_CURVE('',#1495,#1567,#870,.T.);
#2013=EDGE_CURVE('',#1496,#1566,#871,.T.);
#2014=EDGE_CURVE('',#1568,#1531,#872,.T.);
#2015=EDGE_CURVE('',#1569,#1568,#873,.T.);
#2016=EDGE_CURVE('',#1569,#1533,#874,.T.);
#2017=EDGE_CURVE('',#1570,#1569,#875,.T.);
#2018=EDGE_CURVE('',#1570,#1534,#876,.T.);
#2019=EDGE_CURVE('',#1571,#1570,#877,.T.);
#2020=EDGE_CURVE('',#1571,#1532,#878,.T.);
#2021=EDGE_CURVE('',#1568,#1571,#879,.T.);
#2022=EDGE_CURVE('',#1572,#1527,#880,.T.);
#2023=EDGE_CURVE('',#1573,#1572,#881,.T.);
#2024=EDGE_CURVE('',#1573,#1529,#882,.T.);
#2025=EDGE_CURVE('',#1574,#1573,#883,.T.);
#2026=EDGE_CURVE('',#1574,#1530,#884,.T.);
#2027=EDGE_CURVE('',#1575,#1574,#885,.T.);
#2028=EDGE_CURVE('',#1575,#1528,#886,.T.);
#2029=EDGE_CURVE('',#1572,#1575,#887,.T.);
#2030=EDGE_CURVE('',#1576,#1536,#888,.T.);
#2031=EDGE_CURVE('',#1576,#1577,#41,.T.);
#2032=EDGE_CURVE('',#1577,#1537,#889,.T.);
#2033=EDGE_CURVE('',#1578,#1535,#890,.T.);
#2034=EDGE_CURVE('',#1578,#1576,#42,.T.);
#2035=EDGE_CURVE('',#1579,#1551,#891,.T.);
#2036=EDGE_CURVE('',#1579,#1578,#43,.T.);
#2037=EDGE_CURVE('',#1580,#1550,#892,.T.);
#2038=EDGE_CURVE('',#1580,#1579,#893,.T.);
#2039=EDGE_CURVE('',#1581,#1549,#894,.T.);
#2040=EDGE_CURVE('',#1581,#1580,#44,.T.);
#2041=EDGE_CURVE('',#1582,#1548,#895,.T.);
#2042=EDGE_CURVE('',#1582,#1581,#45,.T.);
#2043=EDGE_CURVE('',#1583,#1547,#896,.T.);
#2044=EDGE_CURVE('',#1583,#1582,#46,.T.);
#2045=EDGE_CURVE('',#1584,#1546,#897,.T.);
#2046=EDGE_CURVE('',#1584,#1583,#47,.T.);
#2047=EDGE_CURVE('',#1585,#1545,#898,.T.);
#2048=EDGE_CURVE('',#1585,#1584,#899,.T.);
#2049=EDGE_CURVE('',#1586,#1544,#900,.T.);
#2050=EDGE_CURVE('',#1586,#1585,#48,.T.);
#2051=EDGE_CURVE('',#1587,#1543,#901,.T.);
#2052=EDGE_CURVE('',#1587,#1586,#49,.T.);
#2053=EDGE_CURVE('',#1588,#1542,#902,.T.);
#2054=EDGE_CURVE('',#1588,#1587,#50,.T.);
#2055=EDGE_CURVE('',#1589,#1541,#903,.T.);
#2056=EDGE_CURVE('',#1589,#1588,#51,.T.);
#2057=EDGE_CURVE('',#1590,#1540,#904,.T.);
#2058=EDGE_CURVE('',#1590,#1589,#52,.T.);
#2059=EDGE_CURVE('',#1591,#1539,#905,.T.);
#2060=EDGE_CURVE('',#1591,#1590,#53,.T.);
#2061=EDGE_CURVE('',#1592,#1538,#906,.T.);
#2062=EDGE_CURVE('',#1592,#1591,#54,.T.);
#2063=EDGE_CURVE('',#1577,#1592,#907,.T.);
#2064=ORIENTED_EDGE('',*,*,#1593,.F.);
#2065=ORIENTED_EDGE('',*,*,#1594,.T.);
#2066=ORIENTED_EDGE('',*,*,#1595,.T.);
#2067=ORIENTED_EDGE('',*,*,#1596,.T.);
#2068=ORIENTED_EDGE('',*,*,#1597,.F.);
#2069=ORIENTED_EDGE('',*,*,#1598,.T.);
#2070=ORIENTED_EDGE('',*,*,#1599,.T.);
#2071=ORIENTED_EDGE('',*,*,#1600,.T.);
#2072=ORIENTED_EDGE('',*,*,#1601,.T.);
#2073=ORIENTED_EDGE('',*,*,#1602,.F.);
#2074=ORIENTED_EDGE('',*,*,#1603,.T.);
#2075=ORIENTED_EDGE('',*,*,#1604,.F.);
#2076=ORIENTED_EDGE('',*,*,#1605,.T.);
#2077=ORIENTED_EDGE('',*,*,#1593,.T.);
#2078=ORIENTED_EDGE('',*,*,#1606,.T.);
#2079=ORIENTED_EDGE('',*,*,#1607,.F.);
#2080=ORIENTED_EDGE('',*,*,#1608,.F.);
#2081=ORIENTED_EDGE('',*,*,#1609,.F.);
#2082=ORIENTED_EDGE('',*,*,#1610,.F.);
#2083=ORIENTED_EDGE('',*,*,#1611,.F.);
#2084=ORIENTED_EDGE('',*,*,#1612,.F.);
#2085=ORIENTED_EDGE('',*,*,#1613,.T.);
#2086=ORIENTED_EDGE('',*,*,#1602,.T.);
#2087=ORIENTED_EDGE('',*,*,#1614,.T.);
#2088=ORIENTED_EDGE('',*,*,#1615,.T.);
#2089=ORIENTED_EDGE('',*,*,#1616,.T.);
#2090=ORIENTED_EDGE('',*,*,#1617,.F.);
#2091=ORIENTED_EDGE('',*,*,#1618,.T.);
#2092=ORIENTED_EDGE('',*,*,#1619,.T.);
#2093=ORIENTED_EDGE('',*,*,#1595,.F.);
#2094=ORIENTED_EDGE('',*,*,#1620,.T.);
#2095=ORIENTED_EDGE('',*,*,#1621,.F.);
#2096=ORIENTED_EDGE('',*,*,#1622,.T.);
#2097=ORIENTED_EDGE('',*,*,#1612,.T.);
#2098=ORIENTED_EDGE('',*,*,#1623,.T.);
#2099=ORIENTED_EDGE('',*,*,#1624,.F.);
#2100=ORIENTED_EDGE('',*,*,#1625,.T.);
#2101=ORIENTED_EDGE('',*,*,#1626,.T.);
#2102=ORIENTED_EDGE('',*,*,#1627,.T.);
#2103=ORIENTED_EDGE('',*,*,#1628,.T.);
#2104=ORIENTED_EDGE('',*,*,#1621,.T.);
#2105=ORIENTED_EDGE('',*,*,#1629,.T.);
#2106=ORIENTED_EDGE('',*,*,#1604,.T.);
#2107=ORIENTED_EDGE('',*,*,#1630,.T.);
#2108=ORIENTED_EDGE('',*,*,#1620,.F.);
#2109=ORIENTED_EDGE('',*,*,#1594,.F.);
#2110=ORIENTED_EDGE('',*,*,#1605,.F.);
#2111=ORIENTED_EDGE('',*,*,#1629,.F.);
#2112=ORIENTED_EDGE('',*,*,#1603,.F.);
#2113=ORIENTED_EDGE('',*,*,#1613,.F.);
#2114=ORIENTED_EDGE('',*,*,#1622,.F.);
#2115=ORIENTED_EDGE('',*,*,#1630,.F.);
#2116=ORIENTED_EDGE('',*,*,#1596,.F.);
#2117=ORIENTED_EDGE('',*,*,#1619,.F.);
#2118=ORIENTED_EDGE('',*,*,#1631,.F.);
#2119=ORIENTED_EDGE('',*,*,#1606,.F.);
#2120=ORIENTED_EDGE('',*,*,#1600,.F.);
#2121=ORIENTED_EDGE('',*,*,#1632,.F.);
#2122=ORIENTED_EDGE('',*,*,#1624,.T.);
#2123=ORIENTED_EDGE('',*,*,#1633,.T.);
#2124=ORIENTED_EDGE('',*,*,#1634,.F.);
#2125=ORIENTED_EDGE('',*,*,#1635,.T.);
#2126=ORIENTED_EDGE('',*,*,#1636,.T.);
#2127=ORIENTED_EDGE('',*,*,#1637,.F.);
#2128=ORIENTED_EDGE('',*,*,#1631,.T.);
#2129=ORIENTED_EDGE('',*,*,#1618,.F.);
#2130=ORIENTED_EDGE('',*,*,#1638,.F.);
#2131=ORIENTED_EDGE('',*,*,#1607,.T.);
#2132=ORIENTED_EDGE('',*,*,#1639,.F.);
#2133=ORIENTED_EDGE('',*,*,#1597,.T.);
#2134=ORIENTED_EDGE('',*,*,#1638,.T.);
#2135=ORIENTED_EDGE('',*,*,#1617,.T.);
#2136=ORIENTED_EDGE('',*,*,#1614,.F.);
#2137=ORIENTED_EDGE('',*,*,#1601,.F.);
#2138=ORIENTED_EDGE('',*,*,#1633,.F.);
#2139=ORIENTED_EDGE('',*,*,#1623,.F.);
#2140=ORIENTED_EDGE('',*,*,#1640,.F.);
#2141=ORIENTED_EDGE('',*,*,#1641,.F.);
#2142=ORIENTED_EDGE('',*,*,#1642,.T.);
#2143=ORIENTED_EDGE('',*,*,#1643,.T.);
#2144=ORIENTED_EDGE('',*,*,#1644,.T.);
#2145=ORIENTED_EDGE('',*,*,#1645,.F.);
#2146=ORIENTED_EDGE('',*,*,#1646,.F.);
#2147=ORIENTED_EDGE('',*,*,#1641,.T.);
#2148=ORIENTED_EDGE('',*,*,#1647,.T.);
#2149=ORIENTED_EDGE('',*,*,#1648,.F.);
#2150=ORIENTED_EDGE('',*,*,#1649,.F.);
#2151=ORIENTED_EDGE('',*,*,#1645,.T.);
#2152=ORIENTED_EDGE('',*,*,#1650,.F.);
#2153=ORIENTED_EDGE('',*,*,#1651,.F.);
#2154=ORIENTED_EDGE('',*,*,#1652,.T.);
#2155=ORIENTED_EDGE('',*,*,#1648,.T.);
#2156=ORIENTED_EDGE('',*,*,#1653,.T.);
#2157=ORIENTED_EDGE('',*,*,#1654,.F.);
#2158=ORIENTED_EDGE('',*,*,#1655,.F.);
#2159=ORIENTED_EDGE('',*,*,#1651,.T.);
#2160=ORIENTED_EDGE('',*,*,#1656,.T.);
#2161=ORIENTED_EDGE('',*,*,#1657,.F.);
#2162=ORIENTED_EDGE('',*,*,#1658,.F.);
#2163=ORIENTED_EDGE('',*,*,#1654,.T.);
#2164=ORIENTED_EDGE('',*,*,#1659,.F.);
#2165=ORIENTED_EDGE('',*,*,#1660,.F.);
#2166=ORIENTED_EDGE('',*,*,#1661,.T.);
#2167=ORIENTED_EDGE('',*,*,#1657,.T.);
#2168=ORIENTED_EDGE('',*,*,#1662,.F.);
#2169=ORIENTED_EDGE('',*,*,#1663,.F.);
#2170=ORIENTED_EDGE('',*,*,#1664,.T.);
#2171=ORIENTED_EDGE('',*,*,#1660,.T.);
#2172=ORIENTED_EDGE('',*,*,#1665,.T.);
#2173=ORIENTED_EDGE('',*,*,#1666,.F.);
#2174=ORIENTED_EDGE('',*,*,#1667,.F.);
#2175=ORIENTED_EDGE('',*,*,#1663,.T.);
#2176=ORIENTED_EDGE('',*,*,#1668,.T.);
#2177=ORIENTED_EDGE('',*,*,#1636,.F.);
#2178=ORIENTED_EDGE('',*,*,#1669,.F.);
#2179=ORIENTED_EDGE('',*,*,#1666,.T.);
#2180=ORIENTED_EDGE('',*,*,#1670,.F.);
#2181=ORIENTED_EDGE('',*,*,#1643,.F.);
#2182=ORIENTED_EDGE('',*,*,#1671,.T.);
#2183=ORIENTED_EDGE('',*,*,#1634,.T.);
#2184=ORIENTED_EDGE('',*,*,#1642,.F.);
#2185=ORIENTED_EDGE('',*,*,#1646,.T.);
#2186=ORIENTED_EDGE('',*,*,#1649,.T.);
#2187=ORIENTED_EDGE('',*,*,#1652,.F.);
#2188=ORIENTED_EDGE('',*,*,#1655,.T.);
#2189=ORIENTED_EDGE('',*,*,#1658,.T.);
#2190=ORIENTED_EDGE('',*,*,#1661,.F.);
#2191=ORIENTED_EDGE('',*,*,#1664,.F.);
#2192=ORIENTED_EDGE('',*,*,#1667,.T.);
#2193=ORIENTED_EDGE('',*,*,#1669,.T.);
#2194=ORIENTED_EDGE('',*,*,#1635,.F.);
#2195=ORIENTED_EDGE('',*,*,#1671,.F.);
#2196=ORIENTED_EDGE('',*,*,#1640,.T.);
#2197=ORIENTED_EDGE('',*,*,#1670,.T.);
#2198=ORIENTED_EDGE('',*,*,#1637,.T.);
#2199=ORIENTED_EDGE('',*,*,#1668,.F.);
#2200=ORIENTED_EDGE('',*,*,#1665,.F.);
#2201=ORIENTED_EDGE('',*,*,#1662,.T.);
#2202=ORIENTED_EDGE('',*,*,#1659,.T.);
#2203=ORIENTED_EDGE('',*,*,#1656,.F.);
#2204=ORIENTED_EDGE('',*,*,#1653,.F.);
#2205=ORIENTED_EDGE('',*,*,#1650,.T.);
#2206=ORIENTED_EDGE('',*,*,#1647,.F.);
#2207=ORIENTED_EDGE('',*,*,#1644,.F.);
#2208=ORIENTED_EDGE('',*,*,#1672,.F.);
#2209=ORIENTED_EDGE('',*,*,#1615,.F.);
#2210=ORIENTED_EDGE('',*,*,#1632,.T.);
#2211=ORIENTED_EDGE('',*,*,#1599,.F.);
#2212=ORIENTED_EDGE('',*,*,#1639,.T.);
#2213=ORIENTED_EDGE('',*,*,#1616,.F.);
#2214=ORIENTED_EDGE('',*,*,#1672,.T.);
#2215=ORIENTED_EDGE('',*,*,#1598,.F.);
#2216=ORIENTED_EDGE('',*,*,#1673,.T.);
#2217=ORIENTED_EDGE('',*,*,#1609,.T.);
#2218=ORIENTED_EDGE('',*,*,#1674,.F.);
#2219=ORIENTED_EDGE('',*,*,#1626,.F.);
#2220=ORIENTED_EDGE('',*,*,#1675,.T.);
#2221=ORIENTED_EDGE('',*,*,#1610,.T.);
#2222=ORIENTED_EDGE('',*,*,#1673,.F.);
#2223=ORIENTED_EDGE('',*,*,#1625,.F.);
#2224=ORIENTED_EDGE('',*,*,#1676,.T.);
#2225=ORIENTED_EDGE('',*,*,#1611,.T.);
#2226=ORIENTED_EDGE('',*,*,#1675,.F.);
#2227=ORIENTED_EDGE('',*,*,#1628,.F.);
#2228=ORIENTED_EDGE('',*,*,#1674,.T.);
#2229=ORIENTED_EDGE('',*,*,#1608,.T.);
#2230=ORIENTED_EDGE('',*,*,#1676,.F.);
#2231=ORIENTED_EDGE('',*,*,#1627,.F.);
#2232=ORIENTED_EDGE('',*,*,#1677,.F.);
#2233=ORIENTED_EDGE('',*,*,#1678,.T.);
#2234=ORIENTED_EDGE('',*,*,#1679,.T.);
#2235=ORIENTED_EDGE('',*,*,#1680,.T.);
#2236=ORIENTED_EDGE('',*,*,#1681,.T.);
#2237=ORIENTED_EDGE('',*,*,#1682,.T.);
#2238=ORIENTED_EDGE('',*,*,#1683,.F.);
#2239=ORIENTED_EDGE('',*,*,#1684,.T.);
#2240=ORIENTED_EDGE('',*,*,#1685,.T.);
#2241=ORIENTED_EDGE('',*,*,#1686,.F.);
#2242=ORIENTED_EDGE('',*,*,#1687,.T.);
#2243=ORIENTED_EDGE('',*,*,#1688,.F.);
#2244=ORIENTED_EDGE('',*,*,#1689,.T.);
#2245=ORIENTED_EDGE('',*,*,#1677,.T.);
#2246=ORIENTED_EDGE('',*,*,#1690,.T.);
#2247=ORIENTED_EDGE('',*,*,#1691,.F.);
#2248=ORIENTED_EDGE('',*,*,#1692,.F.);
#2249=ORIENTED_EDGE('',*,*,#1693,.F.);
#2250=ORIENTED_EDGE('',*,*,#1694,.F.);
#2251=ORIENTED_EDGE('',*,*,#1695,.F.);
#2252=ORIENTED_EDGE('',*,*,#1696,.F.);
#2253=ORIENTED_EDGE('',*,*,#1697,.T.);
#2254=ORIENTED_EDGE('',*,*,#1686,.T.);
#2255=ORIENTED_EDGE('',*,*,#1698,.T.);
#2256=ORIENTED_EDGE('',*,*,#1699,.F.);
#2257=ORIENTED_EDGE('',*,*,#1700,.T.);
#2258=ORIENTED_EDGE('',*,*,#1701,.T.);
#2259=ORIENTED_EDGE('',*,*,#1702,.T.);
#2260=ORIENTED_EDGE('',*,*,#1703,.T.);
#2261=ORIENTED_EDGE('',*,*,#1679,.F.);
#2262=ORIENTED_EDGE('',*,*,#1704,.T.);
#2263=ORIENTED_EDGE('',*,*,#1705,.F.);
#2264=ORIENTED_EDGE('',*,*,#1706,.T.);
#2265=ORIENTED_EDGE('',*,*,#1696,.T.);
#2266=ORIENTED_EDGE('',*,*,#1707,.T.);
#2267=ORIENTED_EDGE('',*,*,#1708,.F.);
#2268=ORIENTED_EDGE('',*,*,#1709,.T.);
#2269=ORIENTED_EDGE('',*,*,#1710,.T.);
#2270=ORIENTED_EDGE('',*,*,#1711,.T.);
#2271=ORIENTED_EDGE('',*,*,#1712,.T.);
#2272=ORIENTED_EDGE('',*,*,#1705,.T.);
#2273=ORIENTED_EDGE('',*,*,#1713,.T.);
#2274=ORIENTED_EDGE('',*,*,#1688,.T.);
#2275=ORIENTED_EDGE('',*,*,#1714,.T.);
#2276=ORIENTED_EDGE('',*,*,#1704,.F.);
#2277=ORIENTED_EDGE('',*,*,#1678,.F.);
#2278=ORIENTED_EDGE('',*,*,#1689,.F.);
#2279=ORIENTED_EDGE('',*,*,#1713,.F.);
#2280=ORIENTED_EDGE('',*,*,#1687,.F.);
#2281=ORIENTED_EDGE('',*,*,#1697,.F.);
#2282=ORIENTED_EDGE('',*,*,#1706,.F.);
#2283=ORIENTED_EDGE('',*,*,#1714,.F.);
#2284=ORIENTED_EDGE('',*,*,#1680,.F.);
#2285=ORIENTED_EDGE('',*,*,#1703,.F.);
#2286=ORIENTED_EDGE('',*,*,#1715,.F.);
#2287=ORIENTED_EDGE('',*,*,#1690,.F.);
#2288=ORIENTED_EDGE('',*,*,#1716,.T.);
#2289=ORIENTED_EDGE('',*,*,#1684,.F.);
#2290=ORIENTED_EDGE('',*,*,#1717,.F.);
#2291=ORIENTED_EDGE('',*,*,#1708,.T.);
#2292=ORIENTED_EDGE('',*,*,#1702,.F.);
#2293=ORIENTED_EDGE('',*,*,#1718,.T.);
#2294=ORIENTED_EDGE('',*,*,#1691,.T.);
#2295=ORIENTED_EDGE('',*,*,#1715,.T.);
#2296=ORIENTED_EDGE('',*,*,#1719,.F.);
#2297=ORIENTED_EDGE('',*,*,#1699,.T.);
#2298=ORIENTED_EDGE('',*,*,#1717,.T.);
#2299=ORIENTED_EDGE('',*,*,#1683,.T.);
#2300=ORIENTED_EDGE('',*,*,#1698,.F.);
#2301=ORIENTED_EDGE('',*,*,#1685,.F.);
#2302=ORIENTED_EDGE('',*,*,#1716,.F.);
#2303=ORIENTED_EDGE('',*,*,#1707,.F.);
#2304=ORIENTED_EDGE('',*,*,#1718,.F.);
#2305=ORIENTED_EDGE('',*,*,#1701,.F.);
#2306=ORIENTED_EDGE('',*,*,#1720,.T.);
#2307=ORIENTED_EDGE('',*,*,#1681,.F.);
#2308=ORIENTED_EDGE('',*,*,#1720,.F.);
#2309=ORIENTED_EDGE('',*,*,#1700,.F.);
#2310=ORIENTED_EDGE('',*,*,#1719,.T.);
#2311=ORIENTED_EDGE('',*,*,#1682,.F.);
#2312=ORIENTED_EDGE('',*,*,#1721,.T.);
#2313=ORIENTED_EDGE('',*,*,#1693,.T.);
#2314=ORIENTED_EDGE('',*,*,#1722,.F.);
#2315=ORIENTED_EDGE('',*,*,#1710,.F.);
#2316=ORIENTED_EDGE('',*,*,#1723,.T.);
#2317=ORIENTED_EDGE('',*,*,#1694,.T.);
#2318=ORIENTED_EDGE('',*,*,#1721,.F.);
#2319=ORIENTED_EDGE('',*,*,#1709,.F.);
#2320=ORIENTED_EDGE('',*,*,#1724,.T.);
#2321=ORIENTED_EDGE('',*,*,#1695,.T.);
#2322=ORIENTED_EDGE('',*,*,#1723,.F.);
#2323=ORIENTED_EDGE('',*,*,#1712,.F.);
#2324=ORIENTED_EDGE('',*,*,#1722,.T.);
#2325=ORIENTED_EDGE('',*,*,#1692,.T.);
#2326=ORIENTED_EDGE('',*,*,#1724,.F.);
#2327=ORIENTED_EDGE('',*,*,#1711,.F.);
#2328=ORIENTED_EDGE('',*,*,#1725,.T.);
#2329=ORIENTED_EDGE('',*,*,#1726,.T.);
#2330=ORIENTED_EDGE('',*,*,#1727,.F.);
#2331=ORIENTED_EDGE('',*,*,#1728,.F.);
#2332=ORIENTED_EDGE('',*,*,#1729,.T.);
#2333=ORIENTED_EDGE('',*,*,#1730,.T.);
#2334=ORIENTED_EDGE('',*,*,#1731,.F.);
#2335=ORIENTED_EDGE('',*,*,#1732,.F.);
#2336=ORIENTED_EDGE('',*,*,#1733,.T.);
#2337=ORIENTED_EDGE('',*,*,#1734,.T.);
#2338=ORIENTED_EDGE('',*,*,#1735,.F.);
#2339=ORIENTED_EDGE('',*,*,#1736,.T.);
#2340=ORIENTED_EDGE('',*,*,#1737,.F.);
#2341=ORIENTED_EDGE('',*,*,#1738,.T.);
#2342=ORIENTED_EDGE('',*,*,#1739,.T.);
#2343=ORIENTED_EDGE('',*,*,#1740,.T.);
#2344=ORIENTED_EDGE('',*,*,#1741,.T.);
#2345=ORIENTED_EDGE('',*,*,#1742,.T.);
#2346=ORIENTED_EDGE('',*,*,#1743,.F.);
#2347=ORIENTED_EDGE('',*,*,#1744,.T.);
#2348=ORIENTED_EDGE('',*,*,#1745,.F.);
#2349=ORIENTED_EDGE('',*,*,#1746,.T.);
#2350=ORIENTED_EDGE('',*,*,#1747,.T.);
#2351=ORIENTED_EDGE('',*,*,#1748,.T.);
#2352=ORIENTED_EDGE('',*,*,#1749,.T.);
#2353=ORIENTED_EDGE('',*,*,#1750,.T.);
#2354=ORIENTED_EDGE('',*,*,#1751,.F.);
#2355=ORIENTED_EDGE('',*,*,#1752,.F.);
#2356=ORIENTED_EDGE('',*,*,#1753,.T.);
#2357=ORIENTED_EDGE('',*,*,#1754,.T.);
#2358=ORIENTED_EDGE('',*,*,#1755,.F.);
#2359=ORIENTED_EDGE('',*,*,#1756,.T.);
#2360=ORIENTED_EDGE('',*,*,#1757,.F.);
#2361=ORIENTED_EDGE('',*,*,#1758,.T.);
#2362=ORIENTED_EDGE('',*,*,#1759,.T.);
#2363=ORIENTED_EDGE('',*,*,#1760,.T.);
#2364=ORIENTED_EDGE('',*,*,#1761,.F.);
#2365=ORIENTED_EDGE('',*,*,#1762,.T.);
#2366=ORIENTED_EDGE('',*,*,#1763,.T.);
#2367=ORIENTED_EDGE('',*,*,#1764,.T.);
#2368=ORIENTED_EDGE('',*,*,#1765,.F.);
#2369=ORIENTED_EDGE('',*,*,#1766,.T.);
#2370=ORIENTED_EDGE('',*,*,#1767,.T.);
#2371=ORIENTED_EDGE('',*,*,#1768,.T.);
#2372=ORIENTED_EDGE('',*,*,#1769,.T.);
#2373=ORIENTED_EDGE('',*,*,#1770,.T.);
#2374=ORIENTED_EDGE('',*,*,#1771,.F.);
#2375=ORIENTED_EDGE('',*,*,#1772,.T.);
#2376=ORIENTED_EDGE('',*,*,#1773,.T.);
#2377=ORIENTED_EDGE('',*,*,#1774,.T.);
#2378=ORIENTED_EDGE('',*,*,#1775,.F.);
#2379=ORIENTED_EDGE('',*,*,#1776,.T.);
#2380=ORIENTED_EDGE('',*,*,#1777,.F.);
#2381=ORIENTED_EDGE('',*,*,#1778,.T.);
#2382=ORIENTED_EDGE('',*,*,#1779,.T.);
#2383=ORIENTED_EDGE('',*,*,#1780,.T.);
#2384=ORIENTED_EDGE('',*,*,#1781,.F.);
#2385=ORIENTED_EDGE('',*,*,#1782,.T.);
#2386=ORIENTED_EDGE('',*,*,#1783,.T.);
#2387=ORIENTED_EDGE('',*,*,#1784,.T.);
#2388=ORIENTED_EDGE('',*,*,#1785,.F.);
#2389=ORIENTED_EDGE('',*,*,#1786,.T.);
#2390=ORIENTED_EDGE('',*,*,#1787,.T.);
#2391=ORIENTED_EDGE('',*,*,#1788,.T.);
#2392=ORIENTED_EDGE('',*,*,#1789,.F.);
#2393=ORIENTED_EDGE('',*,*,#1790,.T.);
#2394=ORIENTED_EDGE('',*,*,#1791,.T.);
#2395=ORIENTED_EDGE('',*,*,#1792,.T.);
#2396=ORIENTED_EDGE('',*,*,#1793,.F.);
#2397=ORIENTED_EDGE('',*,*,#1794,.T.);
#2398=ORIENTED_EDGE('',*,*,#1795,.T.);
#2399=ORIENTED_EDGE('',*,*,#1796,.T.);
#2400=ORIENTED_EDGE('',*,*,#1797,.F.);
#2401=ORIENTED_EDGE('',*,*,#1798,.T.);
#2402=ORIENTED_EDGE('',*,*,#1799,.T.);
#2403=ORIENTED_EDGE('',*,*,#1800,.T.);
#2404=ORIENTED_EDGE('',*,*,#1801,.F.);
#2405=ORIENTED_EDGE('',*,*,#1802,.T.);
#2406=ORIENTED_EDGE('',*,*,#1803,.T.);
#2407=ORIENTED_EDGE('',*,*,#1804,.T.);
#2408=ORIENTED_EDGE('',*,*,#1805,.F.);
#2409=ORIENTED_EDGE('',*,*,#1806,.T.);
#2410=ORIENTED_EDGE('',*,*,#1807,.T.);
#2411=ORIENTED_EDGE('',*,*,#1808,.T.);
#2412=ORIENTED_EDGE('',*,*,#1809,.F.);
#2413=ORIENTED_EDGE('',*,*,#1810,.T.);
#2414=ORIENTED_EDGE('',*,*,#1811,.T.);
#2415=ORIENTED_EDGE('',*,*,#1812,.T.);
#2416=ORIENTED_EDGE('',*,*,#1813,.T.);
#2417=ORIENTED_EDGE('',*,*,#1814,.T.);
#2418=ORIENTED_EDGE('',*,*,#1815,.F.);
#2419=ORIENTED_EDGE('',*,*,#1816,.T.);
#2420=ORIENTED_EDGE('',*,*,#1817,.F.);
#2421=ORIENTED_EDGE('',*,*,#1818,.T.);
#2422=ORIENTED_EDGE('',*,*,#1819,.T.);
#2423=ORIENTED_EDGE('',*,*,#1820,.T.);
#2424=ORIENTED_EDGE('',*,*,#1821,.F.);
#2425=ORIENTED_EDGE('',*,*,#1822,.T.);
#2426=ORIENTED_EDGE('',*,*,#1823,.T.);
#2427=ORIENTED_EDGE('',*,*,#1824,.T.);
#2428=ORIENTED_EDGE('',*,*,#1825,.F.);
#2429=ORIENTED_EDGE('',*,*,#1826,.T.);
#2430=ORIENTED_EDGE('',*,*,#1827,.T.);
#2431=ORIENTED_EDGE('',*,*,#1828,.T.);
#2432=ORIENTED_EDGE('',*,*,#1829,.T.);
#2433=ORIENTED_EDGE('',*,*,#1830,.T.);
#2434=ORIENTED_EDGE('',*,*,#1831,.F.);
#2435=ORIENTED_EDGE('',*,*,#1832,.T.);
#2436=ORIENTED_EDGE('',*,*,#1833,.T.);
#2437=ORIENTED_EDGE('',*,*,#1834,.T.);
#2438=ORIENTED_EDGE('',*,*,#1835,.F.);
#2439=ORIENTED_EDGE('',*,*,#1836,.T.);
#2440=ORIENTED_EDGE('',*,*,#1837,.F.);
#2441=ORIENTED_EDGE('',*,*,#1838,.T.);
#2442=ORIENTED_EDGE('',*,*,#1839,.T.);
#2443=ORIENTED_EDGE('',*,*,#1840,.T.);
#2444=ORIENTED_EDGE('',*,*,#1841,.F.);
#2445=ORIENTED_EDGE('',*,*,#1842,.T.);
#2446=ORIENTED_EDGE('',*,*,#1843,.T.);
#2447=ORIENTED_EDGE('',*,*,#1844,.T.);
#2448=ORIENTED_EDGE('',*,*,#1845,.F.);
#2449=ORIENTED_EDGE('',*,*,#1846,.T.);
#2450=ORIENTED_EDGE('',*,*,#1847,.T.);
#2451=ORIENTED_EDGE('',*,*,#1848,.T.);
#2452=ORIENTED_EDGE('',*,*,#1849,.T.);
#2453=ORIENTED_EDGE('',*,*,#1850,.T.);
#2454=ORIENTED_EDGE('',*,*,#1851,.F.);
#2455=ORIENTED_EDGE('',*,*,#1852,.T.);
#2456=ORIENTED_EDGE('',*,*,#1853,.T.);
#2457=ORIENTED_EDGE('',*,*,#1854,.T.);
#2458=ORIENTED_EDGE('',*,*,#1725,.F.);
#2459=ORIENTED_EDGE('',*,*,#1855,.F.);
#2460=ORIENTED_EDGE('',*,*,#1856,.F.);
#2461=ORIENTED_EDGE('',*,*,#1857,.F.);
#2462=ORIENTED_EDGE('',*,*,#1858,.T.);
#2463=ORIENTED_EDGE('',*,*,#1859,.T.);
#2464=ORIENTED_EDGE('',*,*,#1809,.T.);
#2465=ORIENTED_EDGE('',*,*,#1860,.T.);
#2466=ORIENTED_EDGE('',*,*,#1815,.T.);
#2467=ORIENTED_EDGE('',*,*,#1861,.T.);
#2468=ORIENTED_EDGE('',*,*,#1801,.T.);
#2469=ORIENTED_EDGE('',*,*,#1862,.T.);
#2470=ORIENTED_EDGE('',*,*,#1805,.T.);
#2471=ORIENTED_EDGE('',*,*,#1863,.T.);
#2472=ORIENTED_EDGE('',*,*,#1825,.T.);
#2473=ORIENTED_EDGE('',*,*,#1864,.T.);
#2474=ORIENTED_EDGE('',*,*,#1831,.T.);
#2475=ORIENTED_EDGE('',*,*,#1865,.T.);
#2476=ORIENTED_EDGE('',*,*,#1817,.T.);
#2477=ORIENTED_EDGE('',*,*,#1866,.T.);
#2478=ORIENTED_EDGE('',*,*,#1821,.T.);
#2479=ORIENTED_EDGE('',*,*,#1867,.T.);
#2480=ORIENTED_EDGE('',*,*,#1835,.T.);
#2481=ORIENTED_EDGE('',*,*,#1868,.T.);
#2482=ORIENTED_EDGE('',*,*,#1793,.T.);
#2483=ORIENTED_EDGE('',*,*,#1869,.T.);
#2484=ORIENTED_EDGE('',*,*,#1797,.T.);
#2485=ORIENTED_EDGE('',*,*,#1870,.T.);
#2486=ORIENTED_EDGE('',*,*,#1845,.T.);
#2487=ORIENTED_EDGE('',*,*,#1871,.T.);
#2488=ORIENTED_EDGE('',*,*,#1851,.T.);
#2489=ORIENTED_EDGE('',*,*,#1872,.T.);
#2490=ORIENTED_EDGE('',*,*,#1837,.T.);
#2491=ORIENTED_EDGE('',*,*,#1873,.T.);
#2492=ORIENTED_EDGE('',*,*,#1841,.T.);
#2493=ORIENTED_EDGE('',*,*,#1874,.T.);
#2494=ORIENTED_EDGE('',*,*,#1875,.F.);
#2495=ORIENTED_EDGE('',*,*,#1876,.T.);
#2496=ORIENTED_EDGE('',*,*,#1877,.F.);
#2497=ORIENTED_EDGE('',*,*,#1878,.T.);
#2498=ORIENTED_EDGE('',*,*,#1879,.F.);
#2499=ORIENTED_EDGE('',*,*,#1880,.T.);
#2500=ORIENTED_EDGE('',*,*,#1881,.F.);
#2501=ORIENTED_EDGE('',*,*,#1856,.T.);
#2502=ORIENTED_EDGE('',*,*,#1882,.F.);
#2503=ORIENTED_EDGE('',*,*,#1883,.F.);
#2504=ORIENTED_EDGE('',*,*,#1884,.T.);
#2505=ORIENTED_EDGE('',*,*,#1879,.T.);
#2506=ORIENTED_EDGE('',*,*,#1885,.F.);
#2507=ORIENTED_EDGE('',*,*,#1886,.T.);
#2508=ORIENTED_EDGE('',*,*,#1887,.F.);
#2509=ORIENTED_EDGE('',*,*,#1888,.F.);
#2510=ORIENTED_EDGE('',*,*,#1889,.T.);
#2511=ORIENTED_EDGE('',*,*,#1885,.T.);
#2512=ORIENTED_EDGE('',*,*,#1890,.F.);
#2513=ORIENTED_EDGE('',*,*,#1891,.F.);
#2514=ORIENTED_EDGE('',*,*,#1731,.T.);
#2515=ORIENTED_EDGE('',*,*,#1892,.T.);
#2516=ORIENTED_EDGE('',*,*,#1893,.T.);
#2517=ORIENTED_EDGE('',*,*,#1894,.T.);
#2518=ORIENTED_EDGE('',*,*,#1895,.T.);
#2519=ORIENTED_EDGE('',*,*,#1896,.T.);
#2520=ORIENTED_EDGE('',*,*,#1897,.T.);
#2521=ORIENTED_EDGE('',*,*,#1898,.T.);
#2522=ORIENTED_EDGE('',*,*,#1899,.F.);
#2523=ORIENTED_EDGE('',*,*,#1900,.T.);
#2524=ORIENTED_EDGE('',*,*,#1779,.F.);
#2525=ORIENTED_EDGE('',*,*,#1901,.T.);
#2526=ORIENTED_EDGE('',*,*,#1773,.F.);
#2527=ORIENTED_EDGE('',*,*,#1902,.T.);
#2528=ORIENTED_EDGE('',*,*,#1787,.F.);
#2529=ORIENTED_EDGE('',*,*,#1903,.T.);
#2530=ORIENTED_EDGE('',*,*,#1783,.F.);
#2531=ORIENTED_EDGE('',*,*,#1904,.T.);
#2532=ORIENTED_EDGE('',*,*,#1739,.F.);
#2533=ORIENTED_EDGE('',*,*,#1905,.T.);
#2534=ORIENTED_EDGE('',*,*,#1733,.F.);
#2535=ORIENTED_EDGE('',*,*,#1906,.T.);
#2536=ORIENTED_EDGE('',*,*,#1769,.F.);
#2537=ORIENTED_EDGE('',*,*,#1907,.T.);
#2538=ORIENTED_EDGE('',*,*,#1791,.F.);
#2539=ORIENTED_EDGE('',*,*,#1908,.T.);
#2540=ORIENTED_EDGE('',*,*,#1759,.F.);
#2541=ORIENTED_EDGE('',*,*,#1909,.T.);
#2542=ORIENTED_EDGE('',*,*,#1753,.F.);
#2543=ORIENTED_EDGE('',*,*,#1910,.T.);
#2544=ORIENTED_EDGE('',*,*,#1767,.F.);
#2545=ORIENTED_EDGE('',*,*,#1911,.T.);
#2546=ORIENTED_EDGE('',*,*,#1763,.F.);
#2547=ORIENTED_EDGE('',*,*,#1912,.T.);
#2548=ORIENTED_EDGE('',*,*,#1747,.F.);
#2549=ORIENTED_EDGE('',*,*,#1913,.T.);
#2550=ORIENTED_EDGE('',*,*,#1741,.F.);
#2551=ORIENTED_EDGE('',*,*,#1914,.T.);
#2552=ORIENTED_EDGE('',*,*,#1749,.F.);
#2553=ORIENTED_EDGE('',*,*,#1915,.F.);
#2554=ORIENTED_EDGE('',*,*,#1891,.T.);
#2555=ORIENTED_EDGE('',*,*,#1916,.F.);
#2556=ORIENTED_EDGE('',*,*,#1917,.F.);
#2557=ORIENTED_EDGE('',*,*,#1918,.T.);
#2558=ORIENTED_EDGE('',*,*,#1899,.T.);
#2559=ORIENTED_EDGE('',*,*,#1919,.T.);
#2560=ORIENTED_EDGE('',*,*,#1735,.T.);
#2561=ORIENTED_EDGE('',*,*,#1920,.T.);
#2562=ORIENTED_EDGE('',*,*,#1737,.T.);
#2563=ORIENTED_EDGE('',*,*,#1921,.T.);
#2564=ORIENTED_EDGE('',*,*,#1781,.T.);
#2565=ORIENTED_EDGE('',*,*,#1922,.T.);
#2566=ORIENTED_EDGE('',*,*,#1785,.T.);
#2567=ORIENTED_EDGE('',*,*,#1923,.T.);
#2568=ORIENTED_EDGE('',*,*,#1775,.T.);
#2569=ORIENTED_EDGE('',*,*,#1924,.T.);
#2570=ORIENTED_EDGE('',*,*,#1777,.T.);
#2571=ORIENTED_EDGE('',*,*,#1925,.T.);
#2572=ORIENTED_EDGE('',*,*,#1917,.T.);
#2573=ORIENTED_EDGE('',*,*,#1926,.T.);
#2574=ORIENTED_EDGE('',*,*,#1843,.F.);
#2575=ORIENTED_EDGE('',*,*,#1927,.F.);
#2576=ORIENTED_EDGE('',*,*,#1839,.F.);
#2577=ORIENTED_EDGE('',*,*,#1928,.F.);
#2578=ORIENTED_EDGE('',*,*,#1849,.F.);
#2579=ORIENTED_EDGE('',*,*,#1929,.F.);
#2580=ORIENTED_EDGE('',*,*,#1847,.F.);
#2581=ORIENTED_EDGE('',*,*,#1930,.F.);
#2582=ORIENTED_EDGE('',*,*,#1799,.F.);
#2583=ORIENTED_EDGE('',*,*,#1931,.F.);
#2584=ORIENTED_EDGE('',*,*,#1795,.F.);
#2585=ORIENTED_EDGE('',*,*,#1932,.F.);
#2586=ORIENTED_EDGE('',*,*,#1833,.F.);
#2587=ORIENTED_EDGE('',*,*,#1933,.F.);
#2588=ORIENTED_EDGE('',*,*,#1823,.F.);
#2589=ORIENTED_EDGE('',*,*,#1934,.F.);
#2590=ORIENTED_EDGE('',*,*,#1819,.F.);
#2591=ORIENTED_EDGE('',*,*,#1935,.F.);
#2592=ORIENTED_EDGE('',*,*,#1829,.F.);
#2593=ORIENTED_EDGE('',*,*,#1936,.F.);
#2594=ORIENTED_EDGE('',*,*,#1827,.F.);
#2595=ORIENTED_EDGE('',*,*,#1937,.F.);
#2596=ORIENTED_EDGE('',*,*,#1807,.F.);
#2597=ORIENTED_EDGE('',*,*,#1938,.F.);
#2598=ORIENTED_EDGE('',*,*,#1803,.F.);
#2599=ORIENTED_EDGE('',*,*,#1939,.F.);
#2600=ORIENTED_EDGE('',*,*,#1813,.F.);
#2601=ORIENTED_EDGE('',*,*,#1940,.F.);
#2602=ORIENTED_EDGE('',*,*,#1811,.F.);
#2603=ORIENTED_EDGE('',*,*,#1941,.F.);
#2604=ORIENTED_EDGE('',*,*,#1942,.F.);
#2605=ORIENTED_EDGE('',*,*,#1943,.F.);
#2606=ORIENTED_EDGE('',*,*,#1751,.T.);
#2607=ORIENTED_EDGE('',*,*,#1944,.T.);
#2608=ORIENTED_EDGE('',*,*,#1743,.T.);
#2609=ORIENTED_EDGE('',*,*,#1945,.T.);
#2610=ORIENTED_EDGE('',*,*,#1745,.T.);
#2611=ORIENTED_EDGE('',*,*,#1946,.T.);
#2612=ORIENTED_EDGE('',*,*,#1761,.T.);
#2613=ORIENTED_EDGE('',*,*,#1947,.T.);
#2614=ORIENTED_EDGE('',*,*,#1765,.T.);
#2615=ORIENTED_EDGE('',*,*,#1948,.T.);
#2616=ORIENTED_EDGE('',*,*,#1755,.T.);
#2617=ORIENTED_EDGE('',*,*,#1949,.T.);
#2618=ORIENTED_EDGE('',*,*,#1757,.T.);
#2619=ORIENTED_EDGE('',*,*,#1950,.T.);
#2620=ORIENTED_EDGE('',*,*,#1789,.T.);
#2621=ORIENTED_EDGE('',*,*,#1951,.T.);
#2622=ORIENTED_EDGE('',*,*,#1771,.T.);
#2623=ORIENTED_EDGE('',*,*,#1952,.T.);
#2624=ORIENTED_EDGE('',*,*,#1953,.F.);
#2625=ORIENTED_EDGE('',*,*,#1954,.F.);
#2626=ORIENTED_EDGE('',*,*,#1955,.F.);
#2627=ORIENTED_EDGE('',*,*,#1956,.F.);
#2628=ORIENTED_EDGE('',*,*,#1957,.F.);
#2629=ORIENTED_EDGE('',*,*,#1958,.F.);
#2630=ORIENTED_EDGE('',*,*,#1959,.F.);
#2631=ORIENTED_EDGE('',*,*,#1960,.F.);
#2632=ORIENTED_EDGE('',*,*,#1961,.T.);
#2633=ORIENTED_EDGE('',*,*,#1962,.T.);
#2634=ORIENTED_EDGE('',*,*,#1963,.T.);
#2635=ORIENTED_EDGE('',*,*,#1964,.T.);
#2636=ORIENTED_EDGE('',*,*,#1965,.T.);
#2637=ORIENTED_EDGE('',*,*,#1966,.T.);
#2638=ORIENTED_EDGE('',*,*,#1967,.T.);
#2639=ORIENTED_EDGE('',*,*,#1968,.T.);
#2640=ORIENTED_EDGE('',*,*,#1969,.T.);
#2641=ORIENTED_EDGE('',*,*,#1970,.T.);
#2642=ORIENTED_EDGE('',*,*,#1971,.T.);
#2643=ORIENTED_EDGE('',*,*,#1972,.T.);
#2644=ORIENTED_EDGE('',*,*,#1973,.T.);
#2645=ORIENTED_EDGE('',*,*,#1974,.T.);
#2646=ORIENTED_EDGE('',*,*,#1975,.T.);
#2647=ORIENTED_EDGE('',*,*,#1976,.T.);
#2648=ORIENTED_EDGE('',*,*,#1977,.T.);
#2649=ORIENTED_EDGE('',*,*,#1942,.T.);
#2650=ORIENTED_EDGE('',*,*,#1978,.T.);
#2651=ORIENTED_EDGE('',*,*,#1858,.F.);
#2652=ORIENTED_EDGE('',*,*,#1979,.F.);
#2653=ORIENTED_EDGE('',*,*,#1980,.T.);
#2654=ORIENTED_EDGE('',*,*,#1981,.T.);
#2655=ORIENTED_EDGE('',*,*,#1982,.F.);
#2656=ORIENTED_EDGE('',*,*,#1983,.T.);
#2657=ORIENTED_EDGE('',*,*,#1875,.T.);
#2658=ORIENTED_EDGE('',*,*,#1982,.T.);
#2659=ORIENTED_EDGE('',*,*,#1984,.T.);
#2660=ORIENTED_EDGE('',*,*,#1985,.T.);
#2661=ORIENTED_EDGE('',*,*,#1986,.T.);
#2662=ORIENTED_EDGE('',*,*,#1987,.T.);
#2663=ORIENTED_EDGE('',*,*,#1988,.F.);
#2664=ORIENTED_EDGE('',*,*,#1988,.T.);
#2665=ORIENTED_EDGE('',*,*,#1989,.T.);
#2666=ORIENTED_EDGE('',*,*,#1990,.T.);
#2667=ORIENTED_EDGE('',*,*,#1897,.F.);
#2668=ORIENTED_EDGE('',*,*,#1991,.T.);
#2669=ORIENTED_EDGE('',*,*,#1881,.T.);
#2670=ORIENTED_EDGE('',*,*,#1992,.T.);
#2671=ORIENTED_EDGE('',*,*,#1888,.T.);
#2672=ORIENTED_EDGE('',*,*,#1915,.T.);
#2673=ORIENTED_EDGE('',*,*,#1752,.T.);
#2674=ORIENTED_EDGE('',*,*,#1943,.T.);
#2675=ORIENTED_EDGE('',*,*,#1979,.T.);
#2676=ORIENTED_EDGE('',*,*,#1857,.T.);
#2677=ORIENTED_EDGE('',*,*,#1990,.F.);
#2678=ORIENTED_EDGE('',*,*,#1993,.T.);
#2679=ORIENTED_EDGE('',*,*,#1980,.F.);
#2680=ORIENTED_EDGE('',*,*,#1874,.F.);
#2681=ORIENTED_EDGE('',*,*,#1844,.F.);
#2682=ORIENTED_EDGE('',*,*,#1926,.F.);
#2683=ORIENTED_EDGE('',*,*,#1919,.F.);
#2684=ORIENTED_EDGE('',*,*,#1898,.F.);
#2685=ORIENTED_EDGE('',*,*,#1882,.T.);
#2686=ORIENTED_EDGE('',*,*,#1855,.T.);
#2687=ORIENTED_EDGE('',*,*,#1728,.T.);
#2688=ORIENTED_EDGE('',*,*,#1994,.T.);
#2689=ORIENTED_EDGE('',*,*,#1732,.T.);
#2690=ORIENTED_EDGE('',*,*,#1916,.T.);
#2691=ORIENTED_EDGE('',*,*,#1890,.T.);
#2692=ORIENTED_EDGE('',*,*,#1887,.T.);
#2693=ORIENTED_EDGE('',*,*,#1995,.T.);
#2694=ORIENTED_EDGE('',*,*,#1883,.T.);
#2695=ORIENTED_EDGE('',*,*,#1876,.F.);
#2696=ORIENTED_EDGE('',*,*,#1983,.F.);
#2697=ORIENTED_EDGE('',*,*,#1985,.F.);
#2698=ORIENTED_EDGE('',*,*,#1996,.T.);
#2699=ORIENTED_EDGE('',*,*,#1986,.F.);
#2700=ORIENTED_EDGE('',*,*,#1991,.F.);
#2701=ORIENTED_EDGE('',*,*,#1896,.F.);
#2702=ORIENTED_EDGE('',*,*,#1997,.F.);
#2703=ORIENTED_EDGE('',*,*,#1998,.F.);
#2704=ORIENTED_EDGE('',*,*,#1999,.F.);
#2705=ORIENTED_EDGE('',*,*,#2000,.F.);
#2706=ORIENTED_EDGE('',*,*,#2001,.T.);
#2707=ORIENTED_EDGE('',*,*,#1877,.T.);
#2708=ORIENTED_EDGE('',*,*,#1999,.T.);
#2709=ORIENTED_EDGE('',*,*,#2002,.F.);
#2710=ORIENTED_EDGE('',*,*,#2003,.T.);
#2711=ORIENTED_EDGE('',*,*,#2004,.T.);
#2712=ORIENTED_EDGE('',*,*,#2005,.T.);
#2713=ORIENTED_EDGE('',*,*,#1729,.F.);
#2714=ORIENTED_EDGE('',*,*,#1994,.F.);
#2715=ORIENTED_EDGE('',*,*,#1727,.T.);
#2716=ORIENTED_EDGE('',*,*,#2006,.T.);
#2717=ORIENTED_EDGE('',*,*,#2007,.T.);
#2718=ORIENTED_EDGE('',*,*,#2008,.T.);
#2719=ORIENTED_EDGE('',*,*,#2000,.T.);
#2720=ORIENTED_EDGE('',*,*,#1998,.T.);
#2721=ORIENTED_EDGE('',*,*,#1895,.F.);
#2722=ORIENTED_EDGE('',*,*,#2009,.T.);
#2723=ORIENTED_EDGE('',*,*,#2002,.T.);
#2724=ORIENTED_EDGE('',*,*,#1997,.T.);
#2725=ORIENTED_EDGE('',*,*,#1871,.F.);
#2726=ORIENTED_EDGE('',*,*,#1848,.F.);
#2727=ORIENTED_EDGE('',*,*,#1929,.T.);
#2728=ORIENTED_EDGE('',*,*,#1852,.F.);
#2729=ORIENTED_EDGE('',*,*,#1870,.F.);
#2730=ORIENTED_EDGE('',*,*,#1800,.F.);
#2731=ORIENTED_EDGE('',*,*,#1930,.T.);
#2732=ORIENTED_EDGE('',*,*,#1846,.F.);
#2733=ORIENTED_EDGE('',*,*,#1873,.F.);
#2734=ORIENTED_EDGE('',*,*,#1840,.F.);
#2735=ORIENTED_EDGE('',*,*,#1927,.T.);
#2736=ORIENTED_EDGE('',*,*,#1842,.F.);
#2737=ORIENTED_EDGE('',*,*,#1872,.F.);
#2738=ORIENTED_EDGE('',*,*,#1850,.F.);
#2739=ORIENTED_EDGE('',*,*,#1928,.T.);
#2740=ORIENTED_EDGE('',*,*,#1838,.F.);
#2741=ORIENTED_EDGE('',*,*,#1867,.F.);
#2742=ORIENTED_EDGE('',*,*,#1824,.F.);
#2743=ORIENTED_EDGE('',*,*,#1933,.T.);
#2744=ORIENTED_EDGE('',*,*,#1836,.F.);
#2745=ORIENTED_EDGE('',*,*,#1864,.F.);
#2746=ORIENTED_EDGE('',*,*,#1828,.F.);
#2747=ORIENTED_EDGE('',*,*,#1936,.T.);
#2748=ORIENTED_EDGE('',*,*,#1832,.F.);
#2749=ORIENTED_EDGE('',*,*,#1863,.F.);
#2750=ORIENTED_EDGE('',*,*,#1808,.F.);
#2751=ORIENTED_EDGE('',*,*,#1937,.T.);
#2752=ORIENTED_EDGE('',*,*,#1826,.F.);
#2753=ORIENTED_EDGE('',*,*,#1866,.F.);
#2754=ORIENTED_EDGE('',*,*,#1820,.F.);
#2755=ORIENTED_EDGE('',*,*,#1934,.T.);
#2756=ORIENTED_EDGE('',*,*,#1822,.F.);
#2757=ORIENTED_EDGE('',*,*,#1865,.F.);
#2758=ORIENTED_EDGE('',*,*,#1830,.F.);
#2759=ORIENTED_EDGE('',*,*,#1935,.T.);
#2760=ORIENTED_EDGE('',*,*,#1818,.F.);
#2761=ORIENTED_EDGE('',*,*,#1860,.F.);
#2762=ORIENTED_EDGE('',*,*,#1812,.F.);
#2763=ORIENTED_EDGE('',*,*,#1940,.T.);
#2764=ORIENTED_EDGE('',*,*,#1816,.F.);
#2765=ORIENTED_EDGE('',*,*,#1859,.F.);
#2766=ORIENTED_EDGE('',*,*,#1978,.F.);
#2767=ORIENTED_EDGE('',*,*,#1941,.T.);
#2768=ORIENTED_EDGE('',*,*,#1810,.F.);
#2769=ORIENTED_EDGE('',*,*,#1862,.F.);
#2770=ORIENTED_EDGE('',*,*,#1804,.F.);
#2771=ORIENTED_EDGE('',*,*,#1938,.T.);
#2772=ORIENTED_EDGE('',*,*,#1806,.F.);
#2773=ORIENTED_EDGE('',*,*,#1861,.F.);
#2774=ORIENTED_EDGE('',*,*,#1814,.F.);
#2775=ORIENTED_EDGE('',*,*,#1939,.T.);
#2776=ORIENTED_EDGE('',*,*,#1802,.F.);
#2777=ORIENTED_EDGE('',*,*,#1869,.F.);
#2778=ORIENTED_EDGE('',*,*,#1796,.F.);
#2779=ORIENTED_EDGE('',*,*,#1931,.T.);
#2780=ORIENTED_EDGE('',*,*,#1798,.F.);
#2781=ORIENTED_EDGE('',*,*,#1868,.F.);
#2782=ORIENTED_EDGE('',*,*,#1834,.F.);
#2783=ORIENTED_EDGE('',*,*,#1932,.T.);
#2784=ORIENTED_EDGE('',*,*,#1794,.F.);
#2785=ORIENTED_EDGE('',*,*,#1907,.F.);
#2786=ORIENTED_EDGE('',*,*,#1772,.F.);
#2787=ORIENTED_EDGE('',*,*,#1951,.F.);
#2788=ORIENTED_EDGE('',*,*,#1792,.F.);
#2789=ORIENTED_EDGE('',*,*,#1902,.F.);
#2790=ORIENTED_EDGE('',*,*,#1776,.F.);
#2791=ORIENTED_EDGE('',*,*,#1923,.F.);
#2792=ORIENTED_EDGE('',*,*,#1788,.F.);
#2793=ORIENTED_EDGE('',*,*,#1903,.F.);
#2794=ORIENTED_EDGE('',*,*,#1786,.F.);
#2795=ORIENTED_EDGE('',*,*,#1922,.F.);
#2796=ORIENTED_EDGE('',*,*,#1784,.F.);
#2797=ORIENTED_EDGE('',*,*,#1900,.F.);
#2798=ORIENTED_EDGE('',*,*,#1918,.F.);
#2799=ORIENTED_EDGE('',*,*,#1925,.F.);
#2800=ORIENTED_EDGE('',*,*,#1780,.F.);
#2801=ORIENTED_EDGE('',*,*,#1901,.F.);
#2802=ORIENTED_EDGE('',*,*,#1778,.F.);
#2803=ORIENTED_EDGE('',*,*,#1924,.F.);
#2804=ORIENTED_EDGE('',*,*,#1774,.F.);
#2805=ORIENTED_EDGE('',*,*,#1906,.F.);
#2806=ORIENTED_EDGE('',*,*,#1736,.F.);
#2807=ORIENTED_EDGE('',*,*,#1952,.F.);
#2808=ORIENTED_EDGE('',*,*,#1770,.F.);
#2809=ORIENTED_EDGE('',*,*,#1910,.F.);
#2810=ORIENTED_EDGE('',*,*,#1756,.F.);
#2811=ORIENTED_EDGE('',*,*,#1948,.F.);
#2812=ORIENTED_EDGE('',*,*,#1768,.F.);
#2813=ORIENTED_EDGE('',*,*,#1911,.F.);
#2814=ORIENTED_EDGE('',*,*,#1766,.F.);
#2815=ORIENTED_EDGE('',*,*,#1947,.F.);
#2816=ORIENTED_EDGE('',*,*,#1764,.F.);
#2817=ORIENTED_EDGE('',*,*,#1908,.F.);
#2818=ORIENTED_EDGE('',*,*,#1790,.F.);
#2819=ORIENTED_EDGE('',*,*,#1950,.F.);
#2820=ORIENTED_EDGE('',*,*,#1760,.F.);
#2821=ORIENTED_EDGE('',*,*,#1909,.F.);
#2822=ORIENTED_EDGE('',*,*,#1758,.F.);
#2823=ORIENTED_EDGE('',*,*,#1949,.F.);
#2824=ORIENTED_EDGE('',*,*,#1754,.F.);
#2825=ORIENTED_EDGE('',*,*,#1914,.F.);
#2826=ORIENTED_EDGE('',*,*,#1744,.F.);
#2827=ORIENTED_EDGE('',*,*,#1944,.F.);
#2828=ORIENTED_EDGE('',*,*,#1750,.F.);
#2829=ORIENTED_EDGE('',*,*,#1912,.F.);
#2830=ORIENTED_EDGE('',*,*,#1762,.F.);
#2831=ORIENTED_EDGE('',*,*,#1946,.F.);
#2832=ORIENTED_EDGE('',*,*,#1748,.F.);
#2833=ORIENTED_EDGE('',*,*,#1913,.F.);
#2834=ORIENTED_EDGE('',*,*,#1746,.F.);
#2835=ORIENTED_EDGE('',*,*,#1945,.F.);
#2836=ORIENTED_EDGE('',*,*,#1742,.F.);
#2837=ORIENTED_EDGE('',*,*,#1904,.F.);
#2838=ORIENTED_EDGE('',*,*,#1782,.F.);
#2839=ORIENTED_EDGE('',*,*,#1921,.F.);
#2840=ORIENTED_EDGE('',*,*,#1740,.F.);
#2841=ORIENTED_EDGE('',*,*,#1905,.F.);
#2842=ORIENTED_EDGE('',*,*,#1738,.F.);
#2843=ORIENTED_EDGE('',*,*,#1920,.F.);
#2844=ORIENTED_EDGE('',*,*,#1734,.F.);
#2845=ORIENTED_EDGE('',*,*,#1894,.F.);
#2846=ORIENTED_EDGE('',*,*,#2010,.T.);
#2847=ORIENTED_EDGE('',*,*,#2003,.F.);
#2848=ORIENTED_EDGE('',*,*,#2009,.F.);
#2849=ORIENTED_EDGE('',*,*,#1892,.F.);
#2850=ORIENTED_EDGE('',*,*,#1730,.F.);
#2851=ORIENTED_EDGE('',*,*,#2005,.F.);
#2852=ORIENTED_EDGE('',*,*,#2011,.F.);
#2853=ORIENTED_EDGE('',*,*,#1893,.F.);
#2854=ORIENTED_EDGE('',*,*,#2011,.T.);
#2855=ORIENTED_EDGE('',*,*,#2004,.F.);
#2856=ORIENTED_EDGE('',*,*,#2010,.F.);
#2857=ORIENTED_EDGE('',*,*,#1853,.F.);
#2858=ORIENTED_EDGE('',*,*,#2012,.T.);
#2859=ORIENTED_EDGE('',*,*,#2007,.F.);
#2860=ORIENTED_EDGE('',*,*,#2013,.F.);
#2861=ORIENTED_EDGE('',*,*,#1854,.F.);
#2862=ORIENTED_EDGE('',*,*,#2013,.T.);
#2863=ORIENTED_EDGE('',*,*,#2006,.F.);
#2864=ORIENTED_EDGE('',*,*,#1726,.F.);
#2865=ORIENTED_EDGE('',*,*,#1878,.F.);
#2866=ORIENTED_EDGE('',*,*,#2001,.F.);
#2867=ORIENTED_EDGE('',*,*,#2008,.F.);
#2868=ORIENTED_EDGE('',*,*,#2012,.F.);
#2869=ORIENTED_EDGE('',*,*,#1958,.T.);
#2870=ORIENTED_EDGE('',*,*,#2014,.F.);
#2871=ORIENTED_EDGE('',*,*,#2015,.F.);
#2872=ORIENTED_EDGE('',*,*,#2016,.T.);
#2873=ORIENTED_EDGE('',*,*,#1959,.T.);
#2874=ORIENTED_EDGE('',*,*,#2016,.F.);
#2875=ORIENTED_EDGE('',*,*,#2017,.F.);
#2876=ORIENTED_EDGE('',*,*,#2018,.T.);
#2877=ORIENTED_EDGE('',*,*,#1960,.T.);
#2878=ORIENTED_EDGE('',*,*,#2018,.F.);
#2879=ORIENTED_EDGE('',*,*,#2019,.F.);
#2880=ORIENTED_EDGE('',*,*,#2020,.T.);
#2881=ORIENTED_EDGE('',*,*,#1957,.T.);
#2882=ORIENTED_EDGE('',*,*,#2020,.F.);
#2883=ORIENTED_EDGE('',*,*,#2021,.F.);
#2884=ORIENTED_EDGE('',*,*,#2014,.T.);
#2885=ORIENTED_EDGE('',*,*,#2015,.T.);
#2886=ORIENTED_EDGE('',*,*,#2021,.T.);
#2887=ORIENTED_EDGE('',*,*,#2019,.T.);
#2888=ORIENTED_EDGE('',*,*,#2017,.T.);
#2889=ORIENTED_EDGE('',*,*,#1954,.T.);
#2890=ORIENTED_EDGE('',*,*,#2022,.F.);
#2891=ORIENTED_EDGE('',*,*,#2023,.F.);
#2892=ORIENTED_EDGE('',*,*,#2024,.T.);
#2893=ORIENTED_EDGE('',*,*,#1955,.T.);
#2894=ORIENTED_EDGE('',*,*,#2024,.F.);
#2895=ORIENTED_EDGE('',*,*,#2025,.F.);
#2896=ORIENTED_EDGE('',*,*,#2026,.T.);
#2897=ORIENTED_EDGE('',*,*,#1956,.T.);
#2898=ORIENTED_EDGE('',*,*,#2026,.F.);
#2899=ORIENTED_EDGE('',*,*,#2027,.F.);
#2900=ORIENTED_EDGE('',*,*,#2028,.T.);
#2901=ORIENTED_EDGE('',*,*,#1953,.T.);
#2902=ORIENTED_EDGE('',*,*,#2028,.F.);
#2903=ORIENTED_EDGE('',*,*,#2029,.F.);
#2904=ORIENTED_EDGE('',*,*,#2022,.T.);
#2905=ORIENTED_EDGE('',*,*,#2023,.T.);
#2906=ORIENTED_EDGE('',*,*,#2029,.T.);
#2907=ORIENTED_EDGE('',*,*,#2027,.T.);
#2908=ORIENTED_EDGE('',*,*,#2025,.T.);
#2909=ORIENTED_EDGE('',*,*,#1981,.F.);
#2910=ORIENTED_EDGE('',*,*,#1993,.F.);
#2911=ORIENTED_EDGE('',*,*,#1989,.F.);
#2912=ORIENTED_EDGE('',*,*,#1987,.F.);
#2913=ORIENTED_EDGE('',*,*,#1996,.F.);
#2914=ORIENTED_EDGE('',*,*,#1984,.F.);
#2915=ORIENTED_EDGE('',*,*,#1884,.F.);
#2916=ORIENTED_EDGE('',*,*,#1995,.F.);
#2917=ORIENTED_EDGE('',*,*,#1886,.F.);
#2918=ORIENTED_EDGE('',*,*,#1889,.F.);
#2919=ORIENTED_EDGE('',*,*,#1992,.F.);
#2920=ORIENTED_EDGE('',*,*,#1880,.F.);
#2921=ORIENTED_EDGE('',*,*,#1962,.F.);
#2922=ORIENTED_EDGE('',*,*,#2030,.F.);
#2923=ORIENTED_EDGE('',*,*,#2031,.T.);
#2924=ORIENTED_EDGE('',*,*,#2032,.T.);
#2925=ORIENTED_EDGE('',*,*,#1961,.F.);
#2926=ORIENTED_EDGE('',*,*,#2033,.F.);
#2927=ORIENTED_EDGE('',*,*,#2034,.T.);
#2928=ORIENTED_EDGE('',*,*,#2030,.T.);
#2929=ORIENTED_EDGE('',*,*,#1977,.F.);
#2930=ORIENTED_EDGE('',*,*,#2035,.F.);
#2931=ORIENTED_EDGE('',*,*,#2036,.T.);
#2932=ORIENTED_EDGE('',*,*,#2033,.T.);
#2933=ORIENTED_EDGE('',*,*,#1976,.F.);
#2934=ORIENTED_EDGE('',*,*,#2037,.F.);
#2935=ORIENTED_EDGE('',*,*,#2038,.T.);
#2936=ORIENTED_EDGE('',*,*,#2035,.T.);
#2937=ORIENTED_EDGE('',*,*,#1975,.F.);
#2938=ORIENTED_EDGE('',*,*,#2039,.F.);
#2939=ORIENTED_EDGE('',*,*,#2040,.T.);
#2940=ORIENTED_EDGE('',*,*,#2037,.T.);
#2941=ORIENTED_EDGE('',*,*,#1974,.F.);
#2942=ORIENTED_EDGE('',*,*,#2041,.F.);
#2943=ORIENTED_EDGE('',*,*,#2042,.T.);
#2944=ORIENTED_EDGE('',*,*,#2039,.T.);
#2945=ORIENTED_EDGE('',*,*,#1973,.F.);
#2946=ORIENTED_EDGE('',*,*,#2043,.F.);
#2947=ORIENTED_EDGE('',*,*,#2044,.T.);
#2948=ORIENTED_EDGE('',*,*,#2041,.T.);
#2949=ORIENTED_EDGE('',*,*,#1972,.F.);
#2950=ORIENTED_EDGE('',*,*,#2045,.F.);
#2951=ORIENTED_EDGE('',*,*,#2046,.T.);
#2952=ORIENTED_EDGE('',*,*,#2043,.T.);
#2953=ORIENTED_EDGE('',*,*,#1971,.F.);
#2954=ORIENTED_EDGE('',*,*,#2047,.F.);
#2955=ORIENTED_EDGE('',*,*,#2048,.T.);
#2956=ORIENTED_EDGE('',*,*,#2045,.T.);
#2957=ORIENTED_EDGE('',*,*,#1970,.F.);
#2958=ORIENTED_EDGE('',*,*,#2049,.F.);
#2959=ORIENTED_EDGE('',*,*,#2050,.T.);
#2960=ORIENTED_EDGE('',*,*,#2047,.T.);
#2961=ORIENTED_EDGE('',*,*,#1969,.F.);
#2962=ORIENTED_EDGE('',*,*,#2051,.F.);
#2963=ORIENTED_EDGE('',*,*,#2052,.T.);
#2964=ORIENTED_EDGE('',*,*,#2049,.T.);
#2965=ORIENTED_EDGE('',*,*,#1968,.F.);
#2966=ORIENTED_EDGE('',*,*,#2053,.F.);
#2967=ORIENTED_EDGE('',*,*,#2054,.T.);
#2968=ORIENTED_EDGE('',*,*,#2051,.T.);
#2969=ORIENTED_EDGE('',*,*,#1967,.F.);
#2970=ORIENTED_EDGE('',*,*,#2055,.F.);
#2971=ORIENTED_EDGE('',*,*,#2056,.T.);
#2972=ORIENTED_EDGE('',*,*,#2053,.T.);
#2973=ORIENTED_EDGE('',*,*,#1966,.F.);
#2974=ORIENTED_EDGE('',*,*,#2057,.F.);
#2975=ORIENTED_EDGE('',*,*,#2058,.T.);
#2976=ORIENTED_EDGE('',*,*,#2055,.T.);
#2977=ORIENTED_EDGE('',*,*,#1965,.F.);
#2978=ORIENTED_EDGE('',*,*,#2059,.F.);
#2979=ORIENTED_EDGE('',*,*,#2060,.T.);
#2980=ORIENTED_EDGE('',*,*,#2057,.T.);
#2981=ORIENTED_EDGE('',*,*,#1964,.F.);
#2982=ORIENTED_EDGE('',*,*,#2061,.F.);
#2983=ORIENTED_EDGE('',*,*,#2062,.T.);
#2984=ORIENTED_EDGE('',*,*,#2059,.T.);
#2985=ORIENTED_EDGE('',*,*,#1963,.F.);
#2986=ORIENTED_EDGE('',*,*,#2032,.F.);
#2987=ORIENTED_EDGE('',*,*,#2063,.T.);
#2988=ORIENTED_EDGE('',*,*,#2061,.T.);
#2989=ORIENTED_EDGE('',*,*,#2031,.F.);
#2990=ORIENTED_EDGE('',*,*,#2034,.F.);
#2991=ORIENTED_EDGE('',*,*,#2036,.F.);
#2992=ORIENTED_EDGE('',*,*,#2038,.F.);
#2993=ORIENTED_EDGE('',*,*,#2040,.F.);
#2994=ORIENTED_EDGE('',*,*,#2042,.F.);
#2995=ORIENTED_EDGE('',*,*,#2044,.F.);
#2996=ORIENTED_EDGE('',*,*,#2046,.F.);
#2997=ORIENTED_EDGE('',*,*,#2048,.F.);
#2998=ORIENTED_EDGE('',*,*,#2050,.F.);
#2999=ORIENTED_EDGE('',*,*,#2052,.F.);
#3000=ORIENTED_EDGE('',*,*,#2054,.F.);
#3001=ORIENTED_EDGE('',*,*,#2056,.F.);
#3002=ORIENTED_EDGE('',*,*,#2058,.F.);
#3003=ORIENTED_EDGE('',*,*,#2060,.F.);
#3004=ORIENTED_EDGE('',*,*,#2062,.F.);
#3005=ORIENTED_EDGE('',*,*,#2063,.F.);
#3006=PLANE('',#3306);
#3007=PLANE('',#3307);
#3008=PLANE('',#3308);
#3009=PLANE('',#3309);
#3010=PLANE('',#3310);
#3011=PLANE('',#3311);
#3012=PLANE('',#3312);
#3013=PLANE('',#3313);
#3014=PLANE('',#3314);
#3015=PLANE('',#3315);
#3016=PLANE('',#3316);
#3017=PLANE('',#3317);
#3018=PLANE('',#3318);
#3019=PLANE('',#3322);
#3020=PLANE('',#3326);
#3021=PLANE('',#3330);
#3022=PLANE('',#3334);
#3023=PLANE('',#3341);
#3024=PLANE('',#3342);
#3025=PLANE('',#3343);
#3026=PLANE('',#3344);
#3027=PLANE('',#3345);
#3028=PLANE('',#3346);
#3029=PLANE('',#3347);
#3030=PLANE('',#3348);
#3031=PLANE('',#3349);
#3032=PLANE('',#3350);
#3033=PLANE('',#3351);
#3034=PLANE('',#3352);
#3035=PLANE('',#3353);
#3036=PLANE('',#3354);
#3037=PLANE('',#3355);
#3038=PLANE('',#3356);
#3039=PLANE('',#3357);
#3040=PLANE('',#3358);
#3041=PLANE('',#3359);
#3042=PLANE('',#3360);
#3043=PLANE('',#3361);
#3044=PLANE('',#3362);
#3045=PLANE('',#3363);
#3046=PLANE('',#3364);
#3047=PLANE('',#3365);
#3048=PLANE('',#3366);
#3049=PLANE('',#3367);
#3050=PLANE('',#3368);
#3051=PLANE('',#3369);
#3052=PLANE('',#3370);
#3053=PLANE('',#3371);
#3054=PLANE('',#3372);
#3055=PLANE('',#3373);
#3056=PLANE('',#3374);
#3057=PLANE('',#3375);
#3058=PLANE('',#3376);
#3059=PLANE('',#3377);
#3060=PLANE('',#3378);
#3061=PLANE('',#3379);
#3062=PLANE('',#3380);
#3063=PLANE('',#3381);
#3064=PLANE('',#3382);
#3065=PLANE('',#3383);
#3066=PLANE('',#3384);
#3067=PLANE('',#3385);
#3068=PLANE('',#3386);
#3069=PLANE('',#3387);
#3070=PLANE('',#3388);
#3071=PLANE('',#3389);
#3072=PLANE('',#3390);
#3073=PLANE('',#3391);
#3074=PLANE('',#3392);
#3075=PLANE('',#3393);
#3076=PLANE('',#3394);
#3077=PLANE('',#3395);
#3078=PLANE('',#3396);
#3079=PLANE('',#3397);
#3080=PLANE('',#3398);
#3081=PLANE('',#3399);
#3082=PLANE('',#3415);
#3083=PLANE('',#3416);
#3084=PLANE('',#3417);
#3085=PLANE('',#3418);
#3086=PLANE('',#3419);
#3087=PLANE('',#3435);
#3088=PLANE('',#3436);
#3089=PLANE('',#3467);
#3090=PLANE('',#3468);
#3091=PLANE('',#3469);
#3092=PLANE('',#3470);
#3093=PLANE('',#3471);
#3094=PLANE('',#3472);
#3095=PLANE('',#3473);
#3096=PLANE('',#3474);
#3097=PLANE('',#3475);
#3098=PLANE('',#3476);
#3099=PLANE('',#3477);
#3100=PLANE('',#3478);
#3101=PLANE('',#3509);
#3102=PLANE('',#3510);
#3103=PLANE('',#3511);
#3104=PLANE('',#3512);
#3105=PLANE('',#3513);
#3106=PLANE('',#3514);
#3107=PLANE('',#3515);
#3108=PLANE('',#3516);
#3109=PLANE('',#3517);
#3110=PLANE('',#3518);
#3111=PLANE('',#3519);
#3112=PLANE('',#3520);
#3113=PLANE('',#3521);
#3114=PLANE('',#3522);
#3115=PLANE('',#3523);
#3116=PLANE('',#3524);
#3117=PLANE('',#3525);
#3118=PLANE('',#3526);
#3119=PLANE('',#3527);
#3120=PLANE('',#3528);
#3121=PLANE('',#3529);
#3122=PLANE('',#3530);
#3123=ADVANCED_FACE('',(#195),#3006,.F.);
#3124=ADVANCED_FACE('',(#196,#187),#3007,.F.);
#3125=ADVANCED_FACE('',(#197),#3008,.F.);
#3126=ADVANCED_FACE('',(#198,#188),#3009,.F.);
#3127=ADVANCED_FACE('',(#199),#3010,.T.);
#3128=ADVANCED_FACE('',(#200),#3011,.T.);
#3129=ADVANCED_FACE('',(#201),#3012,.T.);
#3130=ADVANCED_FACE('',(#202),#3013,.F.);
#3131=ADVANCED_FACE('',(#203,#189),#3014,.F.);
#3132=ADVANCED_FACE('',(#204),#3015,.F.);
#3133=ADVANCED_FACE('',(#205),#3016,.T.);
#3134=ADVANCED_FACE('',(#206),#3017,.F.);
#3135=ADVANCED_FACE('',(#207),#3018,.T.);
#3136=ADVANCED_FACE('',(#208),#151,.T.);
#3137=ADVANCED_FACE('',(#209),#3019,.F.);
#3138=ADVANCED_FACE('',(#210),#152,.F.);
#3139=ADVANCED_FACE('',(#211),#3020,.F.);
#3140=ADVANCED_FACE('',(#212),#153,.T.);
#3141=ADVANCED_FACE('',(#213),#3021,.T.);
#3142=ADVANCED_FACE('',(#214),#154,.F.);
#3143=ADVANCED_FACE('',(#215),#3022,.F.);
#3144=ADVANCED_FACE('',(#216),#155,.T.);
#3145=ADVANCED_FACE('',(#217),#156,.F.);
#3146=ADVANCED_FACE('',(#218),#3023,.T.);
#3147=ADVANCED_FACE('',(#219),#3024,.F.);
#3148=ADVANCED_FACE('',(#220),#3025,.F.);
#3149=ADVANCED_FACE('',(#221),#3026,.F.);
#3150=ADVANCED_FACE('',(#222),#3027,.F.);
#3151=ADVANCED_FACE('',(#223),#3028,.F.);
#3152=ADVANCED_FACE('',(#224),#3029,.F.);
#3153=ADVANCED_FACE('',(#225),#3030,.F.);
#3154=ADVANCED_FACE('',(#226),#3031,.F.);
#3155=ADVANCED_FACE('',(#227,#190),#3032,.F.);
#3156=ADVANCED_FACE('',(#228),#3033,.F.);
#3157=ADVANCED_FACE('',(#229,#191),#3034,.F.);
#3158=ADVANCED_FACE('',(#230),#3035,.T.);
#3159=ADVANCED_FACE('',(#231),#3036,.T.);
#3160=ADVANCED_FACE('',(#232),#3037,.T.);
#3161=ADVANCED_FACE('',(#233),#3038,.F.);
#3162=ADVANCED_FACE('',(#234),#3039,.F.);
#3163=ADVANCED_FACE('',(#235),#3040,.F.);
#3164=ADVANCED_FACE('',(#236),#3041,.T.);
#3165=ADVANCED_FACE('',(#237),#3042,.F.);
#3166=ADVANCED_FACE('',(#238),#3043,.F.);
#3167=ADVANCED_FACE('',(#239),#3044,.F.);
#3168=ADVANCED_FACE('',(#240),#3045,.F.);
#3169=ADVANCED_FACE('',(#241),#3046,.F.);
#3170=ADVANCED_FACE('',(#242),#3047,.F.);
#3171=ADVANCED_FACE('',(#243),#3048,.F.);
#3172=ADVANCED_FACE('',(#244),#3049,.F.);
#3173=ADVANCED_FACE('',(#245),#3050,.F.);
#3174=ADVANCED_FACE('',(#246),#3051,.F.);
#3175=ADVANCED_FACE('',(#247),#3052,.F.);
#3176=ADVANCED_FACE('',(#248),#3053,.F.);
#3177=ADVANCED_FACE('',(#249),#3054,.F.);
#3178=ADVANCED_FACE('',(#250),#3055,.F.);
#3179=ADVANCED_FACE('',(#251),#3056,.F.);
#3180=ADVANCED_FACE('',(#252),#3057,.F.);
#3181=ADVANCED_FACE('',(#253),#3058,.F.);
#3182=ADVANCED_FACE('',(#254),#3059,.F.);
#3183=ADVANCED_FACE('',(#255),#3060,.F.);
#3184=ADVANCED_FACE('',(#256),#3061,.F.);
#3185=ADVANCED_FACE('',(#257),#3062,.F.);
#3186=ADVANCED_FACE('',(#258),#3063,.F.);
#3187=ADVANCED_FACE('',(#259),#3064,.F.);
#3188=ADVANCED_FACE('',(#260),#3065,.F.);
#3189=ADVANCED_FACE('',(#261),#3066,.F.);
#3190=ADVANCED_FACE('',(#262),#3067,.F.);
#3191=ADVANCED_FACE('',(#263),#3068,.F.);
#3192=ADVANCED_FACE('',(#264),#3069,.F.);
#3193=ADVANCED_FACE('',(#265),#3070,.F.);
#3194=ADVANCED_FACE('',(#266),#3071,.F.);
#3195=ADVANCED_FACE('',(#267),#3072,.F.);
#3196=ADVANCED_FACE('',(#268),#3073,.F.);
#3197=ADVANCED_FACE('',(#269),#3074,.F.);
#3198=ADVANCED_FACE('',(#270),#3075,.F.);
#3199=ADVANCED_FACE('',(#271),#3076,.F.);
#3200=ADVANCED_FACE('',(#272),#3077,.F.);
#3201=ADVANCED_FACE('',(#273),#3078,.F.);
#3202=ADVANCED_FACE('',(#274),#3079,.F.);
#3203=ADVANCED_FACE('',(#275),#3080,.F.);
#3204=ADVANCED_FACE('',(#276),#3081,.F.);
#3205=ADVANCED_FACE('',(#277),#3082,.F.);
#3206=ADVANCED_FACE('',(#278),#3083,.F.);
#3207=ADVANCED_FACE('',(#279),#3084,.F.);
#3208=ADVANCED_FACE('',(#280),#3085,.F.);
#3209=ADVANCED_FACE('',(#281),#3086,.F.);
#3210=ADVANCED_FACE('',(#282),#3087,.F.);
#3211=ADVANCED_FACE('',(#283,#192,#193,#194),#3088,.F.);
#3212=ADVANCED_FACE('',(#284),#3089,.F.);
#3213=ADVANCED_FACE('',(#285),#3090,.F.);
#3214=ADVANCED_FACE('',(#286),#3091,.F.);
#3215=ADVANCED_FACE('',(#287),#3092,.F.);
#3216=ADVANCED_FACE('',(#288),#3093,.F.);
#3217=ADVANCED_FACE('',(#289),#3094,.F.);
#3218=ADVANCED_FACE('',(#290),#3095,.T.);
#3219=ADVANCED_FACE('',(#291),#3096,.F.);
#3220=ADVANCED_FACE('',(#292),#3097,.T.);
#3221=ADVANCED_FACE('',(#293),#3098,.F.);
#3222=ADVANCED_FACE('',(#294),#3099,.F.);
#3223=ADVANCED_FACE('',(#295),#3100,.F.);
#3224=ADVANCED_FACE('',(#296),#157,.F.);
#3225=ADVANCED_FACE('',(#297),#158,.F.);
#3226=ADVANCED_FACE('',(#298),#159,.F.);
#3227=ADVANCED_FACE('',(#299),#160,.F.);
#3228=ADVANCED_FACE('',(#300),#161,.F.);
#3229=ADVANCED_FACE('',(#301),#162,.F.);
#3230=ADVANCED_FACE('',(#302),#163,.F.);
#3231=ADVANCED_FACE('',(#303),#164,.F.);
#3232=ADVANCED_FACE('',(#304),#165,.F.);
#3233=ADVANCED_FACE('',(#305),#166,.F.);
#3234=ADVANCED_FACE('',(#306),#167,.F.);
#3235=ADVANCED_FACE('',(#307),#168,.F.);
#3236=ADVANCED_FACE('',(#308),#169,.F.);
#3237=ADVANCED_FACE('',(#309),#170,.F.);
#3238=ADVANCED_FACE('',(#310),#171,.F.);
#3239=ADVANCED_FACE('',(#311),#172,.F.);
#3240=ADVANCED_FACE('',(#312),#173,.F.);
#3241=ADVANCED_FACE('',(#313),#174,.F.);
#3242=ADVANCED_FACE('',(#314),#175,.F.);
#3243=ADVANCED_FACE('',(#315),#176,.F.);
#3244=ADVANCED_FACE('',(#316),#177,.F.);
#3245=ADVANCED_FACE('',(#317),#178,.F.);
#3246=ADVANCED_FACE('',(#318),#179,.F.);
#3247=ADVANCED_FACE('',(#319),#180,.F.);
#3248=ADVANCED_FACE('',(#320),#181,.F.);
#3249=ADVANCED_FACE('',(#321),#182,.F.);
#3250=ADVANCED_FACE('',(#322),#183,.F.);
#3251=ADVANCED_FACE('',(#323),#184,.F.);
#3252=ADVANCED_FACE('',(#324),#185,.F.);
#3253=ADVANCED_FACE('',(#325),#186,.F.);
#3254=ADVANCED_FACE('',(#326),#3101,.T.);
#3255=ADVANCED_FACE('',(#327),#3102,.T.);
#3256=ADVANCED_FACE('',(#328),#3103,.T.);
#3257=ADVANCED_FACE('',(#329),#3104,.T.);
#3258=ADVANCED_FACE('',(#330),#3105,.T.);
#3259=ADVANCED_FACE('',(#331),#3106,.T.);
#3260=ADVANCED_FACE('',(#332),#3107,.F.);
#3261=ADVANCED_FACE('',(#333),#3108,.F.);
#3262=ADVANCED_FACE('',(#334),#3109,.F.);
#3263=ADVANCED_FACE('',(#335),#3110,.F.);
#3264=ADVANCED_FACE('',(#336),#3111,.T.);
#3265=ADVANCED_FACE('',(#337),#3112,.F.);
#3266=ADVANCED_FACE('',(#338),#3113,.F.);
#3267=ADVANCED_FACE('',(#339),#3114,.F.);
#3268=ADVANCED_FACE('',(#340),#3115,.F.);
#3269=ADVANCED_FACE('',(#341),#3116,.T.);
#3270=ADVANCED_FACE('',(#342),#3117,.T.);
#3271=ADVANCED_FACE('',(#343),#3118,.F.);
#3272=ADVANCED_FACE('',(#344),#13,.T.);
#3273=ADVANCED_FACE('',(#345),#14,.T.);
#3274=ADVANCED_FACE('',(#346),#15,.T.);
#3275=ADVANCED_FACE('',(#347),#3119,.T.);
#3276=ADVANCED_FACE('',(#348),#16,.T.);
#3277=ADVANCED_FACE('',(#349),#17,.T.);
#3278=ADVANCED_FACE('',(#350),#18,.T.);
#3279=ADVANCED_FACE('',(#351),#19,.T.);
#3280=ADVANCED_FACE('',(#352),#3120,.T.);
#3281=ADVANCED_FACE('',(#353),#20,.T.);
#3282=ADVANCED_FACE('',(#354),#21,.T.);
#3283=ADVANCED_FACE('',(#355),#22,.T.);
#3284=ADVANCED_FACE('',(#356),#23,.T.);
#3285=ADVANCED_FACE('',(#357),#24,.T.);
#3286=ADVANCED_FACE('',(#358),#25,.T.);
#3287=ADVANCED_FACE('',(#359),#26,.T.);
#3288=ADVANCED_FACE('',(#360),#3121,.T.);
#3289=ADVANCED_FACE('',(#361),#3122,.F.);
#3290=CLOSED_SHELL('',(#3123,#3124,#3125,#3126,#3127,#3128,#3129,#3130,
#3131,#3132,#3133,#3134,#3135,#3136,#3137,#3138,#3139,#3140,#3141,#3142,
#3143,#3144,#3145,#3146,#3147,#3148,#3149,#3150,#3151,#3152,#3153));
#3291=CLOSED_SHELL('',(#3154,#3155,#3156,#3157,#3158,#3159,#3160,#3161,
#3162,#3163,#3164,#3165,#3166,#3167,#3168,#3169,#3170,#3171));
#3292=CLOSED_SHELL('',(#3172,#3173,#3174,#3175,#3176,#3177,#3178,#3179,
#3180,#3181,#3182,#3183,#3184,#3185,#3186,#3187,#3188,#3189,#3190,#3191,
#3192,#3193,#3194,#3195,#3196,#3197,#3198,#3199,#3200,#3201,#3202,#3203,
#3204,#3205,#3206,#3207,#3208,#3209,#3210,#3211,#3212,#3213,#3214,#3215,
#3216,#3217,#3218,#3219,#3220,#3221,#3222,#3223,#3224,#3225,#3226,#3227,
#3228,#3229,#3230,#3231,#3232,#3233,#3234,#3235,#3236,#3237,#3238,#3239,
#3240,#3241,#3242,#3243,#3244,#3245,#3246,#3247,#3248,#3249,#3250,#3251,
#3252,#3253,#3254,#3255,#3256,#3257,#3258,#3259,#3260,#3261,#3262,#3263,
#3264,#3265,#3266,#3267,#3268,#3269,#3270,#3271,#3272,#3273,#3274,#3275,
#3276,#3277,#3278,#3279,#3280,#3281,#3282,#3283,#3284,#3285,#3286,#3287,
#3288,#3289));
#3293=DERIVED_UNIT_ELEMENT(#3295,1.);
#3294=DERIVED_UNIT_ELEMENT(#6094,-3.);
#3295=(
MASS_UNIT()
NAMED_UNIT(*)
SI_UNIT(.KILO.,.GRAM.)
);
#3296=DERIVED_UNIT((#3293,#3294));
#3297=MEASURE_REPRESENTATION_ITEM('density measure',
POSITIVE_RATIO_MEASURE(7850.),#3296);
#3298=PROPERTY_DEFINITION_REPRESENTATION(#3303,#3300);
#3299=PROPERTY_DEFINITION_REPRESENTATION(#3304,#3301);
#3300=REPRESENTATION('material name',(#3302),#6091);
#3301=REPRESENTATION('density',(#3297),#6091);
#3302=DESCRIPTIVE_REPRESENTATION_ITEM('Steel','Steel');
#3303=PROPERTY_DEFINITION('material property','material name',#6101);
#3304=PROPERTY_DEFINITION('material property','density of part',#6101);
#3305=AXIS2_PLACEMENT_3D('',#4354,#3531,#3532);
#3306=AXIS2_PLACEMENT_3D('',#4355,#3533,#3534);
#3307=AXIS2_PLACEMENT_3D('',#4364,#3539,#3540);
#3308=AXIS2_PLACEMENT_3D('',#4394,#3556,#3557);
#3309=AXIS2_PLACEMENT_3D('',#4400,#3561,#3562);
#3310=AXIS2_PLACEMENT_3D('',#4427,#3577,#3578);
#3311=AXIS2_PLACEMENT_3D('',#4430,#3581,#3582);
#3312=AXIS2_PLACEMENT_3D('',#4431,#3583,#3584);
#3313=AXIS2_PLACEMENT_3D('',#4432,#3585,#3586);
#3314=AXIS2_PLACEMENT_3D('',#4434,#3588,#3589);
#3315=AXIS2_PLACEMENT_3D('',#4445,#3596,#3597);
#3316=AXIS2_PLACEMENT_3D('',#4447,#3599,#3600);
#3317=AXIS2_PLACEMENT_3D('',#4449,#3602,#3603);
#3318=AXIS2_PLACEMENT_3D('',#4450,#3604,#3605);
#3319=AXIS2_PLACEMENT_3D('',#4459,#3610,#3611);
#3320=AXIS2_PLACEMENT_3D('',#4461,#3612,#3613);
#3321=AXIS2_PLACEMENT_3D('',#4464,#3615,#3616);
#3322=AXIS2_PLACEMENT_3D('',#4465,#3617,#3618);
#3323=AXIS2_PLACEMENT_3D('',#4471,#3622,#3623);
#3324=AXIS2_PLACEMENT_3D('',#4473,#3624,#3625);
#3325=AXIS2_PLACEMENT_3D('',#4476,#3627,#3628);
#3326=AXIS2_PLACEMENT_3D('',#4477,#3629,#3630);
#3327=AXIS2_PLACEMENT_3D('',#4483,#3634,#3635);
#3328=AXIS2_PLACEMENT_3D('',#4485,#3636,#3637);
#3329=AXIS2_PLACEMENT_3D('',#4488,#3639,#3640);
#3330=AXIS2_PLACEMENT_3D('',#4489,#3641,#3642);
#3331=AXIS2_PLACEMENT_3D('',#4495,#3646,#3647);
#3332=AXIS2_PLACEMENT_3D('',#4497,#3648,#3649);
#3333=AXIS2_PLACEMENT_3D('',#4500,#3651,#3652);
#3334=AXIS2_PLACEMENT_3D('',#4501,#3653,#3654);
#3335=AXIS2_PLACEMENT_3D('',#4507,#3658,#3659);
#3336=AXIS2_PLACEMENT_3D('',#4508,#3660,#3661);
#3337=AXIS2_PLACEMENT_3D('',#4509,#3662,#3663);
#3338=AXIS2_PLACEMENT_3D('',#4510,#3664,#3665);
#3339=AXIS2_PLACEMENT_3D('',#4511,#3666,#3667);
#3340=AXIS2_PLACEMENT_3D('',#4512,#3668,#3669);
#3341=AXIS2_PLACEMENT_3D('',#4513,#3670,#3671);
#3342=AXIS2_PLACEMENT_3D('',#4514,#3672,#3673);
#3343=AXIS2_PLACEMENT_3D('',#4515,#3674,#3675);
#3344=AXIS2_PLACEMENT_3D('',#4517,#3677,#3678);
#3345=AXIS2_PLACEMENT_3D('',#4518,#3679,#3680);
#3346=AXIS2_PLACEMENT_3D('',#4521,#3683,#3684);
#3347=AXIS2_PLACEMENT_3D('',#4523,#3686,#3687);
#3348=AXIS2_PLACEMENT_3D('',#4525,#3689,#3690);
#3349=AXIS2_PLACEMENT_3D('',#4526,#3691,#3692);
#3350=AXIS2_PLACEMENT_3D('',#4535,#3697,#3698);
#3351=AXIS2_PLACEMENT_3D('',#4565,#3714,#3715);
#3352=AXIS2_PLACEMENT_3D('',#4571,#3719,#3720);
#3353=AXIS2_PLACEMENT_3D('',#4598,#3735,#3736);
#3354=AXIS2_PLACEMENT_3D('',#4601,#3739,#3740);
#3355=AXIS2_PLACEMENT_3D('',#4602,#3741,#3742);
#3356=AXIS2_PLACEMENT_3D('',#4603,#3743,#3744);
#3357=AXIS2_PLACEMENT_3D('',#4605,#3746,#3747);
#3358=AXIS2_PLACEMENT_3D('',#4608,#3750,#3751);
#3359=AXIS2_PLACEMENT_3D('',#4610,#3753,#3754);
#3360=AXIS2_PLACEMENT_3D('',#4612,#3756,#3757);
#3361=AXIS2_PLACEMENT_3D('',#4613,#3758,#3759);
#3362=AXIS2_PLACEMENT_3D('',#4615,#3761,#3762);
#3363=AXIS2_PLACEMENT_3D('',#4616,#3763,#3764);
#3364=AXIS2_PLACEMENT_3D('',#4619,#3767,#3768);
#3365=AXIS2_PLACEMENT_3D('',#4621,#3770,#3771);
#3366=AXIS2_PLACEMENT_3D('',#4623,#3773,#3774);
#3367=AXIS2_PLACEMENT_3D('',#4624,#3775,#3776);
#3368=AXIS2_PLACEMENT_3D('',#4633,#3781,#3782);
#3369=AXIS2_PLACEMENT_3D('',#4642,#3787,#3788);
#3370=AXIS2_PLACEMENT_3D('',#4651,#3793,#3794);
#3371=AXIS2_PLACEMENT_3D('',#4660,#3799,#3800);
#3372=AXIS2_PLACEMENT_3D('',#4669,#3805,#3806);
#3373=AXIS2_PLACEMENT_3D('',#4678,#3811,#3812);
#3374=AXIS2_PLACEMENT_3D('',#4687,#3817,#3818);
#3375=AXIS2_PLACEMENT_3D('',#4696,#3823,#3824);
#3376=AXIS2_PLACEMENT_3D('',#4705,#3829,#3830);
#3377=AXIS2_PLACEMENT_3D('',#4714,#3835,#3836);
#3378=AXIS2_PLACEMENT_3D('',#4723,#3841,#3842);
#3379=AXIS2_PLACEMENT_3D('',#4732,#3847,#3848);
#3380=AXIS2_PLACEMENT_3D('',#4741,#3853,#3854);
#3381=AXIS2_PLACEMENT_3D('',#4750,#3859,#3860);
#3382=AXIS2_PLACEMENT_3D('',#4759,#3865,#3866);
#3383=AXIS2_PLACEMENT_3D('',#4768,#3871,#3872);
#3384=AXIS2_PLACEMENT_3D('',#4777,#3877,#3878);
#3385=AXIS2_PLACEMENT_3D('',#4786,#3883,#3884);
#3386=AXIS2_PLACEMENT_3D('',#4795,#3889,#3890);
#3387=AXIS2_PLACEMENT_3D('',#4804,#3895,#3896);
#3388=AXIS2_PLACEMENT_3D('',#4813,#3901,#3902);
#3389=AXIS2_PLACEMENT_3D('',#4822,#3907,#3908);
#3390=AXIS2_PLACEMENT_3D('',#4831,#3913,#3914);
#3391=AXIS2_PLACEMENT_3D('',#4840,#3919,#3920);
#3392=AXIS2_PLACEMENT_3D('',#4849,#3925,#3926);
#3393=AXIS2_PLACEMENT_3D('',#4858,#3931,#3932);
#3394=AXIS2_PLACEMENT_3D('',#4867,#3937,#3938);
#3395=AXIS2_PLACEMENT_3D('',#4876,#3943,#3944);
#3396=AXIS2_PLACEMENT_3D('',#4885,#3949,#3950);
#3397=AXIS2_PLACEMENT_3D('',#4894,#3955,#3956);
#3398=AXIS2_PLACEMENT_3D('',#4903,#3961,#3962);
#3399=AXIS2_PLACEMENT_3D('',#4912,#3967,#3968);
#3400=AXIS2_PLACEMENT_3D('',#4925,#3975,#3976);
#3401=AXIS2_PLACEMENT_3D('',#4926,#3977,#3978);
#3402=AXIS2_PLACEMENT_3D('',#4927,#3979,#3980);
#3403=AXIS2_PLACEMENT_3D('',#4928,#3981,#3982);
#3404=AXIS2_PLACEMENT_3D('',#4929,#3983,#3984);
#3405=AXIS2_PLACEMENT_3D('',#4930,#3985,#3986);
#3406=AXIS2_PLACEMENT_3D('',#4931,#3987,#3988);
#3407=AXIS2_PLACEMENT_3D('',#4932,#3989,#3990);
#3408=AXIS2_PLACEMENT_3D('',#4933,#3991,#3992);
#3409=AXIS2_PLACEMENT_3D('',#4934,#3993,#3994);
#3410=AXIS2_PLACEMENT_3D('',#4935,#3995,#3996);
#3411=AXIS2_PLACEMENT_3D('',#4936,#3997,#3998);
#3412=AXIS2_PLACEMENT_3D('',#4937,#3999,#4000);
#3413=AXIS2_PLACEMENT_3D('',#4938,#4001,#4002);
#3414=AXIS2_PLACEMENT_3D('',#4939,#4003,#4004);
#3415=AXIS2_PLACEMENT_3D('',#4949,#4010,#4011);
#3416=AXIS2_PLACEMENT_3D('',#4957,#4016,#4017);
#3417=AXIS2_PLACEMENT_3D('',#4961,#4020,#4021);
#3418=AXIS2_PLACEMENT_3D('',#4968,#4025,#4026);
#3419=AXIS2_PLACEMENT_3D('',#4976,#4031,#4032);
#3420=AXIS2_PLACEMENT_3D('',#4993,#4041,#4042);
#3421=AXIS2_PLACEMENT_3D('',#4994,#4043,#4044);
#3422=AXIS2_PLACEMENT_3D('',#4995,#4045,#4046);
#3423=AXIS2_PLACEMENT_3D('',#4996,#4047,#4048);
#3424=AXIS2_PLACEMENT_3D('',#4997,#4049,#4050);
#3425=AXIS2_PLACEMENT_3D('',#4998,#4051,#4052);
#3426=AXIS2_PLACEMENT_3D('',#4999,#4053,#4054);
#3427=AXIS2_PLACEMENT_3D('',#5000,#4055,#4056);
#3428=AXIS2_PLACEMENT_3D('',#5001,#4057,#4058);
#3429=AXIS2_PLACEMENT_3D('',#5002,#4059,#4060);
#3430=AXIS2_PLACEMENT_3D('',#5003,#4061,#4062);
#3431=AXIS2_PLACEMENT_3D('',#5004,#4063,#4064);
#3432=AXIS2_PLACEMENT_3D('',#5005,#4065,#4066);
#3433=AXIS2_PLACEMENT_3D('',#5006,#4067,#4068);
#3434=AXIS2_PLACEMENT_3D('',#5007,#4069,#4070);
#3435=AXIS2_PLACEMENT_3D('',#5010,#4073,#4074);
#3436=AXIS2_PLACEMENT_3D('',#5016,#4078,#4079);
#3437=AXIS2_PLACEMENT_3D('',#5017,#4080,#4081);
#3438=AXIS2_PLACEMENT_3D('',#5018,#4082,#4083);
#3439=AXIS2_PLACEMENT_3D('',#5019,#4084,#4085);
#3440=AXIS2_PLACEMENT_3D('',#5020,#4086,#4087);
#3441=AXIS2_PLACEMENT_3D('',#5021,#4088,#4089);
#3442=AXIS2_PLACEMENT_3D('',#5022,#4090,#4091);
#3443=AXIS2_PLACEMENT_3D('',#5024,#4093,#4094);
#3444=AXIS2_PLACEMENT_3D('',#5025,#4095,#4096);
#3445=AXIS2_PLACEMENT_3D('',#5026,#4097,#4098);
#3446=AXIS2_PLACEMENT_3D('',#5027,#4099,#4100);
#3447=AXIS2_PLACEMENT_3D('',#5028,#4101,#4102);
#3448=AXIS2_PLACEMENT_3D('',#5029,#4103,#4104);
#3449=AXIS2_PLACEMENT_3D('',#5030,#4105,#4106);
#3450=AXIS2_PLACEMENT_3D('',#5031,#4107,#4108);
#3451=AXIS2_PLACEMENT_3D('',#5032,#4109,#4110);
#3452=AXIS2_PLACEMENT_3D('',#5033,#4111,#4112);
#3453=AXIS2_PLACEMENT_3D('',#5034,#4113,#4114);
#3454=AXIS2_PLACEMENT_3D('',#5035,#4115,#4116);
#3455=AXIS2_PLACEMENT_3D('',#5036,#4117,#4118);
#3456=AXIS2_PLACEMENT_3D('',#5037,#4119,#4120);
#3457=AXIS2_PLACEMENT_3D('',#5039,#4121,#4122);
#3458=AXIS2_PLACEMENT_3D('',#5043,#4125,#4126);
#3459=AXIS2_PLACEMENT_3D('',#5044,#4127,#4128);
#3460=AXIS2_PLACEMENT_3D('',#5045,#4129,#4130);
#3461=AXIS2_PLACEMENT_3D('',#5046,#4131,#4132);
#3462=AXIS2_PLACEMENT_3D('',#5047,#4133,#4134);
#3463=AXIS2_PLACEMENT_3D('',#5048,#4135,#4136);
#3464=AXIS2_PLACEMENT_3D('',#5049,#4137,#4138);
#3465=AXIS2_PLACEMENT_3D('',#5050,#4139,#4140);
#3466=AXIS2_PLACEMENT_3D('',#5051,#4141,#4142);
#3467=AXIS2_PLACEMENT_3D('',#5294,#4154,#4155);
#3468=AXIS2_PLACEMENT_3D('',#5297,#4158,#4159);
#3469=AXIS2_PLACEMENT_3D('',#5305,#4164,#4165);
#3470=AXIS2_PLACEMENT_3D('',#5309,#4168,#4169);
#3471=AXIS2_PLACEMENT_3D('',#5316,#4173,#4174);
#3472=AXIS2_PLACEMENT_3D('',#5321,#4178,#4179);
#3473=AXIS2_PLACEMENT_3D('',#5323,#4181,#4182);
#3474=AXIS2_PLACEMENT_3D('',#5325,#4184,#4185);
#3475=AXIS2_PLACEMENT_3D('',#5328,#4188,#4189);
#3476=AXIS2_PLACEMENT_3D('',#5335,#4194,#4195);
#3477=AXIS2_PLACEMENT_3D('',#5339,#4198,#4199);
#3478=AXIS2_PLACEMENT_3D('',#5352,#4207,#4208);
#3479=AXIS2_PLACEMENT_3D('',#5354,#4210,#4211);
#3480=AXIS2_PLACEMENT_3D('',#5355,#4212,#4213);
#3481=AXIS2_PLACEMENT_3D('',#5356,#4214,#4215);
#3482=AXIS2_PLACEMENT_3D('',#5357,#4216,#4217);
#3483=AXIS2_PLACEMENT_3D('',#5358,#4218,#4219);
#3484=AXIS2_PLACEMENT_3D('',#5359,#4220,#4221);
#3485=AXIS2_PLACEMENT_3D('',#5360,#4222,#4223);
#3486=AXIS2_PLACEMENT_3D('',#5361,#4224,#4225);
#3487=AXIS2_PLACEMENT_3D('',#5362,#4226,#4227);
#3488=AXIS2_PLACEMENT_3D('',#5363,#4228,#4229);
#3489=AXIS2_PLACEMENT_3D('',#5364,#4230,#4231);
#3490=AXIS2_PLACEMENT_3D('',#5365,#4232,#4233);
#3491=AXIS2_PLACEMENT_3D('',#5366,#4234,#4235);
#3492=AXIS2_PLACEMENT_3D('',#5367,#4236,#4237);
#3493=AXIS2_PLACEMENT_3D('',#5368,#4238,#4239);
#3494=AXIS2_PLACEMENT_3D('',#5369,#4240,#4241);
#3495=AXIS2_PLACEMENT_3D('',#5370,#4242,#4243);
#3496=AXIS2_PLACEMENT_3D('',#5371,#4244,#4245);
#3497=AXIS2_PLACEMENT_3D('',#5372,#4246,#4247);
#3498=AXIS2_PLACEMENT_3D('',#5373,#4248,#4249);
#3499=AXIS2_PLACEMENT_3D('',#5374,#4250,#4251);
#3500=AXIS2_PLACEMENT_3D('',#5375,#4252,#4253);
#3501=AXIS2_PLACEMENT_3D('',#5376,#4254,#4255);
#3502=AXIS2_PLACEMENT_3D('',#5377,#4256,#4257);
#3503=AXIS2_PLACEMENT_3D('',#5378,#4258,#4259);
#3504=AXIS2_PLACEMENT_3D('',#5379,#4260,#4261);
#3505=AXIS2_PLACEMENT_3D('',#5380,#4262,#4263);
#3506=AXIS2_PLACEMENT_3D('',#5381,#4264,#4265);
#3507=AXIS2_PLACEMENT_3D('',#5382,#4266,#4267);
#3508=AXIS2_PLACEMENT_3D('',#5383,#4268,#4269);
#3509=AXIS2_PLACEMENT_3D('',#5384,#4270,#4271);
#3510=AXIS2_PLACEMENT_3D('',#5386,#4273,#4274);
#3511=AXIS2_PLACEMENT_3D('',#5388,#4276,#4277);
#3512=AXIS2_PLACEMENT_3D('',#5389,#4278,#4279);
#3513=AXIS2_PLACEMENT_3D('',#5392,#4282,#4283);
#3514=AXIS2_PLACEMENT_3D('',#5393,#4284,#4285);
#3515=AXIS2_PLACEMENT_3D('',#5394,#4286,#4287);
#3516=AXIS2_PLACEMENT_3D('',#5400,#4291,#4292);
#3517=AXIS2_PLACEMENT_3D('',#5404,#4295,#4296);
#3518=AXIS2_PLACEMENT_3D('',#5408,#4299,#4300);
#3519=AXIS2_PLACEMENT_3D('',#5410,#4302,#4303);
#3520=AXIS2_PLACEMENT_3D('',#5411,#4304,#4305);
#3521=AXIS2_PLACEMENT_3D('',#5417,#4309,#4310);
#3522=AXIS2_PLACEMENT_3D('',#5421,#4313,#4314);
#3523=AXIS2_PLACEMENT_3D('',#5425,#4317,#4318);
#3524=AXIS2_PLACEMENT_3D('',#5427,#4320,#4321);
#3525=AXIS2_PLACEMENT_3D('',#5428,#4322,#4323);
#3526=AXIS2_PLACEMENT_3D('',#5429,#4324,#4325);
#3527=AXIS2_PLACEMENT_3D('',#5585,#4330,#4331);
#3528=AXIS2_PLACEMENT_3D('',#5777,#4338,#4339);
#3529=AXIS2_PLACEMENT_3D('',#6086,#4349,#4350);
#3530=AXIS2_PLACEMENT_3D('',#6088,#4352,#4353);
#3531=DIRECTION('axis',(0.,0.,1.));
#3532=DIRECTION('refdir',(1.,0.,0.));
#3533=DIRECTION('center_axis',(-1.,-1.85802633252678E-15,1.97087715292273E-16));
#3534=DIRECTION('ref_axis',(1.97087715292271E-16,1.00613961606656E-15,1.));
#3535=DIRECTION('',(2.63518244976434E-15,1.,6.31439345255545E-16));
#3536=DIRECTION('',(-1.97087715292271E-16,-1.00613961606656E-15,-1.));
#3537=DIRECTION('',(2.63518244976434E-15,1.,6.31439345255545E-16));
#3538=DIRECTION('',(1.97087715292271E-16,1.00613961606656E-15,1.));
#3539=DIRECTION('center_axis',(2.470014945578E-16,6.31439345255544E-16,
-1.));
#3540=DIRECTION('ref_axis',(-2.63518244976434E-15,-1.,-6.31439345255545E-16));
#3541=DIRECTION('',(1.,2.13558208868307E-15,4.191323202173E-16));
#3542=DIRECTION('',(-2.46864899607057E-15,-1.,-9.36750677027457E-16));
#3543=DIRECTION('',(-1.,-2.13558208868307E-15,-4.191323202173E-16));
#3544=DIRECTION('',(-2.63518244976434E-15,-1.,-6.31439345255545E-16));
#3545=DIRECTION('',(1.,2.13558208868307E-15,4.191323202173E-16));
#3546=DIRECTION('',(2.63518244976434E-15,1.,6.31439345255545E-16));
#3547=DIRECTION('',(0.707106781186541,-0.707106781186555,-3.71230823859033E-16));
#3548=DIRECTION('',(-1.,-2.13558208868307E-15,-4.191323202173E-16));
#3549=DIRECTION('',(0.707106781186539,0.707106781186556,7.42461647718064E-16));
#3550=DIRECTION('',(1.,2.13558208868307E-15,4.191323202173E-16));
#3551=DIRECTION('',(-2.63518244976434E-15,-1.,-6.31439345255545E-16));
#3552=DIRECTION('',(-1.,-1.85802633252678E-15,1.35979192095278E-16));
#3553=DIRECTION('',(2.63518244976434E-15,1.,6.31439345255545E-16));
#3554=DIRECTION('',(1.,1.85802633252678E-15,-1.35979192095278E-16));
#3555=DIRECTION('',(-2.63518244976434E-15,-1.,-6.31439345255545E-16));
#3556=DIRECTION('center_axis',(1.,-2.63518244976434E-15,-1.35979192095281E-16));
#3557=DIRECTION('ref_axis',(2.63518244976434E-15,1.,6.31439345255545E-16));
#3558=DIRECTION('',(2.63518244976434E-15,1.,6.31439345255545E-16));
#3559=DIRECTION('',(1.97087715292271E-16,1.00613961606656E-15,1.));
#3560=DIRECTION('',(-1.97087715292271E-16,-1.00613961606656E-15,-1.));
#3561=DIRECTION('center_axis',(3.02512645789049E-16,1.00613961606656E-15,
1.));
#3562=DIRECTION('ref_axis',(1.,2.13558208868307E-15,-3.02512645789051E-16));
#3563=DIRECTION('',(1.,2.13558208868307E-15,4.191323202173E-16));
#3564=DIRECTION('',(2.46864899607057E-15,1.,9.36750677027457E-16));
#3565=DIRECTION('',(-1.,-2.13558208868307E-15,-4.191323202173E-16));
#3566=DIRECTION('',(-2.63518244976434E-15,-1.,-6.31439345255545E-16));
#3567=DIRECTION('',(-1.,-2.13558208868307E-15,-4.191323202173E-16));
#3568=DIRECTION('',(-0.707106781186539,-0.707106781186556,-7.42461647718064E-16));
#3569=DIRECTION('',(1.,2.13558208868307E-15,4.191323202173E-16));
#3570=DIRECTION('',(-0.707106781186541,0.707106781186555,3.71230823859033E-16));
#3571=DIRECTION('',(-1.,-2.13558208868307E-15,-4.191323202173E-16));
#3572=DIRECTION('',(-2.63518244976434E-15,-1.,-6.31439345255545E-16));
#3573=DIRECTION('',(1.,2.13558208868307E-15,4.191323202173E-16));
#3574=DIRECTION('',(2.63518244976434E-15,1.,6.31439345255545E-16));
#3575=DIRECTION('',(-1.,-2.13558208868307E-15,-4.191323202173E-16));
#3576=DIRECTION('',(-2.63518244976434E-15,-1.,-6.31439345255545E-16));
#3577=DIRECTION('center_axis',(-2.63518244976434E-15,-1.,1.00613961606656E-15));
#3578=DIRECTION('ref_axis',(-1.97087715292271E-16,-1.00613961606656E-15,
-1.));
#3579=DIRECTION('',(1.97087715292271E-16,1.00613961606656E-15,1.));
#3580=DIRECTION('',(-1.97087715292271E-16,-1.00613961606656E-15,-1.));
#3581=DIRECTION('center_axis',(0.707106781186544,-0.707106781186551,5.72086085369367E-16));
#3582=DIRECTION('ref_axis',(-1.97087715292271E-16,-1.00613961606656E-15,
-1.));
#3583=DIRECTION('center_axis',(-0.707106781186555,-0.70710678118654,-5.62050406216463E-16));
#3584=DIRECTION('ref_axis',(-0.70710678118654,0.707106781186555,9.26342336171606E-16));
#3585=DIRECTION('center_axis',(-1.85802633252678E-15,1.,6.31439345255546E-16));
#3586=DIRECTION('ref_axis',(1.,1.85802633252678E-15,-1.35979192095278E-16));
#3587=DIRECTION('',(-1.97087715292271E-16,-1.00613961606656E-15,-1.));
#3588=DIRECTION('center_axis',(1.,-2.63518244976434E-15,-1.35979192095281E-16));
#3589=DIRECTION('ref_axis',(2.63518244976434E-15,1.,6.31439345255545E-16));
#3590=DIRECTION('',(1.97087715292271E-16,1.00613961606656E-15,1.));
#3591=DIRECTION('',(1.97087715292271E-16,1.00613961606656E-15,1.));
#3592=DIRECTION('',(-1.97087715292271E-16,-1.00613961606656E-15,-1.));
#3593=DIRECTION('',(-2.63518244976434E-15,-1.,-6.31439345255545E-16));
#3594=DIRECTION('',(-1.97087715292271E-16,-1.00613961606656E-15,-1.));
#3595=DIRECTION('',(-2.63518244976434E-15,-1.,-6.31439345255545E-16));
#3596=DIRECTION('center_axis',(-1.,-1.85802633252678E-15,1.97087715292273E-16));
#3597=DIRECTION('ref_axis',(1.97087715292271E-16,1.00613961606656E-15,1.));
#3598=DIRECTION('',(-1.97087715292271E-16,-1.00613961606656E-15,-1.));
#3599=DIRECTION('center_axis',(-1.85802633252678E-15,1.,6.31439345255546E-16));
#3600=DIRECTION('ref_axis',(1.,1.85802633252678E-15,-1.35979192095278E-16));
#3601=DIRECTION('',(-1.97087715292271E-16,-1.00613961606656E-15,-1.));
#3602=DIRECTION('center_axis',(-1.85802633252678E-15,1.,6.31439345255546E-16));
#3603=DIRECTION('ref_axis',(1.,1.85802633252678E-15,-1.35979192095278E-16));
#3604=DIRECTION('center_axis',(1.,-2.3021155423768E-15,-1.3597919209528E-16));
#3605=DIRECTION('ref_axis',(2.3021155423768E-15,1.,6.59194920871173E-16));
#3606=DIRECTION('',(-2.08007093745177E-15,-1.,-6.38378239159452E-16));
#3607=DIRECTION('',(-1.97087715292271E-16,-1.00613961606656E-15,-1.));
#3608=DIRECTION('',(-2.08007093745177E-15,-1.,-6.38378239159452E-16));
#3609=DIRECTION('',(-1.97087715292271E-16,-1.00613961606656E-15,-1.));
#3610=DIRECTION('center_axis',(-1.97087715292271E-16,-1.00613961606656E-15,
-1.));
#3611=DIRECTION('ref_axis',(-1.,-1.85928565927926E-15,1.97087715292273E-16));
#3612=DIRECTION('center_axis',(1.97087715292271E-16,1.00613961606656E-15,
1.));
#3613=DIRECTION('ref_axis',(1.,1.85928565927926E-15,-1.97087715292273E-16));
#3614=DIRECTION('',(-1.97087715292271E-16,-1.00613961606656E-15,-1.));
#3615=DIRECTION('center_axis',(1.97087715292271E-16,1.00613961606656E-15,
1.));
#3616=DIRECTION('ref_axis',(1.,1.85928565927926E-15,-1.97087715292273E-16));
#3617=DIRECTION('center_axis',(1.,-2.3021155423768E-15,-1.3597919209528E-16));
#3618=DIRECTION('ref_axis',(2.3021155423768E-15,1.,6.59194920871173E-16));
#3619=DIRECTION('',(-2.63518244976434E-15,-1.,-6.31439345255545E-16));
#3620=DIRECTION('',(-1.97087715292271E-16,-1.00613961606656E-15,-1.));
#3621=DIRECTION('',(-2.63518244976434E-15,-1.,-6.31439345255545E-16));
#3622=DIRECTION('center_axis',(-1.97087715292271E-16,-1.00613961606656E-15,
-1.));
#3623=DIRECTION('ref_axis',(-1.,-1.49059109275738E-15,1.97087715292272E-16));
#3624=DIRECTION('center_axis',(1.97087715292271E-16,1.00613961606656E-15,
1.));
#3625=DIRECTION('ref_axis',(1.,1.49059109275738E-15,-1.97087715292272E-16));
#3626=DIRECTION('',(-1.97087715292271E-16,-1.00613961606656E-15,-1.));
#3627=DIRECTION('center_axis',(1.97087715292271E-16,1.00613961606656E-15,
1.));
#3628=DIRECTION('ref_axis',(1.,1.49059109275738E-15,-1.97087715292272E-16));
#3629=DIRECTION('center_axis',(1.,-2.63518244976434E-15,-1.35979192095281E-16));
#3630=DIRECTION('ref_axis',(2.63518244976434E-15,1.,6.31439345255545E-16));
#3631=DIRECTION('',(-2.63518244976434E-15,-1.,-6.31439345255545E-16));
#3632=DIRECTION('',(-1.97087715292271E-16,-1.00613961606656E-15,-1.));
#3633=DIRECTION('',(-2.63518244976434E-15,-1.,-6.31439345255545E-16));
#3634=DIRECTION('center_axis',(-1.97087715292271E-16,-1.00613961606656E-15,
-1.));
#3635=DIRECTION('ref_axis',(-1.,-1.59164839991025E-15,1.97087715292272E-16));
#3636=DIRECTION('center_axis',(1.97087715292271E-16,1.00613961606656E-15,
1.));
#3637=DIRECTION('ref_axis',(1.,1.59164839991025E-15,-1.97087715292272E-16));
#3638=DIRECTION('',(-1.97087715292271E-16,-1.00613961606656E-15,-1.));
#3639=DIRECTION('center_axis',(1.97087715292271E-16,1.00613961606656E-15,
1.));
#3640=DIRECTION('ref_axis',(1.,1.59164839991025E-15,-1.97087715292272E-16));
#3641=DIRECTION('center_axis',(1.,-2.63518244976434E-15,-1.35979192095281E-16));
#3642=DIRECTION('ref_axis',(2.63518244976434E-15,1.,6.31439345255545E-16));
#3643=DIRECTION('',(-2.63518244976434E-15,-1.,-6.31439345255545E-16));
#3644=DIRECTION('',(-1.97087715292271E-16,-1.00613961606656E-15,-1.));
#3645=DIRECTION('',(-2.63518244976434E-15,-1.,-6.31439345255545E-16));
#3646=DIRECTION('center_axis',(-1.97087715292271E-16,-1.00613961606656E-15,
-1.));
#3647=DIRECTION('ref_axis',(-1.,-2.00173572861692E-15,1.97087715292273E-16));
#3648=DIRECTION('center_axis',(1.97087715292271E-16,1.00613961606656E-15,
1.));
#3649=DIRECTION('ref_axis',(1.,2.00173572861692E-15,-1.97087715292273E-16));
#3650=DIRECTION('',(-1.97087715292271E-16,-1.00613961606656E-15,-1.));
#3651=DIRECTION('center_axis',(1.97087715292271E-16,1.00613961606656E-15,
1.));
#3652=DIRECTION('ref_axis',(1.,2.00173572861692E-15,-1.97087715292273E-16));
#3653=DIRECTION('center_axis',(1.,-2.63518244976434E-15,-1.35979192095281E-16));
#3654=DIRECTION('ref_axis',(2.63518244976434E-15,1.,6.31439345255545E-16));
#3655=DIRECTION('',(-2.63518244976434E-15,-1.,-6.31439345255545E-16));
#3656=DIRECTION('',(-1.97087715292271E-16,-1.00613961606656E-15,-1.));
#3657=DIRECTION('',(-2.63518244976434E-15,-1.,-6.31439345255545E-16));
#3658=DIRECTION('center_axis',(-1.97087715292271E-16,-1.00613961606656E-15,
-1.));
#3659=DIRECTION('ref_axis',(-1.,-1.57463027493708E-15,1.97087715292272E-16));
#3660=DIRECTION('center_axis',(1.97087715292271E-16,1.00613961606656E-15,
1.));
#3661=DIRECTION('ref_axis',(1.,1.57463027493708E-15,-1.97087715292272E-16));
#3662=DIRECTION('center_axis',(1.97087715292271E-16,1.00613961606656E-15,
1.));
#3663=DIRECTION('ref_axis',(1.,1.57463027493708E-15,-1.97087715292272E-16));
#3664=DIRECTION('center_axis',(-1.97087715292271E-16,-1.00613961606656E-15,
-1.));
#3665=DIRECTION('ref_axis',(-1.,-1.46101577650113E-15,1.97087715292272E-16));
#3666=DIRECTION('center_axis',(1.97087715292271E-16,1.00613961606656E-15,
1.));
#3667=DIRECTION('ref_axis',(1.,1.46101577650113E-15,-1.97087715292272E-16));
#3668=DIRECTION('center_axis',(1.97087715292271E-16,1.00613961606656E-15,
1.));
#3669=DIRECTION('ref_axis',(1.,1.46101577650113E-15,-1.97087715292272E-16));
#3670=DIRECTION('center_axis',(1.35979192095276E-16,1.00613961606656E-15,
1.));
#3671=DIRECTION('ref_axis',(1.,1.85802633252678E-15,-1.35979192095278E-16));
#3672=DIRECTION('center_axis',(1.35979192095276E-16,1.00613961606656E-15,
1.));
#3673=DIRECTION('ref_axis',(1.,1.85802633252678E-15,-1.35979192095278E-16));
#3674=DIRECTION('center_axis',(-2.63518244976434E-15,-1.,1.00613961606656E-15));
#3675=DIRECTION('ref_axis',(-1.97087715292271E-16,-1.00613961606656E-15,
-1.));
#3676=DIRECTION('',(1.97087715292271E-16,1.00613961606656E-15,1.));
#3677=DIRECTION('center_axis',(1.,-2.13558208868303E-15,-1.35979192095279E-16));
#3678=DIRECTION('ref_axis',(2.13558208868303E-15,1.,4.09394740330519E-16));
#3679=DIRECTION('center_axis',(1.,-2.63518244976434E-15,-1.35979192095281E-16));
#3680=DIRECTION('ref_axis',(2.63518244976434E-15,1.,6.31439345255545E-16));
#3681=DIRECTION('',(1.97087715292271E-16,1.00613961606656E-15,1.));
#3682=DIRECTION('',(1.97087715292271E-16,1.00613961606656E-15,1.));
#3683=DIRECTION('center_axis',(-2.63518244976434E-15,-1.,1.00613961606656E-15));
#3684=DIRECTION('ref_axis',(-1.97087715292271E-16,-1.00613961606656E-15,
-1.));
#3685=DIRECTION('',(1.97087715292271E-16,1.00613961606656E-15,1.));
#3686=DIRECTION('center_axis',(-1.,-1.85802633252678E-15,1.97087715292273E-16));
#3687=DIRECTION('ref_axis',(1.97087715292271E-16,1.00613961606656E-15,1.));
#3688=DIRECTION('',(1.97087715292271E-16,1.00613961606656E-15,1.));
#3689=DIRECTION('center_axis',(-1.85802633252678E-15,1.,6.31439345255546E-16));
#3690=DIRECTION('ref_axis',(1.,1.85802633252678E-15,-1.35979192095278E-16));
#3691=DIRECTION('center_axis',(-1.,-1.85802633252678E-15,1.97087715292273E-16));
#3692=DIRECTION('ref_axis',(1.97087715292271E-16,1.00613961606656E-15,1.));
#3693=DIRECTION('',(2.63518244976434E-15,1.,6.31439345255545E-16));
#3694=DIRECTION('',(-1.97087715292271E-16,-1.00613961606656E-15,-1.));
#3695=DIRECTION('',(2.63518244976434E-15,1.,6.31439345255545E-16));
#3696=DIRECTION('',(1.97087715292271E-16,1.00613961606656E-15,1.));
#3697=DIRECTION('center_axis',(-3.05542615984919E-17,6.31439345255545E-16,
-1.));
#3698=DIRECTION('ref_axis',(-2.63518244976434E-15,-1.,-6.31439345255545E-16));
#3699=DIRECTION('',(-1.,-2.13558208868307E-15,-4.191323202173E-16));
#3700=DIRECTION('',(2.08007093745177E-15,1.,6.38378239159452E-16));
#3701=DIRECTION('',(1.,2.13558208868307E-15,4.191323202173E-16));
#3702=DIRECTION('',(-2.63518244976434E-15,-1.,-6.31439345255545E-16));
#3703=DIRECTION('',(1.,2.13558208868307E-15,4.191323202173E-16));
#3704=DIRECTION('',(2.63518244976434E-15,1.,6.31439345255545E-16));
#3705=DIRECTION('',(0.707106781186539,-0.707106781186556,7.63278329429788E-17));
#3706=DIRECTION('',(-1.,-2.13558208868307E-15,-4.191323202173E-16));
#3707=DIRECTION('',(0.707106781186539,0.707106781186556,7.771561172376E-16));
#3708=DIRECTION('',(1.,2.13558208868307E-15,4.191323202173E-16));
#3709=DIRECTION('',(-2.63518244976434E-15,-1.,-6.31439345255545E-16));
#3710=DIRECTION('',(-1.,-1.85802633252678E-15,1.35979192095278E-16));
#3711=DIRECTION('',(2.46864899607057E-15,1.,9.36750677027457E-16));
#3712=DIRECTION('',(1.,1.85802633252678E-15,-1.35979192095278E-16));
#3713=DIRECTION('',(-2.63518244976434E-15,-1.,-6.31439345255545E-16));
#3714=DIRECTION('center_axis',(1.,-2.63518244976434E-15,-1.35979192095281E-16));
#3715=DIRECTION('ref_axis',(2.63518244976434E-15,1.,6.31439345255545E-16));
#3716=DIRECTION('',(2.63518244976434E-15,1.,6.31439345255545E-16));
#3717=DIRECTION('',(1.97087715292271E-16,1.00613961606656E-15,1.));
#3718=DIRECTION('',(-1.97087715292271E-16,-1.00613961606656E-15,-1.));
#3719=DIRECTION('center_axis',(3.02512645789049E-16,1.00613961606656E-15,
1.));
#3720=DIRECTION('ref_axis',(1.,2.13558208868307E-15,-3.02512645789051E-16));
#3721=DIRECTION('',(-1.,-2.13558208868307E-15,-4.191323202173E-16));
#3722=DIRECTION('',(-2.08007093745177E-15,-1.,-6.38378239159452E-16));
#3723=DIRECTION('',(1.,2.13558208868307E-15,4.191323202173E-16));
#3724=DIRECTION('',(-2.63518244976434E-15,-1.,-6.31439345255545E-16));
#3725=DIRECTION('',(-1.,-2.13558208868307E-15,-4.191323202173E-16));
#3726=DIRECTION('',(-0.707106781186539,-0.707106781186556,-7.771561172376E-16));
#3727=DIRECTION('',(1.,2.13558208868307E-15,4.191323202173E-16));
#3728=DIRECTION('',(-0.707106781186539,0.707106781186556,-7.63278329429788E-17));
#3729=DIRECTION('',(-1.,-2.13558208868307E-15,-4.191323202173E-16));
#3730=DIRECTION('',(-2.63518244976434E-15,-1.,-6.31439345255545E-16));
#3731=DIRECTION('',(1.,2.13558208868307E-15,4.191323202173E-16));
#3732=DIRECTION('',(2.46864899607057E-15,1.,9.36750677027457E-16));
#3733=DIRECTION('',(-1.,-2.13558208868307E-15,-4.191323202173E-16));
#3734=DIRECTION('',(-2.63518244976434E-15,-1.,-6.31439345255545E-16));
#3735=DIRECTION('center_axis',(-2.63518244976434E-15,-1.,1.00613961606656E-15));
#3736=DIRECTION('ref_axis',(-1.97087715292271E-16,-1.00613961606656E-15,
-1.));
#3737=DIRECTION('',(1.97087715292271E-16,1.00613961606656E-15,1.));
#3738=DIRECTION('',(-1.97087715292271E-16,-1.00613961606656E-15,-1.));
#3739=DIRECTION('center_axis',(0.707106781186544,-0.707106781186551,5.72086085369367E-16));
#3740=DIRECTION('ref_axis',(-1.97087715292271E-16,-1.00613961606656E-15,
-1.));
#3741=DIRECTION('center_axis',(-0.707106781186556,-0.707106781186539,-6.31439345255532E-16));
#3742=DIRECTION('ref_axis',(-0.707106781186539,0.707106781186556,1.14491749414468E-15));
#3743=DIRECTION('center_axis',(-1.85802633252678E-15,1.,6.31439345255546E-16));
#3744=DIRECTION('ref_axis',(1.,1.85802633252678E-15,-1.35979192095278E-16));
#3745=DIRECTION('',(-1.97087715292271E-16,-1.00613961606656E-15,-1.));
#3746=DIRECTION('center_axis',(1.,-2.63518244976434E-15,-1.35979192095281E-16));
#3747=DIRECTION('ref_axis',(2.63518244976434E-15,1.,6.31439345255545E-16));
#3748=DIRECTION('',(1.97087715292271E-16,1.00613961606656E-15,1.));
#3749=DIRECTION('',(1.97087715292271E-16,1.00613961606656E-15,1.));
#3750=DIRECTION('center_axis',(-1.,-1.85802633252678E-15,1.97087715292273E-16));
#3751=DIRECTION('ref_axis',(1.97087715292271E-16,1.00613961606656E-15,1.));
#3752=DIRECTION('',(1.97087715292271E-16,1.00613961606656E-15,1.));
#3753=DIRECTION('center_axis',(-1.85802633252678E-15,1.,6.31439345255546E-16));
#3754=DIRECTION('ref_axis',(1.,1.85802633252678E-15,-1.35979192095278E-16));
#3755=DIRECTION('',(1.97087715292271E-16,1.00613961606656E-15,1.));
#3756=DIRECTION('center_axis',(-1.85802633252678E-15,1.,6.31439345255546E-16));
#3757=DIRECTION('ref_axis',(1.,1.85802633252678E-15,-1.35979192095278E-16));
#3758=DIRECTION('center_axis',(-2.63518244976434E-15,-1.,1.00613961606656E-15));
#3759=DIRECTION('ref_axis',(-1.97087715292271E-16,-1.00613961606656E-15,
-1.));
#3760=DIRECTION('',(1.97087715292271E-16,1.00613961606656E-15,1.));
#3761=DIRECTION('center_axis',(-1.,-1.96904863498929E-15,1.97087715292273E-16));
#3762=DIRECTION('ref_axis',(1.97087715292271E-16,1.00613961606656E-15,1.));
#3763=DIRECTION('center_axis',(1.,-2.3021155423768E-15,-1.3597919209528E-16));
#3764=DIRECTION('ref_axis',(2.3021155423768E-15,1.,6.03683769639918E-16));
#3765=DIRECTION('',(1.97087715292271E-16,1.00613961606656E-15,1.));
#3766=DIRECTION('',(1.97087715292271E-16,1.00613961606656E-15,1.));
#3767=DIRECTION('center_axis',(-2.63518244976434E-15,-1.,1.00613961606656E-15));
#3768=DIRECTION('ref_axis',(-1.97087715292271E-16,-1.00613961606656E-15,
-1.));
#3769=DIRECTION('',(1.97087715292271E-16,1.00613961606656E-15,1.));
#3770=DIRECTION('center_axis',(-1.,-1.85802633252678E-15,1.97087715292273E-16));
#3771=DIRECTION('ref_axis',(1.97087715292271E-16,1.00613961606656E-15,1.));
#3772=DIRECTION('',(1.97087715292271E-16,1.00613961606656E-15,1.));
#3773=DIRECTION('center_axis',(-1.85802633252678E-15,1.,6.31439345255546E-16));
#3774=DIRECTION('ref_axis',(1.,1.85802633252678E-15,-1.35979192095278E-16));
#3775=DIRECTION('center_axis',(-5.55111512312563E-17,4.16333634234434E-16,
-1.));
#3776=DIRECTION('ref_axis',(-1.33226762955019E-15,-1.,-4.16333634234434E-16));
#3777=DIRECTION('',(-1.,-1.27675647831893E-15,-1.11022302462516E-16));
#3778=DIRECTION('',(-1.33226762955019E-15,-1.,-4.16333634234434E-16));
#3779=DIRECTION('',(-1.,-1.27675647831893E-15,-1.11022302462516E-16));
#3780=DIRECTION('',(-1.33226762955019E-15,-1.,-4.16333634234434E-16));
#3781=DIRECTION('center_axis',(-1.11022302462516E-16,4.44089209850062E-16,
1.));
#3782=DIRECTION('ref_axis',(1.,1.27675647831893E-15,1.11022302462516E-16));
#3783=DIRECTION('',(-1.,-1.27675647831893E-15,-1.11022302462516E-16));
#3784=DIRECTION('',(1.38777878078145E-15,1.,5.55111512312579E-16));
#3785=DIRECTION('',(-1.,-1.27675647831893E-15,-1.11022302462516E-16));
#3786=DIRECTION('',(1.38777878078145E-15,1.,5.55111512312579E-16));
#3787=DIRECTION('center_axis',(-1.11022302462517E-16,5.9674487573602E-16,
1.));
#3788=DIRECTION('ref_axis',(1.,1.27675647831893E-15,1.11022302462516E-16));
#3789=DIRECTION('',(-1.,-1.27675647831893E-15,-1.11022302462516E-16));
#3790=DIRECTION('',(1.33226762955019E-15,1.,4.16333634234434E-16));
#3791=DIRECTION('',(-1.,-1.27675647831893E-15,-1.11022302462516E-16));
#3792=DIRECTION('',(-1.33226762955019E-15,-1.,-4.16333634234434E-16));
#3793=DIRECTION('center_axis',(-1.11022302462517E-16,5.9674487573602E-16,
1.));
#3794=DIRECTION('ref_axis',(1.,1.27675647831893E-15,1.11022302462516E-16));
#3795=DIRECTION('',(-1.,-1.27675647831893E-15,-1.11022302462516E-16));
#3796=DIRECTION('',(-1.33226762955019E-15,-1.,-4.16333634234434E-16));
#3797=DIRECTION('',(-1.,-1.27675647831893E-15,-1.11022302462516E-16));
#3798=DIRECTION('',(1.33226762955019E-15,1.,4.16333634234434E-16));
#3799=DIRECTION('center_axis',(-1.11022302462517E-16,5.9674487573602E-16,
1.));
#3800=DIRECTION('ref_axis',(1.,1.27675647831893E-15,1.11022302462516E-16));
#3801=DIRECTION('',(-1.,-1.27675647831893E-15,-1.11022302462516E-16));
#3802=DIRECTION('',(1.33226762955019E-15,1.,4.16333634234434E-16));
#3803=DIRECTION('',(-1.,-1.27675647831893E-15,-1.11022302462516E-16));
#3804=DIRECTION('',(-1.33226762955019E-15,-1.,-4.16333634234434E-16));
#3805=DIRECTION('center_axis',(-1.11022302462517E-16,5.9674487573602E-16,
1.));
#3806=DIRECTION('ref_axis',(1.,1.27675647831893E-15,1.11022302462516E-16));
#3807=DIRECTION('',(-1.,-1.27675647831893E-15,-1.11022302462516E-16));
#3808=DIRECTION('',(-1.33226762955019E-15,-1.,-4.16333634234434E-16));
#3809=DIRECTION('',(-1.,-1.27675647831893E-15,-1.11022302462516E-16));
#3810=DIRECTION('',(1.33226762955019E-15,1.,4.16333634234434E-16));
#3811=DIRECTION('center_axis',(-1.11022302462517E-16,5.9674487573602E-16,
1.));
#3812=DIRECTION('ref_axis',(1.,1.27675647831893E-15,1.11022302462516E-16));
#3813=DIRECTION('',(-1.,-1.27675647831893E-15,-1.11022302462516E-16));
#3814=DIRECTION('',(1.33226762955019E-15,1.,4.16333634234434E-16));
#3815=DIRECTION('',(-1.,-1.27675647831893E-15,-1.11022302462516E-16));
#3816=DIRECTION('',(1.33226762955019E-15,1.,4.16333634234434E-16));
#3817=DIRECTION('center_axis',(-1.11022302462517E-16,5.9674487573602E-16,
1.));
#3818=DIRECTION('ref_axis',(1.,1.27675647831893E-15,1.11022302462516E-16));
#3819=DIRECTION('',(-1.,-1.27675647831893E-15,-1.11022302462516E-16));
#3820=DIRECTION('',(1.33226762955019E-15,1.,4.16333634234434E-16));
#3821=DIRECTION('',(-1.,-1.27675647831893E-15,-1.11022302462516E-16));
#3822=DIRECTION('',(-1.33226762955019E-15,-1.,-4.16333634234434E-16));
#3823=DIRECTION('center_axis',(-1.11022302462517E-16,5.9674487573602E-16,
1.));
#3824=DIRECTION('ref_axis',(1.,1.27675647831893E-15,1.11022302462516E-16));
#3825=DIRECTION('',(-1.,-1.27675647831893E-15,-1.11022302462516E-16));
#3826=DIRECTION('',(-1.33226762955019E-15,-1.,-4.16333634234434E-16));
#3827=DIRECTION('',(-1.,-1.27675647831893E-15,-1.11022302462516E-16));
#3828=DIRECTION('',(1.33226762955019E-15,1.,4.16333634234434E-16));
#3829=DIRECTION('center_axis',(-1.11022302462517E-16,5.9674487573602E-16,
1.));
#3830=DIRECTION('ref_axis',(1.,1.27675647831893E-15,1.11022302462516E-16));
#3831=DIRECTION('',(-1.,-1.27675647831893E-15,-1.11022302462516E-16));
#3832=DIRECTION('',(-1.33226762955019E-15,-1.,-4.16333634234434E-16));
#3833=DIRECTION('',(-1.,-1.27675647831893E-15,-1.11022302462516E-16));
#3834=DIRECTION('',(1.33226762955019E-15,1.,4.16333634234434E-16));
#3835=DIRECTION('center_axis',(-1.11022302462517E-16,5.9674487573602E-16,
1.));
#3836=DIRECTION('ref_axis',(1.,1.27675647831893E-15,1.11022302462516E-16));
#3837=DIRECTION('',(-1.,-1.27675647831893E-15,-1.11022302462516E-16));
#3838=DIRECTION('',(-1.33226762955019E-15,-1.,-4.16333634234434E-16));
#3839=DIRECTION('',(-1.,-1.27675647831893E-15,-1.11022302462516E-16));
#3840=DIRECTION('',(1.33226762955019E-15,1.,4.16333634234434E-16));
#3841=DIRECTION('center_axis',(-1.11022302462517E-16,5.9674487573602E-16,
1.));
#3842=DIRECTION('ref_axis',(1.,1.27675647831893E-15,1.11022302462516E-16));
#3843=DIRECTION('',(-1.,-1.27675647831893E-15,-1.11022302462516E-16));
#3844=DIRECTION('',(1.33226762955019E-15,1.,4.16333634234434E-16));
#3845=DIRECTION('',(-1.,-1.27675647831893E-15,-1.11022302462516E-16));
#3846=DIRECTION('',(-1.33226762955019E-15,-1.,-4.16333634234434E-16));
#3847=DIRECTION('center_axis',(-1.11022302462517E-16,5.9674487573602E-16,
1.));
#3848=DIRECTION('ref_axis',(1.,1.27675647831893E-15,1.11022302462516E-16));
#3849=DIRECTION('',(-1.,-1.27675647831893E-15,-1.11022302462516E-16));
#3850=DIRECTION('',(1.33226762955019E-15,1.,4.16333634234434E-16));
#3851=DIRECTION('',(-1.,-1.27675647831893E-15,-1.11022302462516E-16));
#3852=DIRECTION('',(-1.33226762955019E-15,-1.,-4.16333634234434E-16));
#3853=DIRECTION('center_axis',(-1.11022302462517E-16,5.9674487573602E-16,
1.));
#3854=DIRECTION('ref_axis',(1.,1.27675647831893E-15,1.11022302462516E-16));
#3855=DIRECTION('',(-1.,-1.27675647831893E-15,-1.11022302462516E-16));
#3856=DIRECTION('',(-1.33226762955019E-15,-1.,-4.16333634234434E-16));
#3857=DIRECTION('',(-1.,-1.27675647831893E-15,-1.11022302462516E-16));
#3858=DIRECTION('',(1.33226762955019E-15,1.,4.16333634234434E-16));
#3859=DIRECTION('center_axis',(-1.11022302462517E-16,5.9674487573602E-16,
1.));
#3860=DIRECTION('ref_axis',(1.,1.27675647831893E-15,1.11022302462516E-16));
#3861=DIRECTION('',(-1.,-1.27675647831893E-15,-1.11022302462516E-16));
#3862=DIRECTION('',(-1.33226762955019E-15,-1.,-4.16333634234434E-16));
#3863=DIRECTION('',(-1.,-1.27675647831893E-15,-1.11022302462516E-16));
#3864=DIRECTION('',(1.33226762955019E-15,1.,4.16333634234434E-16));
#3865=DIRECTION('center_axis',(-1.11022302462517E-16,5.9674487573602E-16,
1.));
#3866=DIRECTION('ref_axis',(1.,1.27675647831893E-15,1.11022302462516E-16));
#3867=DIRECTION('',(-1.,-1.27675647831893E-15,-1.11022302462516E-16));
#3868=DIRECTION('',(-1.33226762955019E-15,-1.,-4.16333634234434E-16));
#3869=DIRECTION('',(-1.,-1.27675647831893E-15,-1.11022302462516E-16));
#3870=DIRECTION('',(1.33226762955019E-15,1.,4.16333634234434E-16));
#3871=DIRECTION('center_axis',(-1.11022302462517E-16,5.9674487573602E-16,
1.));
#3872=DIRECTION('ref_axis',(1.,1.27675647831893E-15,1.11022302462516E-16));
#3873=DIRECTION('',(-1.,-1.27675647831893E-15,-1.11022302462516E-16));
#3874=DIRECTION('',(-1.33226762955019E-15,-1.,-4.16333634234434E-16));
#3875=DIRECTION('',(-1.,-1.27675647831893E-15,-1.11022302462516E-16));
#3876=DIRECTION('',(1.33226762955019E-15,1.,4.16333634234434E-16));
#3877=DIRECTION('center_axis',(-5.55111512312563E-17,4.16333634234434E-16,
-1.));
#3878=DIRECTION('ref_axis',(-1.33226762955019E-15,-1.,-4.16333634234434E-16));
#3879=DIRECTION('',(-1.,-1.27675647831893E-15,-1.11022302462516E-16));
#3880=DIRECTION('',(1.33226762955019E-15,1.,4.16333634234434E-16));
#3881=DIRECTION('',(-1.,-1.27675647831893E-15,-1.11022302462516E-16));
#3882=DIRECTION('',(-1.33226762955019E-15,-1.,-4.16333634234434E-16));
#3883=DIRECTION('center_axis',(-5.55111512312563E-17,4.16333634234434E-16,
-1.));
#3884=DIRECTION('ref_axis',(-1.33226762955019E-15,-1.,-4.16333634234434E-16));
#3885=DIRECTION('',(-1.,-1.27675647831893E-15,-1.11022302462516E-16));
#3886=DIRECTION('',(1.33226762955019E-15,1.,4.16333634234434E-16));
#3887=DIRECTION('',(-1.,-1.27675647831893E-15,-1.11022302462516E-16));
#3888=DIRECTION('',(-1.33226762955019E-15,-1.,-4.16333634234434E-16));
#3889=DIRECTION('center_axis',(-5.55111512312563E-17,4.16333634234434E-16,
-1.));
#3890=DIRECTION('ref_axis',(-1.33226762955019E-15,-1.,-4.16333634234434E-16));
#3891=DIRECTION('',(-1.,-1.27675647831893E-15,-1.11022302462516E-16));
#3892=DIRECTION('',(1.33226762955019E-15,1.,4.16333634234434E-16));
#3893=DIRECTION('',(-1.,-1.27675647831893E-15,-1.11022302462516E-16));
#3894=DIRECTION('',(-1.33226762955019E-15,-1.,-4.16333634234434E-16));
#3895=DIRECTION('center_axis',(-5.55111512312563E-17,4.16333634234434E-16,
-1.));
#3896=DIRECTION('ref_axis',(-1.33226762955019E-15,-1.,-4.16333634234434E-16));
#3897=DIRECTION('',(-1.,-1.27675647831893E-15,-1.11022302462516E-16));
#3898=DIRECTION('',(1.33226762955019E-15,1.,4.16333634234434E-16));
#3899=DIRECTION('',(-1.,-1.27675647831893E-15,-1.11022302462516E-16));
#3900=DIRECTION('',(-1.33226762955019E-15,-1.,-4.16333634234434E-16));
#3901=DIRECTION('center_axis',(-5.55111512312563E-17,4.16333634234434E-16,
-1.));
#3902=DIRECTION('ref_axis',(-1.33226762955019E-15,-1.,-4.16333634234434E-16));
#3903=DIRECTION('',(-1.,-1.27675647831893E-15,-1.11022302462516E-16));
#3904=DIRECTION('',(1.33226762955019E-15,1.,4.16333634234434E-16));
#3905=DIRECTION('',(-1.,-1.27675647831893E-15,-1.11022302462516E-16));
#3906=DIRECTION('',(-1.33226762955019E-15,-1.,-4.16333634234434E-16));
#3907=DIRECTION('center_axis',(-5.55111512312563E-17,4.16333634234434E-16,
-1.));
#3908=DIRECTION('ref_axis',(-1.33226762955019E-15,-1.,-4.16333634234434E-16));
#3909=DIRECTION('',(-1.,-1.27675647831893E-15,-1.11022302462516E-16));
#3910=DIRECTION('',(-1.33226762955019E-15,-1.,-4.16333634234434E-16));
#3911=DIRECTION('',(-1.,-1.27675647831893E-15,-1.11022302462516E-16));
#3912=DIRECTION('',(1.33226762955019E-15,1.,4.16333634234434E-16));
#3913=DIRECTION('center_axis',(-5.55111512312563E-17,4.16333634234434E-16,
-1.));
#3914=DIRECTION('ref_axis',(-1.33226762955019E-15,-1.,-4.16333634234434E-16));
#3915=DIRECTION('',(-1.,-1.27675647831893E-15,-1.11022302462516E-16));
#3916=DIRECTION('',(1.33226762955019E-15,1.,4.16333634234434E-16));
#3917=DIRECTION('',(-1.,-1.27675647831893E-15,-1.11022302462516E-16));
#3918=DIRECTION('',(-1.33226762955019E-15,-1.,-4.16333634234434E-16));
#3919=DIRECTION('center_axis',(-5.55111512312563E-17,4.16333634234434E-16,
-1.));
#3920=DIRECTION('ref_axis',(-1.33226762955019E-15,-1.,-4.16333634234434E-16));
#3921=DIRECTION('',(-1.,-1.27675647831893E-15,-1.11022302462516E-16));
#3922=DIRECTION('',(1.33226762955019E-15,1.,4.16333634234434E-16));
#3923=DIRECTION('',(-1.,-1.27675647831893E-15,-1.11022302462516E-16));
#3924=DIRECTION('',(-1.33226762955019E-15,-1.,-4.16333634234434E-16));
#3925=DIRECTION('center_axis',(-5.55111512312563E-17,4.16333634234434E-16,
-1.));
#3926=DIRECTION('ref_axis',(-1.33226762955019E-15,-1.,-4.16333634234434E-16));
#3927=DIRECTION('',(-1.,-1.27675647831893E-15,-1.11022302462516E-16));
#3928=DIRECTION('',(1.33226762955019E-15,1.,4.16333634234434E-16));
#3929=DIRECTION('',(-1.,-1.27675647831893E-15,-1.11022302462516E-16));
#3930=DIRECTION('',(-1.33226762955019E-15,-1.,-4.16333634234434E-16));
#3931=DIRECTION('center_axis',(-5.55111512312563E-17,4.16333634234434E-16,
-1.));
#3932=DIRECTION('ref_axis',(-1.33226762955019E-15,-1.,-4.16333634234434E-16));
#3933=DIRECTION('',(-1.,-1.27675647831893E-15,-1.11022302462516E-16));
#3934=DIRECTION('',(-1.33226762955019E-15,-1.,-4.16333634234434E-16));
#3935=DIRECTION('',(-1.,-1.27675647831893E-15,-1.11022302462516E-16));
#3936=DIRECTION('',(1.33226762955019E-15,1.,4.16333634234434E-16));
#3937=DIRECTION('center_axis',(-5.55111512312563E-17,4.16333634234434E-16,
-1.));
#3938=DIRECTION('ref_axis',(-1.33226762955019E-15,-1.,-4.16333634234434E-16));
#3939=DIRECTION('',(-1.,-1.27675647831893E-15,-1.11022302462516E-16));
#3940=DIRECTION('',(-1.33226762955019E-15,-1.,-4.16333634234434E-16));
#3941=DIRECTION('',(-1.,-1.27675647831893E-15,-1.11022302462516E-16));
#3942=DIRECTION('',(1.33226762955019E-15,1.,4.16333634234434E-16));
#3943=DIRECTION('center_axis',(-5.55111512312563E-17,4.16333634234434E-16,
-1.));
#3944=DIRECTION('ref_axis',(-1.33226762955019E-15,-1.,-4.16333634234434E-16));
#3945=DIRECTION('',(-1.,-1.27675647831893E-15,-1.11022302462516E-16));
#3946=DIRECTION('',(1.33226762955019E-15,1.,4.16333634234434E-16));
#3947=DIRECTION('',(-1.,-1.27675647831893E-15,-1.11022302462516E-16));
#3948=DIRECTION('',(-1.33226762955019E-15,-1.,-4.16333634234434E-16));
#3949=DIRECTION('center_axis',(-5.55111512312563E-17,4.16333634234434E-16,
-1.));
#3950=DIRECTION('ref_axis',(-1.33226762955019E-15,-1.,-4.16333634234434E-16));
#3951=DIRECTION('',(-1.,-1.27675647831893E-15,-1.11022302462516E-16));
#3952=DIRECTION('',(1.33226762955019E-15,1.,4.16333634234434E-16));
#3953=DIRECTION('',(-1.,-1.27675647831893E-15,-1.11022302462516E-16));
#3954=DIRECTION('',(-1.33226762955019E-15,-1.,-4.16333634234434E-16));
#3955=DIRECTION('center_axis',(-5.55111512312563E-17,4.16333634234434E-16,
-1.));
#3956=DIRECTION('ref_axis',(-1.33226762955019E-15,-1.,-4.16333634234434E-16));
#3957=DIRECTION('',(-1.,-1.27675647831893E-15,-1.11022302462516E-16));
#3958=DIRECTION('',(1.33226762955019E-15,1.,4.16333634234434E-16));
#3959=DIRECTION('',(-1.,-1.27675647831893E-15,-1.11022302462516E-16));
#3960=DIRECTION('',(-1.33226762955019E-15,-1.,-4.16333634234434E-16));
#3961=DIRECTION('center_axis',(-5.55111512312563E-17,4.16333634234434E-16,
-1.));
#3962=DIRECTION('ref_axis',(-1.33226762955019E-15,-1.,-4.16333634234434E-16));
#3963=DIRECTION('',(-1.,-1.27675647831893E-15,-1.11022302462516E-16));
#3964=DIRECTION('',(-1.33226762955019E-15,-1.,-4.16333634234434E-16));
#3965=DIRECTION('',(-1.,-1.27675647831893E-15,-1.11022302462516E-16));
#3966=DIRECTION('',(1.33226762955019E-15,1.,4.16333634234434E-16));
#3967=DIRECTION('center_axis',(-5.82532855956272E-16,0.529998940003179,
-0.847998304005089));
#3968=DIRECTION('ref_axis',(-1.,-1.27675647831893E-15,-1.11022302462516E-16));
#3969=DIRECTION('',(1.,1.27675647831893E-15,1.11022302462516E-16));
#3970=DIRECTION('',(-8.32667268468867E-16,-0.847998304005087,-0.529998940003181));
#3971=DIRECTION('',(1.02695629777827E-15,0.847998304005087,0.529998940003181));
#3972=DIRECTION('',(-1.,-1.27675647831893E-15,-1.11022302462516E-16));
#3973=DIRECTION('',(-1.02695629777827E-15,-0.847998304005087,-0.529998940003181));
#3974=DIRECTION('',(-1.,-1.27675647831893E-15,-1.11022302462516E-16));
#3975=DIRECTION('center_axis',(2.40926656404397E-13,0.529998940003128,-0.847998304005121));
#3976=DIRECTION('ref_axis',(-1.27616145744515E-13,-0.847998304005121,-0.529998940003128));
#3977=DIRECTION('center_axis',(2.54826271196969E-14,0.529998940003134,-0.847998304005117));
#3978=DIRECTION('ref_axis',(-1.76292766848621E-14,-0.847998304005117,-0.529998940003134));
#3979=DIRECTION('center_axis',(-1.46084951469833E-13,0.529998940003139,
-0.847998304005114));
#3980=DIRECTION('ref_axis',(-6.84940749887429E-14,-0.847998304005114,-0.529998940003139));
#3981=DIRECTION('center_axis',(-1.01698848232246E-13,0.529998940003186,
-0.847998304005084));
#3982=DIRECTION('ref_axis',(-5.6541673114569E-14,-0.847998304005084,-0.529998940003186));
#3983=DIRECTION('center_axis',(-7.20463366747792E-14,0.529998940003201,
-0.847998304005075));
#3984=DIRECTION('ref_axis',(-1.55649585718807E-13,-0.847998304005075,-0.529998940003201));
#3985=DIRECTION('center_axis',(5.32818567048194E-14,0.529998940003123,-0.847998304005124));
#3986=DIRECTION('ref_axis',(-7.22511339543522E-14,-0.847998304005124,-0.529998940003123));
#3987=DIRECTION('center_axis',(5.5737455318165E-14,0.529998940003053,-0.847998304005167));
#3988=DIRECTION('ref_axis',(-6.93404454150452E-14,-0.847998304005167,-0.529998940003053));
#3989=DIRECTION('center_axis',(-1.59474913719993E-13,0.529998940003098,
-0.847998304005139));
#3990=DIRECTION('ref_axis',(-1.2546925490701E-13,-0.847998304005139,-0.529998940003098));
#3991=DIRECTION('center_axis',(2.54594610950412E-13,0.529998940003136,-0.847998304005116));
#3992=DIRECTION('ref_axis',(3.57127033545784E-15,-0.847998304005116,-0.529998940003136));
#3993=DIRECTION('center_axis',(-1.24864872886516E-13,0.529998940003153,
-0.847998304005105));
#3994=DIRECTION('ref_axis',(-1.73856871475308E-13,-0.847998304005105,-0.529998940003153));
#3995=DIRECTION('center_axis',(-4.37837865965744E-14,0.529998940003117,
-0.847998304005128));
#3996=DIRECTION('ref_axis',(-4.48369894139613E-14,-0.847998304005128,-0.529998940003117));
#3997=DIRECTION('center_axis',(-3.70656394468344E-14,0.529998940003186,
-0.847998304005084));
#3998=DIRECTION('ref_axis',(-7.95381768931897E-14,-0.847998304005084,-0.529998940003186));
#3999=DIRECTION('center_axis',(-6.46332087854309E-14,0.529998940003069,
-0.847998304005157));
#4000=DIRECTION('ref_axis',(-3.55269147244068E-14,-0.847998304005157,-0.529998940003069));
#4001=DIRECTION('center_axis',(-1.06193057015176E-13,0.529998940003047,
-0.847998304005171));
#4002=DIRECTION('ref_axis',(-8.7774806163961E-14,-0.847998304005171,-0.529998940003047));
#4003=DIRECTION('center_axis',(-4.61003890620114E-14,0.52999894000309,-0.847998304005144));
#4004=DIRECTION('ref_axis',(-8.31713767720139E-14,-0.847998304005144,-0.52999894000309));
#4005=DIRECTION('',(-1.02695629777827E-15,-0.847998304005087,-0.529998940003181));
#4006=DIRECTION('',(-1.,-1.27675647831893E-15,-1.11022302462516E-16));
#4007=DIRECTION('',(1.02695629777827E-15,0.847998304005087,0.529998940003181));
#4008=DIRECTION('',(-1.,-1.27675647831893E-15,-1.11022302462516E-16));
#4009=DIRECTION('',(9.43689570931382E-16,0.847998304005088,0.529998940003181));
#4010=DIRECTION('center_axis',(-5.55111512312563E-17,4.16333634234434E-16,
-1.));
#4011=DIRECTION('ref_axis',(-1.33226762955019E-15,-1.,-4.16333634234434E-16));
#4012=DIRECTION('',(-1.,-1.27675647831893E-15,-1.11022302462516E-16));
#4013=DIRECTION('',(0.447213595499959,0.894427190999916,4.67074295906755E-16));
#4014=DIRECTION('',(-1.33226762955019E-15,-1.,-4.16333634234434E-16));
#4015=DIRECTION('',(1.33226762955019E-15,1.,4.16333634234434E-16));
#4016=DIRECTION('center_axis',(-2.70993418706535E-16,0.295329324692016,
-0.955395514944967));
#4017=DIRECTION('ref_axis',(-1.,-1.27675647831893E-15,-1.11022302462516E-16));
#4018=DIRECTION('',(1.16573417585641E-15,0.955395514944966,0.295329324692017));
#4019=DIRECTION('',(0.431041925347044,0.862083850694088,0.266485070811793));
#4020=DIRECTION('center_axis',(-4.83133838369639E-16,0.295329324692017,
0.955395514944966));
#4021=DIRECTION('ref_axis',(1.,1.27675647831893E-15,1.11022302462516E-16));
#4022=DIRECTION('',(-1.,-1.27675647831893E-15,-1.11022302462516E-16));
#4023=DIRECTION('',(-0.431041925347045,-0.862083850694088,0.266485070811793));
#4024=DIRECTION('',(-1.4432899320127E-15,-0.955395514944966,0.295329324692017));
#4025=DIRECTION('center_axis',(-1.11022302462517E-16,5.9674487573602E-16,
1.));
#4026=DIRECTION('ref_axis',(1.,1.27675647831893E-15,1.11022302462516E-16));
#4027=DIRECTION('',(1.33226762955019E-15,1.,4.16333634234434E-16));
#4028=DIRECTION('',(-0.447213595499959,-0.894427190999916,-4.67074295906755E-16));
#4029=DIRECTION('',(-1.33226762955019E-15,-1.,-4.16333634234434E-16));
#4030=DIRECTION('',(-1.,-1.27675647831893E-15,-1.11022302462516E-16));
#4031=DIRECTION('center_axis',(-7.7082630434618E-16,0.52999894000318,0.847998304005088));
#4032=DIRECTION('ref_axis',(1.,1.27675647831893E-15,1.11022302462516E-16));
#4033=DIRECTION('',(9.99200722162641E-16,0.847998304005087,-0.529998940003181));
#4034=DIRECTION('',(-1.,-1.27675647831893E-15,-1.11022302462516E-16));
#4035=DIRECTION('',(-9.99200722162641E-16,-0.847998304005087,0.529998940003181));
#4036=DIRECTION('',(-1.,-1.27675647831893E-15,-1.11022302462516E-16));
#4037=DIRECTION('',(-6.10622663543836E-16,-0.847998304005087,0.529998940003181));
#4038=DIRECTION('',(-1.,-1.27675647831893E-15,-1.11022302462516E-16));
#4039=DIRECTION('',(6.10622663543836E-16,0.847998304005087,-0.529998940003181));
#4040=DIRECTION('',(-1.,-1.27675647831893E-15,-1.11022302462516E-16));
#4041=DIRECTION('center_axis',(-5.32818567048297E-14,0.529998940003209,
0.84799830400507));
#4042=DIRECTION('ref_axis',(-3.69719374035042E-14,0.84799830400507,-0.529998940003209));
#4043=DIRECTION('center_axis',(7.87644838245183E-14,0.52999894000316,0.847998304005101));
#4044=DIRECTION('ref_axis',(-8.96533356467694E-14,0.847998304005101,-0.52999894000316));
#4045=DIRECTION('center_axis',(-1.85328197234145E-14,0.529998940003179,
0.847998304005089));
#4046=DIRECTION('ref_axis',(-7.49141043200796E-14,0.847998304005089,-0.529998940003179));
#4047=DIRECTION('center_axis',(5.6200775811264E-14,0.529998940003209,0.84799830400507));
#4048=DIRECTION('ref_axis',(-7.83821587499094E-14,0.84799830400507,-0.529998940003209));
#4049=DIRECTION('center_axis',(-1.44000009250942E-13,0.529998940003197,
0.847998304005077));
#4050=DIRECTION('ref_axis',(1.03215905649085E-15,0.847998304005077,-0.529998940003197));
#4051=DIRECTION('center_axis',(-6.94980739627805E-15,0.529998940003247,
0.847998304005046));
#4052=DIRECTION('ref_axis',(-1.4099292711664E-13,0.847998304005046,-0.529998940003247));
#4053=DIRECTION('center_axis',(9.28030947650136E-14,0.529998940003248,0.847998304005046));
#4054=DIRECTION('ref_axis',(-5.32387641337942E-14,0.847998304005046,-0.529998940003248));
#4055=DIRECTION('center_axis',(-9.03474961516559E-14,0.529998940003281,
0.847998304005025));
#4056=DIRECTION('ref_axis',(-2.93339603854693E-14,0.847998304005025,-0.529998940003281));
#4057=DIRECTION('center_axis',(-2.13498083213756E-13,0.529998940003157,
0.847998304005103));
#4058=DIRECTION('ref_axis',(-2.61342673103422E-14,0.847998304005103,-0.529998940003157));
#4059=DIRECTION('center_axis',(-9.49807010826056E-15,0.529998940003105,
0.847998304005135));
#4060=DIRECTION('ref_axis',(-1.05858232833676E-13,0.847998304005135,-0.529998940003105));
#4061=DIRECTION('center_axis',(3.70656394468357E-14,0.529998940003199,0.847998304005076));
#4062=DIRECTION('ref_axis',(-5.40232050167171E-14,0.847998304005076,-0.529998940003199));
#4063=DIRECTION('center_axis',(-1.8532819723415E-14,0.529998940003208,0.84799830400507));
#4064=DIRECTION('ref_axis',(-6.9257872690529E-14,0.84799830400507,-0.529998940003208));
#4065=DIRECTION('center_axis',(-7.47335955346717E-14,0.529998940003205,
0.847998304005072));
#4066=DIRECTION('ref_axis',(-1.06828462346804E-13,0.847998304005072,-0.529998940003205));
#4067=DIRECTION('center_axis',(-7.83938274300468E-14,0.529998940003208,
0.847998304005071));
#4068=DIRECTION('ref_axis',(-4.99152119719013E-14,0.847998304005071,-0.529998940003208));
#4069=DIRECTION('center_axis',(2.48803104786933E-14,0.529998940003258,0.847998304005039));
#4070=DIRECTION('ref_axis',(-7.15905521582053E-14,0.847998304005039,-0.529998940003258));
#4071=DIRECTION('',(6.10622663543836E-16,0.847998304005087,-0.529998940003181));
#4072=DIRECTION('',(-6.10622663543836E-16,-0.847998304005087,0.529998940003181));
#4073=DIRECTION('center_axis',(-1.11022302462517E-16,5.9674487573602E-16,
1.));
#4074=DIRECTION('ref_axis',(1.,1.27675647831893E-15,1.11022302462516E-16));
#4075=DIRECTION('',(-1.,-1.27675647831893E-15,-1.11022302462516E-16));
#4076=DIRECTION('',(-1.33226762955019E-15,-1.,-4.16333634234434E-16));
#4077=DIRECTION('',(1.33226762955019E-15,1.,4.16333634234434E-16));
#4078=DIRECTION('center_axis',(-1.33226762955019E-15,-1.,5.9674487573602E-16));
#4079=DIRECTION('ref_axis',(-5.55111512312577E-17,-5.9674487573602E-16,
-1.));
#4080=DIRECTION('center_axis',(-1.33226762955019E-15,-1.,-4.16333634234434E-16));
#4081=DIRECTION('ref_axis',(5.54667823983525E-31,4.16333634234434E-16,-1.));
#4082=DIRECTION('center_axis',(-1.33226762955019E-15,-1.,-4.16333634234434E-16));
#4083=DIRECTION('ref_axis',(5.54667823983525E-31,4.16333634234434E-16,-1.));
#4084=DIRECTION('center_axis',(-1.33226762955019E-15,-1.,-4.16333634234434E-16));
#4085=DIRECTION('ref_axis',(5.54667823983525E-31,4.16333634234434E-16,-1.));
#4086=DIRECTION('center_axis',(-1.33226762955019E-15,-1.,-4.16333634234434E-16));
#4087=DIRECTION('ref_axis',(5.54667823983525E-31,4.16333634234434E-16,-1.));
#4088=DIRECTION('center_axis',(-1.33226762955019E-15,-1.,-4.16333634234434E-16));
#4089=DIRECTION('ref_axis',(5.54667823983525E-31,4.16333634234434E-16,-1.));
#4090=DIRECTION('center_axis',(-1.33226762955019E-15,-1.,-4.16333634234434E-16));
#4091=DIRECTION('ref_axis',(5.54667823983525E-31,4.16333634234434E-16,-1.));
#4092=DIRECTION('',(5.55111512312577E-17,5.9674487573602E-16,1.));
#4093=DIRECTION('center_axis',(1.33226762955019E-15,1.,4.16333634234434E-16));
#4094=DIRECTION('ref_axis',(-5.54667823983525E-31,-4.16333634234434E-16,
1.));
#4095=DIRECTION('center_axis',(1.33226762955019E-15,1.,4.16333634234434E-16));
#4096=DIRECTION('ref_axis',(-5.54667823983525E-31,-4.16333634234434E-16,
1.));
#4097=DIRECTION('center_axis',(1.33226762955019E-15,1.,4.16333634234434E-16));
#4098=DIRECTION('ref_axis',(-5.54667823983525E-31,-4.16333634234434E-16,
1.));
#4099=DIRECTION('center_axis',(1.33226762955019E-15,1.,4.16333634234434E-16));
#4100=DIRECTION('ref_axis',(-5.54667823983525E-31,-4.16333634234434E-16,
1.));
#4101=DIRECTION('center_axis',(1.33226762955019E-15,1.,4.16333634234434E-16));
#4102=DIRECTION('ref_axis',(-5.54667823983525E-31,-4.16333634234434E-16,
1.));
#4103=DIRECTION('center_axis',(1.33226762955019E-15,1.,4.16333634234434E-16));
#4104=DIRECTION('ref_axis',(-5.54667823983525E-31,-4.16333634234434E-16,
1.));
#4105=DIRECTION('center_axis',(1.33226762955019E-15,1.,4.16333634234434E-16));
#4106=DIRECTION('ref_axis',(-5.54667823983525E-31,-4.16333634234434E-16,
1.));
#4107=DIRECTION('center_axis',(1.33226762955019E-15,1.,4.16333634234434E-16));
#4108=DIRECTION('ref_axis',(5.55111512312519E-17,-4.16333634234434E-16,
1.));
#4109=DIRECTION('center_axis',(1.33226762955019E-15,1.,4.16333634234434E-16));
#4110=DIRECTION('ref_axis',(-5.54667823983525E-31,-4.16333634234434E-16,
1.));
#4111=DIRECTION('center_axis',(1.33226762955019E-15,1.,4.16333634234434E-16));
#4112=DIRECTION('ref_axis',(-5.54667823983525E-31,-4.16333634234434E-16,
1.));
#4113=DIRECTION('center_axis',(1.33226762955019E-15,1.,4.16333634234434E-16));
#4114=DIRECTION('ref_axis',(-5.54667823983525E-31,-4.16333634234434E-16,
1.));
#4115=DIRECTION('center_axis',(1.33226762955019E-15,1.,4.16333634234434E-16));
#4116=DIRECTION('ref_axis',(-5.54667823983525E-31,-4.16333634234434E-16,
1.));
#4117=DIRECTION('center_axis',(1.33226762955019E-15,1.,4.16333634234434E-16));
#4118=DIRECTION('ref_axis',(-5.54667823983525E-31,-4.16333634234434E-16,
1.));
#4119=DIRECTION('center_axis',(1.33226762955019E-15,1.,4.16333634234434E-16));
#4120=DIRECTION('ref_axis',(-5.54667823983525E-31,-4.16333634234434E-16,
1.));
#4121=DIRECTION('center_axis',(1.33226762955019E-15,1.,4.16333634234434E-16));
#4122=DIRECTION('ref_axis',(-5.54667823983525E-31,-4.16333634234434E-16,
1.));
#4123=DIRECTION('',(-1.,-1.27675647831893E-15,-1.11022302462516E-16));
#4124=DIRECTION('',(5.55111512312577E-17,5.9674487573602E-16,1.));
#4125=DIRECTION('center_axis',(-1.33226762955019E-15,-1.,-4.16333634234434E-16));
#4126=DIRECTION('ref_axis',(5.54667823983525E-31,4.16333634234434E-16,-1.));
#4127=DIRECTION('center_axis',(-1.33226762955019E-15,-1.,-4.16333634234434E-16));
#4128=DIRECTION('ref_axis',(5.54667823983525E-31,4.16333634234434E-16,-1.));
#4129=DIRECTION('center_axis',(-1.33226762955019E-15,-1.,-4.16333634234434E-16));
#4130=DIRECTION('ref_axis',(5.54667823983525E-31,4.16333634234434E-16,-1.));
#4131=DIRECTION('center_axis',(-1.33226762955019E-15,-1.,-4.16333634234434E-16));
#4132=DIRECTION('ref_axis',(5.54667823983525E-31,4.16333634234434E-16,-1.));
#4133=DIRECTION('center_axis',(-1.33226762955019E-15,-1.,-4.16333634234434E-16));
#4134=DIRECTION('ref_axis',(5.54667823983525E-31,4.16333634234434E-16,-1.));
#4135=DIRECTION('center_axis',(-1.33226762955019E-15,-1.,-4.16333634234434E-16));
#4136=DIRECTION('ref_axis',(5.54667823983525E-31,4.16333634234434E-16,-1.));
#4137=DIRECTION('center_axis',(-1.33226762955019E-15,-1.,-4.16333634234434E-16));
#4138=DIRECTION('ref_axis',(5.54667823983525E-31,4.16333634234434E-16,-1.));
#4139=DIRECTION('center_axis',(-1.33226762955019E-15,-1.,-4.16333634234434E-16));
#4140=DIRECTION('ref_axis',(-5.55111512312519E-17,4.16333634234434E-16,
-1.));
#4141=DIRECTION('center_axis',(-1.33226762955019E-15,-1.,-4.16333634234434E-16));
#4142=DIRECTION('ref_axis',(5.54667823983525E-31,4.16333634234434E-16,-1.));
#4143=DIRECTION('',(-1.,-1.27675647831893E-15,-1.11022302462516E-16));
#4144=DIRECTION('',(-4.7184478546569E-16,-4.99600361081319E-16,-1.));
#4145=DIRECTION('',(1.,1.27675647831893E-15,1.11022302462516E-16));
#4146=DIRECTION('',(5.55111512312577E-17,5.9674487573602E-16,1.));
#4147=DIRECTION('',(-1.,-1.38777878078145E-15,-1.94289029309403E-16));
#4148=DIRECTION('',(-5.55111512312577E-17,-5.9674487573602E-16,-1.));
#4149=DIRECTION('',(1.,1.27675647831893E-15,1.11022302462516E-16));
#4150=DIRECTION('',(-1.94289029309402E-16,5.55111512312577E-16,1.));
#4151=DIRECTION('',(-1.,-1.27675647831893E-15,-1.11022302462516E-16));
#4152=DIRECTION('',(1.,1.27675647831893E-15,1.11022302462516E-16));
#4153=DIRECTION('',(-8.32667268468866E-17,-6.10622663543835E-16,-1.));
#4154=DIRECTION('center_axis',(-5.55111512312563E-17,4.16333634234434E-16,
-1.));
#4155=DIRECTION('ref_axis',(-1.33226762955019E-15,-1.,-4.16333634234434E-16));
#4156=DIRECTION('',(-1.33226762955019E-15,-1.,-4.16333634234434E-16));
#4157=DIRECTION('',(-1.33226762955019E-15,-1.,-4.16333634234434E-16));
#4158=DIRECTION('center_axis',(-5.55111512312563E-17,4.16333634234434E-16,
-1.));
#4159=DIRECTION('ref_axis',(-1.33226762955019E-15,-1.,-4.16333634234434E-16));
#4160=DIRECTION('',(-1.33226762955019E-15,-1.,-4.16333634234434E-16));
#4161=DIRECTION('',(0.447213595499957,-0.894427190999916,-4.16333634234434E-16));
#4162=DIRECTION('',(-1.,-1.27675647831893E-15,-1.11022302462516E-16));
#4163=DIRECTION('',(1.33226762955019E-15,1.,4.16333634234434E-16));
#4164=DIRECTION('center_axis',(-2.70993418706535E-16,0.295329324692016,
-0.955395514944967));
#4165=DIRECTION('ref_axis',(-1.,-1.27675647831893E-15,-1.11022302462516E-16));
#4166=DIRECTION('',(0.431041925347043,-0.862083850694089,-0.266485070811793));
#4167=DIRECTION('',(1.16573417585641E-15,0.955395514944966,0.295329324692017));
#4168=DIRECTION('center_axis',(-4.83133838369639E-16,0.295329324692017,
0.955395514944966));
#4169=DIRECTION('ref_axis',(1.,1.27675647831893E-15,1.11022302462516E-16));
#4170=DIRECTION('',(-1.4432899320127E-15,-0.955395514944966,0.295329324692017));
#4171=DIRECTION('',(-0.431041925347044,0.862083850694088,-0.266485070811793));
#4172=DIRECTION('',(-1.,-1.27675647831893E-15,-1.11022302462516E-16));
#4173=DIRECTION('center_axis',(-1.11022302462517E-16,5.9674487573602E-16,
1.));
#4174=DIRECTION('ref_axis',(1.,1.27675647831893E-15,1.11022302462516E-16));
#4175=DIRECTION('',(-0.447213595499957,0.894427190999916,4.16333634234434E-16));
#4176=DIRECTION('',(1.33226762955019E-15,1.,4.16333634234434E-16));
#4177=DIRECTION('',(-1.33226762955019E-15,-1.,-4.16333634234434E-16));
#4178=DIRECTION('center_axis',(-1.,-1.27675647831893E-15,5.55111512312584E-17));
#4179=DIRECTION('ref_axis',(5.55111512312577E-17,5.9674487573602E-16,1.));
#4180=DIRECTION('',(-5.55111512312577E-17,-5.9674487573602E-16,-1.));
#4181=DIRECTION('center_axis',(-1.,-1.27675647831893E-15,5.55111512312584E-17));
#4182=DIRECTION('ref_axis',(5.55111512312577E-17,5.9674487573602E-16,1.));
#4183=DIRECTION('',(5.55111512312577E-17,5.9674487573602E-16,1.));
#4184=DIRECTION('center_axis',(-1.,-1.27675647831893E-15,5.55111512312584E-17));
#4185=DIRECTION('ref_axis',(5.55111512312577E-17,5.9674487573602E-16,1.));
#4186=DIRECTION('',(-5.55111512312577E-17,-5.9674487573602E-16,-1.));
#4187=DIRECTION('',(5.55111512312577E-17,5.9674487573602E-16,1.));
#4188=DIRECTION('center_axis',(-1.,-1.27675647831893E-15,5.55111512312584E-17));
#4189=DIRECTION('ref_axis',(5.55111512312577E-17,5.9674487573602E-16,1.));
#4190=DIRECTION('',(-5.55111512312577E-17,-5.9674487573602E-16,-1.));
#4191=DIRECTION('',(1.38777878078145E-15,1.,5.55111512312579E-16));
#4192=DIRECTION('',(-5.55111512312577E-17,-5.9674487573602E-16,-1.));
#4193=DIRECTION('',(-1.33226762955019E-15,-1.,-4.16333634234434E-16));
#4194=DIRECTION('center_axis',(-5.55111512312563E-17,4.16333634234434E-16,
-1.));
#4195=DIRECTION('ref_axis',(-1.33226762955019E-15,-1.,-4.16333634234434E-16));
#4196=DIRECTION('',(-1.,-1.27675647831893E-15,-1.11022302462516E-16));
#4197=DIRECTION('',(1.33226762955019E-15,1.,4.16333634234434E-16));
#4198=DIRECTION('center_axis',(-1.27675647831893E-15,1.,4.16333634234434E-16));
#4199=DIRECTION('ref_axis',(1.,1.27675647831893E-15,1.11022302462516E-16));
#4200=DIRECTION('',(-1.,-1.27675647831893E-15,-1.11022302462516E-16));
#4201=DIRECTION('',(1.94289029309402E-16,-5.55111512312577E-16,-1.));
#4202=DIRECTION('',(1.,1.27675647831893E-15,1.11022302462516E-16));
#4203=DIRECTION('',(-2.77555756156289E-16,5.82867087928206E-16,1.));
#4204=DIRECTION('',(-2.77555756156289E-16,5.82867087928206E-16,1.));
#4205=DIRECTION('',(-1.,-1.27675647831893E-15,-1.11022302462516E-16));
#4206=DIRECTION('',(1.94289029309402E-16,-5.55111512312577E-16,-1.));
#4207=DIRECTION('center_axis',(-1.11022302462516E-16,4.44089209850062E-16,
1.));
#4208=DIRECTION('ref_axis',(1.,1.27675647831893E-15,1.11022302462516E-16));
#4209=DIRECTION('',(-1.38777878078145E-15,-1.,-5.55111512312579E-16));
#4210=DIRECTION('center_axis',(1.33226762955019E-15,1.,4.16333634234434E-16));
#4211=DIRECTION('ref_axis',(-1.0936841030303E-13,4.1633363423458E-16,-1.));
#4212=DIRECTION('center_axis',(1.33226762955019E-15,1.,4.16333634234434E-16));
#4213=DIRECTION('ref_axis',(-4.36432072452209E-14,4.16333634234492E-16,
-1.));
#4214=DIRECTION('center_axis',(1.33226762955019E-15,1.,4.16333634234434E-16));
#4215=DIRECTION('ref_axis',(-3.56496014679197E-14,4.16333634234482E-16,
-1.));
#4216=DIRECTION('center_axis',(1.33226762955019E-15,1.,4.16333634234434E-16));
#4217=DIRECTION('ref_axis',(-9.78220908469285E-14,4.16333634234565E-16,
-1.));
#4218=DIRECTION('center_axis',(1.33226762955019E-15,1.,4.16333634234434E-16));
#4219=DIRECTION('ref_axis',(8.51426636112973E-14,4.16333634234321E-16,-1.));
#4220=DIRECTION('center_axis',(1.33226762955019E-15,1.,4.16333634234434E-16));
#4221=DIRECTION('ref_axis',(2.11938173928883E-14,4.16333634234406E-16,-1.));
#4222=DIRECTION('center_axis',(1.33226762955019E-15,1.,4.16333634234434E-16));
#4223=DIRECTION('ref_axis',(-4.36432072452209E-14,4.16333634234492E-16,
-1.));
#4224=DIRECTION('center_axis',(1.33226762955019E-15,1.,4.16333634234434E-16));
#4225=DIRECTION('ref_axis',(-1.22746597749763E-13,4.16333634234598E-16,
-1.));
#4226=DIRECTION('center_axis',(1.33226762955019E-15,1.,4.16333634234434E-16));
#4227=DIRECTION('ref_axis',(9.84653399067992E-14,4.16333634234303E-16,-1.));
#4228=DIRECTION('center_axis',(1.33226762955019E-15,1.,4.16333634234434E-16));
#4229=DIRECTION('ref_axis',(1.63302364544908E-13,4.16333634234217E-16,-1.));
#4230=DIRECTION('center_axis',(1.33226762955019E-15,1.,4.16333634234434E-16));
#4231=DIRECTION('ref_axis',(1.57085115607007E-13,4.16333634234225E-16,-1.));
#4232=DIRECTION('center_axis',(1.33226762955019E-15,1.,4.16333634234434E-16));
#4233=DIRECTION('ref_axis',(-5.8742240380123E-14,4.16333634234513E-16,-1.));
#4234=DIRECTION('center_axis',(1.33226762955019E-15,1.,4.16333634234434E-16));
#4235=DIRECTION('ref_axis',(-1.75093613360839E-13,4.16333634234668E-16,
-1.));
#4236=DIRECTION('center_axis',(1.33226762955019E-15,1.,4.16333634234434E-16));
#4237=DIRECTION('ref_axis',(-1.22464679914735E-16,4.16333634234434E-16,
-1.));
#4238=DIRECTION('center_axis',(1.33226762955019E-15,1.,4.16333634234434E-16));
#4239=DIRECTION('ref_axis',(2.03056389731881E-14,4.16333634234407E-16,-1.));
#4240=DIRECTION('center_axis',(1.33226762955019E-15,1.,4.16333634234434E-16));
#4241=DIRECTION('ref_axis',(5.55111512312519E-17,-4.16333634234434E-16,
1.));
#4242=DIRECTION('center_axis',(1.33226762955019E-15,1.,4.16333634234434E-16));
#4243=DIRECTION('ref_axis',(-5.54667823983525E-31,-4.16333634234434E-16,
1.));
#4244=DIRECTION('center_axis',(1.33226762955019E-15,1.,4.16333634234434E-16));
#4245=DIRECTION('ref_axis',(-5.54667823983525E-31,-4.16333634234434E-16,
1.));
#4246=DIRECTION('center_axis',(1.33226762955019E-15,1.,4.16333634234434E-16));
#4247=DIRECTION('ref_axis',(-5.54667823983525E-31,-4.16333634234434E-16,
1.));
#4248=DIRECTION('center_axis',(1.33226762955019E-15,1.,4.16333634234434E-16));
#4249=DIRECTION('ref_axis',(-5.54667823983525E-31,-4.16333634234434E-16,
1.));
#4250=DIRECTION('center_axis',(1.33226762955019E-15,1.,4.16333634234434E-16));
#4251=DIRECTION('ref_axis',(-5.54667823983525E-31,-4.16333634234434E-16,
1.));
#4252=DIRECTION('center_axis',(1.33226762955019E-15,1.,4.16333634234434E-16));
#4253=DIRECTION('ref_axis',(-5.54667823983525E-31,-4.16333634234434E-16,
1.));
#4254=DIRECTION('center_axis',(1.33226762955019E-15,1.,4.16333634234434E-16));
#4255=DIRECTION('ref_axis',(-5.54667823983525E-31,-4.16333634234434E-16,
1.));
#4256=DIRECTION('center_axis',(1.33226762955019E-15,1.,4.16333634234434E-16));
#4257=DIRECTION('ref_axis',(-5.54667823983525E-31,-4.16333634234434E-16,
1.));
#4258=DIRECTION('center_axis',(1.33226762955019E-15,1.,4.16333634234434E-16));
#4259=DIRECTION('ref_axis',(-5.54667823983525E-31,-4.16333634234434E-16,
1.));
#4260=DIRECTION('center_axis',(1.33226762955019E-15,1.,4.16333634234434E-16));
#4261=DIRECTION('ref_axis',(-5.54667823983525E-31,-4.16333634234434E-16,
1.));
#4262=DIRECTION('center_axis',(1.33226762955019E-15,1.,4.16333634234434E-16));
#4263=DIRECTION('ref_axis',(-5.54667823983525E-31,-4.16333634234434E-16,
1.));
#4264=DIRECTION('center_axis',(1.33226762955019E-15,1.,4.16333634234434E-16));
#4265=DIRECTION('ref_axis',(-5.54667823983525E-31,-4.16333634234434E-16,
1.));
#4266=DIRECTION('center_axis',(1.33226762955019E-15,1.,4.16333634234434E-16));
#4267=DIRECTION('ref_axis',(-5.54667823983525E-31,-4.16333634234434E-16,
1.));
#4268=DIRECTION('center_axis',(1.33226762955019E-15,1.,4.16333634234434E-16));
#4269=DIRECTION('ref_axis',(-5.54667823983525E-31,-4.16333634234434E-16,
1.));
#4270=DIRECTION('center_axis',(-1.,-8.32667268468869E-16,-1.94289029309402E-16));
#4271=DIRECTION('ref_axis',(-1.94289029309402E-16,5.55111512312577E-16,
1.));
#4272=DIRECTION('',(-1.33226762955019E-15,-1.,-4.16333634234434E-16));
#4273=DIRECTION('center_axis',(1.,1.27675647831893E-15,-5.55111512312579E-17));
#4274=DIRECTION('ref_axis',(5.55111512312577E-17,1.38777878078144E-16,1.));
#4275=DIRECTION('',(-1.33226762955019E-15,-1.,-4.16333634234434E-16));
#4276=DIRECTION('center_axis',(-5.55111512312563E-17,4.16333634234434E-16,
-1.));
#4277=DIRECTION('ref_axis',(-1.33226762955019E-15,-1.,-4.16333634234434E-16));
#4278=DIRECTION('center_axis',(-1.11022302462517E-16,5.9674487573602E-16,
1.));
#4279=DIRECTION('ref_axis',(1.,1.27675647831893E-15,1.11022302462516E-16));
#4280=DIRECTION('',(-1.33226762955019E-15,-1.,-4.16333634234434E-16));
#4281=DIRECTION('',(-1.33226762955019E-15,-1.,-4.16333634234434E-16));
#4282=DIRECTION('center_axis',(1.,1.27675647831893E-15,-5.55111512312579E-17));
#4283=DIRECTION('ref_axis',(5.55111512312577E-17,1.38777878078144E-16,1.));
#4284=DIRECTION('center_axis',(-1.,-8.32667268468869E-16,-1.94289029309402E-16));
#4285=DIRECTION('ref_axis',(-1.94289029309402E-16,5.55111512312577E-16,
1.));
#4286=DIRECTION('center_axis',(1.,-1.33226762955019E-15,1.11022302462515E-16));
#4287=DIRECTION('ref_axis',(1.33226762955019E-15,1.,4.16333634234434E-16));
#4288=DIRECTION('',(1.33226762955019E-15,1.,4.16333634234434E-16));
#4289=DIRECTION('',(-5.55111512312577E-17,-5.9674487573602E-16,-1.));
#4290=DIRECTION('',(1.33226762955019E-15,1.,4.16333634234434E-16));
#4291=DIRECTION('center_axis',(-1.11022302462517E-16,5.9674487573602E-16,
1.));
#4292=DIRECTION('ref_axis',(1.,1.27675647831893E-15,1.11022302462516E-16));
#4293=DIRECTION('',(1.,1.27675647831893E-15,1.11022302462516E-16));
#4294=DIRECTION('',(1.33226762955019E-15,1.,4.16333634234434E-16));
#4295=DIRECTION('center_axis',(-1.,-8.32667268468869E-16,-1.94289029309402E-16));
#4296=DIRECTION('ref_axis',(-1.94289029309402E-16,5.55111512312577E-16,
1.));
#4297=DIRECTION('',(-1.94289029309402E-16,5.55111512312577E-16,1.));
#4298=DIRECTION('',(1.33226762955019E-15,1.,4.16333634234434E-16));
#4299=DIRECTION('center_axis',(-5.55111512312563E-17,4.16333634234434E-16,
-1.));
#4300=DIRECTION('ref_axis',(-1.33226762955019E-15,-1.,-4.16333634234434E-16));
#4301=DIRECTION('',(-1.,-1.38777878078145E-15,-1.94289029309403E-16));
#4302=DIRECTION('center_axis',(-1.27675647831893E-15,1.,4.16333634234434E-16));
#4303=DIRECTION('ref_axis',(1.,1.27675647831893E-15,1.11022302462516E-16));
#4304=DIRECTION('center_axis',(1.,-1.33226762955019E-15,-3.60822483003178E-16));
#4305=DIRECTION('ref_axis',(1.33226762955019E-15,1.,4.16333634234434E-16));
#4306=DIRECTION('',(1.33226762955019E-15,1.,4.16333634234434E-16));
#4307=DIRECTION('',(-4.7184478546569E-16,-4.99600361081319E-16,-1.));
#4308=DIRECTION('',(1.33226762955019E-15,1.,4.16333634234434E-16));
#4309=DIRECTION('center_axis',(-1.11022302462517E-16,5.9674487573602E-16,
1.));
#4310=DIRECTION('ref_axis',(1.,1.27675647831893E-15,1.11022302462516E-16));
#4311=DIRECTION('',(1.,1.27675647831893E-15,1.11022302462516E-16));
#4312=DIRECTION('',(1.33226762955019E-15,1.,4.16333634234434E-16));
#4313=DIRECTION('center_axis',(-1.,-1.27675647831893E-15,5.55111512312584E-17));
#4314=DIRECTION('ref_axis',(5.55111512312577E-17,5.9674487573602E-16,1.));
#4315=DIRECTION('',(5.55111512312577E-17,5.9674487573602E-16,1.));
#4316=DIRECTION('',(1.33226762955019E-15,1.,4.16333634234434E-16));
#4317=DIRECTION('center_axis',(-5.55111512312563E-17,4.16333634234434E-16,
-1.));
#4318=DIRECTION('ref_axis',(-1.33226762955019E-15,-1.,-4.16333634234434E-16));
#4319=DIRECTION('',(-1.,-1.27675647831893E-15,-1.11022302462516E-16));
#4320=DIRECTION('center_axis',(-1.27675647831893E-15,1.,4.16333634234434E-16));
#4321=DIRECTION('ref_axis',(1.,1.27675647831893E-15,1.11022302462516E-16));
#4322=DIRECTION('center_axis',(-0.894427190999916,-0.447213595499957,-3.88578058618804E-16));
#4323=DIRECTION('ref_axis',(-0.447213595499957,0.894427190999916,4.16333634234434E-16));
#4324=DIRECTION('center_axis',(-0.894427190999916,0.447213595499958,-2.17221738409136E-16));
#4325=DIRECTION('ref_axis',(5.55111512312577E-17,5.9674487573602E-16,1.));
#4326=DIRECTION('',(-1.33226762955019E-15,-1.,-4.16333634234434E-16));
#4327=DIRECTION('',(-1.33226762955019E-15,-1.,-4.16333634234434E-16));
#4328=DIRECTION('',(-1.33226762955019E-15,-1.,-4.16333634234434E-16));
#4329=DIRECTION('',(-1.33226762955019E-15,-1.,-4.16333634234434E-16));
#4330=DIRECTION('center_axis',(-1.,-1.27675647831893E-15,5.55111512312584E-17));
#4331=DIRECTION('ref_axis',(5.55111512312577E-17,5.9674487573602E-16,1.));
#4332=DIRECTION('',(-1.33226762955019E-15,-1.,-4.16333634234434E-16));
#4333=DIRECTION('',(-8.32667268468866E-17,-6.10622663543835E-16,-1.));
#4334=DIRECTION('',(-1.33226762955019E-15,-1.,-4.16333634234434E-16));
#4335=DIRECTION('',(-1.33226762955019E-15,-1.,-4.16333634234434E-16));
#4336=DIRECTION('',(-1.33226762955019E-15,-1.,-4.16333634234434E-16));
#4337=DIRECTION('',(-1.33226762955019E-15,-1.,-4.16333634234434E-16));
#4338=DIRECTION('center_axis',(1.11022302462517E-16,-5.9674487573602E-16,
-1.));
#4339=DIRECTION('ref_axis',(-1.,-1.27675647831893E-15,-1.11022302462516E-16));
#4340=DIRECTION('',(-1.33226762955019E-15,-1.,-4.16333634234434E-16));
#4341=DIRECTION('',(1.,1.27675647831893E-15,1.11022302462516E-16));
#4342=DIRECTION('',(-1.33226762955019E-15,-1.,-4.16333634234434E-16));
#4343=DIRECTION('',(-1.33226762955019E-15,-1.,-4.16333634234434E-16));
#4344=DIRECTION('',(-1.33226762955019E-15,-1.,-4.16333634234434E-16));
#4345=DIRECTION('',(-1.33226762955019E-15,-1.,-4.16333634234434E-16));
#4346=DIRECTION('',(-1.33226762955019E-15,-1.,-4.16333634234434E-16));
#4347=DIRECTION('',(-1.33226762955019E-15,-1.,-4.16333634234434E-16));
#4348=DIRECTION('',(-1.33226762955019E-15,-1.,-4.16333634234434E-16));
#4349=DIRECTION('center_axis',(-1.11022302462517E-16,5.9674487573602E-16,
1.));
#4350=DIRECTION('ref_axis',(1.,1.27675647831893E-15,1.11022302462516E-16));
#4351=DIRECTION('',(-1.,-1.27675647831893E-15,-1.11022302462516E-16));
#4352=DIRECTION('center_axis',(4.67959004879504E-14,-1.,3.44502204541185E-13));
#4353=DIRECTION('ref_axis',(5.55111512312577E-17,-3.44502204541185E-13,
-1.));
#4354=CARTESIAN_POINT('',(0.,0.,0.));
#4355=CARTESIAN_POINT('Origin',(6.75770819430516,-13.9889334207644,0.317500000000359));
#4356=CARTESIAN_POINT('',(6.75770819430511,-13.3539334207646,0.317500000000415));
#4357=CARTESIAN_POINT('',(6.75770819430514,-7.13093342076437,0.317500000000456));
#4358=CARTESIAN_POINT('',(6.75770819430516,-13.9889334207644,0.317500000000359));
#4359=CARTESIAN_POINT('',(6.75770819430515,-13.3539334207645,-0.317499999999513));
#4360=CARTESIAN_POINT('',(6.75770819430515,-13.3539334207645,-0.317499999999513));
#4361=CARTESIAN_POINT('',(6.75770819430512,-7.13093342076432,-0.317499999999575));
#4362=CARTESIAN_POINT('',(6.75770819430516,-13.9889334207643,-0.317499999999526));
#4363=CARTESIAN_POINT('',(6.75770819430514,-7.13093342076437,0.317500000000456));
#4364=CARTESIAN_POINT('Origin',(1.67770819430481,-13.9889334207643,0.317500000000401));
#4365=CARTESIAN_POINT('',(3.32870819430521,1.7590665792358,0.317500000000484));
#4366=CARTESIAN_POINT('',(7.01170819430519,1.75906657923564,0.317500000000408));
#4367=CARTESIAN_POINT('',(1.42370819430519,1.7590665792358,0.317500000000415));
#4368=CARTESIAN_POINT('',(3.32870819430524,0.489066579235808,0.317500000000373));
#4369=CARTESIAN_POINT('',(3.32870819430485,-13.9889334207644,0.317500000000415));
#4370=CARTESIAN_POINT('',(1.42370819430521,0.489066579235697,0.317500000000401));
#4371=CARTESIAN_POINT('',(1.67770819430514,0.489066579235808,0.317500000000422));
#4372=CARTESIAN_POINT('',(1.4237081943051,-7.13093342076443,0.317500000000387));
#4373=CARTESIAN_POINT('',(1.42370819430519,1.7590665792358,0.317500000000415));
#4374=CARTESIAN_POINT('',(1.6777081943052,-7.13093342076449,0.317500000000415));
#4375=CARTESIAN_POINT('',(1.4237081943051,-7.13093342076443,0.317500000000387));
#4376=CARTESIAN_POINT('',(1.67770819430484,-13.3539334207645,0.317500000000331));
#4377=CARTESIAN_POINT('',(1.67770819430481,-13.9889334207643,0.317500000000401));
#4378=CARTESIAN_POINT('',(2.3127081943048,-13.9889334207644,0.317500000000401));
#4379=CARTESIAN_POINT('',(2.3127081943048,-13.9889334207644,0.317500000000401));
#4380=CARTESIAN_POINT('',(6.1227081943051,-13.9889334207644,0.317500000000526));
#4381=CARTESIAN_POINT('',(1.67770819430481,-13.9889334207643,0.317500000000401));
#4382=CARTESIAN_POINT('',(6.1227081943051,-13.9889334207644,0.317500000000526));
#4383=CARTESIAN_POINT('',(7.01170819430517,-7.13093342076449,0.317500000000401));
#4384=CARTESIAN_POINT('',(1.4237081943051,-7.13093342076443,0.317500000000387));
#4385=CARTESIAN_POINT('',(7.01170819430519,1.75906657923564,0.317500000000408));
#4386=CARTESIAN_POINT('',(5.34974456130055,-4.00660924548912,0.317500000000484));
#4387=CARTESIAN_POINT('',(3.08567182730959,-4.00660924548918,0.317500000000456));
#4388=CARTESIAN_POINT('',(3.08567182730959,-4.00660924548918,0.317500000000456));
#4389=CARTESIAN_POINT('',(5.34974456130058,-5.85939242189265,0.317500000000318));
#4390=CARTESIAN_POINT('',(5.34974456130055,-4.00660924548912,0.317500000000484));
#4391=CARTESIAN_POINT('',(3.08567182730958,-5.85939242189282,0.317500000000435));
#4392=CARTESIAN_POINT('',(3.08567182730958,-5.85939242189282,0.317500000000435));
#4393=CARTESIAN_POINT('',(3.08567182730959,-4.00660924548918,0.317500000000456));
#4394=CARTESIAN_POINT('Origin',(1.67770819430481,-13.9889334207643,0.317500000000401));
#4395=CARTESIAN_POINT('',(1.67770819430485,-13.3539334207645,-0.317499999999589));
#4396=CARTESIAN_POINT('',(1.67770819430511,-7.13093342076437,-0.317499999999624));
#4397=CARTESIAN_POINT('',(1.67770819430484,-13.9889334207643,-0.317499999999575));
#4398=CARTESIAN_POINT('',(1.67770819430484,-13.3539334207645,0.317500000000331));
#4399=CARTESIAN_POINT('',(1.6777081943052,-7.13093342076449,0.317500000000415));
#4400=CARTESIAN_POINT('Origin',(1.67770819430484,-13.9889334207643,-0.317499999999575));
#4401=CARTESIAN_POINT('',(1.42370819430516,0.489066579235975,-0.317499999999589));
#4402=CARTESIAN_POINT('',(3.32870819430517,0.489066579235919,-0.31749999999954));
#4403=CARTESIAN_POINT('',(1.6777081943052,0.489066579235975,-0.31749999999961));
#4404=CARTESIAN_POINT('',(3.32870819430517,1.75906657923564,-0.317499999999644));
#4405=CARTESIAN_POINT('',(3.32870819430477,-13.9889334207643,-0.317499999999568));
#4406=CARTESIAN_POINT('',(7.01170819430527,1.75906657923586,-0.317499999999582));
#4407=CARTESIAN_POINT('',(7.01170819430527,1.75906657923586,-0.317499999999582));
#4408=CARTESIAN_POINT('',(7.01170819430514,-7.13093342076437,-0.317499999999554));
#4409=CARTESIAN_POINT('',(7.01170819430527,1.75906657923586,-0.317499999999582));
#4410=CARTESIAN_POINT('',(7.01170819430514,-7.13093342076437,-0.317499999999554));
#4411=CARTESIAN_POINT('',(6.12270819430516,-13.9889334207644,-0.317499999999651));
#4412=CARTESIAN_POINT('',(6.12270819430516,-13.9889334207644,-0.317499999999651));
#4413=CARTESIAN_POINT('',(2.31270819430479,-13.9889334207643,-0.317499999999644));
#4414=CARTESIAN_POINT('',(1.67770819430484,-13.9889334207643,-0.317499999999575));
#4415=CARTESIAN_POINT('',(2.31270819430479,-13.9889334207643,-0.317499999999644));
#4416=CARTESIAN_POINT('',(1.42370819430516,-7.13093342076449,-0.317499999999589));
#4417=CARTESIAN_POINT('',(7.01170819430514,-7.13093342076437,-0.317499999999554));
#4418=CARTESIAN_POINT('',(1.42370819430518,1.75906657923575,-0.317499999999589));
#4419=CARTESIAN_POINT('',(3.08567182730961,-5.85939242189298,-0.317499999999589));
#4420=CARTESIAN_POINT('',(5.34974456130056,-5.85939242189293,-0.31749999999961));
#4421=CARTESIAN_POINT('',(1.6777081943052,-5.85939242189315,-0.317499999999547));
#4422=CARTESIAN_POINT('',(5.34974456130066,-4.00660924548885,-0.317499999999638));
#4423=CARTESIAN_POINT('',(5.34974456130078,-13.9889334207644,-0.317499999999533));
#4424=CARTESIAN_POINT('',(3.08567182730958,-4.00660924548896,-0.317499999999603));
#4425=CARTESIAN_POINT('',(1.67770819430521,-4.0066092454889,-0.317499999999596));
#4426=CARTESIAN_POINT('',(3.08567182730919,-13.9889334207642,-0.31749999999954));
#4427=CARTESIAN_POINT('Origin',(-9.57567358739198E-13,-13.9889334207645,
4.78783679369599E-13));
#4428=CARTESIAN_POINT('',(6.1227081943051,-13.9889334207644,0.317500000000526));
#4429=CARTESIAN_POINT('',(2.31270819430479,-13.9889334207643,-0.317499999999644));
#4430=CARTESIAN_POINT('Origin',(6.12270819430519,-13.9889334207645,4.92661467177413E-13));
#4431=CARTESIAN_POINT('Origin',(2.31270819430476,-13.9889334207646,4.44089209850063E-13));
#4432=CARTESIAN_POINT('Origin',(-5.82867087928207E-13,-7.13093342076415,
3.7470027081099E-13));
#4433=CARTESIAN_POINT('',(7.01170819430517,-7.13093342076449,0.317500000000401));
#4434=CARTESIAN_POINT('Origin',(1.42370819430518,1.75906657923575,-0.317499999999589));
#4435=CARTESIAN_POINT('',(1.42370819430521,0.489066579235808,-2.53999999999946));
#4436=CARTESIAN_POINT('',(1.42370819430516,-7.13093342076449,-0.317499999999589));
#4437=CARTESIAN_POINT('',(1.42370819430519,-4.73885062433938,0.2540000000004));
#4438=CARTESIAN_POINT('',(1.42370819430514,-4.73885062433899,-0.25399999999956));
#4439=CARTESIAN_POINT('',(1.42370819430519,-4.73885062433938,0.2540000000004));
#4440=CARTESIAN_POINT('',(1.42370819430521,-5.24680157499946,0.254000000000372));
#4441=CARTESIAN_POINT('',(1.42370819430519,-4.73885062433938,0.2540000000004));
#4442=CARTESIAN_POINT('',(1.42370819430516,-5.24680157499935,-0.253999999999602));
#4443=CARTESIAN_POINT('',(1.42370819430521,-5.24680157499946,0.254000000000372));
#4444=CARTESIAN_POINT('',(1.42370819430514,-4.73885062433899,-0.25399999999956));
#4445=CARTESIAN_POINT('Origin',(7.01170819430519,1.75906657923564,0.317500000000408));
#4446=CARTESIAN_POINT('',(7.01170819430519,1.75906657923564,0.317500000000408));
#4447=CARTESIAN_POINT('Origin',(-6.24500451351651E-13,1.75906657923569,
4.71844785465692E-13));
#4448=CARTESIAN_POINT('',(3.32870819430522,1.75906657923575,4.16333634234434E-13));
#4449=CARTESIAN_POINT('Origin',(-5.82867087928207E-13,-7.13093342076415,
3.7470027081099E-13));
#4450=CARTESIAN_POINT('Origin',(0.838287483111488,-1.19969654786239,0.254000000000421));
#4451=CARTESIAN_POINT('',(0.838287483111461,-1.19969654786223,-0.253999999999595));
#4452=CARTESIAN_POINT('',(0.83828748311153,-4.14523760191338,-0.25399999999956));
#4453=CARTESIAN_POINT('',(0.838287483111461,-1.19969654786223,-0.253999999999595));
#4454=CARTESIAN_POINT('',(0.838287483111488,-1.19969654786239,0.254000000000421));
#4455=CARTESIAN_POINT('',(0.838287483111488,-1.19969654786239,0.254000000000421));
#4456=CARTESIAN_POINT('',(0.838287483111391,-4.14523760191338,0.254000000000434));
#4457=CARTESIAN_POINT('',(0.838287483111488,-1.19969654786239,0.254000000000421));
#4458=CARTESIAN_POINT('',(0.838287483111391,-4.14523760191338,0.254000000000434));
#4459=CARTESIAN_POINT('Origin',(-0.211343540897177,-1.19969654786217,0.254000000000379));
#4460=CARTESIAN_POINT('',(-1.26097456490595,-1.19969654786228,-0.253999999999602));
#4461=CARTESIAN_POINT('Origin',(-0.211343540897205,-1.19969654786234,-0.253999999999539));
#4462=CARTESIAN_POINT('',(-1.26097456490588,-1.19969654786206,0.254000000000379));
#4463=CARTESIAN_POINT('',(-1.26097456490588,-1.19969654786206,0.254000000000379));
#4464=CARTESIAN_POINT('Origin',(-0.211343540897177,-1.19969654786217,0.254000000000379));
#4465=CARTESIAN_POINT('Origin',(-1.26097456490588,-1.19969654786206,0.254000000000379));
#4466=CARTESIAN_POINT('',(-1.26097456490591,-4.14523760191338,-0.253999999999636));
#4467=CARTESIAN_POINT('',(-1.26097456490595,-1.19969654786228,-0.253999999999602));
#4468=CARTESIAN_POINT('',(-1.26097456490591,-4.14523760191327,0.254000000000525));
#4469=CARTESIAN_POINT('',(-1.26097456490591,-4.14523760191327,0.254000000000525));
#4470=CARTESIAN_POINT('',(-1.26097456490588,-1.19969654786206,0.254000000000379));
#4471=CARTESIAN_POINT('Origin',(-1.84286569668773,-4.14523760191327,0.254000000000469));
#4472=CARTESIAN_POINT('',(-1.83580653786376,-4.72708591335125,-0.25399999999963));
#4473=CARTESIAN_POINT('Origin',(-1.84286569668767,-4.14523760191349,-0.253999999999574));
#4474=CARTESIAN_POINT('',(-1.83580653786375,-4.72708591335103,0.254000000000316));
#4475=CARTESIAN_POINT('',(-1.83580653786375,-4.72708591335103,0.254000000000316));
#4476=CARTESIAN_POINT('Origin',(-1.84286569668773,-4.14523760191327,0.254000000000469));
#4477=CARTESIAN_POINT('Origin',(-1.83580653786375,-4.72708591335103,0.254000000000316));
#4478=CARTESIAN_POINT('',(-1.83580653786375,-5.23512873369497,-0.253999999999678));
#4479=CARTESIAN_POINT('',(-1.83580653786376,-4.72708591335125,-0.25399999999963));
#4480=CARTESIAN_POINT('',(-1.83580653786367,-5.23512873369519,0.254000000000434));
#4481=CARTESIAN_POINT('',(-1.83580653786367,-5.23512873369519,0.254000000000434));
#4482=CARTESIAN_POINT('',(-1.83580653786375,-4.72708591335103,0.254000000000316));
#4483=CARTESIAN_POINT('Origin',(-1.83580653786369,-4.14523760191321,0.254000000000434));
#4484=CARTESIAN_POINT('',(-0.745915406081959,-4.14523760191338,-0.253999999999643));
#4485=CARTESIAN_POINT('Origin',(-1.83580653786372,-4.14523760191338,-0.25399999999956));
#4486=CARTESIAN_POINT('',(-0.745915406081973,-4.14523760191321,0.254000000000476));
#4487=CARTESIAN_POINT('',(-0.745915406081973,-4.14523760191321,0.254000000000476));
#4488=CARTESIAN_POINT('Origin',(-1.83580653786369,-4.14523760191321,0.254000000000434));
#4489=CARTESIAN_POINT('Origin',(-0.74591540608189,-1.19969654786217,0.254000000000365));
#4490=CARTESIAN_POINT('',(-0.745915406081973,-1.19969654786239,-0.253999999999623));
#4491=CARTESIAN_POINT('',(-0.745915406081973,-1.19969654786239,-0.253999999999623));
#4492=CARTESIAN_POINT('',(-0.74591540608189,-1.19969654786217,0.254000000000365));
#4493=CARTESIAN_POINT('',(-0.74591540608189,-1.19969654786217,0.254000000000365));
#4494=CARTESIAN_POINT('',(-0.74591540608189,-1.19969654786217,0.254000000000365));
#4495=CARTESIAN_POINT('Origin',(-0.204284382073233,-1.19969654786223,0.254000000000407));
#4496=CARTESIAN_POINT('',(0.337346641935451,-1.19969654786223,-0.253999999999595));
#4497=CARTESIAN_POINT('Origin',(-0.204284382073275,-1.19969654786228,-0.253999999999567));
#4498=CARTESIAN_POINT('',(0.337346641935368,-1.19969654786223,0.254000000000344));
#4499=CARTESIAN_POINT('',(0.337346641935368,-1.19969654786223,0.254000000000344));
#4500=CARTESIAN_POINT('Origin',(-0.204284382073233,-1.19969654786223,0.254000000000407));
#4501=CARTESIAN_POINT('Origin',(0.337346641935368,-1.19969654786223,0.254000000000344));
#4502=CARTESIAN_POINT('',(0.337346641935396,-4.14523760191332,-0.253999999999588));
#4503=CARTESIAN_POINT('',(0.337346641935451,-1.19969654786223,-0.253999999999595));
#4504=CARTESIAN_POINT('',(0.337346641935368,-4.14523760191338,0.254000000000427));
#4505=CARTESIAN_POINT('',(0.337346641935368,-4.14523760191338,0.254000000000427));
#4506=CARTESIAN_POINT('',(0.337346641935368,-1.19969654786223,0.254000000000344));
#4507=CARTESIAN_POINT('Origin',(1.43901698549974,-4.14523760191332,0.254000000000525));
#4508=CARTESIAN_POINT('Origin',(1.43901698549982,-4.14523760191343,-0.253999999999685));
#4509=CARTESIAN_POINT('Origin',(1.43901698549974,-4.14523760191332,0.254000000000525));
#4510=CARTESIAN_POINT('Origin',(1.43195782667575,-4.14523760191343,0.254000000000421));
#4511=CARTESIAN_POINT('Origin',(1.43195782667585,-4.14523760191332,-0.253999999999623));
#4512=CARTESIAN_POINT('Origin',(1.43195782667575,-4.14523760191343,0.254000000000421));
#4513=CARTESIAN_POINT('Origin',(1.43195782667575,-4.14523760191343,0.254000000000421));
#4514=CARTESIAN_POINT('Origin',(1.43195782667585,-4.14523760191332,-0.253999999999623));
#4515=CARTESIAN_POINT('Origin',(1.42370819430521,0.489066579235808,-2.53999999999946));
#4516=CARTESIAN_POINT('',(3.32870819430521,0.489066579235753,-2.53999999999952));
#4517=CARTESIAN_POINT('Origin',(3.32870819430522,1.75906657923586,-2.53999999999955));
#4518=CARTESIAN_POINT('Origin',(5.34974456130061,-4.00660924548918,-2.53999999999961));
#4519=CARTESIAN_POINT('',(5.34974456130062,-5.85939242189321,-2.53999999999965));
#4520=CARTESIAN_POINT('',(5.34974456130061,-4.00660924548918,-2.53999999999961));
#4521=CARTESIAN_POINT('Origin',(3.08567182730964,-5.85939242189315,-2.53999999999959));
#4522=CARTESIAN_POINT('',(3.08567182730964,-5.85939242189315,-2.53999999999959));
#4523=CARTESIAN_POINT('Origin',(3.08567182730954,-4.00660924548923,-2.5399999999996));
#4524=CARTESIAN_POINT('',(3.08567182730954,-4.00660924548923,-2.5399999999996));
#4525=CARTESIAN_POINT('Origin',(3.08567182730954,-4.00660924548923,-2.5399999999996));
#4526=CARTESIAN_POINT('Origin',(-2.09333611727601,-13.9889334207644,0.317500000000373));
#4527=CARTESIAN_POINT('',(-2.09333611727595,-13.3539334207644,0.317500000000401));
#4528=CARTESIAN_POINT('',(-2.0933361172757,-7.13093342076449,0.317500000000442));
#4529=CARTESIAN_POINT('',(-2.09333611727601,-13.9889334207644,0.317500000000373));
#4530=CARTESIAN_POINT('',(-2.093336117276,-13.3539334207646,-0.317499999999582));
#4531=CARTESIAN_POINT('',(-2.093336117276,-13.3539334207646,-0.317499999999582));
#4532=CARTESIAN_POINT('',(-2.09333611727573,-7.13093342076465,-0.317499999999624));
#4533=CARTESIAN_POINT('',(-2.09333611727604,-13.9889334207643,-0.317499999999686));
#4534=CARTESIAN_POINT('',(-2.0933361172757,-7.13093342076449,0.317500000000442));
#4535=CARTESIAN_POINT('Origin',(-7.17333611727601,-13.9889334207646,0.317500000000394));
#4536=CARTESIAN_POINT('',(-1.83933611727556,0.489066579235808,0.317500000000387));
#4537=CARTESIAN_POINT('',(-3.74433611727569,0.489066579235753,0.317500000000415));
#4538=CARTESIAN_POINT('',(-7.17333611727566,0.489066579235697,0.317500000000338));
#4539=CARTESIAN_POINT('',(-3.74433611727568,1.7590665792358,0.317500000000304));
#4540=CARTESIAN_POINT('',(-3.74433611727605,-13.9889334207644,0.317500000000387));
#4541=CARTESIAN_POINT('',(-7.42733611727572,1.75906657923586,0.317500000000435));
#4542=CARTESIAN_POINT('',(-7.42733611727572,1.75906657923586,0.317500000000435));
#4543=CARTESIAN_POINT('',(-7.42733611727571,-7.1309334207646,0.317500000000442));
#4544=CARTESIAN_POINT('',(-7.42733611727572,1.75906657923586,0.317500000000435));
#4545=CARTESIAN_POINT('',(-7.17333611727575,-7.13093342076443,0.317500000000359));
#4546=CARTESIAN_POINT('',(-7.42733611727571,-7.1309334207646,0.317500000000442));
#4547=CARTESIAN_POINT('',(-7.17333611727598,-13.3539334207645,0.317500000000352));
#4548=CARTESIAN_POINT('',(-7.17333611727601,-13.9889334207646,0.317500000000394));
#4549=CARTESIAN_POINT('',(-6.53833611727607,-13.9889334207645,0.317500000000359));
#4550=CARTESIAN_POINT('',(-6.53833611727607,-13.9889334207645,0.317500000000359));
#4551=CARTESIAN_POINT('',(-2.72833611727601,-13.9889334207644,0.317500000000387));
#4552=CARTESIAN_POINT('',(-7.17333611727601,-13.9889334207646,0.317500000000394));
#4553=CARTESIAN_POINT('',(-2.72833611727601,-13.9889334207644,0.317500000000387));
#4554=CARTESIAN_POINT('',(-1.83933611727573,-7.13093342076454,0.317500000000456));
#4555=CARTESIAN_POINT('',(-7.42733611727571,-7.1309334207646,0.317500000000442));
#4556=CARTESIAN_POINT('',(-1.83933611727564,1.7590665792358,0.317500000000401));
#4557=CARTESIAN_POINT('',(-3.42735193162268,-4.00660924548923,0.31750000000054));
#4558=CARTESIAN_POINT('',(-5.69142466561393,-4.00660924548923,0.31750000000038));
#4559=CARTESIAN_POINT('',(-5.69142466561393,-4.00660924548923,0.31750000000038));
#4560=CARTESIAN_POINT('',(-3.42735193162268,-5.85939242189287,0.317500000000408));
#4561=CARTESIAN_POINT('',(-3.42735193162268,-4.00660924548923,0.31750000000054));
#4562=CARTESIAN_POINT('',(-5.69142466561393,-5.85939242189265,0.317500000000366));
#4563=CARTESIAN_POINT('',(-5.69142466561393,-5.85939242189265,0.317500000000366));
#4564=CARTESIAN_POINT('',(-5.69142466561393,-4.00660924548923,0.31750000000038));
#4565=CARTESIAN_POINT('Origin',(-7.17333611727601,-13.9889334207646,0.317500000000394));
#4566=CARTESIAN_POINT('',(-7.17333611727607,-13.3539334207645,-0.317499999999651));
#4567=CARTESIAN_POINT('',(-7.17333611727564,-7.13093342076471,-0.317499999999526));
#4568=CARTESIAN_POINT('',(-7.17333611727596,-13.9889334207644,-0.31749999999954));
#4569=CARTESIAN_POINT('',(-7.17333611727598,-13.3539334207645,0.317500000000352));
#4570=CARTESIAN_POINT('',(-7.17333611727575,-7.13093342076443,0.317500000000359));
#4571=CARTESIAN_POINT('Origin',(-7.17333611727596,-13.9889334207644,-0.31749999999954));
#4572=CARTESIAN_POINT('',(-3.74433611727561,1.75906657923575,-0.317499999999644));
#4573=CARTESIAN_POINT('',(-7.42733611727571,1.75906657923569,-0.317499999999693));
#4574=CARTESIAN_POINT('',(-1.83933611727569,1.75906657923569,-0.317499999999665));
#4575=CARTESIAN_POINT('',(-3.74433611727566,0.489066579235864,-0.31749999999961));
#4576=CARTESIAN_POINT('',(-3.74433611727606,-13.9889334207646,-0.317499999999533));
#4577=CARTESIAN_POINT('',(-1.83933611727563,0.489066579235864,-0.317499999999568));
#4578=CARTESIAN_POINT('',(-7.17333611727566,0.489066579235864,-0.317499999999554));
#4579=CARTESIAN_POINT('',(-1.83933611727567,-7.13093342076465,-0.317499999999526));
#4580=CARTESIAN_POINT('',(-1.83933611727569,1.75906657923569,-0.317499999999665));
#4581=CARTESIAN_POINT('',(-1.83933611727567,-7.13093342076465,-0.317499999999526));
#4582=CARTESIAN_POINT('',(-2.72833611727606,-13.9889334207645,-0.317499999999651));
#4583=CARTESIAN_POINT('',(-2.72833611727606,-13.9889334207645,-0.317499999999651));
#4584=CARTESIAN_POINT('',(-6.53833611727601,-13.9889334207646,-0.317499999999575));
#4585=CARTESIAN_POINT('',(-7.17333611727596,-13.9889334207644,-0.31749999999954));
#4586=CARTESIAN_POINT('',(-6.53833611727601,-13.9889334207646,-0.317499999999575));
#4587=CARTESIAN_POINT('',(-7.42733611727575,-7.13093342076471,-0.317499999999589));
#4588=CARTESIAN_POINT('',(-1.83933611727567,-7.13093342076465,-0.317499999999526));
#4589=CARTESIAN_POINT('',(-7.42733611727571,1.75906657923569,-0.317499999999693));
#4590=CARTESIAN_POINT('',(-5.69142466561391,-5.85939242189326,-0.31749999999961));
#4591=CARTESIAN_POINT('',(-3.42735193162271,-5.85939242189315,-0.317499999999568));
#4592=CARTESIAN_POINT('',(-7.17333611727568,-5.85939242189332,-0.31749999999961));
#4593=CARTESIAN_POINT('',(-3.42735193162272,-4.00660924548901,-0.317499999999582));
#4594=CARTESIAN_POINT('',(-3.42735193162305,-13.9889334207644,-0.31749999999961));
#4595=CARTESIAN_POINT('',(-5.69142466561387,-4.00660924548912,-0.31749999999952));
#4596=CARTESIAN_POINT('',(-7.17333611727565,-4.00660924548901,-0.317499999999596));
#4597=CARTESIAN_POINT('',(-5.69142466561432,-13.9889334207645,-0.317499999999575));
#4598=CARTESIAN_POINT('Origin',(-9.85322934354827E-13,-13.9889334207645,
4.44089209850063E-13));
#4599=CARTESIAN_POINT('',(-2.72833611727601,-13.9889334207644,0.317500000000387));
#4600=CARTESIAN_POINT('',(-6.53833611727601,-13.9889334207646,-0.317499999999575));
#4601=CARTESIAN_POINT('Origin',(-2.72833611727608,-13.9889334207647,3.53883589099269E-13));
#4602=CARTESIAN_POINT('Origin',(-6.53833611727608,-13.9889334207645,3.53883589099269E-13));
#4603=CARTESIAN_POINT('Origin',(-6.24500451351651E-13,-7.13093342076421,
4.78783679369599E-13));
#4604=CARTESIAN_POINT('',(-1.83933611727573,-7.13093342076454,0.317500000000456));
#4605=CARTESIAN_POINT('Origin',(-7.42733611727571,1.75906657923569,-0.317499999999693));
#4606=CARTESIAN_POINT('',(-7.42733611727575,-7.13093342076471,-0.317499999999589));
#4607=CARTESIAN_POINT('',(-7.42733611727571,1.75906657923569,-0.317499999999693));
#4608=CARTESIAN_POINT('Origin',(-1.83933611727564,1.7590665792358,0.317500000000401));
#4609=CARTESIAN_POINT('',(-1.83933611727567,0.489066579235864,-2.53999999999949));
#4610=CARTESIAN_POINT('Origin',(-5.82867087928207E-13,1.75906657923575,
4.44089209850063E-13));
#4611=CARTESIAN_POINT('',(-3.74433611727562,1.75906657923569,4.64905891561784E-13));
#4612=CARTESIAN_POINT('Origin',(-6.24500451351651E-13,-7.13093342076421,
4.78783679369599E-13));
#4613=CARTESIAN_POINT('Origin',(-3.74433611727572,0.489066579235808,-2.53999999999952));
#4614=CARTESIAN_POINT('',(-3.74433611727572,0.489066579235808,-2.53999999999952));
#4615=CARTESIAN_POINT('Origin',(-3.74433611727566,1.75906657923575,-2.53999999999953));
#4616=CARTESIAN_POINT('Origin',(-3.42735193162271,-4.00660924548929,-2.53999999999955));
#4617=CARTESIAN_POINT('',(-3.42735193162275,-5.85939242189321,-2.53999999999965));
#4618=CARTESIAN_POINT('',(-3.42735193162271,-4.00660924548929,-2.53999999999955));
#4619=CARTESIAN_POINT('Origin',(-5.69142466561391,-5.85939242189321,-2.53999999999966));
#4620=CARTESIAN_POINT('',(-5.69142466561391,-5.85939242189321,-2.53999999999966));
#4621=CARTESIAN_POINT('Origin',(-5.69142466561391,-4.00660924548923,-2.53999999999961));
#4622=CARTESIAN_POINT('',(-5.69142466561391,-4.00660924548923,-2.53999999999961));
#4623=CARTESIAN_POINT('Origin',(-5.69142466561391,-4.00660924548923,-2.53999999999961));
#4624=CARTESIAN_POINT('Origin',(8.44549999999984,-7.13093342076446,1.58750000000013));
#4625=CARTESIAN_POINT('',(8.44549999999987,0.870066579235593,1.58750000000011));
#4626=CARTESIAN_POINT('',(3.17499999999982,0.870066579235634,1.58750000000013));
#4627=CARTESIAN_POINT('',(8.44549999999987,0.870066579235593,1.58750000000011));
#4628=CARTESIAN_POINT('',(3.17499999999987,-7.13093342076439,1.58750000000009));
#4629=CARTESIAN_POINT('',(3.17499999999987,-7.13093342076439,1.58750000000009));
#4630=CARTESIAN_POINT('',(8.44549999999984,-7.13093342076446,1.58750000000013));
#4631=CARTESIAN_POINT('',(8.44549999999984,-7.13093342076446,1.58750000000013));
#4632=CARTESIAN_POINT('',(8.44549999999984,-7.13093342076446,1.58750000000013));
#4633=CARTESIAN_POINT('Origin',(8.44549999999985,0.870066579235607,-1.58749999999987));
#4634=CARTESIAN_POINT('',(8.4454999999998,-7.13093342076443,-1.5874999999998));
#4635=CARTESIAN_POINT('',(3.17499999999983,-7.13093342076454,-1.58749999999987));
#4636=CARTESIAN_POINT('',(8.4454999999998,-7.13093342076443,-1.5874999999998));
#4637=CARTESIAN_POINT('',(3.17499999999978,0.870066579235537,-1.58749999999994));
#4638=CARTESIAN_POINT('',(3.17499999999978,0.870066579235537,-1.58749999999994));
#4639=CARTESIAN_POINT('',(8.44549999999985,0.870066579235607,-1.58749999999987));
#4640=CARTESIAN_POINT('',(8.44549999999985,0.870066579235607,-1.58749999999987));
#4641=CARTESIAN_POINT('',(8.44549999999985,0.870066579235607,-1.58749999999987));
#4642=CARTESIAN_POINT('Origin',(9.52499999999981,4.55306657923558,-2.53999999999985));
#4643=CARTESIAN_POINT('',(-1.58750000000017,2.39406657923569,-2.53999999999992));
#4644=CARTESIAN_POINT('',(-2.22250000000018,2.39406657923558,-2.53999999999986));
#4645=CARTESIAN_POINT('',(9.52499999999974,2.39406657923547,-2.53999999999988));
#4646=CARTESIAN_POINT('',(-2.2225000000001,4.55306657923561,-2.53999999999979));
#4647=CARTESIAN_POINT('',(-2.2225000000001,-7.13093342076443,-2.53999999999982));
#4648=CARTESIAN_POINT('',(-1.5875000000002,4.55306657923563,-2.5399999999999));
#4649=CARTESIAN_POINT('',(9.52499999999981,4.55306657923558,-2.53999999999985));
#4650=CARTESIAN_POINT('',(-1.58750000000009,-7.13093342076432,-2.53999999999989));
#4651=CARTESIAN_POINT('Origin',(9.52499999999981,4.55306657923558,-2.53999999999985));
#4652=CARTESIAN_POINT('',(-2.8575000000001,4.55306657923561,-2.53999999999991));
#4653=CARTESIAN_POINT('',(-3.49250000000013,4.55306657923564,-2.53999999999983));
#4654=CARTESIAN_POINT('',(9.52499999999981,4.55306657923558,-2.53999999999985));
#4655=CARTESIAN_POINT('',(-2.85750000000023,2.39406657923559,-2.53999999999988));
#4656=CARTESIAN_POINT('',(-2.85750000000003,-7.13093342076443,-2.53999999999983));
#4657=CARTESIAN_POINT('',(-3.49250000000015,2.39406657923563,-2.53999999999976));
#4658=CARTESIAN_POINT('',(9.52499999999974,2.39406657923547,-2.53999999999988));
#4659=CARTESIAN_POINT('',(-3.49250000000015,-7.13093342076443,-2.53999999999988));
#4660=CARTESIAN_POINT('Origin',(9.52499999999981,4.55306657923558,-2.53999999999985));
#4661=CARTESIAN_POINT('',(8.57249999999983,2.39406657923553,-2.5399999999999));
#4662=CARTESIAN_POINT('',(7.93749999999981,2.39406657923549,-2.53999999999979));
#4663=CARTESIAN_POINT('',(9.52499999999974,2.39406657923547,-2.53999999999988));
#4664=CARTESIAN_POINT('',(7.93749999999982,4.55306657923556,-2.53999999999987));
#4665=CARTESIAN_POINT('',(7.93749999999977,-7.13093342076449,-2.5399999999999));
#4666=CARTESIAN_POINT('',(8.57249999999982,4.5530665792355,-2.53999999999989));
#4667=CARTESIAN_POINT('',(9.52499999999981,4.55306657923558,-2.53999999999985));
#4668=CARTESIAN_POINT('',(8.57249999999978,-7.13093342076444,-2.53999999999989));
#4669=CARTESIAN_POINT('Origin',(9.52499999999981,4.55306657923558,-2.53999999999985));
#4670=CARTESIAN_POINT('',(7.30249999999982,4.55306657923557,-2.53999999999988));
#4671=CARTESIAN_POINT('',(6.66749999999981,4.55306657923563,-2.53999999999993));
#4672=CARTESIAN_POINT('',(9.52499999999981,4.55306657923558,-2.53999999999985));
#4673=CARTESIAN_POINT('',(7.30249999999981,2.39406657923552,-2.53999999999986));
#4674=CARTESIAN_POINT('',(7.30249999999978,-7.13093342076444,-2.53999999999985));
#4675=CARTESIAN_POINT('',(6.66749999999979,2.39406657923552,-2.53999999999983));
#4676=CARTESIAN_POINT('',(9.52499999999974,2.39406657923547,-2.53999999999988));
#4677=CARTESIAN_POINT('',(6.66749999999976,-7.13093342076443,-2.53999999999976));
#4678=CARTESIAN_POINT('Origin',(9.52499999999981,4.55306657923558,-2.53999999999985));
#4679=CARTESIAN_POINT('',(9.52499999999974,2.39406657923547,-2.53999999999988));
#4680=CARTESIAN_POINT('',(9.20749999999978,2.39406657923549,-2.53999999999989));
#4681=CARTESIAN_POINT('',(9.52499999999974,2.39406657923547,-2.53999999999988));
#4682=CARTESIAN_POINT('',(9.20749999999977,4.55306657923557,-2.53999999999987));
#4683=CARTESIAN_POINT('',(9.20749999999978,-7.13093342076451,-2.53999999999991));
#4684=CARTESIAN_POINT('',(9.52499999999981,4.55306657923558,-2.53999999999985));
#4685=CARTESIAN_POINT('',(9.52499999999981,4.55306657923558,-2.53999999999985));
#4686=CARTESIAN_POINT('',(9.52499999999981,4.55306657923558,-2.53999999999985));
#4687=CARTESIAN_POINT('Origin',(9.52499999999981,4.55306657923558,-2.53999999999985));
#4688=CARTESIAN_POINT('',(3.49249999999983,2.39406657923563,-2.53999999999989));
#4689=CARTESIAN_POINT('',(2.85749999999982,2.39406657923549,-2.53999999999981));
#4690=CARTESIAN_POINT('',(9.52499999999974,2.39406657923547,-2.53999999999988));
#4691=CARTESIAN_POINT('',(2.85749999999989,4.5530665792356,-2.53999999999979));
#4692=CARTESIAN_POINT('',(2.85749999999996,-7.13093342076451,-2.53999999999988));
#4693=CARTESIAN_POINT('',(3.49249999999983,4.55306657923556,-2.53999999999985));
#4694=CARTESIAN_POINT('',(9.52499999999981,4.55306657923558,-2.53999999999985));
#4695=CARTESIAN_POINT('',(3.49249999999993,-7.13093342076444,-2.53999999999988));
#4696=CARTESIAN_POINT('Origin',(9.52499999999981,4.55306657923558,-2.53999999999985));
#4697=CARTESIAN_POINT('',(2.22249999999985,4.55306657923564,-2.53999999999986));
#4698=CARTESIAN_POINT('',(1.58749999999974,4.55306657923563,-2.53999999999981));
#4699=CARTESIAN_POINT('',(9.52499999999981,4.55306657923558,-2.53999999999985));
#4700=CARTESIAN_POINT('',(2.22249999999984,2.39406657923555,-2.53999999999985));
#4701=CARTESIAN_POINT('',(2.22249999999988,-7.13093342076443,-2.53999999999992));
#4702=CARTESIAN_POINT('',(1.58749999999984,2.3940665792356,-2.53999999999982));
#4703=CARTESIAN_POINT('',(9.52499999999974,2.39406657923547,-2.53999999999988));
#4704=CARTESIAN_POINT('',(1.58749999999996,-7.13093342076437,-2.53999999999986));
#4705=CARTESIAN_POINT('Origin',(9.52499999999981,4.55306657923558,-2.53999999999985));
#4706=CARTESIAN_POINT('',(6.03249999999982,4.55306657923563,-2.53999999999992));
#4707=CARTESIAN_POINT('',(5.39749999999982,4.55306657923565,-2.53999999999994));
#4708=CARTESIAN_POINT('',(9.52499999999981,4.55306657923558,-2.53999999999985));
#4709=CARTESIAN_POINT('',(6.0324999999998,2.39406657923558,-2.53999999999992));
#4710=CARTESIAN_POINT('',(6.03249999999978,-7.13093342076443,-2.53999999999988));
#4711=CARTESIAN_POINT('',(5.39749999999983,2.39406657923555,-2.53999999999988));
#4712=CARTESIAN_POINT('',(9.52499999999974,2.39406657923547,-2.53999999999988));
#4713=CARTESIAN_POINT('',(5.39749999999979,-7.13093342076439,-2.53999999999992));
#4714=CARTESIAN_POINT('Origin',(9.52499999999981,4.55306657923558,-2.53999999999985));
#4715=CARTESIAN_POINT('',(4.76249999999984,4.55306657923557,-2.53999999999986));
#4716=CARTESIAN_POINT('',(4.12749999999988,4.5530665792356,-2.53999999999981));
#4717=CARTESIAN_POINT('',(9.52499999999981,4.55306657923558,-2.53999999999985));
#4718=CARTESIAN_POINT('',(4.76249999999982,2.39406657923555,-2.53999999999989));
#4719=CARTESIAN_POINT('',(4.7624999999998,-7.13093342076439,-2.53999999999986));
#4720=CARTESIAN_POINT('',(4.12749999999976,2.39406657923563,-2.53999999999992));
#4721=CARTESIAN_POINT('',(9.52499999999974,2.39406657923547,-2.53999999999988));
#4722=CARTESIAN_POINT('',(4.12749999999989,-7.13093342076444,-2.53999999999985));
#4723=CARTESIAN_POINT('Origin',(9.52499999999981,4.55306657923558,-2.53999999999985));
#4724=CARTESIAN_POINT('',(-0.317500000000165,2.39406657923558,-2.53999999999993));
#4725=CARTESIAN_POINT('',(-0.952500000000203,2.39406657923563,-2.53999999999995));
#4726=CARTESIAN_POINT('',(9.52499999999974,2.39406657923547,-2.53999999999988));
#4727=CARTESIAN_POINT('',(-0.952500000000231,4.55306657923571,-2.53999999999982));
#4728=CARTESIAN_POINT('',(-0.952500000000092,-7.13093342076432,-2.53999999999983));
#4729=CARTESIAN_POINT('',(-0.317500000000179,4.55306657923571,-2.53999999999988));
#4730=CARTESIAN_POINT('',(9.52499999999981,4.55306657923558,-2.53999999999985));
#4731=CARTESIAN_POINT('',(-0.317500000000054,-7.13093342076435,-2.53999999999983));
#4732=CARTESIAN_POINT('Origin',(9.52499999999981,4.55306657923558,-2.53999999999985));
#4733=CARTESIAN_POINT('',(-6.66750000000022,2.39406657923563,-2.53999999999989));
#4734=CARTESIAN_POINT('',(-7.30250000000018,2.3940665792356,-2.53999999999986));
#4735=CARTESIAN_POINT('',(9.52499999999974,2.39406657923547,-2.53999999999988));
#4736=CARTESIAN_POINT('',(-7.30250000000007,4.55306657923563,-2.53999999999983));
#4737=CARTESIAN_POINT('',(-7.30250000000005,-7.1309334207644,-2.53999999999989));
#4738=CARTESIAN_POINT('',(-6.66750000000009,4.55306657923563,-2.53999999999992));
#4739=CARTESIAN_POINT('',(9.52499999999981,4.55306657923558,-2.53999999999985));
#4740=CARTESIAN_POINT('',(-6.66750000000005,-7.13093342076432,-2.54));
#4741=CARTESIAN_POINT('Origin',(9.52499999999981,4.55306657923558,-2.53999999999985));
#4742=CARTESIAN_POINT('',(-7.93750000000014,4.55306657923563,-2.53999999999994));
#4743=CARTESIAN_POINT('',(-8.57250000000014,4.55306657923545,-2.53999999999994));
#4744=CARTESIAN_POINT('',(9.52499999999981,4.55306657923558,-2.53999999999985));
#4745=CARTESIAN_POINT('',(-7.93750000000018,2.39406657923563,-2.53999999999982));
#4746=CARTESIAN_POINT('',(-7.93750000000007,-7.13093342076437,-2.53999999999994));
#4747=CARTESIAN_POINT('',(-8.5725000000002,2.39406657923551,-2.53999999999986));
#4748=CARTESIAN_POINT('',(9.52499999999974,2.39406657923547,-2.53999999999988));
#4749=CARTESIAN_POINT('',(-8.57250000000009,-7.13093342076449,-2.5399999999998));
#4750=CARTESIAN_POINT('Origin',(9.52499999999981,4.55306657923558,-2.53999999999985));
#4751=CARTESIAN_POINT('',(-4.1275000000001,4.55306657923557,-2.53999999999989));
#4752=CARTESIAN_POINT('',(-4.76250000000006,4.5530665792356,-2.5399999999999));
#4753=CARTESIAN_POINT('',(9.52499999999981,4.55306657923558,-2.53999999999985));
#4754=CARTESIAN_POINT('',(-4.12750000000015,2.3940665792356,-2.53999999999986));
#4755=CARTESIAN_POINT('',(-4.12750000000009,-7.13093342076443,-2.53999999999992));
#4756=CARTESIAN_POINT('',(-4.76250000000021,2.39406657923558,-2.53999999999988));
#4757=CARTESIAN_POINT('',(9.52499999999974,2.39406657923547,-2.53999999999988));
#4758=CARTESIAN_POINT('',(-4.7625000000001,-7.13093342076443,-2.53999999999992));
#4759=CARTESIAN_POINT('Origin',(9.52499999999981,4.55306657923558,-2.53999999999985));
#4760=CARTESIAN_POINT('',(-5.39750000000017,4.55306657923571,-2.53999999999992));
#4761=CARTESIAN_POINT('',(-6.03250000000025,4.55306657923565,-2.53999999999982));
#4762=CARTESIAN_POINT('',(9.52499999999981,4.55306657923558,-2.53999999999985));
#4763=CARTESIAN_POINT('',(-5.39750000000018,2.39406657923563,-2.53999999999988));
#4764=CARTESIAN_POINT('',(-5.39750000000003,-7.13093342076437,-2.53999999999989));
#4765=CARTESIAN_POINT('',(-6.03250000000016,2.39406657923563,-2.53999999999988));
#4766=CARTESIAN_POINT('',(9.52499999999974,2.39406657923547,-2.53999999999988));
#4767=CARTESIAN_POINT('',(-6.03250000000011,-7.13093342076433,-2.53999999999992));
#4768=CARTESIAN_POINT('Origin',(9.52499999999981,4.55306657923558,-2.53999999999985));
#4769=CARTESIAN_POINT('',(0.952499999999801,4.55306657923558,-2.53999999999985));
#4770=CARTESIAN_POINT('',(0.317499999999749,4.55306657923565,-2.53999999999985));
#4771=CARTESIAN_POINT('',(9.52499999999981,4.55306657923558,-2.53999999999985));
#4772=CARTESIAN_POINT('',(0.952499999999856,2.39406657923549,-2.53999999999991));
#4773=CARTESIAN_POINT('',(0.952499999999926,-7.13093342076443,-2.53999999999992));
#4774=CARTESIAN_POINT('',(0.317499999999832,2.39406657923562,-2.53999999999989));
#4775=CARTESIAN_POINT('',(9.52499999999974,2.39406657923547,-2.53999999999988));
#4776=CARTESIAN_POINT('',(0.317499999999873,-7.13093342076432,-2.53999999999992));
#4777=CARTESIAN_POINT('Origin',(9.52499999999981,4.55306657923563,2.54000000000013));
#4778=CARTESIAN_POINT('',(-2.85750000000008,2.3940665792356,2.54000000000019));
#4779=CARTESIAN_POINT('',(-3.49250000000015,2.39406657923562,2.54000000000011));
#4780=CARTESIAN_POINT('',(9.52499999999977,2.39406657923556,2.54000000000013));
#4781=CARTESIAN_POINT('',(-2.85750000000015,4.55306657923565,2.54000000000014));
#4782=CARTESIAN_POINT('',(-2.85750000000018,-7.13093342076432,2.54000000000014));
#4783=CARTESIAN_POINT('',(-3.49250000000015,4.55306657923567,2.54000000000017));
#4784=CARTESIAN_POINT('',(9.52499999999981,4.55306657923563,2.54000000000013));
#4785=CARTESIAN_POINT('',(-3.49250000000013,-7.13093342076437,2.54000000000011));
#4786=CARTESIAN_POINT('Origin',(9.52499999999981,4.55306657923563,2.54000000000013));
#4787=CARTESIAN_POINT('',(-4.12750000000015,2.39406657923563,2.54000000000015));
#4788=CARTESIAN_POINT('',(-4.76250000000014,2.3940665792356,2.54000000000015));
#4789=CARTESIAN_POINT('',(9.52499999999977,2.39406657923556,2.54000000000013));
#4790=CARTESIAN_POINT('',(-4.12750000000016,4.55306657923561,2.54000000000017));
#4791=CARTESIAN_POINT('',(-4.12750000000015,-7.13093342076432,2.54000000000011));
#4792=CARTESIAN_POINT('',(-4.76250000000014,4.55306657923556,2.54000000000015));
#4793=CARTESIAN_POINT('',(9.52499999999981,4.55306657923563,2.54000000000013));
#4794=CARTESIAN_POINT('',(-4.76250000000017,-7.13093342076443,2.54000000000013));
#4795=CARTESIAN_POINT('Origin',(9.52499999999981,4.55306657923563,2.54000000000013));
#4796=CARTESIAN_POINT('',(6.03249999999984,2.39406657923545,2.54000000000014));
#4797=CARTESIAN_POINT('',(5.3974999999998,2.39406657923558,2.54000000000019));
#4798=CARTESIAN_POINT('',(9.52499999999977,2.39406657923556,2.54000000000013));
#4799=CARTESIAN_POINT('',(6.03249999999983,4.55306657923549,2.54000000000024));
#4800=CARTESIAN_POINT('',(6.03249999999979,-7.13093342076449,2.54000000000008));
#4801=CARTESIAN_POINT('',(5.39749999999985,4.55306657923553,2.54000000000018));
#4802=CARTESIAN_POINT('',(9.52499999999981,4.55306657923563,2.54000000000013));
#4803=CARTESIAN_POINT('',(5.39749999999981,-7.13093342076443,2.54000000000019));
#4804=CARTESIAN_POINT('Origin',(9.52499999999981,4.55306657923563,2.54000000000013));
#4805=CARTESIAN_POINT('',(4.7624999999998,2.39406657923552,2.54000000000024));
#4806=CARTESIAN_POINT('',(4.12749999999989,2.39406657923552,2.54000000000022));
#4807=CARTESIAN_POINT('',(9.52499999999977,2.39406657923556,2.54000000000013));
#4808=CARTESIAN_POINT('',(4.76249999999981,4.55306657923565,2.54000000000014));
#4809=CARTESIAN_POINT('',(4.76249999999979,-7.13093342076443,2.54000000000004));
#4810=CARTESIAN_POINT('',(4.12749999999989,4.55306657923557,2.5400000000002));
#4811=CARTESIAN_POINT('',(9.52499999999981,4.55306657923563,2.54000000000013));
#4812=CARTESIAN_POINT('',(4.12749999999983,-7.13093342076443,2.54000000000017));
#4813=CARTESIAN_POINT('Origin',(9.52499999999981,4.55306657923563,2.54000000000013));
#4814=CARTESIAN_POINT('',(8.57249999999976,2.39406657923555,2.5400000000001));
#4815=CARTESIAN_POINT('',(7.93749999999981,2.39406657923559,2.54000000000015));
#4816=CARTESIAN_POINT('',(9.52499999999977,2.39406657923556,2.54000000000013));
#4817=CARTESIAN_POINT('',(8.5724999999998,4.55306657923554,2.54000000000008));
#4818=CARTESIAN_POINT('',(8.5724999999998,-7.13093342076437,2.54000000000017));
#4819=CARTESIAN_POINT('',(7.93749999999983,4.55306657923565,2.54000000000023));
#4820=CARTESIAN_POINT('',(9.52499999999981,4.55306657923563,2.54000000000013));
#4821=CARTESIAN_POINT('',(7.93749999999976,-7.13093342076444,2.54000000000015));
#4822=CARTESIAN_POINT('Origin',(9.52499999999981,4.55306657923563,2.54000000000013));
#4823=CARTESIAN_POINT('',(7.30249999999987,4.55306657923563,2.54000000000006));
#4824=CARTESIAN_POINT('',(6.66749999999978,4.55306657923557,2.54000000000013));
#4825=CARTESIAN_POINT('',(9.52499999999981,4.55306657923563,2.54000000000013));
#4826=CARTESIAN_POINT('',(6.6674999999998,2.39406657923555,2.54000000000009));
#4827=CARTESIAN_POINT('',(6.66749999999976,-7.13093342076443,2.54000000000013));
#4828=CARTESIAN_POINT('',(7.30249999999975,2.39406657923558,2.54000000000013));
#4829=CARTESIAN_POINT('',(9.52499999999977,2.39406657923556,2.54000000000013));
#4830=CARTESIAN_POINT('',(7.30249999999981,-7.13093342076457,2.54000000000008));
#4831=CARTESIAN_POINT('Origin',(9.52499999999981,4.55306657923563,2.54000000000013));
#4832=CARTESIAN_POINT('',(0.952499999999856,2.39406657923555,2.54000000000013));
#4833=CARTESIAN_POINT('',(0.317499999999887,2.39406657923552,2.54000000000012));
#4834=CARTESIAN_POINT('',(9.52499999999977,2.39406657923556,2.54000000000013));
#4835=CARTESIAN_POINT('',(0.952499999999884,4.55306657923557,2.54000000000012));
#4836=CARTESIAN_POINT('',(0.952499999999842,-7.13093342076443,2.54000000000015));
#4837=CARTESIAN_POINT('',(0.31749999999986,4.55306657923557,2.54000000000019));
#4838=CARTESIAN_POINT('',(9.52499999999981,4.55306657923563,2.54000000000013));
#4839=CARTESIAN_POINT('',(0.317499999999873,-7.13093342076443,2.54000000000019));
#4840=CARTESIAN_POINT('Origin',(9.52499999999981,4.55306657923563,2.54000000000013));
#4841=CARTESIAN_POINT('',(-0.317500000000109,2.39406657923545,2.54000000000019));
#4842=CARTESIAN_POINT('',(-0.952500000000134,2.39406657923549,2.54000000000019));
#4843=CARTESIAN_POINT('',(9.52499999999977,2.39406657923556,2.54000000000013));
#4844=CARTESIAN_POINT('',(-0.317500000000165,4.55306657923538,2.54000000000028));
#4845=CARTESIAN_POINT('',(-0.317500000000137,-7.1309334207646,2.54000000000016));
#4846=CARTESIAN_POINT('',(-0.952500000000148,4.55306657923538,2.54000000000017));
#4847=CARTESIAN_POINT('',(9.52499999999981,4.55306657923563,2.54000000000013));
#4848=CARTESIAN_POINT('',(-0.95250000000012,-7.13093342076457,2.54000000000022));
#4849=CARTESIAN_POINT('Origin',(9.52499999999981,4.55306657923563,2.54000000000013));
#4850=CARTESIAN_POINT('',(3.49249999999988,2.39406657923548,2.54000000000025));
#4851=CARTESIAN_POINT('',(2.85749999999985,2.39406657923556,2.54000000000017));
#4852=CARTESIAN_POINT('',(9.52499999999977,2.39406657923556,2.54000000000013));
#4853=CARTESIAN_POINT('',(3.49249999999987,4.55306657923564,2.54000000000014));
#4854=CARTESIAN_POINT('',(3.49249999999986,-7.13093342076449,2.5400000000001));
#4855=CARTESIAN_POINT('',(2.85749999999982,4.55306657923565,2.54000000000014));
#4856=CARTESIAN_POINT('',(9.52499999999981,4.55306657923563,2.54000000000013));
#4857=CARTESIAN_POINT('',(2.85749999999982,-7.13093342076451,2.54));
#4858=CARTESIAN_POINT('Origin',(9.52499999999981,4.55306657923563,2.54000000000013));
#4859=CARTESIAN_POINT('',(2.22249999999989,4.5530665792356,2.54000000000013));
#4860=CARTESIAN_POINT('',(1.58749999999987,4.55306657923558,2.5400000000002));
#4861=CARTESIAN_POINT('',(9.52499999999981,4.55306657923563,2.54000000000013));
#4862=CARTESIAN_POINT('',(1.58749999999984,2.39406657923549,2.54000000000014));
#4863=CARTESIAN_POINT('',(1.58749999999983,-7.13093342076446,2.54000000000022));
#4864=CARTESIAN_POINT('',(2.22249999999986,2.3940665792356,2.54000000000015));
#4865=CARTESIAN_POINT('',(9.52499999999977,2.39406657923556,2.54000000000013));
#4866=CARTESIAN_POINT('',(2.22249999999986,-7.13093342076443,2.5400000000001));
#4867=CARTESIAN_POINT('Origin',(9.52499999999981,4.55306657923563,2.54000000000013));
#4868=CARTESIAN_POINT('',(-1.5875000000001,4.5530665792356,2.54000000000017));
#4869=CARTESIAN_POINT('',(-2.22250000000014,4.55306657923564,2.54000000000021));
#4870=CARTESIAN_POINT('',(9.52499999999981,4.55306657923563,2.54000000000013));
#4871=CARTESIAN_POINT('',(-2.2225000000001,2.39406657923569,2.54000000000015));
#4872=CARTESIAN_POINT('',(-2.2225000000001,-7.13093342076435,2.54000000000017));
#4873=CARTESIAN_POINT('',(-1.58750000000014,2.39406657923569,2.54000000000013));
#4874=CARTESIAN_POINT('',(9.52499999999977,2.39406657923556,2.54000000000013));
#4875=CARTESIAN_POINT('',(-1.58750000000017,-7.13093342076443,2.54000000000016));
#4876=CARTESIAN_POINT('Origin',(9.52499999999981,4.55306657923563,2.54000000000013));
#4877=CARTESIAN_POINT('',(-7.93750000000013,2.3940665792356,2.5400000000002));
#4878=CARTESIAN_POINT('',(-8.57250000000009,2.39406657923558,2.5400000000001));
#4879=CARTESIAN_POINT('',(9.52499999999977,2.39406657923556,2.54000000000013));
#4880=CARTESIAN_POINT('',(-7.93750000000017,4.55306657923571,2.54000000000005));
#4881=CARTESIAN_POINT('',(-7.93750000000017,-7.13093342076432,2.5400000000001));
#4882=CARTESIAN_POINT('',(-8.57250000000014,4.55306657923563,2.54000000000019));
#4883=CARTESIAN_POINT('',(9.52499999999981,4.55306657923563,2.54000000000013));
#4884=CARTESIAN_POINT('',(-8.57250000000011,-7.13093342076432,2.54000000000021));
#4885=CARTESIAN_POINT('Origin',(9.52499999999981,4.55306657923563,2.54000000000013));
#4886=CARTESIAN_POINT('',(-9.20750000000009,2.39406657923563,2.54000000000017));
#4887=CARTESIAN_POINT('',(-9.52500000000007,2.39406657923555,2.5400000000001));
#4888=CARTESIAN_POINT('',(9.52499999999977,2.39406657923556,2.54000000000013));
#4889=CARTESIAN_POINT('',(-9.20750000000015,4.55306657923556,2.54000000000024));
#4890=CARTESIAN_POINT('',(-9.20750000000013,-7.13093342076435,2.54000000000017));
#4891=CARTESIAN_POINT('',(-9.52500000000012,4.55306657923565,2.54000000000014));
#4892=CARTESIAN_POINT('',(9.52499999999981,4.55306657923563,2.54000000000013));
#4893=CARTESIAN_POINT('',(-9.52500000000012,4.55306657923565,2.54000000000014));
#4894=CARTESIAN_POINT('Origin',(9.52499999999981,4.55306657923563,2.54000000000013));
#4895=CARTESIAN_POINT('',(-5.3975000000001,2.3940665792356,2.54000000000018));
#4896=CARTESIAN_POINT('',(-6.03250000000012,2.39406657923555,2.54000000000011));
#4897=CARTESIAN_POINT('',(9.52499999999977,2.39406657923556,2.54000000000013));
#4898=CARTESIAN_POINT('',(-5.39750000000013,4.55306657923563,2.54000000000016));
#4899=CARTESIAN_POINT('',(-5.39750000000015,-7.13093342076443,2.54000000000007));
#4900=CARTESIAN_POINT('',(-6.03250000000015,4.55306657923563,2.5400000000001));
#4901=CARTESIAN_POINT('',(9.52499999999981,4.55306657923563,2.54000000000013));
#4902=CARTESIAN_POINT('',(-6.03250000000015,-7.13093342076439,2.54000000000013));
#4903=CARTESIAN_POINT('Origin',(9.52499999999981,4.55306657923563,2.54000000000013));
#4904=CARTESIAN_POINT('',(-6.66750000000013,4.55306657923557,2.54000000000013));
#4905=CARTESIAN_POINT('',(-7.30250000000011,4.55306657923565,2.54000000000011));
#4906=CARTESIAN_POINT('',(9.52499999999981,4.55306657923563,2.54000000000013));
#4907=CARTESIAN_POINT('',(-7.30250000000013,2.39406657923563,2.54000000000014));
#4908=CARTESIAN_POINT('',(-7.30250000000013,-7.13093342076444,2.54000000000008));
#4909=CARTESIAN_POINT('',(-6.66750000000013,2.3940665792356,2.54000000000019));
#4910=CARTESIAN_POINT('',(9.52499999999977,2.39406657923556,2.54000000000013));
#4911=CARTESIAN_POINT('',(-6.66750000000013,-7.13093342076443,2.54000000000019));
#4912=CARTESIAN_POINT('Origin',(9.52499999999977,2.39406657923556,2.54000000000013));
#4913=CARTESIAN_POINT('',(-3.17500000000015,1.37806657923562,1.90500000000016));
#4914=CARTESIAN_POINT('',(3.17499999999983,1.37806657923539,1.90500000000023));
#4915=CARTESIAN_POINT('',(9.52499999999979,1.37806657923549,1.90500000000007));
#4916=CARTESIAN_POINT('',(3.17499999999986,2.39406657923562,2.54000000000014));
#4917=CARTESIAN_POINT('',(8.44549999999981,-0.14593342076448,0.952500000000099));
#4918=CARTESIAN_POINT('',(8.4454999999998,2.3940665792356,2.54000000000013));
#4919=CARTESIAN_POINT('',(9.5249999999998,-0.145933420764355,0.952500000000162));
#4920=CARTESIAN_POINT('',(9.5249999999998,-0.145933420764355,0.952500000000162));
#4921=CARTESIAN_POINT('',(9.52499999999977,2.39406657923556,2.54000000000013));
#4922=CARTESIAN_POINT('',(9.52499999999977,2.39406657923556,2.54000000000013));
#4923=CARTESIAN_POINT('',(9.20749999999981,2.39406657923555,2.54000000000028));
#4924=CARTESIAN_POINT('',(9.52499999999977,2.39406657923556,2.54000000000013));
#4925=CARTESIAN_POINT('Origin',(8.88999999999979,2.39406657923556,2.5400000000002));
#4926=CARTESIAN_POINT('Origin',(7.61999999999978,2.3940665792356,2.54000000000015));
#4927=CARTESIAN_POINT('Origin',(6.34999999999982,2.39406657923548,2.5400000000001));
#4928=CARTESIAN_POINT('Origin',(5.0799999999998,2.39406657923557,2.54000000000023));
#4929=CARTESIAN_POINT('Origin',(3.80999999999989,2.39406657923553,2.54000000000026));
#4930=CARTESIAN_POINT('Origin',(2.53999999999985,2.39406657923558,2.54000000000016));
#4931=CARTESIAN_POINT('Origin',(1.26999999999985,2.39406657923551,2.54000000000013));
#4932=CARTESIAN_POINT('Origin',(-1.11022302462516E-13,2.3940665792355,2.54000000000017));
#4933=CARTESIAN_POINT('Origin',(-1.27000000000014,2.39406657923561,2.54000000000017));
#4934=CARTESIAN_POINT('Origin',(-2.54000000000009,2.39406657923564,2.54000000000017));
#4935=CARTESIAN_POINT('Origin',(-3.81000000000015,2.39406657923561,2.54000000000012));
#4936=CARTESIAN_POINT('Origin',(-5.08000000000012,2.39406657923557,2.54000000000015));
#4937=CARTESIAN_POINT('Origin',(-6.35000000000013,2.39406657923559,2.54000000000016));
#4938=CARTESIAN_POINT('Origin',(-7.62000000000013,2.39406657923562,2.54000000000017));
#4939=CARTESIAN_POINT('Origin',(-8.89000000000009,2.39406657923558,2.54000000000012));
#4940=CARTESIAN_POINT('',(-9.52500000000019,-0.145933420764466,0.952500000000189));
#4941=CARTESIAN_POINT('',(-9.52500000000007,2.39406657923555,2.5400000000001));
#4942=CARTESIAN_POINT('',(-8.44550000000017,-0.145933420764494,0.952500000000231));
#4943=CARTESIAN_POINT('',(9.5249999999998,-0.145933420764355,0.952500000000162));
#4944=CARTESIAN_POINT('',(-8.44550000000012,0.870066579235468,1.58750000000017));
#4945=CARTESIAN_POINT('',(-8.44550000000013,2.39406657923566,2.54000000000017));
#4946=CARTESIAN_POINT('',(-3.17500000000016,0.870066579235648,1.58750000000021));
#4947=CARTESIAN_POINT('',(8.44549999999987,0.870066579235593,1.58750000000011));
#4948=CARTESIAN_POINT('',(-3.17500000000012,2.39406657923567,2.54000000000017));
#4949=CARTESIAN_POINT('Origin',(9.5249999999998,-0.145933420764355,0.952500000000162));
#4950=CARTESIAN_POINT('',(8.76855901807461,-4.57981538461497,0.952500000000148));
#4951=CARTESIAN_POINT('',(8.44549999999983,-4.57981538461494,0.952500000000141));
#4952=CARTESIAN_POINT('',(9.52499999999982,-4.57981538461494,0.952500000000099));
#4953=CARTESIAN_POINT('',(9.52499999999981,-3.0669334207645,0.952500000000106));
#4954=CARTESIAN_POINT('',(9.52499999999981,-3.0669334207645,0.952500000000106));
#4955=CARTESIAN_POINT('',(9.5249999999998,-0.145933420764355,0.952500000000162));
#4956=CARTESIAN_POINT('',(8.44549999999981,-0.14593342076448,0.952500000000099));
#4957=CARTESIAN_POINT('Origin',(9.52499999999982,-4.57981538461494,0.952500000000099));
#4958=CARTESIAN_POINT('',(8.44549999999981,-5.22593342076452,0.752773708320359));
#4959=CARTESIAN_POINT('',(8.44549999999983,-4.57981538461494,0.952500000000141));
#4960=CARTESIAN_POINT('',(9.36187178680417,-3.3931898471557,1.31930653526038));
#4961=CARTESIAN_POINT('Origin',(9.52499999999977,-4.57981538461477,-0.952499999999891));
#4962=CARTESIAN_POINT('',(8.76855901807458,-4.57981538461481,-0.952499999999898));
#4963=CARTESIAN_POINT('',(8.44549999999979,-4.57981538461477,-0.952499999999815));
#4964=CARTESIAN_POINT('',(9.52499999999977,-4.57981538461477,-0.952499999999891));
#4965=CARTESIAN_POINT('',(8.44549999999988,-5.22593342076427,-0.752773708320192));
#4966=CARTESIAN_POINT('',(9.36187178680423,-3.39318984715575,-1.31930653526019));
#4967=CARTESIAN_POINT('',(8.44549999999979,-4.57981538461477,-0.952499999999815));
#4968=CARTESIAN_POINT('Origin',(9.52499999999983,-0.145933420764438,-0.952499999999891));
#4969=CARTESIAN_POINT('',(9.52499999999981,-3.06693342076436,-0.952499999999836));
#4970=CARTESIAN_POINT('',(9.52499999999983,-0.145933420764438,-0.952499999999891));
#4971=CARTESIAN_POINT('',(9.52499999999983,-0.145933420764438,-0.952499999999891));
#4972=CARTESIAN_POINT('',(9.52499999999981,-3.06693342076436,-0.952499999999836));
#4973=CARTESIAN_POINT('',(8.44549999999985,-0.145933420764369,-0.952499999999891));
#4974=CARTESIAN_POINT('',(8.44549999999985,-0.145933420764369,-0.952499999999891));
#4975=CARTESIAN_POINT('',(9.52499999999983,-0.145933420764438,-0.952499999999891));
#4976=CARTESIAN_POINT('Origin',(9.52499999999974,2.39406657923547,-2.53999999999988));
#4977=CARTESIAN_POINT('',(3.17499999999975,1.37806657923556,-1.90499999999983));
#4978=CARTESIAN_POINT('',(3.1749999999998,2.39406657923558,-2.5399999999999));
#4979=CARTESIAN_POINT('',(-3.17500000000026,1.37806657923559,-1.90499999999984));
#4980=CARTESIAN_POINT('',(9.52499999999978,1.37806657923559,-1.90499999999991));
#4981=CARTESIAN_POINT('',(-3.17500000000029,0.870066579235496,-1.5874999999998));
#4982=CARTESIAN_POINT('',(-3.17500000000026,2.39406657923562,-2.53999999999992));
#4983=CARTESIAN_POINT('',(-8.44550000000022,0.870066579235607,-1.5874999999998));
#4984=CARTESIAN_POINT('',(8.44549999999985,0.870066579235607,-1.58749999999987));
#4985=CARTESIAN_POINT('',(-8.44550000000016,-0.145933420764355,-0.952499999999801));
#4986=CARTESIAN_POINT('',(-8.44550000000017,2.39406657923552,-2.53999999999986));
#4987=CARTESIAN_POINT('',(-9.52500000000017,-0.145933420764299,-0.952499999999815));
#4988=CARTESIAN_POINT('',(9.52499999999983,-0.145933420764438,-0.952499999999891));
#4989=CARTESIAN_POINT('',(-9.52500000000017,2.3940665792354,-2.53999999999985));
#4990=CARTESIAN_POINT('',(-9.52500000000017,2.3940665792354,-2.53999999999985));
#4991=CARTESIAN_POINT('',(-9.20750000000012,2.39406657923547,-2.53999999999988));
#4992=CARTESIAN_POINT('',(9.52499999999974,2.39406657923547,-2.53999999999988));
#4993=CARTESIAN_POINT('Origin',(-8.89000000000016,2.39406657923544,-2.53999999999984));
#4994=CARTESIAN_POINT('Origin',(-7.62000000000018,2.39406657923562,-2.53999999999984));
#4995=CARTESIAN_POINT('Origin',(-6.35000000000019,2.39406657923565,-2.53999999999989));
#4996=CARTESIAN_POINT('Origin',(-5.0800000000002,2.39406657923558,-2.53999999999987));
#4997=CARTESIAN_POINT('Origin',(-3.81000000000015,2.3940665792356,-2.5399999999998));
#4998=CARTESIAN_POINT('Origin',(-2.54000000000021,2.39406657923562,-2.53999999999989));
#4999=CARTESIAN_POINT('Origin',(-1.27000000000019,2.39406657923566,-2.53999999999994));
#5000=CARTESIAN_POINT('Origin',(-1.66533453693773E-13,2.3940665792356,-2.53999999999991));
#5001=CARTESIAN_POINT('Origin',(1.26999999999985,2.39406657923554,-2.53999999999986));
#5002=CARTESIAN_POINT('Origin',(2.53999999999983,2.39406657923552,-2.53999999999983));
#5003=CARTESIAN_POINT('Origin',(3.80999999999979,2.39406657923562,-2.5399999999999));
#5004=CARTESIAN_POINT('Origin',(5.07999999999982,2.39406657923552,-2.53999999999987));
#5005=CARTESIAN_POINT('Origin',(6.3499999999998,2.39406657923555,-2.53999999999987));
#5006=CARTESIAN_POINT('Origin',(7.61999999999981,2.39406657923551,-2.53999999999983));
#5007=CARTESIAN_POINT('Origin',(8.88999999999981,2.3940665792355,-2.53999999999988));
#5008=CARTESIAN_POINT('',(9.52499999999974,2.39406657923547,-2.53999999999988));
#5009=CARTESIAN_POINT('',(8.44549999999977,2.39406657923556,-2.53999999999985));
#5010=CARTESIAN_POINT('Origin',(9.52499999999981,4.55306657923558,-2.53999999999985));
#5011=CARTESIAN_POINT('',(-9.2075000000001,4.55306657923549,-2.53999999999988));
#5012=CARTESIAN_POINT('',(-9.52500000000012,4.55306657923543,-2.53999999999985));
#5013=CARTESIAN_POINT('',(9.52499999999981,4.55306657923558,-2.53999999999985));
#5014=CARTESIAN_POINT('',(-9.20750000000009,-7.13093342076449,-2.53999999999981));
#5015=CARTESIAN_POINT('',(-9.52500000000012,4.55306657923543,-2.53999999999985));
#5016=CARTESIAN_POINT('Origin',(9.52499999999981,4.55306657923563,2.54000000000013));
#5017=CARTESIAN_POINT('Origin',(-2.54000000000014,4.55306657923565,-2.53999999999994));
#5018=CARTESIAN_POINT('Origin',(-3.81000000000013,4.55306657923564,-2.53999999999987));
#5019=CARTESIAN_POINT('Origin',(-5.08000000000011,4.55306657923565,-2.53999999999983));
#5020=CARTESIAN_POINT('Origin',(-6.3500000000002,4.55306657923571,-2.53999999999983));
#5021=CARTESIAN_POINT('Origin',(-7.62000000000007,4.55306657923563,-2.5399999999999));
#5022=CARTESIAN_POINT('Origin',(-8.89000000000011,4.55306657923549,-2.53999999999983));
#5023=CARTESIAN_POINT('',(-9.52500000000012,4.55306657923565,2.54000000000014));
#5024=CARTESIAN_POINT('Origin',(-8.89000000000011,4.55306657923563,2.54000000000022));
#5025=CARTESIAN_POINT('Origin',(-7.62000000000013,4.55306657923565,2.54000000000021));
#5026=CARTESIAN_POINT('Origin',(-6.35000000000011,4.55306657923563,2.54000000000022));
#5027=CARTESIAN_POINT('Origin',(-5.0800000000001,4.55306657923556,2.54000000000008));
#5028=CARTESIAN_POINT('Origin',(-3.81000000000016,4.55306657923563,2.54000000000018));
#5029=CARTESIAN_POINT('Origin',(-2.54000000000018,4.55306657923557,2.54000000000019));
#5030=CARTESIAN_POINT('Origin',(-1.27000000000008,4.55306657923551,2.54000000000014));
#5031=CARTESIAN_POINT('Origin',(-1.66533453693773E-13,4.55306657923535,
2.54000000000013));
#5032=CARTESIAN_POINT('Origin',(1.26999999999985,4.55306657923554,2.54000000000019));
#5033=CARTESIAN_POINT('Origin',(2.53999999999988,4.5530665792356,2.54000000000021));
#5034=CARTESIAN_POINT('Origin',(3.80999999999988,4.55306657923556,2.54000000000022));
#5035=CARTESIAN_POINT('Origin',(5.07999999999982,4.55306657923554,2.54000000000017));
#5036=CARTESIAN_POINT('Origin',(6.34999999999977,4.5530665792356,2.54000000000021));
#5037=CARTESIAN_POINT('Origin',(7.61999999999981,4.55306657923554,2.54000000000025));
#5038=CARTESIAN_POINT('',(9.20749999999979,4.55306657923557,2.54000000000021));
#5039=CARTESIAN_POINT('Origin',(8.88999999999986,4.55306657923554,2.54000000000019));
#5040=CARTESIAN_POINT('',(9.52499999999981,4.55306657923563,2.54000000000013));
#5041=CARTESIAN_POINT('',(9.52499999999981,4.55306657923563,2.54000000000013));
#5042=CARTESIAN_POINT('',(9.52499999999981,4.55306657923563,2.54000000000013));
#5043=CARTESIAN_POINT('Origin',(8.8899999999998,4.55306657923547,-2.53999999999988));
#5044=CARTESIAN_POINT('Origin',(7.61999999999981,4.55306657923557,-2.53999999999995));
#5045=CARTESIAN_POINT('Origin',(6.34999999999982,4.55306657923558,-2.53999999999985));
#5046=CARTESIAN_POINT('Origin',(5.07999999999986,4.55306657923551,-2.53999999999986));
#5047=CARTESIAN_POINT('Origin',(3.80999999999981,4.55306657923553,-2.53999999999989));
#5048=CARTESIAN_POINT('Origin',(2.5399999999999,4.55306657923565,-2.54));
#5049=CARTESIAN_POINT('Origin',(1.2699999999998,4.55306657923551,-2.53999999999981));
#5050=CARTESIAN_POINT('Origin',(-2.08166817117217E-13,4.55306657923563,
-2.53999999999983));
#5051=CARTESIAN_POINT('Origin',(-1.27000000000022,4.55306657923565,-2.53999999999986));
#5052=CARTESIAN_POINT('',(-3.55600000000017,4.5530665792356,-1.01599999999992));
#5053=CARTESIAN_POINT('',(-7.36600000000014,4.55306657923565,-1.01599999999993));
#5054=CARTESIAN_POINT('',(-7.36600000000014,4.55306657923565,-1.01599999999993));
#5055=CARTESIAN_POINT('',(-3.55600000000016,4.55306657923554,1.01600000000013));
#5056=CARTESIAN_POINT('',(-3.55600000000017,4.5530665792356,-1.01599999999992));
#5057=CARTESIAN_POINT('',(-7.36600000000016,4.55306657923554,1.01600000000013));
#5058=CARTESIAN_POINT('',(-7.36600000000016,4.55306657923554,1.01600000000013));
#5059=CARTESIAN_POINT('',(-7.36600000000014,4.55306657923565,-1.01599999999993));
#5060=CARTESIAN_POINT('',(7.36599999999982,4.55306657923546,-1.0159999999999));
#5061=CARTESIAN_POINT('',(3.55599999999984,4.55306657923563,-1.01599999999989));
#5062=CARTESIAN_POINT('',(3.55599999999984,4.55306657923563,-1.01599999999989));
#5063=CARTESIAN_POINT('',(7.36599999999982,4.55306657923549,1.01600000000016));
#5064=CARTESIAN_POINT('',(7.36599999999982,4.55306657923546,-1.0159999999999));
#5065=CARTESIAN_POINT('',(3.55599999999987,4.55306657923565,1.0160000000001));
#5066=CARTESIAN_POINT('',(3.55599999999987,4.55306657923565,1.0160000000001));
#5067=CARTESIAN_POINT('',(3.55599999999984,4.55306657923563,-1.01599999999989));
#5068=CARTESIAN_POINT('',(0.441723807786926,4.55306657923557,-0.641031369770118));
#5069=CARTESIAN_POINT('',(0.0160160086417061,4.55306657923554,-0.973032571693039));
#5070=CARTESIAN_POINT('Ctrl Pts',(0.441723807786926,4.55306657923557,-0.641031369770118));
#5071=CARTESIAN_POINT('Ctrl Pts',(0.441473187824379,4.55306657923565,-0.652085053737164));
#5072=CARTESIAN_POINT('Ctrl Pts',(0.440974591295162,4.55306657923546,-0.67407583374246));
#5073=CARTESIAN_POINT('Ctrl Pts',(0.434686713778443,4.55306657923549,-0.706203851472978));
#5074=CARTESIAN_POINT('Ctrl Pts',(0.425237888993638,4.55306657923565,-0.737349661628334));
#5075=CARTESIAN_POINT('Ctrl Pts',(0.412247766984189,4.55306657923551,-0.767380813543966));
#5076=CARTESIAN_POINT('Ctrl Pts',(0.394860742052097,4.55306657923557,-0.796089026806154));
#5077=CARTESIAN_POINT('Ctrl Pts',(0.374053312106465,4.5530665792356,-0.823719055450922));
#5078=CARTESIAN_POINT('Ctrl Pts',(0.349277365746969,4.55306657923551,-0.850113150373769));
#5079=CARTESIAN_POINT('Ctrl Pts',(0.320886547794136,4.55306657923551,-0.87471505791388));
#5080=CARTESIAN_POINT('Ctrl Pts',(0.290399408598624,4.55306657923546,-0.898161215628309));
#5081=CARTESIAN_POINT('Ctrl Pts',(0.256986449402918,4.55306657923553,-0.918066129420525));
#5082=CARTESIAN_POINT('Ctrl Pts',(0.221655125172415,4.55306657923554,-0.935087190771615));
#5083=CARTESIAN_POINT('Ctrl Pts',(0.184366319620349,4.55306657923551,-0.949123413472544));
#5084=CARTESIAN_POINT('Ctrl Pts',(0.144999022713463,4.55306657923551,-0.959682125870137));
#5085=CARTESIAN_POINT('Ctrl Pts',(0.103738199748432,4.55306657923565,-0.967263325194118));
#5086=CARTESIAN_POINT('Ctrl Pts',(0.0605051721004613,4.55306657923551,-0.972003240198444));
#5087=CARTESIAN_POINT('Ctrl Pts',(0.0310098865532737,4.55306657923557,-0.972685663152659));
#5088=CARTESIAN_POINT('Ctrl Pts',(0.0160160086417061,4.55306657923554,-0.973032571693039));
#5089=CARTESIAN_POINT('',(-0.426652260589161,4.55306657923549,-0.647391546052006));
#5090=CARTESIAN_POINT('Ctrl Pts',(0.0160160086417061,4.55306657923554,-0.973032571693039));
#5091=CARTESIAN_POINT('Ctrl Pts',(-0.00808476200774011,4.55306657923546,
-0.972191128957828));
#5092=CARTESIAN_POINT('Ctrl Pts',(-0.0551591724889805,4.5530665792356,-0.970547595591564));
#5093=CARTESIAN_POINT('Ctrl Pts',(-0.12302247937937,4.55306657923557,-0.956152439838487));
#5094=CARTESIAN_POINT('Ctrl Pts',(-0.186110838513096,4.55306657923564,-0.933184741725768));
#5095=CARTESIAN_POINT('Ctrl Pts',(-0.234333746402804,4.5530665792355,-0.905769058545572));
#5096=CARTESIAN_POINT('Ctrl Pts',(-0.269943684108168,4.55306657923551,-0.878705700930987));
#5097=CARTESIAN_POINT('Ctrl Pts',(-0.295390213402524,4.55306657923564,-0.855070162506508));
#5098=CARTESIAN_POINT('Ctrl Pts',(-0.320379283980737,4.55306657923554,-0.828803645339764));
#5099=CARTESIAN_POINT('Ctrl Pts',(-0.343266907599074,4.55306657923546,-0.798288342195752));
#5100=CARTESIAN_POINT('Ctrl Pts',(-0.366413550635714,4.55306657923565,-0.76559080717558));
#5101=CARTESIAN_POINT('Ctrl Pts',(-0.387486214036267,4.55306657923543,-0.729048866433754));
#5102=CARTESIAN_POINT('Ctrl Pts',(-0.4079632660169,4.5530665792356,-0.689615732736903));
#5103=CARTESIAN_POINT('Ctrl Pts',(-0.420301950786295,4.55306657923551,-0.661738848983989));
#5104=CARTESIAN_POINT('Ctrl Pts',(-0.426652260589161,4.55306657923549,-0.647391546052006));
#5105=CARTESIAN_POINT('',(-0.616609525546402,4.5530665792356,-0.647391546051979));
#5106=CARTESIAN_POINT('',(-0.426652260589161,4.55306657923549,-0.647391546052006));
#5107=CARTESIAN_POINT('',(0.0134719381288534,4.55306657923557,-1.19012658878703));
#5108=CARTESIAN_POINT('Ctrl Pts',(-0.616609525546402,4.5530665792356,-0.647391546051979));
#5109=CARTESIAN_POINT('Ctrl Pts',(-0.611463273467908,4.55306657923545,-0.668698810170523));
#5110=CARTESIAN_POINT('Ctrl Pts',(-0.601402771583382,4.55306657923551,-0.710352768730549));
#5111=CARTESIAN_POINT('Ctrl Pts',(-0.580419000961688,4.5530665792356,-0.769865731243033));
#5112=CARTESIAN_POINT('Ctrl Pts',(-0.557559451391548,4.55306657923549,-0.826183289417408));
#5113=CARTESIAN_POINT('Ctrl Pts',(-0.530109850059537,4.55306657923554,-0.878250914937928));
#5114=CARTESIAN_POINT('Ctrl Pts',(-0.500168841551379,4.55306657923551,-0.927115013257276));
#5115=CARTESIAN_POINT('Ctrl Pts',(-0.465865100432075,4.55306657923558,-0.971667293292608));
#5116=CARTESIAN_POINT('Ctrl Pts',(-0.428781268213579,4.55306657923543,-1.01304084859902));
#5117=CARTESIAN_POINT('Ctrl Pts',(-0.387763322683476,4.5530665792356,-1.04975790178838));
#5118=CARTESIAN_POINT('Ctrl Pts',(-0.344747417786423,4.55306657923546,-1.0830063380228));
#5119=CARTESIAN_POINT('Ctrl Pts',(-0.299127433460944,4.5530665792355,-1.11135458698704));
#5120=CARTESIAN_POINT('Ctrl Pts',(-0.251821207288755,4.5530665792356,-1.13574109848129));
#5121=CARTESIAN_POINT('Ctrl Pts',(-0.202500979267467,4.55306657923551,-1.15583142918684));
#5122=CARTESIAN_POINT('Ctrl Pts',(-0.151019913529907,4.5530665792356,-1.17096591254694));
#5123=CARTESIAN_POINT('Ctrl Pts',(-0.0978434270454548,4.55306657923554,
-1.18194645688038));
#5124=CARTESIAN_POINT('Ctrl Pts',(-0.0428321674523086,4.55306657923554,
-1.1890772735719));
#5125=CARTESIAN_POINT('Ctrl Pts',(-0.00548957694768149,4.55306657923565,
-1.18977321124801));
#5126=CARTESIAN_POINT('Ctrl Pts',(0.0134719381288534,4.55306657923557,-1.19012658878703));
#5127=CARTESIAN_POINT('',(0.631681072744208,4.5530665792356,-0.640183346265734));
#5128=CARTESIAN_POINT('Ctrl Pts',(0.0134719381288534,4.55306657923557,-1.19012658878703));
#5129=CARTESIAN_POINT('Ctrl Pts',(0.0410991202409589,4.5530665792356,-1.18929248287707));
#5130=CARTESIAN_POINT('Ctrl Pts',(0.0957508554305792,4.55306657923557,-1.18764246532793));
#5131=CARTESIAN_POINT('Ctrl Pts',(0.176040888586332,4.55306657923553,-1.17257516326681));
#5132=CARTESIAN_POINT('Ctrl Pts',(0.253466631567181,4.55306657923558,-1.14873234512879));
#5133=CARTESIAN_POINT('Ctrl Pts',(0.327180605246558,4.55306657923554,-1.11578871014592));
#5134=CARTESIAN_POINT('Ctrl Pts',(0.395650800197656,4.55306657923557,-1.07515638266222));
#5135=CARTESIAN_POINT('Ctrl Pts',(0.456572208373321,4.5530665792356,-1.02679675606396));
#5136=CARTESIAN_POINT('Ctrl Pts',(0.509119069669023,4.5530665792354,-0.971642892783564));
#5137=CARTESIAN_POINT('Ctrl Pts',(0.553202812349107,4.55306657923549,-0.910723675314605));
#5138=CARTESIAN_POINT('Ctrl Pts',(0.587719597491154,4.55306657923546,-0.845617724399644));
#5139=CARTESIAN_POINT('Ctrl Pts',(0.613171832881204,4.55306657923565,-0.778610010315386));
#5140=CARTESIAN_POINT('Ctrl Pts',(0.628666849485135,4.55306657923546,-0.7098594847611));
#5141=CARTESIAN_POINT('Ctrl Pts',(0.63067499574658,4.5530665792356,-0.663439606402777));
#5142=CARTESIAN_POINT('Ctrl Pts',(0.631681072744208,4.5530665792356,-0.640183346265734));
#5143=CARTESIAN_POINT('',(0.384482221248636,4.55306657923551,-0.204723276821223));
#5144=CARTESIAN_POINT('Ctrl Pts',(0.631681072744208,4.5530665792356,-0.640183346265734));
#5145=CARTESIAN_POINT('Ctrl Pts',(0.630977377206229,4.5530665792356,-0.61780304661041));
#5146=CARTESIAN_POINT('Ctrl Pts',(0.629600354238979,4.55306657923565,-0.574008273197035));
#5147=CARTESIAN_POINT('Ctrl Pts',(0.617908065637052,4.55306657923557,-0.510071939213347));
#5148=CARTESIAN_POINT('Ctrl Pts',(0.598231373326291,4.55306657923553,-0.449812495233286));
#5149=CARTESIAN_POINT('Ctrl Pts',(0.570974897862481,4.5530665792356,-0.392976268615744));
#5150=CARTESIAN_POINT('Ctrl Pts',(0.53569215081245,4.55306657923554,-0.339923627389327));
#5151=CARTESIAN_POINT('Ctrl Pts',(0.492951996026392,4.5530665792356,-0.290535207678633));
#5152=CARTESIAN_POINT('Ctrl Pts',(0.442452767238352,4.5530665792356,-0.24459195490574));
#5153=CARTESIAN_POINT('Ctrl Pts',(0.404184076148062,4.55306657923549,-0.218273035534858));
#5154=CARTESIAN_POINT('Ctrl Pts',(0.384482221248636,4.55306657923551,-0.204723276821223));
#5155=CARTESIAN_POINT('',(0.61387257915449,4.55306657923549,-0.0240942704110569));
#5156=CARTESIAN_POINT('Ctrl Pts',(0.384482221248636,4.55306657923551,-0.204723276821223));
#5157=CARTESIAN_POINT('Ctrl Pts',(0.40699856806202,4.5530665792356,-0.1938507635557));
#5158=CARTESIAN_POINT('Ctrl Pts',(0.451609963452185,4.55306657923554,-0.172309170143818));
#5159=CARTESIAN_POINT('Ctrl Pts',(0.512419093217309,4.55306657923551,-0.130063069169115));
#5160=CARTESIAN_POINT('Ctrl Pts',(0.567620474980782,4.55306657923554,-0.0812851829122413));
#5161=CARTESIAN_POINT('Ctrl Pts',(0.598405105044955,4.55306657923549,-0.043219864245464));
#5162=CARTESIAN_POINT('Ctrl Pts',(0.61387257915449,4.55306657923549,-0.0240942704110569));
#5163=CARTESIAN_POINT('',(0.740228081291233,4.55306657923551,0.352004153734306));
#5164=CARTESIAN_POINT('Ctrl Pts',(0.61387257915449,4.55306657923549,-0.0240942704110569));
#5165=CARTESIAN_POINT('Ctrl Pts',(0.624057581434453,4.55306657923549,-0.010149820628684));
#5166=CARTESIAN_POINT('Ctrl Pts',(0.644260799530103,4.55306657923553,0.0175107289159121));
#5167=CARTESIAN_POINT('Ctrl Pts',(0.669198479465755,4.55306657923551,0.061982757903048));
#5168=CARTESIAN_POINT('Ctrl Pts',(0.691822086689026,4.55306657923551,0.106947706183178));
#5169=CARTESIAN_POINT('Ctrl Pts',(0.70945102885335,4.55306657923546,0.153610775541685));
#5170=CARTESIAN_POINT('Ctrl Pts',(0.723102843559448,4.55306657923549,0.201431121921093));
#5171=CARTESIAN_POINT('Ctrl Pts',(0.732861301152063,4.55306657923549,0.250490856680122));
#5172=CARTESIAN_POINT('Ctrl Pts',(0.738923519684728,4.55306657923546,0.300830041670017));
#5173=CARTESIAN_POINT('Ctrl Pts',(0.739791686855437,4.55306657923554,0.334885684470002));
#5174=CARTESIAN_POINT('Ctrl Pts',(0.740228081291233,4.55306657923551,0.352004153734306));
#5175=CARTESIAN_POINT('',(0.00795978535113318,4.55306657923568,1.03508708642666));
#5176=CARTESIAN_POINT('Ctrl Pts',(0.740228081291233,4.55306657923551,0.352004153734306));
#5177=CARTESIAN_POINT('Ctrl Pts',(0.739142827877751,4.55306657923549,0.381643366071424));
#5178=CARTESIAN_POINT('Ctrl Pts',(0.736977428270544,4.55306657923557,0.440782308138724));
#5179=CARTESIAN_POINT('Ctrl Pts',(0.717622583332106,4.55306657923563,0.528155115983711));
#5180=CARTESIAN_POINT('Ctrl Pts',(0.687618385388541,4.55306657923565,0.613562919741184));
#5181=CARTESIAN_POINT('Ctrl Pts',(0.645008714589126,4.55306657923563,0.695251036808793));
#5182=CARTESIAN_POINT('Ctrl Pts',(0.59307931639288,4.55306657923568,0.771681076747036));
#5183=CARTESIAN_POINT('Ctrl Pts',(0.531298458437454,4.55306657923565,0.840065320784275));
#5184=CARTESIAN_POINT('Ctrl Pts',(0.460368106684622,4.55306657923558,0.898847333882666));
#5185=CARTESIAN_POINT('Ctrl Pts',(0.38126183333205,4.5530665792356,0.947960186087421));
#5186=CARTESIAN_POINT('Ctrl Pts',(0.295556712772524,4.55306657923563,0.987220072366214));
#5187=CARTESIAN_POINT('Ctrl Pts',(0.203889569041035,4.55306657923571,1.01446909732579));
#5188=CARTESIAN_POINT('Ctrl Pts',(0.107581203071597,4.55306657923563,1.03221643998408));
#5189=CARTESIAN_POINT('Ctrl Pts',(0.0415367897898949,4.55306657923565,1.03411954640811));
#5190=CARTESIAN_POINT('Ctrl Pts',(0.00795978535113318,4.55306657923568,
1.03508708642666));
#5191=CARTESIAN_POINT('',(-0.698019781956605,4.55306657923554,0.410941787281259));
#5192=CARTESIAN_POINT('Ctrl Pts',(0.00795978535113318,4.55306657923568,
1.03508708642666));
#5193=CARTESIAN_POINT('Ctrl Pts',(-0.0146699819629226,4.55306657923563,
1.03456202412268));
#5194=CARTESIAN_POINT('Ctrl Pts',(-0.0591978178863528,4.55306657923563,
1.03352887659638));
#5195=CARTESIAN_POINT('Ctrl Pts',(-0.124659362148463,4.55306657923557,1.02646610349186));
#5196=CARTESIAN_POINT('Ctrl Pts',(-0.187144389859437,4.55306657923565,1.01356652889568));
#5197=CARTESIAN_POINT('Ctrl Pts',(-0.246737384753712,4.55306657923565,0.996207863269427));
#5198=CARTESIAN_POINT('Ctrl Pts',(-0.303491287715507,4.55306657923568,0.974199524011246));
#5199=CARTESIAN_POINT('Ctrl Pts',(-0.35723291322777,4.55306657923565,0.946792501874572));
#5200=CARTESIAN_POINT('Ctrl Pts',(-0.408292896451876,4.55306657923565,0.914551736348024));
#5201=CARTESIAN_POINT('Ctrl Pts',(-0.456189405001237,4.55306657923568,0.877096661817345));
#5202=CARTESIAN_POINT('Ctrl Pts',(-0.500916729280654,4.55306657923564,0.83519794682161));
#5203=CARTESIAN_POINT('Ctrl Pts',(-0.54128623393411,4.55306657923571,0.788111783650611));
#5204=CARTESIAN_POINT('Ctrl Pts',(-0.577970965856253,4.55306657923571,0.736708591755578));
#5205=CARTESIAN_POINT('Ctrl Pts',(-0.609988656886509,4.55306657923563,0.680391314911419));
#5206=CARTESIAN_POINT('Ctrl Pts',(-0.638797671087529,4.55306657923546,0.619887754557874));
#5207=CARTESIAN_POINT('Ctrl Pts',(-0.662492821059985,4.55306657923546,0.554423186488975));
#5208=CARTESIAN_POINT('Ctrl Pts',(-0.683348379235241,4.55306657923546,0.484582849381299));
#5209=CARTESIAN_POINT('Ctrl Pts',(-0.693044807612606,4.55306657923554,0.435912977941551));
#5210=CARTESIAN_POINT('Ctrl Pts',(-0.698019781956605,4.55306657923554,0.410941787281259));
#5211=CARTESIAN_POINT('',(-0.508062516999294,4.55306657923543,0.410941787281183));
#5212=CARTESIAN_POINT('',(-0.698019781956605,4.55306657923554,0.410941787281259));
#5213=CARTESIAN_POINT('',(-0.342273921913883,4.55306657923565,0.703509896255637));
#5214=CARTESIAN_POINT('Ctrl Pts',(-0.508062516999294,4.55306657923543,0.410941787281183));
#5215=CARTESIAN_POINT('Ctrl Pts',(-0.503113574080658,4.55306657923551,0.427239523877077));
#5216=CARTESIAN_POINT('Ctrl Pts',(-0.493487450235142,4.55306657923543,0.458940037188944));
#5217=CARTESIAN_POINT('Ctrl Pts',(-0.477101850947334,4.55306657923549,0.504563460144783));
#5218=CARTESIAN_POINT('Ctrl Pts',(-0.458433895933266,4.55306657923551,0.546387616142646));
#5219=CARTESIAN_POINT('Ctrl Pts',(-0.438407472377153,4.55306657923547,0.584719313719811));
#5220=CARTESIAN_POINT('Ctrl Pts',(-0.417374793115793,4.5530665792354,0.619936052352936));
#5221=CARTESIAN_POINT('Ctrl Pts',(-0.393840528866624,4.55306657923571,0.651106611244928));
#5222=CARTESIAN_POINT('Ctrl Pts',(-0.369547760134661,4.55306657923563,0.679600090676621));
#5223=CARTESIAN_POINT('Ctrl Pts',(-0.351235960726948,4.55306657923568,0.695653260754631));
#5224=CARTESIAN_POINT('Ctrl Pts',(-0.342273921913883,4.55306657923565,0.703509896255637));
#5225=CARTESIAN_POINT('',(0.0113518793681822,4.55306657923563,0.817993069332563));
#5226=CARTESIAN_POINT('Ctrl Pts',(-0.342273921913883,4.55306657923565,0.703509896255637));
#5227=CARTESIAN_POINT('Ctrl Pts',(-0.330422658967683,4.55306657923565,0.712646841034025));
#5228=CARTESIAN_POINT('Ctrl Pts',(-0.306756715225592,4.55306657923558,0.730892526922752));
#5229=CARTESIAN_POINT('Ctrl Pts',(-0.268192118323199,4.55306657923567,0.754176845133639));
#5230=CARTESIAN_POINT('Ctrl Pts',(-0.227633830071308,4.55306657923563,0.77435232235995));
#5231=CARTESIAN_POINT('Ctrl Pts',(-0.18420305089964,4.5530665792357,0.789763890721655));
#5232=CARTESIAN_POINT('Ctrl Pts',(-0.138836975434584,4.55306657923561,0.802813237960893));
#5233=CARTESIAN_POINT('Ctrl Pts',(-0.0908023307467642,4.55306657923571,
0.811352790007713));
#5234=CARTESIAN_POINT('Ctrl Pts',(-0.0405228994458245,4.55306657923565,
0.817211826962948));
#5235=CARTESIAN_POINT('Ctrl Pts',(-0.00619191867277935,4.55306657923571,
0.817728856960596));
#5236=CARTESIAN_POINT('Ctrl Pts',(0.0113518793681822,4.55306657923563,0.817993069332563));
#5237=CARTESIAN_POINT('',(0.55027081633402,4.55306657923551,0.370236659076234));
#5238=CARTESIAN_POINT('Ctrl Pts',(0.0113518793681822,4.55306657923563,0.817993069332563));
#5239=CARTESIAN_POINT('Ctrl Pts',(0.0311599500174009,4.55306657923565,0.81762059330219));
#5240=CARTESIAN_POINT('Ctrl Pts',(0.0698929222014422,4.5530665792356,0.816892248579462));
#5241=CARTESIAN_POINT('Ctrl Pts',(0.126410860939494,4.55306657923565,0.810194083010515));
#5242=CARTESIAN_POINT('Ctrl Pts',(0.180178698276912,4.55306657923568,0.800439023451283));
#5243=CARTESIAN_POINT('Ctrl Pts',(0.230599467670456,4.55306657923565,0.785372600509024));
#5244=CARTESIAN_POINT('Ctrl Pts',(0.278333631639857,4.55306657923565,0.766757514151645));
#5245=CARTESIAN_POINT('Ctrl Pts',(0.322712057840471,4.55306657923565,0.743384430863789));
#5246=CARTESIAN_POINT('Ctrl Pts',(0.364317322062185,4.55306657923564,0.715961670635555));
#5247=CARTESIAN_POINT('Ctrl Pts',(0.402616533915323,4.55306657923564,0.684792750885954));
#5248=CARTESIAN_POINT('Ctrl Pts',(0.437055007506432,4.55306657923565,0.650671180051243));
#5249=CARTESIAN_POINT('Ctrl Pts',(0.467377475038167,4.55306657923571,0.614982322760665));
#5250=CARTESIAN_POINT('Ctrl Pts',(0.493155246504257,4.55306657923565,0.577876654438099));
#5251=CARTESIAN_POINT('Ctrl Pts',(0.513949124742341,4.55306657923564,0.53914883845519));
#5252=CARTESIAN_POINT('Ctrl Pts',(0.530368743257459,4.55306657923571,0.498959247656423));
#5253=CARTESIAN_POINT('Ctrl Pts',(0.541546678839516,4.55306657923563,0.457195098475263));
#5254=CARTESIAN_POINT('Ctrl Pts',(0.549318785605615,4.55306657923551,0.414198180342329));
#5255=CARTESIAN_POINT('Ctrl Pts',(0.549951736779755,4.55306657923554,0.384970661030035));
#5256=CARTESIAN_POINT('Ctrl Pts',(0.55027081633402,4.55306657923551,0.370236659076234));
#5257=CARTESIAN_POINT('',(-0.101011234947976,4.55306657923551,-0.0775197511802897));
#5258=CARTESIAN_POINT('Ctrl Pts',(0.55027081633402,4.55306657923551,0.370236659076234));
#5259=CARTESIAN_POINT('Ctrl Pts',(0.549345348268407,4.55306657923554,0.350514563664375));
#5260=CARTESIAN_POINT('Ctrl Pts',(0.547499017137354,4.55306657923546,0.311168507240354));
#5261=CARTESIAN_POINT('Ctrl Pts',(0.533402876237099,4.55306657923546,0.253282164704188));
#5262=CARTESIAN_POINT('Ctrl Pts',(0.510216991692528,4.55306657923549,0.197508958133773));
#5263=CARTESIAN_POINT('Ctrl Pts',(0.47775790152052,4.55306657923546,0.144800456527316));
#5264=CARTESIAN_POINT('Ctrl Pts',(0.438245341815996,4.55306657923549,0.0959502684564767));
#5265=CARTESIAN_POINT('Ctrl Pts',(0.392062755286943,4.5530665792355,0.052364181433992));
#5266=CARTESIAN_POINT('Ctrl Pts',(0.338826636223089,4.55306657923546,0.0163989358815606));
#5267=CARTESIAN_POINT('Ctrl Pts',(0.289828905903039,4.55306657923546,-0.00844991822618324));
#5268=CARTESIAN_POINT('Ctrl Pts',(0.246428073155253,4.55306657923553,-0.0254056732182581));
#5269=CARTESIAN_POINT('Ctrl Pts',(0.209286388281077,4.55306657923558,-0.0366995802899492));
#5270=CARTESIAN_POINT('Ctrl Pts',(0.167705013859959,4.55306657923557,-0.0462630768179734));
#5271=CARTESIAN_POINT('Ctrl Pts',(0.122186793348633,4.55306657923554,-0.0551604981685952));
#5272=CARTESIAN_POINT('Ctrl Pts',(0.0723887529283651,4.55306657923557,-0.0627329325270792));
#5273=CARTESIAN_POINT('Ctrl Pts',(0.0183651071034296,4.55306657923564,-0.0690477449052027));
#5274=CARTESIAN_POINT('Ctrl Pts',(-0.0398950915813934,4.5530665792356,-0.0741005553812138));
#5275=CARTESIAN_POINT('Ctrl Pts',(-0.0802273680766685,4.55306657923551,
-0.0763569796704971));
#5276=CARTESIAN_POINT('Ctrl Pts',(-0.101011234947976,4.55306657923551,-0.0775197511802897));
#5277=CARTESIAN_POINT('',(-0.101011234948004,4.55306657923551,-0.294613768274291));
#5278=CARTESIAN_POINT('',(-0.101011234947976,4.55306657923551,-0.0775197511802897));
#5279=CARTESIAN_POINT('Ctrl Pts',(-0.101011234948004,4.55306657923551,-0.294613768274291));
#5280=CARTESIAN_POINT('Ctrl Pts',(-0.0748243394885911,4.55306657923558,
-0.295058149572328));
#5281=CARTESIAN_POINT('Ctrl Pts',(-0.0235306441891681,4.55306657923558,
-0.295928583371449));
#5282=CARTESIAN_POINT('Ctrl Pts',(0.0513959115465978,4.55306657923551,-0.306456284895992));
#5283=CARTESIAN_POINT('Ctrl Pts',(0.123044057456917,4.55306657923554,-0.321019331386813));
#5284=CARTESIAN_POINT('Ctrl Pts',(0.189825944286098,4.55306657923563,-0.343326090521762));
#5285=CARTESIAN_POINT('Ctrl Pts',(0.250694451883832,4.5530665792356,-0.369234270051061));
#5286=CARTESIAN_POINT('Ctrl Pts',(0.303502020761987,4.55306657923563,-0.399382987234354));
#5287=CARTESIAN_POINT('Ctrl Pts',(0.34750881935143,4.55306657923551,-0.432895716540656));
#5288=CARTESIAN_POINT('Ctrl Pts',(0.38250099115808,4.5530665792356,-0.470289723142961));
#5289=CARTESIAN_POINT('Ctrl Pts',(0.408825810387675,4.55306657923558,-0.510394537573372));
#5290=CARTESIAN_POINT('Ctrl Pts',(0.428073445021548,4.55306657923565,-0.552193659127211));
#5291=CARTESIAN_POINT('Ctrl Pts',(0.439443166131662,4.55306657923564,-0.59605344836005));
#5292=CARTESIAN_POINT('Ctrl Pts',(0.440960917077224,4.55306657923558,-0.625985938013648));
#5293=CARTESIAN_POINT('Ctrl Pts',(0.441723807786926,4.55306657923557,-0.641031369770118));
#5294=CARTESIAN_POINT('Origin',(9.52499999999981,4.55306657923563,2.54000000000013));
#5295=CARTESIAN_POINT('',(9.2074999999998,-7.13093342076443,2.54000000000018));
#5296=CARTESIAN_POINT('',(9.52499999999981,4.55306657923563,2.54000000000013));
#5297=CARTESIAN_POINT('Origin',(9.5249999999998,-0.145933420764355,0.952500000000162));
#5298=CARTESIAN_POINT('',(-9.52500000000012,-3.06693342076447,0.952500000000162));
#5299=CARTESIAN_POINT('',(-9.52500000000019,-0.145933420764466,0.952500000000189));
#5300=CARTESIAN_POINT('',(-8.76855901807484,-4.57981538461499,0.952500000000176));
#5301=CARTESIAN_POINT('',(-8.2550000000001,-5.60693342076446,0.952500000000155));
#5302=CARTESIAN_POINT('',(-8.44550000000008,-4.57981538461502,0.952500000000134));
#5303=CARTESIAN_POINT('',(9.52499999999982,-4.57981538461494,0.952500000000099));
#5304=CARTESIAN_POINT('',(-8.44550000000017,-0.145933420764494,0.952500000000231));
#5305=CARTESIAN_POINT('Origin',(9.52499999999982,-4.57981538461494,0.952500000000099));
#5306=CARTESIAN_POINT('',(-8.44550000000015,-5.22593342076444,0.75277370832047));
#5307=CARTESIAN_POINT('',(-8.10911987774156,-5.89869366528185,0.544811847933854));
#5308=CARTESIAN_POINT('',(-8.44550000000008,-4.57981538461502,0.952500000000134));
#5309=CARTESIAN_POINT('Origin',(9.52499999999977,-4.57981538461477,-0.952499999999891));
#5310=CARTESIAN_POINT('',(-8.44550000000009,-4.57981538461488,-0.952499999999828));
#5311=CARTESIAN_POINT('',(-8.44550000000017,-5.22593342076444,-0.752773708320123));
#5312=CARTESIAN_POINT('',(-8.44550000000009,-4.57981538461488,-0.952499999999828));
#5313=CARTESIAN_POINT('',(-8.76855901807479,-4.57981538461494,-0.952499999999912));
#5314=CARTESIAN_POINT('',(-8.25500000000015,-5.60693342076446,-0.634999999999858));
#5315=CARTESIAN_POINT('',(9.52499999999977,-4.57981538461477,-0.952499999999891));
#5316=CARTESIAN_POINT('Origin',(9.52499999999983,-0.145933420764438,-0.952499999999891));
#5317=CARTESIAN_POINT('',(-9.52500000000015,-3.06693342076431,-0.952499999999842));
#5318=CARTESIAN_POINT('',(-8.25500000000001,-5.6069334207644,-0.952499999999828));
#5319=CARTESIAN_POINT('',(-9.52500000000017,-0.145933420764299,-0.952499999999815));
#5320=CARTESIAN_POINT('',(-8.44550000000016,-0.145933420764355,-0.952499999999801));
#5321=CARTESIAN_POINT('Origin',(9.5249999999998,5.55111512312578E-13,1.2490009027033E-13));
#5322=CARTESIAN_POINT('',(9.52499999999985,-3.06693342076445,1.17961196366423E-13));
#5323=CARTESIAN_POINT('Origin',(-9.52500000000022,5.27355936696949E-13,
8.32667268468867E-14));
#5324=CARTESIAN_POINT('',(-9.5250000000001,-3.0669334207645,0.635000000000156));
#5325=CARTESIAN_POINT('Origin',(8.44549999999986,5.82867087928207E-13,1.66533453693773E-13));
#5326=CARTESIAN_POINT('',(8.4454999999998,-7.13093342076443,-1.5874999999998));
#5327=CARTESIAN_POINT('',(8.44549999999983,-5.22593342076443,1.80411241501588E-13));
#5328=CARTESIAN_POINT('Origin',(-8.4455000000002,4.85722573273506E-13,9.71445146547012E-14));
#5329=CARTESIAN_POINT('',(-8.44550000000017,-5.22593342076463,-0.634999999999851));
#5330=CARTESIAN_POINT('',(-8.44550000000013,-7.13093342076443,-1.58749999999987));
#5331=CARTESIAN_POINT('',(-8.44550000000022,0.870066579235607,-1.5874999999998));
#5332=CARTESIAN_POINT('',(-8.44550000000012,-7.13093342076443,1.58750000000014));
#5333=CARTESIAN_POINT('',(-8.44550000000013,-7.13093342076443,-1.58749999999987));
#5334=CARTESIAN_POINT('',(-8.44550000000012,-7.13093342076443,1.58750000000014));
#5335=CARTESIAN_POINT('Origin',(8.44549999999984,-7.13093342076446,1.58750000000013));
#5336=CARTESIAN_POINT('',(-3.17500000000012,-7.13093342076432,1.58750000000017));
#5337=CARTESIAN_POINT('',(8.44549999999984,-7.13093342076446,1.58750000000013));
#5338=CARTESIAN_POINT('',(-3.17500000000012,-7.13093342076432,1.58750000000017));
#5339=CARTESIAN_POINT('Origin',(8.4454999999998,-7.13093342076443,-1.5874999999998));
#5340=CARTESIAN_POINT('',(-3.17500000000018,-7.13093342076449,-1.58749999999987));
#5341=CARTESIAN_POINT('',(8.4454999999998,-7.13093342076443,-1.5874999999998));
#5342=CARTESIAN_POINT('',(-3.17500000000018,-7.13093342076432,-1.90499999999985));
#5343=CARTESIAN_POINT('',(-3.17500000000012,-7.13093342076437,1.90500000000011));
#5344=CARTESIAN_POINT('',(3.1749999999998,-7.13093342076443,-1.90499999999987));
#5345=CARTESIAN_POINT('',(-3.17500000000018,-7.13093342076432,-1.90499999999985));
#5346=CARTESIAN_POINT('',(3.1749999999999,-7.1309334207646,1.90500000000007));
#5347=CARTESIAN_POINT('',(3.1749999999999,-7.1309334207646,1.90500000000007));
#5348=CARTESIAN_POINT('',(3.1749999999999,-7.1309334207646,1.90500000000007));
#5349=CARTESIAN_POINT('',(-3.17500000000012,-7.13093342076437,1.90500000000011));
#5350=CARTESIAN_POINT('',(-3.17500000000012,-7.13093342076437,1.90500000000011));
#5351=CARTESIAN_POINT('',(-3.17500000000012,-7.13093342076437,1.90500000000011));
#5352=CARTESIAN_POINT('Origin',(8.44549999999985,0.870066579235607,-1.58749999999987));
#5353=CARTESIAN_POINT('',(-3.17500000000029,0.870066579235496,-1.5874999999998));
#5354=CARTESIAN_POINT('Origin',(-6.35000000000012,-7.13093342076437,2.54000000000017));
#5355=CARTESIAN_POINT('Origin',(-5.08000000000014,-7.13093342076446,2.5400000000001));
#5356=CARTESIAN_POINT('Origin',(-8.89000000000012,-7.13093342076432,2.54000000000014));
#5357=CARTESIAN_POINT('Origin',(-7.62000000000021,-7.13093342076437,2.54000000000013));
#5358=CARTESIAN_POINT('Origin',(-1.27000000000015,-7.13093342076449,2.54000000000004));
#5359=CARTESIAN_POINT('Origin',(2.53999999999985,-7.13093342076443,2.54000000000014));
#5360=CARTESIAN_POINT('Origin',(3.80999999999983,-7.13093342076444,2.54000000000017));
#5361=CARTESIAN_POINT('Origin',(-1.80411241501588E-13,-7.13093342076465,
2.54000000000015));
#5362=CARTESIAN_POINT('Origin',(1.26999999999981,-7.13093342076446,2.54000000000014));
#5363=CARTESIAN_POINT('Origin',(7.61999999999982,-7.13093342076449,2.54000000000018));
#5364=CARTESIAN_POINT('Origin',(8.88999999999978,-7.13093342076443,2.54000000000003));
#5365=CARTESIAN_POINT('Origin',(5.07999999999978,-7.1309334207645,2.54000000000013));
#5366=CARTESIAN_POINT('Origin',(6.3499999999998,-7.13093342076443,2.54000000000014));
#5367=CARTESIAN_POINT('Origin',(-3.81000000000013,-7.13093342076439,2.54000000000024));
#5368=CARTESIAN_POINT('Origin',(-2.54000000000014,-7.13093342076443,2.54000000000013));
#5369=CARTESIAN_POINT('Origin',(-6.93889390390723E-14,-7.13093342076432,
-2.53999999999986));
#5370=CARTESIAN_POINT('Origin',(-6.35000000000008,-7.1309334207644,-2.53999999999983));
#5371=CARTESIAN_POINT('Origin',(-5.08000000000004,-7.13093342076437,-2.53999999999982));
#5372=CARTESIAN_POINT('Origin',(-8.89000000000008,-7.13093342076454,-2.53999999999992));
#5373=CARTESIAN_POINT('Origin',(-7.62000000000004,-7.1309334207644,-2.53999999999986));
#5374=CARTESIAN_POINT('Origin',(-1.27000000000009,-7.13093342076432,-2.53999999999989));
#5375=CARTESIAN_POINT('Origin',(3.8099999999999,-7.13093342076443,-2.53999999999984));
#5376=CARTESIAN_POINT('Origin',(5.07999999999978,-7.13093342076443,-2.53999999999982));
#5377=CARTESIAN_POINT('Origin',(1.26999999999987,-7.13093342076454,-2.53999999999991));
#5378=CARTESIAN_POINT('Origin',(2.53999999999989,-7.13093342076449,-2.53999999999994));
#5379=CARTESIAN_POINT('Origin',(8.88999999999976,-7.13093342076443,-2.53999999999985));
#5380=CARTESIAN_POINT('Origin',(6.34999999999979,-7.13093342076444,-2.5399999999999));
#5381=CARTESIAN_POINT('Origin',(7.61999999999978,-7.1309334207645,-2.5399999999999));
#5382=CARTESIAN_POINT('Origin',(-3.81000000000009,-7.13093342076439,-2.53999999999993));
#5383=CARTESIAN_POINT('Origin',(-2.54000000000011,-7.13093342076443,-2.53999999999994));
#5384=CARTESIAN_POINT('Origin',(-3.17500000000022,2.14006657923554,1.90500000000014));
#5385=CARTESIAN_POINT('',(-3.17500000000029,2.14006657923568,-1.90499999999981));
#5386=CARTESIAN_POINT('Origin',(3.17499999999978,2.14006657923549,1.90500000000013));
#5387=CARTESIAN_POINT('',(3.17499999999978,2.14006657923557,-1.90499999999982));
#5388=CARTESIAN_POINT('Origin',(-3.17500000000029,2.14006657923568,-1.90499999999981));
#5389=CARTESIAN_POINT('Origin',(-3.17500000000022,2.14006657923554,1.90500000000014));
#5390=CARTESIAN_POINT('',(-3.17500000000022,2.14006657923554,1.90500000000014));
#5391=CARTESIAN_POINT('',(3.17499999999978,2.14006657923549,1.90500000000013));
#5392=CARTESIAN_POINT('Origin',(3.17499999999978,2.14006657923549,1.90500000000013));
#5393=CARTESIAN_POINT('Origin',(-3.17500000000022,2.14006657923554,1.90500000000014));
#5394=CARTESIAN_POINT('Origin',(7.3659999999998,4.29906657923548,-1.01599999999987));
#5395=CARTESIAN_POINT('',(7.3659999999998,4.29906657923548,-1.01599999999987));
#5396=CARTESIAN_POINT('',(7.3659999999998,4.29906657923548,-1.01599999999987));
#5397=CARTESIAN_POINT('',(7.36599999999978,4.29906657923543,1.0160000000001));
#5398=CARTESIAN_POINT('',(7.3659999999998,4.29906657923548,-1.01599999999987));
#5399=CARTESIAN_POINT('',(7.36599999999978,4.29906657923543,1.0160000000001));
#5400=CARTESIAN_POINT('Origin',(3.55599999999988,4.29906657923562,1.01600000000016));
#5401=CARTESIAN_POINT('',(3.55599999999988,4.29906657923562,1.01600000000016));
#5402=CARTESIAN_POINT('',(3.55599999999988,4.29906657923562,1.01600000000016));
#5403=CARTESIAN_POINT('',(3.55599999999988,4.29906657923562,1.01600000000016));
#5404=CARTESIAN_POINT('Origin',(3.55599999999984,4.29906657923559,-1.0159999999999));
#5405=CARTESIAN_POINT('',(3.55599999999984,4.29906657923559,-1.0159999999999));
#5406=CARTESIAN_POINT('',(3.55599999999984,4.29906657923559,-1.0159999999999));
#5407=CARTESIAN_POINT('',(3.55599999999984,4.29906657923559,-1.0159999999999));
#5408=CARTESIAN_POINT('Origin',(3.55599999999984,4.29906657923559,-1.0159999999999));
#5409=CARTESIAN_POINT('',(3.55599999999984,4.29906657923559,-1.0159999999999));
#5410=CARTESIAN_POINT('Origin',(-1.2490009027033E-13,4.29906657923548,1.11022302462516E-13));
#5411=CARTESIAN_POINT('Origin',(-3.55600000000014,4.29906657923548,-1.01599999999992));
#5412=CARTESIAN_POINT('',(-3.55600000000014,4.29906657923548,-1.01599999999992));
#5413=CARTESIAN_POINT('',(-3.55600000000014,4.29906657923548,-1.01599999999992));
#5414=CARTESIAN_POINT('',(-3.55600000000017,4.29906657923551,1.01600000000016));
#5415=CARTESIAN_POINT('',(-3.55600000000014,4.29906657923548,-1.01599999999992));
#5416=CARTESIAN_POINT('',(-3.55600000000017,4.29906657923551,1.01600000000016));
#5417=CARTESIAN_POINT('Origin',(-7.36600000000012,4.29906657923561,1.01600000000016));
#5418=CARTESIAN_POINT('',(-7.36600000000012,4.29906657923561,1.01600000000016));
#5419=CARTESIAN_POINT('',(-7.36600000000012,4.29906657923561,1.01600000000016));
#5420=CARTESIAN_POINT('',(-7.36600000000012,4.29906657923561,1.01600000000016));
#5421=CARTESIAN_POINT('Origin',(-7.36600000000014,4.29906657923562,-1.01599999999988));
#5422=CARTESIAN_POINT('',(-7.36600000000014,4.29906657923562,-1.01599999999988));
#5423=CARTESIAN_POINT('',(-7.36600000000014,4.29906657923562,-1.01599999999988));
#5424=CARTESIAN_POINT('',(-7.36600000000014,4.29906657923562,-1.01599999999988));
#5425=CARTESIAN_POINT('Origin',(-7.36600000000014,4.29906657923562,-1.01599999999988));
#5426=CARTESIAN_POINT('',(-7.36600000000014,4.29906657923562,-1.01599999999988));
#5427=CARTESIAN_POINT('Origin',(-1.2490009027033E-13,4.29906657923548,1.11022302462516E-13));
#5428=CARTESIAN_POINT('Origin',(-8.25500000000015,-5.60693342076446,-0.634999999999858));
#5429=CARTESIAN_POINT('Origin',(9.52499999999985,-3.06693342076445,1.17961196366423E-13));
#5430=CARTESIAN_POINT('Ctrl Pts',(0.0160160086416922,4.80706657923557,-0.973032571693157));
#5431=CARTESIAN_POINT('Ctrl Pts',(0.0160160086416918,4.50226657923536,-0.973032571693157));
#5432=CARTESIAN_POINT('Ctrl Pts',(-0.00808476200774011,4.80706657923555,
-0.972191128957828));
#5433=CARTESIAN_POINT('Ctrl Pts',(-0.00808476200774052,4.50226657923533,
-0.972191128957828));
#5434=CARTESIAN_POINT('Ctrl Pts',(-0.0551591724890499,4.8070665792356,-0.970547595591634));
#5435=CARTESIAN_POINT('Ctrl Pts',(-0.0551591724890503,4.50226657923538,
-0.970547595591634));
#5436=CARTESIAN_POINT('Ctrl Pts',(-0.123022479379439,4.80706657923552,-0.95615243983839));
#5437=CARTESIAN_POINT('Ctrl Pts',(-0.12302247937944,4.5022665792353,-0.95615243983839));
#5438=CARTESIAN_POINT('Ctrl Pts',(-0.186110838512998,4.80706657923546,-0.933184741725816));
#5439=CARTESIAN_POINT('Ctrl Pts',(-0.186110838512999,4.50226657923524,-0.933184741725817));
#5440=CARTESIAN_POINT('Ctrl Pts',(-0.234333746402762,4.80706657923549,-0.905769058545572));
#5441=CARTESIAN_POINT('Ctrl Pts',(-0.234333746402763,4.50226657923527,-0.905769058545572));
#5442=CARTESIAN_POINT('Ctrl Pts',(-0.269943684108195,4.80706657923552,-0.878705700930987));
#5443=CARTESIAN_POINT('Ctrl Pts',(-0.269943684108196,4.5022665792353,-0.878705700930988));
#5444=CARTESIAN_POINT('Ctrl Pts',(-0.295390213402483,4.80706657923549,-0.855070162506397));
#5445=CARTESIAN_POINT('Ctrl Pts',(-0.295390213402483,4.50226657923527,-0.855070162506397));
#5446=CARTESIAN_POINT('Ctrl Pts',(-0.320379283980682,4.80706657923546,-0.828803645339715));
#5447=CARTESIAN_POINT('Ctrl Pts',(-0.320379283980682,4.50226657923524,-0.828803645339715));
#5448=CARTESIAN_POINT('Ctrl Pts',(-0.34326690759906,4.80706657923551,-0.798288342195724));
#5449=CARTESIAN_POINT('Ctrl Pts',(-0.343266907599061,4.50226657923529,-0.798288342195725));
#5450=CARTESIAN_POINT('Ctrl Pts',(-0.36641355063563,4.80706657923552,-0.765590807175615));
#5451=CARTESIAN_POINT('Ctrl Pts',(-0.366413550635631,4.5022665792353,-0.765590807175615));
#5452=CARTESIAN_POINT('Ctrl Pts',(-0.387486214036281,4.80706657923553,-0.729048866433706));
#5453=CARTESIAN_POINT('Ctrl Pts',(-0.387486214036282,4.50226657923531,-0.729048866433706));
#5454=CARTESIAN_POINT('Ctrl Pts',(-0.407963266016928,4.80706657923551,-0.689615732736869));
#5455=CARTESIAN_POINT('Ctrl Pts',(-0.407963266016928,4.50226657923529,-0.689615732736869));
#5456=CARTESIAN_POINT('Ctrl Pts',(-0.420301950786281,4.80706657923553,-0.661738848984059));
#5457=CARTESIAN_POINT('Ctrl Pts',(-0.420301950786281,4.50226657923531,-0.661738848984059));
#5458=CARTESIAN_POINT('Ctrl Pts',(-0.426652260589161,4.80706657923556,-0.647391546052048));
#5459=CARTESIAN_POINT('Ctrl Pts',(-0.426652260589161,4.50226657923534,-0.647391546052048));
#5460=CARTESIAN_POINT('',(0.0160160086416922,4.80706657923557,-0.973032571693157));
#5461=CARTESIAN_POINT('',(0.0160160086416922,4.80706657923557,-0.973032571693157));
#5462=CARTESIAN_POINT('',(-0.426652260589161,4.80706657923556,-0.647391546052048));
#5463=CARTESIAN_POINT('Ctrl Pts',(0.0160160086416922,4.80706657923557,-0.973032571693157));
#5464=CARTESIAN_POINT('Ctrl Pts',(-0.00808476200774011,4.80706657923555,
-0.972191128957828));
#5465=CARTESIAN_POINT('Ctrl Pts',(-0.0551591724890499,4.8070665792356,-0.970547595591634));
#5466=CARTESIAN_POINT('Ctrl Pts',(-0.123022479379439,4.80706657923552,-0.95615243983839));
#5467=CARTESIAN_POINT('Ctrl Pts',(-0.186110838512998,4.80706657923546,-0.933184741725816));
#5468=CARTESIAN_POINT('Ctrl Pts',(-0.234333746402762,4.80706657923549,-0.905769058545572));
#5469=CARTESIAN_POINT('Ctrl Pts',(-0.269943684108195,4.80706657923552,-0.878705700930987));
#5470=CARTESIAN_POINT('Ctrl Pts',(-0.295390213402483,4.80706657923549,-0.855070162506397));
#5471=CARTESIAN_POINT('Ctrl Pts',(-0.320379283980682,4.80706657923546,-0.828803645339715));
#5472=CARTESIAN_POINT('Ctrl Pts',(-0.34326690759906,4.80706657923551,-0.798288342195724));
#5473=CARTESIAN_POINT('Ctrl Pts',(-0.36641355063563,4.80706657923552,-0.765590807175615));
#5474=CARTESIAN_POINT('Ctrl Pts',(-0.387486214036281,4.80706657923553,-0.729048866433706));
#5475=CARTESIAN_POINT('Ctrl Pts',(-0.407963266016928,4.80706657923551,-0.689615732736869));
#5476=CARTESIAN_POINT('Ctrl Pts',(-0.420301950786281,4.80706657923553,-0.661738848984059));
#5477=CARTESIAN_POINT('Ctrl Pts',(-0.426652260589161,4.80706657923556,-0.647391546052048));
#5478=CARTESIAN_POINT('',(-0.426652260589161,4.80706657923556,-0.647391546052048));
#5479=CARTESIAN_POINT('Ctrl Pts',(0.441723807786926,4.80706657923562,-0.641031369769937));
#5480=CARTESIAN_POINT('Ctrl Pts',(0.441723807786925,4.50226657923535,-0.641031369769937));
#5481=CARTESIAN_POINT('Ctrl Pts',(0.441473187824393,4.8070665792356,-0.652085053737123));
#5482=CARTESIAN_POINT('Ctrl Pts',(0.441473187824392,4.50226657923533,-0.652085053737123));
#5483=CARTESIAN_POINT('Ctrl Pts',(0.440974591295107,4.80706657923557,-0.674075833742391));
#5484=CARTESIAN_POINT('Ctrl Pts',(0.440974591295106,4.5022665792353,-0.674075833742391));
#5485=CARTESIAN_POINT('Ctrl Pts',(0.434686713778401,4.80706657923555,-0.70620385147311));
#5486=CARTESIAN_POINT('Ctrl Pts',(0.434686713778401,4.50226657923528,-0.70620385147311));
#5487=CARTESIAN_POINT('Ctrl Pts',(0.425237888993624,4.80706657923556,-0.737349661628486));
#5488=CARTESIAN_POINT('Ctrl Pts',(0.425237888993623,4.50226657923529,-0.737349661628486));
#5489=CARTESIAN_POINT('Ctrl Pts',(0.412247766984244,4.80706657923549,-0.767380813544022));
#5490=CARTESIAN_POINT('Ctrl Pts',(0.412247766984244,4.50226657923522,-0.767380813544022));
#5491=CARTESIAN_POINT('Ctrl Pts',(0.394860742052028,4.8070665792356,-0.796089026806071));
#5492=CARTESIAN_POINT('Ctrl Pts',(0.394860742052027,4.50226657923533,-0.796089026806071));
#5493=CARTESIAN_POINT('Ctrl Pts',(0.374053312106493,4.80706657923549,-0.823719055450895));
#5494=CARTESIAN_POINT('Ctrl Pts',(0.374053312106492,4.50226657923522,-0.823719055450895));
#5495=CARTESIAN_POINT('Ctrl Pts',(0.349277365746983,4.80706657923556,-0.850113150373699));
#5496=CARTESIAN_POINT('Ctrl Pts',(0.349277365746983,4.50226657923529,-0.850113150373699));
#5497=CARTESIAN_POINT('Ctrl Pts',(0.320886547794164,4.80706657923549,-0.874715057913839));
#5498=CARTESIAN_POINT('Ctrl Pts',(0.320886547794163,4.50226657923522,-0.874715057913839));
#5499=CARTESIAN_POINT('Ctrl Pts',(0.290399408598624,4.80706657923546,-0.898161215628246));
#5500=CARTESIAN_POINT('Ctrl Pts',(0.290399408598623,4.50226657923519,-0.898161215628246));
#5501=CARTESIAN_POINT('Ctrl Pts',(0.256986449402946,4.80706657923556,-0.918066129420622));
#5502=CARTESIAN_POINT('Ctrl Pts',(0.256986449402946,4.50226657923529,-0.918066129420622));
#5503=CARTESIAN_POINT('Ctrl Pts',(0.221655125172388,4.80706657923552,-0.935087190771414));
#5504=CARTESIAN_POINT('Ctrl Pts',(0.221655125172387,4.50226657923525,-0.935087190771414));
#5505=CARTESIAN_POINT('Ctrl Pts',(0.184366319620308,4.80706657923546,-0.94912341347244));
#5506=CARTESIAN_POINT('Ctrl Pts',(0.184366319620307,4.50226657923519,-0.94912341347244));
#5507=CARTESIAN_POINT('Ctrl Pts',(0.144999022713435,4.80706657923549,-0.959682125870262));
#5508=CARTESIAN_POINT('Ctrl Pts',(0.144999022713435,4.50226657923522,-0.959682125870262));
#5509=CARTESIAN_POINT('Ctrl Pts',(0.103738199748474,4.80706657923549,-0.967263325194118));
#5510=CARTESIAN_POINT('Ctrl Pts',(0.103738199748473,4.50226657923522,-0.967263325194118));
#5511=CARTESIAN_POINT('Ctrl Pts',(0.0605051721004196,4.80706657923544,-0.972003240198569));
#5512=CARTESIAN_POINT('Ctrl Pts',(0.0605051721004192,4.50226657923517,-0.972003240198569));
#5513=CARTESIAN_POINT('Ctrl Pts',(0.0310098865533015,4.80706657923552,-0.972685663152631));
#5514=CARTESIAN_POINT('Ctrl Pts',(0.0310098865533011,4.50226657923525,-0.972685663152631));
#5515=CARTESIAN_POINT('Ctrl Pts',(0.0160160086416922,4.80706657923557,-0.973032571693157));
#5516=CARTESIAN_POINT('Ctrl Pts',(0.0160160086416918,4.5022665792353,-0.973032571693157));
#5517=CARTESIAN_POINT('',(0.441723807786926,4.80706657923562,-0.641031369769937));
#5518=CARTESIAN_POINT('',(0.441723807786926,4.80706657923562,-0.641031369769937));
#5519=CARTESIAN_POINT('Ctrl Pts',(0.441723807786926,4.80706657923562,-0.641031369769937));
#5520=CARTESIAN_POINT('Ctrl Pts',(0.441473187824393,4.8070665792356,-0.652085053737123));
#5521=CARTESIAN_POINT('Ctrl Pts',(0.440974591295107,4.80706657923557,-0.674075833742391));
#5522=CARTESIAN_POINT('Ctrl Pts',(0.434686713778401,4.80706657923555,-0.70620385147311));
#5523=CARTESIAN_POINT('Ctrl Pts',(0.425237888993624,4.80706657923556,-0.737349661628486));
#5524=CARTESIAN_POINT('Ctrl Pts',(0.412247766984244,4.80706657923549,-0.767380813544022));
#5525=CARTESIAN_POINT('Ctrl Pts',(0.394860742052028,4.8070665792356,-0.796089026806071));
#5526=CARTESIAN_POINT('Ctrl Pts',(0.374053312106493,4.80706657923549,-0.823719055450895));
#5527=CARTESIAN_POINT('Ctrl Pts',(0.349277365746983,4.80706657923556,-0.850113150373699));
#5528=CARTESIAN_POINT('Ctrl Pts',(0.320886547794164,4.80706657923549,-0.874715057913839));
#5529=CARTESIAN_POINT('Ctrl Pts',(0.290399408598624,4.80706657923546,-0.898161215628246));
#5530=CARTESIAN_POINT('Ctrl Pts',(0.256986449402946,4.80706657923556,-0.918066129420622));
#5531=CARTESIAN_POINT('Ctrl Pts',(0.221655125172388,4.80706657923552,-0.935087190771414));
#5532=CARTESIAN_POINT('Ctrl Pts',(0.184366319620308,4.80706657923546,-0.94912341347244));
#5533=CARTESIAN_POINT('Ctrl Pts',(0.144999022713435,4.80706657923549,-0.959682125870262));
#5534=CARTESIAN_POINT('Ctrl Pts',(0.103738199748474,4.80706657923549,-0.967263325194118));
#5535=CARTESIAN_POINT('Ctrl Pts',(0.0605051721004196,4.80706657923544,-0.972003240198569));
#5536=CARTESIAN_POINT('Ctrl Pts',(0.0310098865533015,4.80706657923552,-0.972685663152631));
#5537=CARTESIAN_POINT('Ctrl Pts',(0.0160160086416922,4.80706657923557,-0.973032571693157));
#5538=CARTESIAN_POINT('Ctrl Pts',(-0.101011234947948,4.80706657923552,-0.294613768274284));
#5539=CARTESIAN_POINT('Ctrl Pts',(-0.101011234947948,4.50226657923543,-0.294613768274284));
#5540=CARTESIAN_POINT('Ctrl Pts',(-0.074824339488605,4.80706657923555,-0.2950581495723));
#5541=CARTESIAN_POINT('Ctrl Pts',(-0.0748243394886054,4.50226657923546,
-0.2950581495723));
#5542=CARTESIAN_POINT('Ctrl Pts',(-0.0235306441891542,4.8070665792356,-0.295928583371442));
#5543=CARTESIAN_POINT('Ctrl Pts',(-0.0235306441891546,4.50226657923552,
-0.295928583371442));
#5544=CARTESIAN_POINT('Ctrl Pts',(0.0513959115465701,4.80706657923563,-0.306456284895985));
#5545=CARTESIAN_POINT('Ctrl Pts',(0.0513959115465697,4.50226657923555,-0.306456284895986));
#5546=CARTESIAN_POINT('Ctrl Pts',(0.123044057456945,4.80706657923555,-0.321019331386875));
#5547=CARTESIAN_POINT('Ctrl Pts',(0.123044057456944,4.50226657923546,-0.321019331386875));
#5548=CARTESIAN_POINT('Ctrl Pts',(0.18982594428614,4.80706657923557,-0.343326090521762));
#5549=CARTESIAN_POINT('Ctrl Pts',(0.18982594428614,4.50226657923549,-0.343326090521762));
#5550=CARTESIAN_POINT('Ctrl Pts',(0.250694451883887,4.80706657923556,-0.369234270050985));
#5551=CARTESIAN_POINT('Ctrl Pts',(0.250694451883887,4.50226657923548,-0.369234270050985));
#5552=CARTESIAN_POINT('Ctrl Pts',(0.303502020762,4.80706657923557,-0.399382987234312));
#5553=CARTESIAN_POINT('Ctrl Pts',(0.303502020762,4.50226657923549,-0.399382987234312));
#5554=CARTESIAN_POINT('Ctrl Pts',(0.347508819351458,4.80706657923555,-0.432895716540732));
#5555=CARTESIAN_POINT('Ctrl Pts',(0.347508819351458,4.50226657923546,-0.432895716540732));
#5556=CARTESIAN_POINT('Ctrl Pts',(0.382500991158052,4.80706657923553,-0.470289723143016));
#5557=CARTESIAN_POINT('Ctrl Pts',(0.382500991158052,4.50226657923545,-0.470289723143017));
#5558=CARTESIAN_POINT('Ctrl Pts',(0.408825810387814,4.80706657923549,-0.510394537573372));
#5559=CARTESIAN_POINT('Ctrl Pts',(0.408825810387814,4.50226657923541,-0.510394537573372));
#5560=CARTESIAN_POINT('Ctrl Pts',(0.428073445021646,4.80706657923557,-0.552193659127218));
#5561=CARTESIAN_POINT('Ctrl Pts',(0.428073445021645,4.50226657923549,-0.552193659127218));
#5562=CARTESIAN_POINT('Ctrl Pts',(0.439443166131703,4.80706657923555,-0.596053448360188));
#5563=CARTESIAN_POINT('Ctrl Pts',(0.439443166131703,4.50226657923546,-0.596053448360189));
#5564=CARTESIAN_POINT('Ctrl Pts',(0.440960917077293,4.8070665792356,-0.625985938013648));
#5565=CARTESIAN_POINT('Ctrl Pts',(0.440960917077293,4.50226657923552,-0.625985938013649));
#5566=CARTESIAN_POINT('Ctrl Pts',(0.441723807786926,4.80706657923562,-0.641031369769937));
#5567=CARTESIAN_POINT('Ctrl Pts',(0.441723807786925,4.50226657923553,-0.641031369769937));
#5568=CARTESIAN_POINT('',(-0.101011234947948,4.80706657923552,-0.294613768274284));
#5569=CARTESIAN_POINT('',(-0.101011234947948,4.80706657923552,-0.294613768274284));
#5570=CARTESIAN_POINT('Ctrl Pts',(-0.101011234947948,4.80706657923552,-0.294613768274284));
#5571=CARTESIAN_POINT('Ctrl Pts',(-0.074824339488605,4.80706657923555,-0.2950581495723));
#5572=CARTESIAN_POINT('Ctrl Pts',(-0.0235306441891542,4.8070665792356,-0.295928583371442));
#5573=CARTESIAN_POINT('Ctrl Pts',(0.0513959115465701,4.80706657923563,-0.306456284895985));
#5574=CARTESIAN_POINT('Ctrl Pts',(0.123044057456945,4.80706657923555,-0.321019331386875));
#5575=CARTESIAN_POINT('Ctrl Pts',(0.18982594428614,4.80706657923557,-0.343326090521762));
#5576=CARTESIAN_POINT('Ctrl Pts',(0.250694451883887,4.80706657923556,-0.369234270050985));
#5577=CARTESIAN_POINT('Ctrl Pts',(0.303502020762,4.80706657923557,-0.399382987234312));
#5578=CARTESIAN_POINT('Ctrl Pts',(0.347508819351458,4.80706657923555,-0.432895716540732));
#5579=CARTESIAN_POINT('Ctrl Pts',(0.382500991158052,4.80706657923553,-0.470289723143016));
#5580=CARTESIAN_POINT('Ctrl Pts',(0.408825810387814,4.80706657923549,-0.510394537573372));
#5581=CARTESIAN_POINT('Ctrl Pts',(0.428073445021646,4.80706657923557,-0.552193659127218));
#5582=CARTESIAN_POINT('Ctrl Pts',(0.439443166131703,4.80706657923555,-0.596053448360188));
#5583=CARTESIAN_POINT('Ctrl Pts',(0.440960917077293,4.8070665792356,-0.625985938013648));
#5584=CARTESIAN_POINT('Ctrl Pts',(0.441723807786926,4.80706657923562,-0.641031369769937));
#5585=CARTESIAN_POINT('Origin',(-0.10101123494799,4.80706657923555,-0.0775197511802134));
#5586=CARTESIAN_POINT('',(-0.10101123494799,4.80706657923555,-0.0775197511802134));
#5587=CARTESIAN_POINT('',(-0.10101123494799,4.80706657923555,-0.0775197511802134));
#5588=CARTESIAN_POINT('',(-0.10101123494799,4.80706657923555,-0.0775197511802134));
#5589=CARTESIAN_POINT('Ctrl Pts',(0.550270816333992,4.80706657923542,0.370236659076192));
#5590=CARTESIAN_POINT('Ctrl Pts',(0.550270816333992,4.50226657923539,0.370236659076192));
#5591=CARTESIAN_POINT('Ctrl Pts',(0.549345348268421,4.80706657923544,0.350514563664327));
#5592=CARTESIAN_POINT('Ctrl Pts',(0.54934534826842,4.5022665792354,0.350514563664327));
#5593=CARTESIAN_POINT('Ctrl Pts',(0.547499017137368,4.80706657923551,0.311168507240445));
#5594=CARTESIAN_POINT('Ctrl Pts',(0.547499017137367,4.50226657923547,0.311168507240445));
#5595=CARTESIAN_POINT('Ctrl Pts',(0.533402876237099,4.80706657923549,0.253282164704133));
#5596=CARTESIAN_POINT('Ctrl Pts',(0.533402876237099,4.50226657923546,0.253282164704133));
#5597=CARTESIAN_POINT('Ctrl Pts',(0.510216991692597,4.80706657923549,0.197508958133807));
#5598=CARTESIAN_POINT('Ctrl Pts',(0.510216991692597,4.50226657923546,0.197508958133807));
#5599=CARTESIAN_POINT('Ctrl Pts',(0.477757901520534,4.80706657923546,0.144800456527247));
#5600=CARTESIAN_POINT('Ctrl Pts',(0.477757901520534,4.50226657923543,0.144800456527247));
#5601=CARTESIAN_POINT('Ctrl Pts',(0.43824534181601,4.80706657923544,0.09595026845656));
#5602=CARTESIAN_POINT('Ctrl Pts',(0.438245341816009,4.5022665792354,0.0959502684565598));
#5603=CARTESIAN_POINT('Ctrl Pts',(0.392062755286957,4.80706657923549,0.0523641814340684));
#5604=CARTESIAN_POINT('Ctrl Pts',(0.392062755286956,4.50226657923546,0.0523641814340682));
#5605=CARTESIAN_POINT('Ctrl Pts',(0.338826636223089,4.80706657923544,0.0163989358815814));
#5606=CARTESIAN_POINT('Ctrl Pts',(0.338826636223088,4.5022665792354,0.0163989358815812));
#5607=CARTESIAN_POINT('Ctrl Pts',(0.289828905903011,4.80706657923552,-0.00844991822622487));
#5608=CARTESIAN_POINT('Ctrl Pts',(0.289828905903011,4.50226657923548,-0.00844991822622504));
#5609=CARTESIAN_POINT('Ctrl Pts',(0.246428073155211,4.80706657923542,-0.0254056732183622));
#5610=CARTESIAN_POINT('Ctrl Pts',(0.246428073155211,4.50226657923539,-0.0254056732183623));
#5611=CARTESIAN_POINT('Ctrl Pts',(0.209286388281105,4.80706657923549,-0.0366995802900533));
#5612=CARTESIAN_POINT('Ctrl Pts',(0.209286388281104,4.50226657923546,-0.0366995802900534));
#5613=CARTESIAN_POINT('Ctrl Pts',(0.167705013859973,4.80706657923557,-0.046263076818015));
#5614=CARTESIAN_POINT('Ctrl Pts',(0.167705013859972,4.50226657923554,-0.0462630768180152));
#5615=CARTESIAN_POINT('Ctrl Pts',(0.122186793348605,4.80706657923563,-0.0551604981686021));
#5616=CARTESIAN_POINT('Ctrl Pts',(0.122186793348605,4.50226657923559,-0.0551604981686023));
#5617=CARTESIAN_POINT('Ctrl Pts',(0.0723887529283096,4.80706657923557,-0.0627329325271209));
#5618=CARTESIAN_POINT('Ctrl Pts',(0.0723887529283092,4.50226657923554,-0.062732932527121));
#5619=CARTESIAN_POINT('Ctrl Pts',(0.0183651071034574,4.80706657923552,-0.0690477449053414));
#5620=CARTESIAN_POINT('Ctrl Pts',(0.018365107103457,4.50226657923548,-0.0690477449053416));
#5621=CARTESIAN_POINT('Ctrl Pts',(-0.0398950915813656,4.80706657923563,
-0.0741005553813873));
#5622=CARTESIAN_POINT('Ctrl Pts',(-0.039895091581366,4.50226657923559,-0.0741005553813874));
#5623=CARTESIAN_POINT('Ctrl Pts',(-0.0802273680766546,4.80706657923556,
-0.0763569796704971));
#5624=CARTESIAN_POINT('Ctrl Pts',(-0.0802273680766551,4.50226657923552,
-0.0763569796704973));
#5625=CARTESIAN_POINT('Ctrl Pts',(-0.10101123494799,4.80706657923555,-0.0775197511802134));
#5626=CARTESIAN_POINT('Ctrl Pts',(-0.10101123494799,4.50226657923551,-0.0775197511802135));
#5627=CARTESIAN_POINT('',(0.550270816333992,4.80706657923542,0.370236659076192));
#5628=CARTESIAN_POINT('',(0.550270816333992,4.80706657923542,0.370236659076192));
#5629=CARTESIAN_POINT('Ctrl Pts',(0.550270816333992,4.80706657923542,0.370236659076192));
#5630=CARTESIAN_POINT('Ctrl Pts',(0.549345348268421,4.80706657923544,0.350514563664327));
#5631=CARTESIAN_POINT('Ctrl Pts',(0.547499017137368,4.80706657923551,0.311168507240445));
#5632=CARTESIAN_POINT('Ctrl Pts',(0.533402876237099,4.80706657923549,0.253282164704133));
#5633=CARTESIAN_POINT('Ctrl Pts',(0.510216991692597,4.80706657923549,0.197508958133807));
#5634=CARTESIAN_POINT('Ctrl Pts',(0.477757901520534,4.80706657923546,0.144800456527247));
#5635=CARTESIAN_POINT('Ctrl Pts',(0.43824534181601,4.80706657923544,0.09595026845656));
#5636=CARTESIAN_POINT('Ctrl Pts',(0.392062755286957,4.80706657923549,0.0523641814340684));
#5637=CARTESIAN_POINT('Ctrl Pts',(0.338826636223089,4.80706657923544,0.0163989358815814));
#5638=CARTESIAN_POINT('Ctrl Pts',(0.289828905903011,4.80706657923552,-0.00844991822622487));
#5639=CARTESIAN_POINT('Ctrl Pts',(0.246428073155211,4.80706657923542,-0.0254056732183622));
#5640=CARTESIAN_POINT('Ctrl Pts',(0.209286388281105,4.80706657923549,-0.0366995802900533));
#5641=CARTESIAN_POINT('Ctrl Pts',(0.167705013859973,4.80706657923557,-0.046263076818015));
#5642=CARTESIAN_POINT('Ctrl Pts',(0.122186793348605,4.80706657923563,-0.0551604981686021));
#5643=CARTESIAN_POINT('Ctrl Pts',(0.0723887529283096,4.80706657923557,-0.0627329325271209));
#5644=CARTESIAN_POINT('Ctrl Pts',(0.0183651071034574,4.80706657923552,-0.0690477449053414));
#5645=CARTESIAN_POINT('Ctrl Pts',(-0.0398950915813656,4.80706657923563,
-0.0741005553813873));
#5646=CARTESIAN_POINT('Ctrl Pts',(-0.0802273680766546,4.80706657923556,
-0.0763569796704971));
#5647=CARTESIAN_POINT('Ctrl Pts',(-0.10101123494799,4.80706657923555,-0.0775197511802134));
#5648=CARTESIAN_POINT('Ctrl Pts',(0.011351879368196,4.80706657923566,0.81799306933257));
#5649=CARTESIAN_POINT('Ctrl Pts',(0.0113518793681956,4.50226657923534,0.81799306933257));
#5650=CARTESIAN_POINT('Ctrl Pts',(0.0311599500174287,4.80706657923566,0.817620593302121));
#5651=CARTESIAN_POINT('Ctrl Pts',(0.0311599500174283,4.50226657923534,0.817620593302121));
#5652=CARTESIAN_POINT('Ctrl Pts',(0.0698929222014422,4.80706657923566,0.816892248579504));
#5653=CARTESIAN_POINT('Ctrl Pts',(0.0698929222014418,4.50226657923534,0.816892248579504));
#5654=CARTESIAN_POINT('Ctrl Pts',(0.12641086093948,4.80706657923574,0.810194083010599));
#5655=CARTESIAN_POINT('Ctrl Pts',(0.126410860939479,4.50226657923542,0.810194083010599));
#5656=CARTESIAN_POINT('Ctrl Pts',(0.180178698276953,4.80706657923566,0.800439023451296));
#5657=CARTESIAN_POINT('Ctrl Pts',(0.180178698276953,4.50226657923534,0.800439023451296));
#5658=CARTESIAN_POINT('Ctrl Pts',(0.230599467670456,4.80706657923564,0.785372600508982));
#5659=CARTESIAN_POINT('Ctrl Pts',(0.230599467670455,4.50226657923533,0.785372600508982));
#5660=CARTESIAN_POINT('Ctrl Pts',(0.27833363163994,4.80706657923566,0.766757514151714));
#5661=CARTESIAN_POINT('Ctrl Pts',(0.27833363163994,4.50226657923534,0.766757514151714));
#5662=CARTESIAN_POINT('Ctrl Pts',(0.322712057840471,4.80706657923563,0.743384430863768));
#5663=CARTESIAN_POINT('Ctrl Pts',(0.322712057840471,4.50226657923531,0.743384430863768));
#5664=CARTESIAN_POINT('Ctrl Pts',(0.364317322062241,4.80706657923557,0.715961670635618));
#5665=CARTESIAN_POINT('Ctrl Pts',(0.364317322062241,4.50226657923526,0.715961670635618));
#5666=CARTESIAN_POINT('Ctrl Pts',(0.402616533915295,4.80706657923562,0.684792750885885));
#5667=CARTESIAN_POINT('Ctrl Pts',(0.402616533915295,4.5022665792353,0.684792750885885));
#5668=CARTESIAN_POINT('Ctrl Pts',(0.437055007506459,4.80706657923569,0.650671180051354));
#5669=CARTESIAN_POINT('Ctrl Pts',(0.437055007506459,4.50226657923537,0.650671180051354));
#5670=CARTESIAN_POINT('Ctrl Pts',(0.467377475038153,4.8070665792356,0.614982322760679));
#5671=CARTESIAN_POINT('Ctrl Pts',(0.467377475038152,4.50226657923528,0.614982322760679));
#5672=CARTESIAN_POINT('Ctrl Pts',(0.493155246504257,4.8070665792356,0.577876654438168));
#5673=CARTESIAN_POINT('Ctrl Pts',(0.493155246504256,4.50226657923528,0.577876654438168));
#5674=CARTESIAN_POINT('Ctrl Pts',(0.513949124742369,4.80706657923566,0.539148838455211));
#5675=CARTESIAN_POINT('Ctrl Pts',(0.513949124742368,4.50226657923534,0.539148838455211));
#5676=CARTESIAN_POINT('Ctrl Pts',(0.530368743257431,4.80706657923567,0.498959247656319));
#5677=CARTESIAN_POINT('Ctrl Pts',(0.530368743257431,4.50226657923535,0.498959247656319));
#5678=CARTESIAN_POINT('Ctrl Pts',(0.541546678839641,4.8070665792356,0.457195098475242));
#5679=CARTESIAN_POINT('Ctrl Pts',(0.541546678839641,4.50226657923528,0.457195098475242));
#5680=CARTESIAN_POINT('Ctrl Pts',(0.549318785605601,4.80706657923549,0.414198180342329));
#5681=CARTESIAN_POINT('Ctrl Pts',(0.549318785605601,4.50226657923517,0.414198180342329));
#5682=CARTESIAN_POINT('Ctrl Pts',(0.5499517367797,4.80706657923546,0.384970661029965));
#5683=CARTESIAN_POINT('Ctrl Pts',(0.549951736779699,4.50226657923515,0.384970661029965));
#5684=CARTESIAN_POINT('Ctrl Pts',(0.550270816333992,4.80706657923542,0.370236659076192));
#5685=CARTESIAN_POINT('Ctrl Pts',(0.550270816333992,4.5022665792351,0.370236659076192));
#5686=CARTESIAN_POINT('',(0.011351879368196,4.80706657923566,0.81799306933257));
#5687=CARTESIAN_POINT('',(0.011351879368196,4.80706657923566,0.81799306933257));
#5688=CARTESIAN_POINT('Ctrl Pts',(0.011351879368196,4.80706657923566,0.81799306933257));
#5689=CARTESIAN_POINT('Ctrl Pts',(0.0311599500174287,4.80706657923566,0.817620593302121));
#5690=CARTESIAN_POINT('Ctrl Pts',(0.0698929222014422,4.80706657923566,0.816892248579504));
#5691=CARTESIAN_POINT('Ctrl Pts',(0.12641086093948,4.80706657923574,0.810194083010599));
#5692=CARTESIAN_POINT('Ctrl Pts',(0.180178698276953,4.80706657923566,0.800439023451296));
#5693=CARTESIAN_POINT('Ctrl Pts',(0.230599467670456,4.80706657923564,0.785372600508982));
#5694=CARTESIAN_POINT('Ctrl Pts',(0.27833363163994,4.80706657923566,0.766757514151714));
#5695=CARTESIAN_POINT('Ctrl Pts',(0.322712057840471,4.80706657923563,0.743384430863768));
#5696=CARTESIAN_POINT('Ctrl Pts',(0.364317322062241,4.80706657923557,0.715961670635618));
#5697=CARTESIAN_POINT('Ctrl Pts',(0.402616533915295,4.80706657923562,0.684792750885885));
#5698=CARTESIAN_POINT('Ctrl Pts',(0.437055007506459,4.80706657923569,0.650671180051354));
#5699=CARTESIAN_POINT('Ctrl Pts',(0.467377475038153,4.8070665792356,0.614982322760679));
#5700=CARTESIAN_POINT('Ctrl Pts',(0.493155246504257,4.8070665792356,0.577876654438168));
#5701=CARTESIAN_POINT('Ctrl Pts',(0.513949124742369,4.80706657923566,0.539148838455211));
#5702=CARTESIAN_POINT('Ctrl Pts',(0.530368743257431,4.80706657923567,0.498959247656319));
#5703=CARTESIAN_POINT('Ctrl Pts',(0.541546678839641,4.8070665792356,0.457195098475242));
#5704=CARTESIAN_POINT('Ctrl Pts',(0.549318785605601,4.80706657923549,0.414198180342329));
#5705=CARTESIAN_POINT('Ctrl Pts',(0.5499517367797,4.80706657923546,0.384970661029965));
#5706=CARTESIAN_POINT('Ctrl Pts',(0.550270816333992,4.80706657923542,0.370236659076192));
#5707=CARTESIAN_POINT('Ctrl Pts',(-0.342273921913855,4.80706657923569,0.703509896255686));
#5708=CARTESIAN_POINT('Ctrl Pts',(-0.342273921913855,4.50226657923552,0.703509896255686));
#5709=CARTESIAN_POINT('Ctrl Pts',(-0.330422658967711,4.80706657923567,0.712646841034004));
#5710=CARTESIAN_POINT('Ctrl Pts',(-0.330422658967711,4.5022665792355,0.712646841034003));
#5711=CARTESIAN_POINT('Ctrl Pts',(-0.306756715225592,4.80706657923563,0.730892526922752));
#5712=CARTESIAN_POINT('Ctrl Pts',(-0.306756715225593,4.50226657923546,0.730892526922752));
#5713=CARTESIAN_POINT('Ctrl Pts',(-0.268192118323185,4.80706657923563,0.754176845133778));
#5714=CARTESIAN_POINT('Ctrl Pts',(-0.268192118323185,4.50226657923546,0.754176845133777));
#5715=CARTESIAN_POINT('Ctrl Pts',(-0.227633830071336,4.80706657923563,0.774352322359978));
#5716=CARTESIAN_POINT('Ctrl Pts',(-0.227633830071336,4.50226657923546,0.774352322359978));
#5717=CARTESIAN_POINT('Ctrl Pts',(-0.184203050899667,4.80706657923569,0.789763890721801));
#5718=CARTESIAN_POINT('Ctrl Pts',(-0.184203050899668,4.50226657923552,0.789763890721801));
#5719=CARTESIAN_POINT('Ctrl Pts',(-0.138836975434528,4.8070665792356,0.802813237960942));
#5720=CARTESIAN_POINT('Ctrl Pts',(-0.138836975434529,4.50226657923543,0.802813237960942));
#5721=CARTESIAN_POINT('Ctrl Pts',(-0.0908023307467642,4.80706657923563,
0.811352790007706));
#5722=CARTESIAN_POINT('Ctrl Pts',(-0.0908023307467647,4.50226657923546,
0.811352790007706));
#5723=CARTESIAN_POINT('Ctrl Pts',(-0.0405228994458245,4.80706657923557,
0.81721182696283));
#5724=CARTESIAN_POINT('Ctrl Pts',(-0.040522899445825,4.50226657923541,0.81721182696283));
#5725=CARTESIAN_POINT('Ctrl Pts',(-0.00619191867270996,4.80706657923569,
0.817728856960673));
#5726=CARTESIAN_POINT('Ctrl Pts',(-0.00619191867271038,4.50226657923552,
0.817728856960672));
#5727=CARTESIAN_POINT('Ctrl Pts',(0.011351879368196,4.80706657923566,0.81799306933257));
#5728=CARTESIAN_POINT('Ctrl Pts',(0.0113518793681956,4.50226657923549,0.81799306933257));
#5729=CARTESIAN_POINT('',(-0.342273921913855,4.80706657923569,0.703509896255686));
#5730=CARTESIAN_POINT('',(-0.342273921913855,4.80706657923569,0.703509896255686));
#5731=CARTESIAN_POINT('Ctrl Pts',(-0.342273921913855,4.80706657923569,0.703509896255686));
#5732=CARTESIAN_POINT('Ctrl Pts',(-0.330422658967711,4.80706657923567,0.712646841034004));
#5733=CARTESIAN_POINT('Ctrl Pts',(-0.306756715225592,4.80706657923563,0.730892526922752));
#5734=CARTESIAN_POINT('Ctrl Pts',(-0.268192118323185,4.80706657923563,0.754176845133778));
#5735=CARTESIAN_POINT('Ctrl Pts',(-0.227633830071336,4.80706657923563,0.774352322359978));
#5736=CARTESIAN_POINT('Ctrl Pts',(-0.184203050899667,4.80706657923569,0.789763890721801));
#5737=CARTESIAN_POINT('Ctrl Pts',(-0.138836975434528,4.8070665792356,0.802813237960942));
#5738=CARTESIAN_POINT('Ctrl Pts',(-0.0908023307467642,4.80706657923563,
0.811352790007706));
#5739=CARTESIAN_POINT('Ctrl Pts',(-0.0405228994458245,4.80706657923557,
0.81721182696283));
#5740=CARTESIAN_POINT('Ctrl Pts',(-0.00619191867270996,4.80706657923569,
0.817728856960673));
#5741=CARTESIAN_POINT('Ctrl Pts',(0.011351879368196,4.80706657923566,0.81799306933257));
#5742=CARTESIAN_POINT('Ctrl Pts',(-0.508062516999336,4.80706657923552,0.410941787281287));
#5743=CARTESIAN_POINT('Ctrl Pts',(-0.508062516999336,4.50226657923532,0.410941787281287));
#5744=CARTESIAN_POINT('Ctrl Pts',(-0.503113574080671,4.80706657923549,0.427239523877049));
#5745=CARTESIAN_POINT('Ctrl Pts',(-0.503113574080672,4.50226657923529,0.427239523877049));
#5746=CARTESIAN_POINT('Ctrl Pts',(-0.493487450235225,4.80706657923549,0.458940037189132));
#5747=CARTESIAN_POINT('Ctrl Pts',(-0.493487450235225,4.50226657923529,0.458940037189132));
#5748=CARTESIAN_POINT('Ctrl Pts',(-0.477101850947279,4.80706657923544,0.504563460144755));
#5749=CARTESIAN_POINT('Ctrl Pts',(-0.477101850947279,4.50226657923523,0.504563460144755));
#5750=CARTESIAN_POINT('Ctrl Pts',(-0.458433895933266,4.80706657923544,0.546387616142688));
#5751=CARTESIAN_POINT('Ctrl Pts',(-0.458433895933267,4.50226657923523,0.546387616142688));
#5752=CARTESIAN_POINT('Ctrl Pts',(-0.438407472377111,4.80706657923549,0.584719313719742));
#5753=CARTESIAN_POINT('Ctrl Pts',(-0.438407472377112,4.50226657923529,0.584719313719742));
#5754=CARTESIAN_POINT('Ctrl Pts',(-0.417374793115793,4.80706657923552,0.61993605235286));
#5755=CARTESIAN_POINT('Ctrl Pts',(-0.417374793115794,4.50226657923532,0.61993605235286));
#5756=CARTESIAN_POINT('Ctrl Pts',(-0.393840528866665,4.8070665792356,0.651106611244921));
#5757=CARTESIAN_POINT('Ctrl Pts',(-0.393840528866666,4.5022665792354,0.651106611244921));
#5758=CARTESIAN_POINT('Ctrl Pts',(-0.369547760134675,4.80706657923556,0.67960009067658));
#5759=CARTESIAN_POINT('Ctrl Pts',(-0.369547760134676,4.50226657923536,0.67960009067658));
#5760=CARTESIAN_POINT('Ctrl Pts',(-0.351235960727003,4.80706657923566,0.695653260754672));
#5761=CARTESIAN_POINT('Ctrl Pts',(-0.351235960727004,4.50226657923546,0.695653260754672));
#5762=CARTESIAN_POINT('Ctrl Pts',(-0.342273921913855,4.80706657923569,0.703509896255686));
#5763=CARTESIAN_POINT('Ctrl Pts',(-0.342273921913855,4.50226657923548,0.703509896255686));
#5764=CARTESIAN_POINT('',(-0.508062516999336,4.80706657923552,0.410941787281287));
#5765=CARTESIAN_POINT('',(-0.508062516999336,4.80706657923552,0.410941787281287));
#5766=CARTESIAN_POINT('Ctrl Pts',(-0.508062516999336,4.80706657923552,0.410941787281287));
#5767=CARTESIAN_POINT('Ctrl Pts',(-0.503113574080671,4.80706657923549,0.427239523877049));
#5768=CARTESIAN_POINT('Ctrl Pts',(-0.493487450235225,4.80706657923549,0.458940037189132));
#5769=CARTESIAN_POINT('Ctrl Pts',(-0.477101850947279,4.80706657923544,0.504563460144755));
#5770=CARTESIAN_POINT('Ctrl Pts',(-0.458433895933266,4.80706657923544,0.546387616142688));
#5771=CARTESIAN_POINT('Ctrl Pts',(-0.438407472377111,4.80706657923549,0.584719313719742));
#5772=CARTESIAN_POINT('Ctrl Pts',(-0.417374793115793,4.80706657923552,0.61993605235286));
#5773=CARTESIAN_POINT('Ctrl Pts',(-0.393840528866665,4.8070665792356,0.651106611244921));
#5774=CARTESIAN_POINT('Ctrl Pts',(-0.369547760134675,4.80706657923556,0.67960009067658));
#5775=CARTESIAN_POINT('Ctrl Pts',(-0.351235960727003,4.80706657923566,0.695653260754672));
#5776=CARTESIAN_POINT('Ctrl Pts',(-0.342273921913855,4.80706657923569,0.703509896255686));
#5777=CARTESIAN_POINT('Origin',(-0.698019781956563,4.80706657923549,0.410941787281322));
#5778=CARTESIAN_POINT('',(-0.698019781956563,4.80706657923549,0.410941787281322));
#5779=CARTESIAN_POINT('',(-0.698019781956563,4.80706657923549,0.410941787281322));
#5780=CARTESIAN_POINT('',(-0.698019781956563,4.80706657923549,0.410941787281322));
#5781=CARTESIAN_POINT('Ctrl Pts',(0.00795978535109154,4.80706657923566,
1.03508708642651));
#5782=CARTESIAN_POINT('Ctrl Pts',(0.00795978535109114,4.50226657923545,
1.03508708642651));
#5783=CARTESIAN_POINT('Ctrl Pts',(-0.0146699819629781,4.8070665792356,1.03456202412264));
#5784=CARTESIAN_POINT('Ctrl Pts',(-0.0146699819629785,4.5022665792354,1.03456202412264));
#5785=CARTESIAN_POINT('Ctrl Pts',(-0.0591978178863112,4.8070665792356,1.03352887659638));
#5786=CARTESIAN_POINT('Ctrl Pts',(-0.0591978178863116,4.5022665792354,1.03352887659638));
#5787=CARTESIAN_POINT('Ctrl Pts',(-0.124659362148533,4.80706657923559,1.02646610349183));
#5788=CARTESIAN_POINT('Ctrl Pts',(-0.124659362148533,4.50226657923539,1.02646610349183));
#5789=CARTESIAN_POINT('Ctrl Pts',(-0.187144389859478,4.80706657923569,1.01356652889564));
#5790=CARTESIAN_POINT('Ctrl Pts',(-0.187144389859479,4.50226657923548,1.01356652889564));
#5791=CARTESIAN_POINT('Ctrl Pts',(-0.24673738475367,4.8070665792356,0.996207863269476));
#5792=CARTESIAN_POINT('Ctrl Pts',(-0.246737384753671,4.5022665792354,0.996207863269476));
#5793=CARTESIAN_POINT('Ctrl Pts',(-0.303491287715563,4.80706657923569,0.974199524011329));
#5794=CARTESIAN_POINT('Ctrl Pts',(-0.303491287715563,4.50226657923548,0.974199524011329));
#5795=CARTESIAN_POINT('Ctrl Pts',(-0.357232913227742,4.8070665792356,0.946792501874572));
#5796=CARTESIAN_POINT('Ctrl Pts',(-0.357232913227743,4.5022665792354,0.946792501874572));
#5797=CARTESIAN_POINT('Ctrl Pts',(-0.408292896451834,4.80706657923566,0.914551736348003));
#5798=CARTESIAN_POINT('Ctrl Pts',(-0.408292896451834,4.50226657923545,0.914551736348003));
#5799=CARTESIAN_POINT('Ctrl Pts',(-0.456189405001195,4.80706657923569,0.877096661817373));
#5800=CARTESIAN_POINT('Ctrl Pts',(-0.456189405001195,4.50226657923548,0.877096661817373));
#5801=CARTESIAN_POINT('Ctrl Pts',(-0.500916729280654,4.80706657923569,0.835197946821582));
#5802=CARTESIAN_POINT('Ctrl Pts',(-0.500916729280654,4.50226657923548,0.835197946821582));
#5803=CARTESIAN_POINT('Ctrl Pts',(-0.541286233934096,4.80706657923563,0.788111783650659));
#5804=CARTESIAN_POINT('Ctrl Pts',(-0.541286233934097,4.50226657923543,0.788111783650659));
#5805=CARTESIAN_POINT('Ctrl Pts',(-0.577970965856239,4.80706657923557,0.736708591755487));
#5806=CARTESIAN_POINT('Ctrl Pts',(-0.57797096585624,4.50226657923537,0.736708591755487));
#5807=CARTESIAN_POINT('Ctrl Pts',(-0.609988656886468,4.80706657923557,0.680391314911571));
#5808=CARTESIAN_POINT('Ctrl Pts',(-0.609988656886468,4.50226657923537,0.680391314911571));
#5809=CARTESIAN_POINT('Ctrl Pts',(-0.638797671087571,4.80706657923549,0.619887754557791));
#5810=CARTESIAN_POINT('Ctrl Pts',(-0.638797671087571,4.50226657923529,0.619887754557791));
#5811=CARTESIAN_POINT('Ctrl Pts',(-0.662492821059985,4.80706657923549,0.554423186488934));
#5812=CARTESIAN_POINT('Ctrl Pts',(-0.662492821059985,4.50226657923529,0.554423186488934));
#5813=CARTESIAN_POINT('Ctrl Pts',(-0.683348379235255,4.80706657923551,0.48458284938125));
#5814=CARTESIAN_POINT('Ctrl Pts',(-0.683348379235255,4.5022665792353,0.48458284938125));
#5815=CARTESIAN_POINT('Ctrl Pts',(-0.693044807612619,4.80706657923546,0.43591297794169));
#5816=CARTESIAN_POINT('Ctrl Pts',(-0.69304480761262,4.50226657923526,0.43591297794169));
#5817=CARTESIAN_POINT('Ctrl Pts',(-0.698019781956563,4.80706657923549,0.410941787281322));
#5818=CARTESIAN_POINT('Ctrl Pts',(-0.698019781956564,4.50226657923529,0.410941787281322));
#5819=CARTESIAN_POINT('',(0.00795978535109154,4.80706657923566,1.03508708642651));
#5820=CARTESIAN_POINT('',(0.00795978535109154,4.80706657923566,1.03508708642651));
#5821=CARTESIAN_POINT('Ctrl Pts',(0.00795978535109154,4.80706657923566,
1.03508708642651));
#5822=CARTESIAN_POINT('Ctrl Pts',(-0.0146699819629781,4.8070665792356,1.03456202412264));
#5823=CARTESIAN_POINT('Ctrl Pts',(-0.0591978178863112,4.8070665792356,1.03352887659638));
#5824=CARTESIAN_POINT('Ctrl Pts',(-0.124659362148533,4.80706657923559,1.02646610349183));
#5825=CARTESIAN_POINT('Ctrl Pts',(-0.187144389859478,4.80706657923569,1.01356652889564));
#5826=CARTESIAN_POINT('Ctrl Pts',(-0.24673738475367,4.8070665792356,0.996207863269476));
#5827=CARTESIAN_POINT('Ctrl Pts',(-0.303491287715563,4.80706657923569,0.974199524011329));
#5828=CARTESIAN_POINT('Ctrl Pts',(-0.357232913227742,4.8070665792356,0.946792501874572));
#5829=CARTESIAN_POINT('Ctrl Pts',(-0.408292896451834,4.80706657923566,0.914551736348003));
#5830=CARTESIAN_POINT('Ctrl Pts',(-0.456189405001195,4.80706657923569,0.877096661817373));
#5831=CARTESIAN_POINT('Ctrl Pts',(-0.500916729280654,4.80706657923569,0.835197946821582));
#5832=CARTESIAN_POINT('Ctrl Pts',(-0.541286233934096,4.80706657923563,0.788111783650659));
#5833=CARTESIAN_POINT('Ctrl Pts',(-0.577970965856239,4.80706657923557,0.736708591755487));
#5834=CARTESIAN_POINT('Ctrl Pts',(-0.609988656886468,4.80706657923557,0.680391314911571));
#5835=CARTESIAN_POINT('Ctrl Pts',(-0.638797671087571,4.80706657923549,0.619887754557791));
#5836=CARTESIAN_POINT('Ctrl Pts',(-0.662492821059985,4.80706657923549,0.554423186488934));
#5837=CARTESIAN_POINT('Ctrl Pts',(-0.683348379235255,4.80706657923551,0.48458284938125));
#5838=CARTESIAN_POINT('Ctrl Pts',(-0.693044807612619,4.80706657923546,0.43591297794169));
#5839=CARTESIAN_POINT('Ctrl Pts',(-0.698019781956563,4.80706657923549,0.410941787281322));
#5840=CARTESIAN_POINT('Ctrl Pts',(0.740228081291289,4.80706657923545,0.352004153734341));
#5841=CARTESIAN_POINT('Ctrl Pts',(0.740228081291288,4.50226657923548,0.352004153734341));
#5842=CARTESIAN_POINT('Ctrl Pts',(0.739142827877751,4.80706657923545,0.381643366071369));
#5843=CARTESIAN_POINT('Ctrl Pts',(0.73914282787775,4.50226657923548,0.381643366071369));
#5844=CARTESIAN_POINT('Ctrl Pts',(0.736977428270544,4.80706657923574,0.440782308138793));
#5845=CARTESIAN_POINT('Ctrl Pts',(0.736977428270543,4.50226657923577,0.440782308138793));
#5846=CARTESIAN_POINT('Ctrl Pts',(0.71762258333212,4.80706657923562,0.52815511598369));
#5847=CARTESIAN_POINT('Ctrl Pts',(0.717622583332119,4.50226657923565,0.52815511598369));
#5848=CARTESIAN_POINT('Ctrl Pts',(0.687618385388625,4.80706657923566,0.613562919741184));
#5849=CARTESIAN_POINT('Ctrl Pts',(0.687618385388624,4.50226657923569,0.613562919741184));
#5850=CARTESIAN_POINT('Ctrl Pts',(0.645008714589113,4.80706657923566,0.695251036808842));
#5851=CARTESIAN_POINT('Ctrl Pts',(0.645008714589112,4.50226657923569,0.695251036808841));
#5852=CARTESIAN_POINT('Ctrl Pts',(0.59307931639288,4.8070665792356,0.771681076747209));
#5853=CARTESIAN_POINT('Ctrl Pts',(0.59307931639288,4.50226657923563,0.771681076747209));
#5854=CARTESIAN_POINT('Ctrl Pts',(0.531298458437454,4.80706657923564,0.840065320784386));
#5855=CARTESIAN_POINT('Ctrl Pts',(0.531298458437454,4.50226657923568,0.840065320784386));
#5856=CARTESIAN_POINT('Ctrl Pts',(0.46036810668465,4.80706657923566,0.898847333882763));
#5857=CARTESIAN_POINT('Ctrl Pts',(0.46036810668465,4.50226657923569,0.898847333882763));
#5858=CARTESIAN_POINT('Ctrl Pts',(0.381261833332078,4.80706657923559,0.947960186087324));
#5859=CARTESIAN_POINT('Ctrl Pts',(0.381261833332077,4.50226657923562,0.947960186087324));
#5860=CARTESIAN_POINT('Ctrl Pts',(0.295556712772482,4.80706657923557,0.987220072366145));
#5861=CARTESIAN_POINT('Ctrl Pts',(0.295556712772482,4.50226657923561,0.987220072366145));
#5862=CARTESIAN_POINT('Ctrl Pts',(0.203889569040938,4.8070665792356,1.01446909732585));
#5863=CARTESIAN_POINT('Ctrl Pts',(0.203889569040938,4.50226657923563,1.01446909732585));
#5864=CARTESIAN_POINT('Ctrl Pts',(0.107581203071597,4.80706657923562,1.03221643998416));
#5865=CARTESIAN_POINT('Ctrl Pts',(0.107581203071596,4.50226657923565,1.03221643998416));
#5866=CARTESIAN_POINT('Ctrl Pts',(0.0415367897899227,4.8070665792356,1.03411954640811));
#5867=CARTESIAN_POINT('Ctrl Pts',(0.0415367897899224,4.50226657923563,1.03411954640811));
#5868=CARTESIAN_POINT('Ctrl Pts',(0.00795978535109154,4.80706657923566,
1.03508708642651));
#5869=CARTESIAN_POINT('Ctrl Pts',(0.00795978535109121,4.50226657923569,
1.03508708642651));
#5870=CARTESIAN_POINT('',(0.740228081291289,4.80706657923545,0.352004153734341));
#5871=CARTESIAN_POINT('',(0.740228081291289,4.80706657923545,0.352004153734341));
#5872=CARTESIAN_POINT('Ctrl Pts',(0.740228081291289,4.80706657923545,0.352004153734341));
#5873=CARTESIAN_POINT('Ctrl Pts',(0.739142827877751,4.80706657923545,0.381643366071369));
#5874=CARTESIAN_POINT('Ctrl Pts',(0.736977428270544,4.80706657923574,0.440782308138793));
#5875=CARTESIAN_POINT('Ctrl Pts',(0.71762258333212,4.80706657923562,0.52815511598369));
#5876=CARTESIAN_POINT('Ctrl Pts',(0.687618385388625,4.80706657923566,0.613562919741184));
#5877=CARTESIAN_POINT('Ctrl Pts',(0.645008714589113,4.80706657923566,0.695251036808842));
#5878=CARTESIAN_POINT('Ctrl Pts',(0.59307931639288,4.8070665792356,0.771681076747209));
#5879=CARTESIAN_POINT('Ctrl Pts',(0.531298458437454,4.80706657923564,0.840065320784386));
#5880=CARTESIAN_POINT('Ctrl Pts',(0.46036810668465,4.80706657923566,0.898847333882763));
#5881=CARTESIAN_POINT('Ctrl Pts',(0.381261833332078,4.80706657923559,0.947960186087324));
#5882=CARTESIAN_POINT('Ctrl Pts',(0.295556712772482,4.80706657923557,0.987220072366145));
#5883=CARTESIAN_POINT('Ctrl Pts',(0.203889569040938,4.8070665792356,1.01446909732585));
#5884=CARTESIAN_POINT('Ctrl Pts',(0.107581203071597,4.80706657923562,1.03221643998416));
#5885=CARTESIAN_POINT('Ctrl Pts',(0.0415367897899227,4.8070665792356,1.03411954640811));
#5886=CARTESIAN_POINT('Ctrl Pts',(0.00795978535109154,4.80706657923566,
1.03508708642651));
#5887=CARTESIAN_POINT('Ctrl Pts',(0.61387257915449,4.80706657923549,-0.0240942704109876));
#5888=CARTESIAN_POINT('Ctrl Pts',(0.613872579154489,4.50226657923542,-0.0240942704109877));
#5889=CARTESIAN_POINT('Ctrl Pts',(0.624057581434481,4.80706657923546,-0.0101498206284967));
#5890=CARTESIAN_POINT('Ctrl Pts',(0.624057581434481,4.50226657923539,-0.0101498206284968));
#5891=CARTESIAN_POINT('Ctrl Pts',(0.64426079953013,4.80706657923544,0.0175107289160231));
#5892=CARTESIAN_POINT('Ctrl Pts',(0.64426079953013,4.50226657923537,0.017510728916023));
#5893=CARTESIAN_POINT('Ctrl Pts',(0.669198479465741,4.80706657923549,0.0619827579029023));
#5894=CARTESIAN_POINT('Ctrl Pts',(0.66919847946574,4.50226657923542,0.0619827579029021));
#5895=CARTESIAN_POINT('Ctrl Pts',(0.691822086689067,4.80706657923546,0.106947706183053));
#5896=CARTESIAN_POINT('Ctrl Pts',(0.691822086689067,4.50226657923539,0.106947706183052));
#5897=CARTESIAN_POINT('Ctrl Pts',(0.709451028853336,4.80706657923544,0.153610775541733));
#5898=CARTESIAN_POINT('Ctrl Pts',(0.709451028853336,4.50226657923537,0.153610775541733));
#5899=CARTESIAN_POINT('Ctrl Pts',(0.723102843559406,4.80706657923549,0.201431121921086));
#5900=CARTESIAN_POINT('Ctrl Pts',(0.723102843559406,4.50226657923542,0.201431121921086));
#5901=CARTESIAN_POINT('Ctrl Pts',(0.732861301152119,4.80706657923549,0.250490856680281));
#5902=CARTESIAN_POINT('Ctrl Pts',(0.732861301152118,4.50226657923542,0.250490856680281));
#5903=CARTESIAN_POINT('Ctrl Pts',(0.738923519684756,4.80706657923546,0.300830041670128));
#5904=CARTESIAN_POINT('Ctrl Pts',(0.738923519684756,4.50226657923539,0.300830041670128));
#5905=CARTESIAN_POINT('Ctrl Pts',(0.739791686855409,4.80706657923548,0.334885684470078));
#5906=CARTESIAN_POINT('Ctrl Pts',(0.739791686855409,4.50226657923541,0.334885684470078));
#5907=CARTESIAN_POINT('Ctrl Pts',(0.740228081291289,4.80706657923545,0.352004153734341));
#5908=CARTESIAN_POINT('Ctrl Pts',(0.740228081291288,4.50226657923538,0.352004153734341));
#5909=CARTESIAN_POINT('',(0.61387257915449,4.80706657923549,-0.0240942704109876));
#5910=CARTESIAN_POINT('',(0.61387257915449,4.80706657923549,-0.0240942704109876));
#5911=CARTESIAN_POINT('Ctrl Pts',(0.61387257915449,4.80706657923549,-0.0240942704109876));
#5912=CARTESIAN_POINT('Ctrl Pts',(0.624057581434481,4.80706657923546,-0.0101498206284967));
#5913=CARTESIAN_POINT('Ctrl Pts',(0.64426079953013,4.80706657923544,0.0175107289160231));
#5914=CARTESIAN_POINT('Ctrl Pts',(0.669198479465741,4.80706657923549,0.0619827579029023));
#5915=CARTESIAN_POINT('Ctrl Pts',(0.691822086689067,4.80706657923546,0.106947706183053));
#5916=CARTESIAN_POINT('Ctrl Pts',(0.709451028853336,4.80706657923544,0.153610775541733));
#5917=CARTESIAN_POINT('Ctrl Pts',(0.723102843559406,4.80706657923549,0.201431121921086));
#5918=CARTESIAN_POINT('Ctrl Pts',(0.732861301152119,4.80706657923549,0.250490856680281));
#5919=CARTESIAN_POINT('Ctrl Pts',(0.738923519684756,4.80706657923546,0.300830041670128));
#5920=CARTESIAN_POINT('Ctrl Pts',(0.739791686855409,4.80706657923548,0.334885684470078));
#5921=CARTESIAN_POINT('Ctrl Pts',(0.740228081291289,4.80706657923545,0.352004153734341));
#5922=CARTESIAN_POINT('Ctrl Pts',(0.384482221248594,4.8070665792356,-0.20472327682125));
#5923=CARTESIAN_POINT('Ctrl Pts',(0.384482221248594,4.50226657923537,-0.20472327682125));
#5924=CARTESIAN_POINT('Ctrl Pts',(0.406998568061978,4.8070665792356,-0.193850763555714));
#5925=CARTESIAN_POINT('Ctrl Pts',(0.406998568061978,4.50226657923537,-0.193850763555714));
#5926=CARTESIAN_POINT('Ctrl Pts',(0.451609963452171,4.80706657923556,-0.172309170143881));
#5927=CARTESIAN_POINT('Ctrl Pts',(0.451609963452171,4.50226657923533,-0.172309170143881));
#5928=CARTESIAN_POINT('Ctrl Pts',(0.512419093217365,4.80706657923555,-0.130063069169142));
#5929=CARTESIAN_POINT('Ctrl Pts',(0.512419093217364,4.50226657923531,-0.130063069169142));
#5930=CARTESIAN_POINT('Ctrl Pts',(0.567620474980809,4.8070665792356,-0.0812851829121788));
#5931=CARTESIAN_POINT('Ctrl Pts',(0.567620474980809,4.50226657923537,-0.0812851829121789));
#5932=CARTESIAN_POINT('Ctrl Pts',(0.598405105044955,4.80706657923549,-0.0432198642454362));
#5933=CARTESIAN_POINT('Ctrl Pts',(0.598405105044955,4.50226657923526,-0.0432198642454363));
#5934=CARTESIAN_POINT('Ctrl Pts',(0.61387257915449,4.80706657923549,-0.0240942704109876));
#5935=CARTESIAN_POINT('Ctrl Pts',(0.613872579154489,4.50226657923526,-0.0240942704109876));
#5936=CARTESIAN_POINT('',(0.384482221248594,4.8070665792356,-0.20472327682125));
#5937=CARTESIAN_POINT('',(0.384482221248594,4.8070665792356,-0.20472327682125));
#5938=CARTESIAN_POINT('Ctrl Pts',(0.384482221248594,4.8070665792356,-0.20472327682125));
#5939=CARTESIAN_POINT('Ctrl Pts',(0.406998568061978,4.8070665792356,-0.193850763555714));
#5940=CARTESIAN_POINT('Ctrl Pts',(0.451609963452171,4.80706657923556,-0.172309170143881));
#5941=CARTESIAN_POINT('Ctrl Pts',(0.512419093217365,4.80706657923555,-0.130063069169142));
#5942=CARTESIAN_POINT('Ctrl Pts',(0.567620474980809,4.8070665792356,-0.0812851829121788));
#5943=CARTESIAN_POINT('Ctrl Pts',(0.598405105044955,4.80706657923549,-0.0432198642454362));
#5944=CARTESIAN_POINT('Ctrl Pts',(0.61387257915449,4.80706657923549,-0.0240942704109876));
#5945=CARTESIAN_POINT('Ctrl Pts',(0.631681072744264,4.8070665792356,-0.640183346265685));
#5946=CARTESIAN_POINT('Ctrl Pts',(0.631681072744264,4.50226657923537,-0.640183346265685));
#5947=CARTESIAN_POINT('Ctrl Pts',(0.630977377206243,4.80706657923551,-0.617803046610382));
#5948=CARTESIAN_POINT('Ctrl Pts',(0.630977377206243,4.50226657923527,-0.617803046610382));
#5949=CARTESIAN_POINT('Ctrl Pts',(0.629600354239063,4.80706657923555,-0.57400827319698));
#5950=CARTESIAN_POINT('Ctrl Pts',(0.629600354239062,4.50226657923531,-0.57400827319698));
#5951=CARTESIAN_POINT('Ctrl Pts',(0.617908065637149,4.80706657923563,-0.510071939213416));
#5952=CARTESIAN_POINT('Ctrl Pts',(0.617908065637149,4.5022665792354,-0.510071939213416));
#5953=CARTESIAN_POINT('Ctrl Pts',(0.598231373326236,4.80706657923563,-0.449812495233168));
#5954=CARTESIAN_POINT('Ctrl Pts',(0.598231373326235,4.5022665792354,-0.449812495233168));
#5955=CARTESIAN_POINT('Ctrl Pts',(0.570974897862522,4.80706657923551,-0.392976268615744));
#5956=CARTESIAN_POINT('Ctrl Pts',(0.570974897862522,4.50226657923527,-0.392976268615744));
#5957=CARTESIAN_POINT('Ctrl Pts',(0.535692150812478,4.80706657923555,-0.339923627389341));
#5958=CARTESIAN_POINT('Ctrl Pts',(0.535692150812478,4.50226657923531,-0.339923627389341));
#5959=CARTESIAN_POINT('Ctrl Pts',(0.492951996026447,4.80706657923549,-0.290535207678452));
#5960=CARTESIAN_POINT('Ctrl Pts',(0.492951996026447,4.50226657923526,-0.290535207678453));
#5961=CARTESIAN_POINT('Ctrl Pts',(0.442452767238352,4.80706657923552,-0.24459195490574));
#5962=CARTESIAN_POINT('Ctrl Pts',(0.442452767238352,4.50226657923528,-0.24459195490574));
#5963=CARTESIAN_POINT('Ctrl Pts',(0.404184076148076,4.80706657923557,-0.218273035534858));
#5964=CARTESIAN_POINT('Ctrl Pts',(0.404184076148075,4.50226657923534,-0.218273035534858));
#5965=CARTESIAN_POINT('Ctrl Pts',(0.384482221248594,4.8070665792356,-0.20472327682125));
#5966=CARTESIAN_POINT('Ctrl Pts',(0.384482221248594,4.50226657923537,-0.204723276821251));
#5967=CARTESIAN_POINT('',(0.631681072744264,4.8070665792356,-0.640183346265685));
#5968=CARTESIAN_POINT('',(0.631681072744264,4.8070665792356,-0.640183346265685));
#5969=CARTESIAN_POINT('Ctrl Pts',(0.631681072744264,4.8070665792356,-0.640183346265685));
#5970=CARTESIAN_POINT('Ctrl Pts',(0.630977377206243,4.80706657923551,-0.617803046610382));
#5971=CARTESIAN_POINT('Ctrl Pts',(0.629600354239063,4.80706657923555,-0.57400827319698));
#5972=CARTESIAN_POINT('Ctrl Pts',(0.617908065637149,4.80706657923563,-0.510071939213416));
#5973=CARTESIAN_POINT('Ctrl Pts',(0.598231373326236,4.80706657923563,-0.449812495233168));
#5974=CARTESIAN_POINT('Ctrl Pts',(0.570974897862522,4.80706657923551,-0.392976268615744));
#5975=CARTESIAN_POINT('Ctrl Pts',(0.535692150812478,4.80706657923555,-0.339923627389341));
#5976=CARTESIAN_POINT('Ctrl Pts',(0.492951996026447,4.80706657923549,-0.290535207678452));
#5977=CARTESIAN_POINT('Ctrl Pts',(0.442452767238352,4.80706657923552,-0.24459195490574));
#5978=CARTESIAN_POINT('Ctrl Pts',(0.404184076148076,4.80706657923557,-0.218273035534858));
#5979=CARTESIAN_POINT('Ctrl Pts',(0.384482221248594,4.8070665792356,-0.20472327682125));
#5980=CARTESIAN_POINT('Ctrl Pts',(0.0134719381288673,4.8070665792356,-1.19012658878711));
#5981=CARTESIAN_POINT('Ctrl Pts',(0.0134719381288669,4.50226657923537,-1.19012658878711));
#5982=CARTESIAN_POINT('Ctrl Pts',(0.0410991202409727,4.80706657923548,-1.18929248287702));
#5983=CARTESIAN_POINT('Ctrl Pts',(0.0410991202409723,4.50226657923524,-1.18929248287702));
#5984=CARTESIAN_POINT('Ctrl Pts',(0.0957508554306208,4.80706657923563,-1.18764246532795));
#5985=CARTESIAN_POINT('Ctrl Pts',(0.0957508554306204,4.5022665792354,-1.18764246532795));
#5986=CARTESIAN_POINT('Ctrl Pts',(0.17604088858636,4.80706657923555,-1.17257516326685));
#5987=CARTESIAN_POINT('Ctrl Pts',(0.176040888586359,4.50226657923531,-1.17257516326685));
#5988=CARTESIAN_POINT('Ctrl Pts',(0.253466631567167,4.80706657923549,-1.14873234512887));
#5989=CARTESIAN_POINT('Ctrl Pts',(0.253466631567167,4.50226657923526,-1.14873234512887));
#5990=CARTESIAN_POINT('Ctrl Pts',(0.327180605246544,4.80706657923557,-1.11578871014591));
#5991=CARTESIAN_POINT('Ctrl Pts',(0.327180605246543,4.50226657923534,-1.11578871014591));
#5992=CARTESIAN_POINT('Ctrl Pts',(0.3956508001976,4.80706657923544,-1.07515638266215));
#5993=CARTESIAN_POINT('Ctrl Pts',(0.3956508001976,4.5022665792352,-1.07515638266215));
#5994=CARTESIAN_POINT('Ctrl Pts',(0.456572208373252,4.80706657923557,-1.02679675606396));
#5995=CARTESIAN_POINT('Ctrl Pts',(0.456572208373251,4.50226657923534,-1.02679675606396));
#5996=CARTESIAN_POINT('Ctrl Pts',(0.509119069669023,4.80706657923555,-0.97164289278355));
#5997=CARTESIAN_POINT('Ctrl Pts',(0.509119069669022,4.50226657923531,-0.97164289278355));
#5998=CARTESIAN_POINT('Ctrl Pts',(0.553202812349135,4.80706657923557,-0.910723675314661));
#5999=CARTESIAN_POINT('Ctrl Pts',(0.553202812349135,4.50226657923534,-0.910723675314661));
#6000=CARTESIAN_POINT('Ctrl Pts',(0.587719597491196,4.80706657923556,-0.845617724399651));
#6001=CARTESIAN_POINT('Ctrl Pts',(0.587719597491196,4.50226657923533,-0.845617724399651));
#6002=CARTESIAN_POINT('Ctrl Pts',(0.613171832881163,4.80706657923557,-0.778610010315345));
#6003=CARTESIAN_POINT('Ctrl Pts',(0.613171832881162,4.50226657923534,-0.778610010315345));
#6004=CARTESIAN_POINT('Ctrl Pts',(0.628666849485121,4.8070665792356,-0.709859484761183));
#6005=CARTESIAN_POINT('Ctrl Pts',(0.628666849485121,4.50226657923537,-0.709859484761183));
#6006=CARTESIAN_POINT('Ctrl Pts',(0.630674995746539,4.80706657923555,-0.663439606402777));
#6007=CARTESIAN_POINT('Ctrl Pts',(0.630674995746538,4.50226657923531,-0.663439606402777));
#6008=CARTESIAN_POINT('Ctrl Pts',(0.631681072744264,4.8070665792356,-0.640183346265685));
#6009=CARTESIAN_POINT('Ctrl Pts',(0.631681072744264,4.50226657923537,-0.640183346265685));
#6010=CARTESIAN_POINT('',(0.0134719381288673,4.8070665792356,-1.19012658878711));
#6011=CARTESIAN_POINT('',(0.0134719381288673,4.8070665792356,-1.19012658878711));
#6012=CARTESIAN_POINT('Ctrl Pts',(0.0134719381288673,4.8070665792356,-1.19012658878711));
#6013=CARTESIAN_POINT('Ctrl Pts',(0.0410991202409727,4.80706657923548,-1.18929248287702));
#6014=CARTESIAN_POINT('Ctrl Pts',(0.0957508554306208,4.80706657923563,-1.18764246532795));
#6015=CARTESIAN_POINT('Ctrl Pts',(0.17604088858636,4.80706657923555,-1.17257516326685));
#6016=CARTESIAN_POINT('Ctrl Pts',(0.253466631567167,4.80706657923549,-1.14873234512887));
#6017=CARTESIAN_POINT('Ctrl Pts',(0.327180605246544,4.80706657923557,-1.11578871014591));
#6018=CARTESIAN_POINT('Ctrl Pts',(0.3956508001976,4.80706657923544,-1.07515638266215));
#6019=CARTESIAN_POINT('Ctrl Pts',(0.456572208373252,4.80706657923557,-1.02679675606396));
#6020=CARTESIAN_POINT('Ctrl Pts',(0.509119069669023,4.80706657923555,-0.97164289278355));
#6021=CARTESIAN_POINT('Ctrl Pts',(0.553202812349135,4.80706657923557,-0.910723675314661));
#6022=CARTESIAN_POINT('Ctrl Pts',(0.587719597491196,4.80706657923556,-0.845617724399651));
#6023=CARTESIAN_POINT('Ctrl Pts',(0.613171832881163,4.80706657923557,-0.778610010315345));
#6024=CARTESIAN_POINT('Ctrl Pts',(0.628666849485121,4.8070665792356,-0.709859484761183));
#6025=CARTESIAN_POINT('Ctrl Pts',(0.630674995746539,4.80706657923555,-0.663439606402777));
#6026=CARTESIAN_POINT('Ctrl Pts',(0.631681072744264,4.8070665792356,-0.640183346265685));
#6027=CARTESIAN_POINT('Ctrl Pts',(-0.61660952554643,4.80706657923541,-0.647391546052145));
#6028=CARTESIAN_POINT('Ctrl Pts',(-0.61660952554643,4.50226657923525,-0.647391546052145));
#6029=CARTESIAN_POINT('Ctrl Pts',(-0.611463273467894,4.80706657923555,-0.668698810170495));
#6030=CARTESIAN_POINT('Ctrl Pts',(-0.611463273467894,4.50226657923539,-0.668698810170496));
#6031=CARTESIAN_POINT('Ctrl Pts',(-0.601402771583326,4.80706657923555,-0.710352768730521));
#6032=CARTESIAN_POINT('Ctrl Pts',(-0.601402771583326,4.50226657923539,-0.710352768730521));
#6033=CARTESIAN_POINT('Ctrl Pts',(-0.580419000961702,4.80706657923557,-0.769865731242936));
#6034=CARTESIAN_POINT('Ctrl Pts',(-0.580419000961702,4.50226657923542,-0.769865731242936));
#6035=CARTESIAN_POINT('Ctrl Pts',(-0.557559451391548,4.80706657923549,-0.826183289417387));
#6036=CARTESIAN_POINT('Ctrl Pts',(-0.557559451391549,4.50226657923533,-0.826183289417387));
#6037=CARTESIAN_POINT('Ctrl Pts',(-0.530109850059551,4.80706657923555,-0.878250914937984));
#6038=CARTESIAN_POINT('Ctrl Pts',(-0.530109850059552,4.50226657923539,-0.878250914937984));
#6039=CARTESIAN_POINT('Ctrl Pts',(-0.500168841551352,4.80706657923549,-0.9271150132572));
#6040=CARTESIAN_POINT('Ctrl Pts',(-0.500168841551352,4.50226657923533,-0.9271150132572));
#6041=CARTESIAN_POINT('Ctrl Pts',(-0.465865100432089,4.80706657923552,-0.971667293292684));
#6042=CARTESIAN_POINT('Ctrl Pts',(-0.46586510043209,4.50226657923536,-0.971667293292685));
#6043=CARTESIAN_POINT('Ctrl Pts',(-0.428781268213607,4.80706657923552,-1.01304084859899));
#6044=CARTESIAN_POINT('Ctrl Pts',(-0.428781268213608,4.50226657923536,-1.01304084859899));
#6045=CARTESIAN_POINT('Ctrl Pts',(-0.387763322683504,4.80706657923555,-1.04975790178836));
#6046=CARTESIAN_POINT('Ctrl Pts',(-0.387763322683505,4.50226657923539,-1.04975790178836));
#6047=CARTESIAN_POINT('Ctrl Pts',(-0.344747417786437,4.80706657923549,-1.08300633802293));
#6048=CARTESIAN_POINT('Ctrl Pts',(-0.344747417786437,4.50226657923533,-1.08300633802293));
#6049=CARTESIAN_POINT('Ctrl Pts',(-0.299127433460986,4.80706657923552,-1.11135458698702));
#6050=CARTESIAN_POINT('Ctrl Pts',(-0.299127433460986,4.50226657923536,-1.11135458698702));
#6051=CARTESIAN_POINT('Ctrl Pts',(-0.251821207288797,4.80706657923557,-1.13574109848126));
#6052=CARTESIAN_POINT('Ctrl Pts',(-0.251821207288797,4.50226657923542,-1.13574109848126));
#6053=CARTESIAN_POINT('Ctrl Pts',(-0.202500979267453,4.80706657923549,-1.1558314291869));
#6054=CARTESIAN_POINT('Ctrl Pts',(-0.202500979267454,4.50226657923533,-1.1558314291869));
#6055=CARTESIAN_POINT('Ctrl Pts',(-0.151019913529907,4.80706657923549,-1.17096591254673));
#6056=CARTESIAN_POINT('Ctrl Pts',(-0.151019913529907,4.50226657923533,-1.17096591254673));
#6057=CARTESIAN_POINT('Ctrl Pts',(-0.097843427045427,4.80706657923557,-1.18194645688027));
#6058=CARTESIAN_POINT('Ctrl Pts',(-0.0978434270454275,4.50226657923542,
-1.18194645688027));
#6059=CARTESIAN_POINT('Ctrl Pts',(-0.0428321674522947,4.80706657923555,
-1.18907727357199));
#6060=CARTESIAN_POINT('Ctrl Pts',(-0.0428321674522951,4.50226657923539,
-1.18907727357199));
#6061=CARTESIAN_POINT('Ctrl Pts',(-0.00548957694759822,4.80706657923552,
-1.18977321124787));
#6062=CARTESIAN_POINT('Ctrl Pts',(-0.00548957694759863,4.50226657923536,
-1.18977321124787));
#6063=CARTESIAN_POINT('Ctrl Pts',(0.0134719381288673,4.8070665792356,-1.19012658878711));
#6064=CARTESIAN_POINT('Ctrl Pts',(0.0134719381288669,4.50226657923544,-1.19012658878711));
#6065=CARTESIAN_POINT('',(-0.61660952554643,4.80706657923541,-0.647391546052145));
#6066=CARTESIAN_POINT('',(-0.61660952554643,4.80706657923541,-0.647391546052145));
#6067=CARTESIAN_POINT('Ctrl Pts',(-0.61660952554643,4.80706657923541,-0.647391546052145));
#6068=CARTESIAN_POINT('Ctrl Pts',(-0.611463273467894,4.80706657923555,-0.668698810170495));
#6069=CARTESIAN_POINT('Ctrl Pts',(-0.601402771583326,4.80706657923555,-0.710352768730521));
#6070=CARTESIAN_POINT('Ctrl Pts',(-0.580419000961702,4.80706657923557,-0.769865731242936));
#6071=CARTESIAN_POINT('Ctrl Pts',(-0.557559451391548,4.80706657923549,-0.826183289417387));
#6072=CARTESIAN_POINT('Ctrl Pts',(-0.530109850059551,4.80706657923555,-0.878250914937984));
#6073=CARTESIAN_POINT('Ctrl Pts',(-0.500168841551352,4.80706657923549,-0.9271150132572));
#6074=CARTESIAN_POINT('Ctrl Pts',(-0.465865100432089,4.80706657923552,-0.971667293292684));
#6075=CARTESIAN_POINT('Ctrl Pts',(-0.428781268213607,4.80706657923552,-1.01304084859899));
#6076=CARTESIAN_POINT('Ctrl Pts',(-0.387763322683504,4.80706657923555,-1.04975790178836));
#6077=CARTESIAN_POINT('Ctrl Pts',(-0.344747417786437,4.80706657923549,-1.08300633802293));
#6078=CARTESIAN_POINT('Ctrl Pts',(-0.299127433460986,4.80706657923552,-1.11135458698702));
#6079=CARTESIAN_POINT('Ctrl Pts',(-0.251821207288797,4.80706657923557,-1.13574109848126));
#6080=CARTESIAN_POINT('Ctrl Pts',(-0.202500979267453,4.80706657923549,-1.1558314291869));
#6081=CARTESIAN_POINT('Ctrl Pts',(-0.151019913529907,4.80706657923549,-1.17096591254673));
#6082=CARTESIAN_POINT('Ctrl Pts',(-0.097843427045427,4.80706657923557,-1.18194645688027));
#6083=CARTESIAN_POINT('Ctrl Pts',(-0.0428321674522947,4.80706657923555,
-1.18907727357199));
#6084=CARTESIAN_POINT('Ctrl Pts',(-0.00548957694759822,4.80706657923552,
-1.18977321124787));
#6085=CARTESIAN_POINT('Ctrl Pts',(0.0134719381288673,4.8070665792356,-1.19012658878711));
#6086=CARTESIAN_POINT('Origin',(-0.426652260589161,4.80706657923556,-0.647391546052048));
#6087=CARTESIAN_POINT('',(-0.426652260589161,4.80706657923556,-0.647391546052048));
#6088=CARTESIAN_POINT('Origin',(-0.259822229408513,4.80706657923552,-0.886192100963148));
#6089=UNCERTAINTY_MEASURE_WITH_UNIT(LENGTH_MEASURE(0.01),#6093,
'DISTANCE_ACCURACY_VALUE',
'Maximum model space distance between geometric entities at asserted c
onnectivities');
#6090=UNCERTAINTY_MEASURE_WITH_UNIT(LENGTH_MEASURE(0.01),#6093,
'DISTANCE_ACCURACY_VALUE',
'Maximum model space distance between geometric entities at asserted c
onnectivities');
#6091=(
GEOMETRIC_REPRESENTATION_CONTEXT(3)
GLOBAL_UNCERTAINTY_ASSIGNED_CONTEXT((#6089))
GLOBAL_UNIT_ASSIGNED_CONTEXT((#6093,#6095,#6096))
REPRESENTATION_CONTEXT('','3D')
);
#6092=(
GEOMETRIC_REPRESENTATION_CONTEXT(3)
GLOBAL_UNCERTAINTY_ASSIGNED_CONTEXT((#6090))
GLOBAL_UNIT_ASSIGNED_CONTEXT((#6093,#6095,#6096))
REPRESENTATION_CONTEXT('','3D')
);
#6093=(
LENGTH_UNIT()
NAMED_UNIT(*)
SI_UNIT(.MILLI.,.METRE.)
);
#6094=(
LENGTH_UNIT()
NAMED_UNIT(*)
SI_UNIT($,.METRE.)
);
#6095=(
NAMED_UNIT(*)
PLANE_ANGLE_UNIT()
SI_UNIT($,.RADIAN.)
);
#6096=(
NAMED_UNIT(*)
SI_UNIT($,.STERADIAN.)
SOLID_ANGLE_UNIT()
);
#6097=SHAPE_DEFINITION_REPRESENTATION(#6098,#6099);
#6098=PRODUCT_DEFINITION_SHAPE('',$,#6101);
#6099=SHAPE_REPRESENTATION('',(#3305),#6091);
#6100=PRODUCT_DEFINITION_CONTEXT('part definition',#6105,'design');
#6101=PRODUCT_DEFINITION('3A ATM FUSE, PURPLE','3A ATM FUSE, PURPLE v1',
#6102,#6100);
#6102=PRODUCT_DEFINITION_FORMATION('',$,#6107);
#6103=PRODUCT_RELATED_PRODUCT_CATEGORY('3A ATM FUSE, PURPLE v1',
'3A ATM FUSE, PURPLE v1',(#6107));
#6104=APPLICATION_PROTOCOL_DEFINITION('international standard',
'automotive_design',2009,#6105);
#6105=APPLICATION_CONTEXT(
'Core Data for Automotive Mechanical Design Process');
#6106=PRODUCT_CONTEXT('part definition',#6105,'mechanical');
#6107=PRODUCT('3A ATM FUSE, PURPLE','3A ATM FUSE, PURPLE v1',
'STEP AP214',(#6106));
#6108=PRESENTATION_STYLE_ASSIGNMENT((#6112));
#6109=PRESENTATION_STYLE_ASSIGNMENT((#6113));
#6110=PRESENTATION_STYLE_ASSIGNMENT((#6114));
#6111=PRESENTATION_STYLE_ASSIGNMENT((#6115));
#6112=SURFACE_STYLE_USAGE(.BOTH.,#6116);
#6113=SURFACE_STYLE_USAGE(.BOTH.,#6117);
#6114=SURFACE_STYLE_USAGE(.BOTH.,#6118);
#6115=SURFACE_STYLE_USAGE(.BOTH.,#6119);
#6116=SURFACE_SIDE_STYLE('',(#6120));
#6117=SURFACE_SIDE_STYLE('',(#6121));
#6118=SURFACE_SIDE_STYLE('',(#6122));
#6119=SURFACE_SIDE_STYLE('',(#6123));
#6120=SURFACE_STYLE_FILL_AREA(#6124);
#6121=SURFACE_STYLE_FILL_AREA(#6125);
#6122=SURFACE_STYLE_FILL_AREA(#6126);
#6123=SURFACE_STYLE_FILL_AREA(#6127);
#6124=FILL_AREA_STYLE('Steel - Satin',(#6128));
#6125=FILL_AREA_STYLE('Opaque(165,158,150)',(#6129));
#6126=FILL_AREA_STYLE('Opaque(48,0,119)',(#6130));
#6127=FILL_AREA_STYLE('Opaque(63,63,63)',(#6131));
#6128=FILL_AREA_STYLE_COLOUR('Steel - Satin',#6132);
#6129=FILL_AREA_STYLE_COLOUR('Opaque(165,158,150)',#6133);
#6130=FILL_AREA_STYLE_COLOUR('Opaque(48,0,119)',#6134);
#6131=FILL_AREA_STYLE_COLOUR('Opaque(63,63,63)',#6135);
#6132=COLOUR_RGB('Steel - Satin',0.627450980392157,0.627450980392157,0.627450980392157);
#6133=COLOUR_RGB('Opaque(165,158,150)',0.647058823529412,0.619607843137255,
0.588235294117647);
#6134=COLOUR_RGB('Opaque(48,0,119)',0.188235294117647,0.,0.466666666666667);
#6135=COLOUR_RGB('Opaque(63,63,63)',0.250980392156863,0.250980392156863,
0.250980392156863);
ENDSEC;
END-ISO-10303-21;
