ISO-10303-21;
HEADER;
/* Generated by software containing ST-Developer
 * from STEP Tools, Inc. (www.steptools.com) 
 */

FILE_DESCRIPTION(
/* description */ (''),
/* implementation_level */ '2;1');

FILE_NAME(
/* name */ 'KF78S-13.0-8P.step',
/* time_stamp */ '2025-09-11T23:31:02-10:00',
/* author */ (''),
/* organization */ (''),
/* preprocessor_version */ 'ST-DEVELOPER v20.1',
/* originating_system */ 'Autodesk Translation Framework v14.10.0.0',
/* authorisation */ '');

FILE_SCHEMA (('AUTOMOTIVE_DESIGN { 1 0 10303 214 3 1 1 }'));
ENDSEC;

DATA;
#10=MECHANICAL_DESIGN_GEOMETRIC_PRESENTATION_REPRESENTATION('',(#22,#23,
#24,#25,#26,#27,#28,#29,#30,#31,#32,#33,#34,#35,#36,#37,#38,#39,#40,#41,
#42,#43,#44,#45,#46),#9739);
#11=SHAPE_REPRESENTATION_RELATIONSHIP('SRR','None',#9746,#12);
#12=ADVANCED_BREP_SHAPE_REPRESENTATION('',(#13),#9738);
#13=MANIFOLD_SOLID_BREP('Body1',#5806);
#14=TOROIDAL_SURFACE('',#5896,3.,1.);
#15=TOROIDAL_SURFACE('',#5962,3.,1.);
#16=TOROIDAL_SURFACE('',#6028,3.,1.);
#17=TOROIDAL_SURFACE('',#6094,3.,1.);
#18=TOROIDAL_SURFACE('',#6160,3.,1.);
#19=TOROIDAL_SURFACE('',#6226,3.,1.);
#20=TOROIDAL_SURFACE('',#6300,3.,1.);
#21=TOROIDAL_SURFACE('',#6353,3.,1.);
#22=STYLED_ITEM('',(#9757),#5507);
#23=STYLED_ITEM('',(#9757),#5508);
#24=STYLED_ITEM('',(#9757),#5509);
#25=STYLED_ITEM('',(#9757),#5548);
#26=STYLED_ITEM('',(#9757),#5549);
#27=STYLED_ITEM('',(#9757),#5550);
#28=STYLED_ITEM('',(#9757),#5589);
#29=STYLED_ITEM('',(#9757),#5590);
#30=STYLED_ITEM('',(#9757),#5591);
#31=STYLED_ITEM('',(#9757),#5630);
#32=STYLED_ITEM('',(#9757),#5631);
#33=STYLED_ITEM('',(#9757),#5632);
#34=STYLED_ITEM('',(#9757),#5671);
#35=STYLED_ITEM('',(#9757),#5672);
#36=STYLED_ITEM('',(#9757),#5673);
#37=STYLED_ITEM('',(#9757),#5712);
#38=STYLED_ITEM('',(#9757),#5713);
#39=STYLED_ITEM('',(#9757),#5714);
#40=STYLED_ITEM('',(#9757),#5757);
#41=STYLED_ITEM('',(#9757),#5758);
#42=STYLED_ITEM('',(#9757),#5759);
#43=STYLED_ITEM('',(#9757),#5794);
#44=STYLED_ITEM('',(#9757),#5795);
#45=STYLED_ITEM('',(#9757),#5796);
#46=STYLED_ITEM('',(#9756),#13);
#47=FACE_BOUND('',#700,.T.);
#48=FACE_BOUND('',#717,.T.);
#49=FACE_BOUND('',#743,.T.);
#50=FACE_BOUND('',#760,.T.);
#51=FACE_BOUND('',#786,.T.);
#52=FACE_BOUND('',#803,.T.);
#53=FACE_BOUND('',#829,.T.);
#54=FACE_BOUND('',#846,.T.);
#55=FACE_BOUND('',#872,.T.);
#56=FACE_BOUND('',#889,.T.);
#57=FACE_BOUND('',#914,.T.);
#58=FACE_BOUND('',#932,.T.);
#59=FACE_BOUND('',#960,.T.);
#60=FACE_BOUND('',#979,.T.);
#61=FACE_BOUND('',#999,.T.);
#62=FACE_BOUND('',#1018,.T.);
#63=FACE_BOUND('',#1028,.T.);
#64=FACE_BOUND('',#1029,.T.);
#65=FACE_BOUND('',#1030,.T.);
#66=FACE_BOUND('',#1031,.T.);
#67=FACE_BOUND('',#1032,.T.);
#68=FACE_BOUND('',#1033,.T.);
#69=FACE_BOUND('',#1034,.T.);
#70=FACE_BOUND('',#1035,.T.);
#71=ELLIPSE('',#5863,0.707106781186549,0.5);
#72=ELLIPSE('',#5865,0.707106781186546,0.5);
#73=ELLIPSE('',#5866,0.707106781186549,0.5);
#74=ELLIPSE('',#5872,0.707106781186549,0.5);
#75=ELLIPSE('',#5875,0.707106781186549,0.5);
#76=ELLIPSE('',#5930,0.707106781186549,0.5);
#77=ELLIPSE('',#5932,0.707106781186549,0.5);
#78=ELLIPSE('',#5938,0.707106781186549,0.5);
#79=ELLIPSE('',#5941,0.707106781186549,0.5);
#80=ELLIPSE('',#5996,0.707106781186548,0.5);
#81=ELLIPSE('',#5998,0.707106781186549,0.5);
#82=ELLIPSE('',#6004,0.707106781186548,0.5);
#83=ELLIPSE('',#6007,0.707106781186549,0.5);
#84=ELLIPSE('',#6062,0.707106781186548,0.5);
#85=ELLIPSE('',#6064,0.707106781186548,0.5);
#86=ELLIPSE('',#6070,0.707106781186548,0.5);
#87=ELLIPSE('',#6073,0.707106781186548,0.5);
#88=ELLIPSE('',#6128,0.707106781186548,0.5);
#89=ELLIPSE('',#6130,0.707106781186548,0.5);
#90=ELLIPSE('',#6136,0.707106781186548,0.5);
#91=ELLIPSE('',#6139,0.707106781186548,0.5);
#92=ELLIPSE('',#6194,0.707106781186549,0.5);
#93=ELLIPSE('',#6198,0.707106781186548,0.5);
#94=ELLIPSE('',#6202,0.707106781186549,0.5);
#95=ELLIPSE('',#6205,0.707106781186548,0.5);
#96=ELLIPSE('',#6263,0.707106781186549,0.5);
#97=ELLIPSE('',#6265,0.707106781186549,0.5);
#98=ELLIPSE('',#6270,0.707106781186549,0.5);
#99=ELLIPSE('',#6273,0.707106781186549,0.5);
#100=ELLIPSE('',#6286,0.707106781186549,0.5);
#101=ELLIPSE('',#6328,0.707106781186549,0.5);
#102=ELLIPSE('',#6330,0.707106781186549,0.5);
#103=ELLIPSE('',#6333,0.707106781186549,0.5);
#104=PLANE('',#5828);
#105=PLANE('',#5831);
#106=PLANE('',#5832);
#107=PLANE('',#5848);
#108=PLANE('',#5880);
#109=PLANE('',#5881);
#110=PLANE('',#5883);
#111=PLANE('',#5884);
#112=PLANE('',#5885);
#113=PLANE('',#5886);
#114=PLANE('',#5887);
#115=PLANE('',#5888);
#116=PLANE('',#5889);
#117=PLANE('',#5890);
#118=PLANE('',#5891);
#119=PLANE('',#5892);
#120=PLANE('',#5893);
#121=PLANE('',#5894);
#122=PLANE('',#5895);
#123=PLANE('',#5902);
#124=PLANE('',#5903);
#125=PLANE('',#5906);
#126=PLANE('',#5910);
#127=PLANE('',#5912);
#128=PLANE('',#5915);
#129=PLANE('',#5916);
#130=PLANE('',#5917);
#131=PLANE('',#5946);
#132=PLANE('',#5947);
#133=PLANE('',#5949);
#134=PLANE('',#5950);
#135=PLANE('',#5951);
#136=PLANE('',#5952);
#137=PLANE('',#5953);
#138=PLANE('',#5954);
#139=PLANE('',#5955);
#140=PLANE('',#5956);
#141=PLANE('',#5957);
#142=PLANE('',#5958);
#143=PLANE('',#5959);
#144=PLANE('',#5960);
#145=PLANE('',#5961);
#146=PLANE('',#5968);
#147=PLANE('',#5969);
#148=PLANE('',#5972);
#149=PLANE('',#5976);
#150=PLANE('',#5978);
#151=PLANE('',#5981);
#152=PLANE('',#5982);
#153=PLANE('',#5983);
#154=PLANE('',#6012);
#155=PLANE('',#6013);
#156=PLANE('',#6015);
#157=PLANE('',#6016);
#158=PLANE('',#6017);
#159=PLANE('',#6018);
#160=PLANE('',#6019);
#161=PLANE('',#6020);
#162=PLANE('',#6021);
#163=PLANE('',#6022);
#164=PLANE('',#6023);
#165=PLANE('',#6024);
#166=PLANE('',#6025);
#167=PLANE('',#6026);
#168=PLANE('',#6027);
#169=PLANE('',#6034);
#170=PLANE('',#6035);
#171=PLANE('',#6038);
#172=PLANE('',#6042);
#173=PLANE('',#6044);
#174=PLANE('',#6047);
#175=PLANE('',#6048);
#176=PLANE('',#6049);
#177=PLANE('',#6078);
#178=PLANE('',#6079);
#179=PLANE('',#6081);
#180=PLANE('',#6082);
#181=PLANE('',#6083);
#182=PLANE('',#6084);
#183=PLANE('',#6085);
#184=PLANE('',#6086);
#185=PLANE('',#6087);
#186=PLANE('',#6088);
#187=PLANE('',#6089);
#188=PLANE('',#6090);
#189=PLANE('',#6091);
#190=PLANE('',#6092);
#191=PLANE('',#6093);
#192=PLANE('',#6100);
#193=PLANE('',#6101);
#194=PLANE('',#6104);
#195=PLANE('',#6108);
#196=PLANE('',#6110);
#197=PLANE('',#6113);
#198=PLANE('',#6114);
#199=PLANE('',#6115);
#200=PLANE('',#6144);
#201=PLANE('',#6145);
#202=PLANE('',#6147);
#203=PLANE('',#6148);
#204=PLANE('',#6149);
#205=PLANE('',#6150);
#206=PLANE('',#6151);
#207=PLANE('',#6152);
#208=PLANE('',#6153);
#209=PLANE('',#6154);
#210=PLANE('',#6155);
#211=PLANE('',#6156);
#212=PLANE('',#6157);
#213=PLANE('',#6158);
#214=PLANE('',#6159);
#215=PLANE('',#6166);
#216=PLANE('',#6167);
#217=PLANE('',#6170);
#218=PLANE('',#6174);
#219=PLANE('',#6176);
#220=PLANE('',#6179);
#221=PLANE('',#6180);
#222=PLANE('',#6181);
#223=PLANE('',#6210);
#224=PLANE('',#6212);
#225=PLANE('',#6213);
#226=PLANE('',#6214);
#227=PLANE('',#6215);
#228=PLANE('',#6216);
#229=PLANE('',#6217);
#230=PLANE('',#6218);
#231=PLANE('',#6219);
#232=PLANE('',#6220);
#233=PLANE('',#6221);
#234=PLANE('',#6222);
#235=PLANE('',#6223);
#236=PLANE('',#6224);
#237=PLANE('',#6225);
#238=PLANE('',#6232);
#239=PLANE('',#6233);
#240=PLANE('',#6234);
#241=PLANE('',#6240);
#242=PLANE('',#6242);
#243=PLANE('',#6245);
#244=PLANE('',#6246);
#245=PLANE('',#6247);
#246=PLANE('',#6281);
#247=PLANE('',#6282);
#248=PLANE('',#6284);
#249=PLANE('',#6287);
#250=PLANE('',#6288);
#251=PLANE('',#6289);
#252=PLANE('',#6290);
#253=PLANE('',#6291);
#254=PLANE('',#6292);
#255=PLANE('',#6293);
#256=PLANE('',#6294);
#257=PLANE('',#6295);
#258=PLANE('',#6296);
#259=PLANE('',#6297);
#260=PLANE('',#6298);
#261=PLANE('',#6299);
#262=PLANE('',#6306);
#263=PLANE('',#6307);
#264=PLANE('',#6308);
#265=PLANE('',#6312);
#266=PLANE('',#6314);
#267=PLANE('',#6317);
#268=PLANE('',#6318);
#269=PLANE('',#6319);
#270=PLANE('',#6336);
#271=PLANE('',#6338);
#272=PLANE('',#6339);
#273=PLANE('',#6340);
#274=PLANE('',#6341);
#275=PLANE('',#6342);
#276=PLANE('',#6343);
#277=PLANE('',#6344);
#278=PLANE('',#6345);
#279=PLANE('',#6346);
#280=PLANE('',#6347);
#281=PLANE('',#6348);
#282=PLANE('',#6349);
#283=PLANE('',#6350);
#284=PLANE('',#6351);
#285=PLANE('',#6352);
#286=PLANE('',#6359);
#287=PLANE('',#6360);
#288=PLANE('',#6364);
#289=PLANE('',#6366);
#290=PLANE('',#6369);
#291=PLANE('',#6370);
#292=PLANE('',#6371);
#293=PLANE('',#6372);
#294=SPHERICAL_SURFACE('',#5826,0.5);
#295=SPHERICAL_SURFACE('',#5842,0.5);
#296=SPHERICAL_SURFACE('',#5844,0.5);
#297=SPHERICAL_SURFACE('',#5851,0.499999999999998);
#298=SPHERICAL_SURFACE('',#5857,0.5);
#299=SPHERICAL_SURFACE('',#5877,0.5);
#300=SPHERICAL_SURFACE('',#5878,0.5);
#301=SPHERICAL_SURFACE('',#5918,0.499999999999998);
#302=SPHERICAL_SURFACE('',#5924,0.5);
#303=SPHERICAL_SURFACE('',#5943,0.5);
#304=SPHERICAL_SURFACE('',#5944,0.5);
#305=SPHERICAL_SURFACE('',#5984,0.499999999999998);
#306=SPHERICAL_SURFACE('',#5990,0.5);
#307=SPHERICAL_SURFACE('',#6009,0.5);
#308=SPHERICAL_SURFACE('',#6010,0.5);
#309=SPHERICAL_SURFACE('',#6050,0.499999999999998);
#310=SPHERICAL_SURFACE('',#6056,0.5);
#311=SPHERICAL_SURFACE('',#6075,0.5);
#312=SPHERICAL_SURFACE('',#6076,0.5);
#313=SPHERICAL_SURFACE('',#6116,0.499999999999998);
#314=SPHERICAL_SURFACE('',#6122,0.5);
#315=SPHERICAL_SURFACE('',#6141,0.5);
#316=SPHERICAL_SURFACE('',#6142,0.5);
#317=SPHERICAL_SURFACE('',#6182,0.499999999999998);
#318=SPHERICAL_SURFACE('',#6188,0.5);
#319=SPHERICAL_SURFACE('',#6207,0.5);
#320=SPHERICAL_SURFACE('',#6208,0.5);
#321=SPHERICAL_SURFACE('',#6248,0.499999999999998);
#322=SPHERICAL_SURFACE('',#6252,0.499999999999998);
#323=SPHERICAL_SURFACE('',#6258,0.5);
#324=SPHERICAL_SURFACE('',#6266,0.499999999999998);
#325=SPHERICAL_SURFACE('',#6276,0.5);
#326=SPHERICAL_SURFACE('',#6320,0.499999999999998);
#327=SPHERICAL_SURFACE('',#6323,0.499999999999998);
#328=FACE_OUTER_BOUND('',#670,.T.);
#329=FACE_OUTER_BOUND('',#671,.T.);
#330=FACE_OUTER_BOUND('',#672,.T.);
#331=FACE_OUTER_BOUND('',#673,.T.);
#332=FACE_OUTER_BOUND('',#674,.T.);
#333=FACE_OUTER_BOUND('',#675,.T.);
#334=FACE_OUTER_BOUND('',#676,.T.);
#335=FACE_OUTER_BOUND('',#677,.T.);
#336=FACE_OUTER_BOUND('',#678,.T.);
#337=FACE_OUTER_BOUND('',#679,.T.);
#338=FACE_OUTER_BOUND('',#680,.T.);
#339=FACE_OUTER_BOUND('',#681,.T.);
#340=FACE_OUTER_BOUND('',#682,.T.);
#341=FACE_OUTER_BOUND('',#683,.T.);
#342=FACE_OUTER_BOUND('',#684,.T.);
#343=FACE_OUTER_BOUND('',#685,.T.);
#344=FACE_OUTER_BOUND('',#686,.T.);
#345=FACE_OUTER_BOUND('',#687,.T.);
#346=FACE_OUTER_BOUND('',#688,.T.);
#347=FACE_OUTER_BOUND('',#689,.T.);
#348=FACE_OUTER_BOUND('',#690,.T.);
#349=FACE_OUTER_BOUND('',#691,.T.);
#350=FACE_OUTER_BOUND('',#692,.T.);
#351=FACE_OUTER_BOUND('',#693,.T.);
#352=FACE_OUTER_BOUND('',#694,.T.);
#353=FACE_OUTER_BOUND('',#695,.T.);
#354=FACE_OUTER_BOUND('',#696,.T.);
#355=FACE_OUTER_BOUND('',#697,.T.);
#356=FACE_OUTER_BOUND('',#698,.T.);
#357=FACE_OUTER_BOUND('',#699,.T.);
#358=FACE_OUTER_BOUND('',#701,.T.);
#359=FACE_OUTER_BOUND('',#702,.T.);
#360=FACE_OUTER_BOUND('',#703,.T.);
#361=FACE_OUTER_BOUND('',#704,.T.);
#362=FACE_OUTER_BOUND('',#705,.T.);
#363=FACE_OUTER_BOUND('',#706,.T.);
#364=FACE_OUTER_BOUND('',#707,.T.);
#365=FACE_OUTER_BOUND('',#708,.T.);
#366=FACE_OUTER_BOUND('',#709,.T.);
#367=FACE_OUTER_BOUND('',#710,.T.);
#368=FACE_OUTER_BOUND('',#711,.T.);
#369=FACE_OUTER_BOUND('',#712,.T.);
#370=FACE_OUTER_BOUND('',#713,.T.);
#371=FACE_OUTER_BOUND('',#714,.T.);
#372=FACE_OUTER_BOUND('',#715,.T.);
#373=FACE_OUTER_BOUND('',#716,.T.);
#374=FACE_OUTER_BOUND('',#718,.T.);
#375=FACE_OUTER_BOUND('',#719,.T.);
#376=FACE_OUTER_BOUND('',#720,.T.);
#377=FACE_OUTER_BOUND('',#721,.T.);
#378=FACE_OUTER_BOUND('',#722,.T.);
#379=FACE_OUTER_BOUND('',#723,.T.);
#380=FACE_OUTER_BOUND('',#724,.T.);
#381=FACE_OUTER_BOUND('',#725,.T.);
#382=FACE_OUTER_BOUND('',#726,.T.);
#383=FACE_OUTER_BOUND('',#727,.T.);
#384=FACE_OUTER_BOUND('',#728,.T.);
#385=FACE_OUTER_BOUND('',#729,.T.);
#386=FACE_OUTER_BOUND('',#730,.T.);
#387=FACE_OUTER_BOUND('',#731,.T.);
#388=FACE_OUTER_BOUND('',#732,.T.);
#389=FACE_OUTER_BOUND('',#733,.T.);
#390=FACE_OUTER_BOUND('',#734,.T.);
#391=FACE_OUTER_BOUND('',#735,.T.);
#392=FACE_OUTER_BOUND('',#736,.T.);
#393=FACE_OUTER_BOUND('',#737,.T.);
#394=FACE_OUTER_BOUND('',#738,.T.);
#395=FACE_OUTER_BOUND('',#739,.T.);
#396=FACE_OUTER_BOUND('',#740,.T.);
#397=FACE_OUTER_BOUND('',#741,.T.);
#398=FACE_OUTER_BOUND('',#742,.T.);
#399=FACE_OUTER_BOUND('',#744,.T.);
#400=FACE_OUTER_BOUND('',#745,.T.);
#401=FACE_OUTER_BOUND('',#746,.T.);
#402=FACE_OUTER_BOUND('',#747,.T.);
#403=FACE_OUTER_BOUND('',#748,.T.);
#404=FACE_OUTER_BOUND('',#749,.T.);
#405=FACE_OUTER_BOUND('',#750,.T.);
#406=FACE_OUTER_BOUND('',#751,.T.);
#407=FACE_OUTER_BOUND('',#752,.T.);
#408=FACE_OUTER_BOUND('',#753,.T.);
#409=FACE_OUTER_BOUND('',#754,.T.);
#410=FACE_OUTER_BOUND('',#755,.T.);
#411=FACE_OUTER_BOUND('',#756,.T.);
#412=FACE_OUTER_BOUND('',#757,.T.);
#413=FACE_OUTER_BOUND('',#758,.T.);
#414=FACE_OUTER_BOUND('',#759,.T.);
#415=FACE_OUTER_BOUND('',#761,.T.);
#416=FACE_OUTER_BOUND('',#762,.T.);
#417=FACE_OUTER_BOUND('',#763,.T.);
#418=FACE_OUTER_BOUND('',#764,.T.);
#419=FACE_OUTER_BOUND('',#765,.T.);
#420=FACE_OUTER_BOUND('',#766,.T.);
#421=FACE_OUTER_BOUND('',#767,.T.);
#422=FACE_OUTER_BOUND('',#768,.T.);
#423=FACE_OUTER_BOUND('',#769,.T.);
#424=FACE_OUTER_BOUND('',#770,.T.);
#425=FACE_OUTER_BOUND('',#771,.T.);
#426=FACE_OUTER_BOUND('',#772,.T.);
#427=FACE_OUTER_BOUND('',#773,.T.);
#428=FACE_OUTER_BOUND('',#774,.T.);
#429=FACE_OUTER_BOUND('',#775,.T.);
#430=FACE_OUTER_BOUND('',#776,.T.);
#431=FACE_OUTER_BOUND('',#777,.T.);
#432=FACE_OUTER_BOUND('',#778,.T.);
#433=FACE_OUTER_BOUND('',#779,.T.);
#434=FACE_OUTER_BOUND('',#780,.T.);
#435=FACE_OUTER_BOUND('',#781,.T.);
#436=FACE_OUTER_BOUND('',#782,.T.);
#437=FACE_OUTER_BOUND('',#783,.T.);
#438=FACE_OUTER_BOUND('',#784,.T.);
#439=FACE_OUTER_BOUND('',#785,.T.);
#440=FACE_OUTER_BOUND('',#787,.T.);
#441=FACE_OUTER_BOUND('',#788,.T.);
#442=FACE_OUTER_BOUND('',#789,.T.);
#443=FACE_OUTER_BOUND('',#790,.T.);
#444=FACE_OUTER_BOUND('',#791,.T.);
#445=FACE_OUTER_BOUND('',#792,.T.);
#446=FACE_OUTER_BOUND('',#793,.T.);
#447=FACE_OUTER_BOUND('',#794,.T.);
#448=FACE_OUTER_BOUND('',#795,.T.);
#449=FACE_OUTER_BOUND('',#796,.T.);
#450=FACE_OUTER_BOUND('',#797,.T.);
#451=FACE_OUTER_BOUND('',#798,.T.);
#452=FACE_OUTER_BOUND('',#799,.T.);
#453=FACE_OUTER_BOUND('',#800,.T.);
#454=FACE_OUTER_BOUND('',#801,.T.);
#455=FACE_OUTER_BOUND('',#802,.T.);
#456=FACE_OUTER_BOUND('',#804,.T.);
#457=FACE_OUTER_BOUND('',#805,.T.);
#458=FACE_OUTER_BOUND('',#806,.T.);
#459=FACE_OUTER_BOUND('',#807,.T.);
#460=FACE_OUTER_BOUND('',#808,.T.);
#461=FACE_OUTER_BOUND('',#809,.T.);
#462=FACE_OUTER_BOUND('',#810,.T.);
#463=FACE_OUTER_BOUND('',#811,.T.);
#464=FACE_OUTER_BOUND('',#812,.T.);
#465=FACE_OUTER_BOUND('',#813,.T.);
#466=FACE_OUTER_BOUND('',#814,.T.);
#467=FACE_OUTER_BOUND('',#815,.T.);
#468=FACE_OUTER_BOUND('',#816,.T.);
#469=FACE_OUTER_BOUND('',#817,.T.);
#470=FACE_OUTER_BOUND('',#818,.T.);
#471=FACE_OUTER_BOUND('',#819,.T.);
#472=FACE_OUTER_BOUND('',#820,.T.);
#473=FACE_OUTER_BOUND('',#821,.T.);
#474=FACE_OUTER_BOUND('',#822,.T.);
#475=FACE_OUTER_BOUND('',#823,.T.);
#476=FACE_OUTER_BOUND('',#824,.T.);
#477=FACE_OUTER_BOUND('',#825,.T.);
#478=FACE_OUTER_BOUND('',#826,.T.);
#479=FACE_OUTER_BOUND('',#827,.T.);
#480=FACE_OUTER_BOUND('',#828,.T.);
#481=FACE_OUTER_BOUND('',#830,.T.);
#482=FACE_OUTER_BOUND('',#831,.T.);
#483=FACE_OUTER_BOUND('',#832,.T.);
#484=FACE_OUTER_BOUND('',#833,.T.);
#485=FACE_OUTER_BOUND('',#834,.T.);
#486=FACE_OUTER_BOUND('',#835,.T.);
#487=FACE_OUTER_BOUND('',#836,.T.);
#488=FACE_OUTER_BOUND('',#837,.T.);
#489=FACE_OUTER_BOUND('',#838,.T.);
#490=FACE_OUTER_BOUND('',#839,.T.);
#491=FACE_OUTER_BOUND('',#840,.T.);
#492=FACE_OUTER_BOUND('',#841,.T.);
#493=FACE_OUTER_BOUND('',#842,.T.);
#494=FACE_OUTER_BOUND('',#843,.T.);
#495=FACE_OUTER_BOUND('',#844,.T.);
#496=FACE_OUTER_BOUND('',#845,.T.);
#497=FACE_OUTER_BOUND('',#847,.T.);
#498=FACE_OUTER_BOUND('',#848,.T.);
#499=FACE_OUTER_BOUND('',#849,.T.);
#500=FACE_OUTER_BOUND('',#850,.T.);
#501=FACE_OUTER_BOUND('',#851,.T.);
#502=FACE_OUTER_BOUND('',#852,.T.);
#503=FACE_OUTER_BOUND('',#853,.T.);
#504=FACE_OUTER_BOUND('',#854,.T.);
#505=FACE_OUTER_BOUND('',#855,.T.);
#506=FACE_OUTER_BOUND('',#856,.T.);
#507=FACE_OUTER_BOUND('',#857,.T.);
#508=FACE_OUTER_BOUND('',#858,.T.);
#509=FACE_OUTER_BOUND('',#859,.T.);
#510=FACE_OUTER_BOUND('',#860,.T.);
#511=FACE_OUTER_BOUND('',#861,.T.);
#512=FACE_OUTER_BOUND('',#862,.T.);
#513=FACE_OUTER_BOUND('',#863,.T.);
#514=FACE_OUTER_BOUND('',#864,.T.);
#515=FACE_OUTER_BOUND('',#865,.T.);
#516=FACE_OUTER_BOUND('',#866,.T.);
#517=FACE_OUTER_BOUND('',#867,.T.);
#518=FACE_OUTER_BOUND('',#868,.T.);
#519=FACE_OUTER_BOUND('',#869,.T.);
#520=FACE_OUTER_BOUND('',#870,.T.);
#521=FACE_OUTER_BOUND('',#871,.T.);
#522=FACE_OUTER_BOUND('',#873,.T.);
#523=FACE_OUTER_BOUND('',#874,.T.);
#524=FACE_OUTER_BOUND('',#875,.T.);
#525=FACE_OUTER_BOUND('',#876,.T.);
#526=FACE_OUTER_BOUND('',#877,.T.);
#527=FACE_OUTER_BOUND('',#878,.T.);
#528=FACE_OUTER_BOUND('',#879,.T.);
#529=FACE_OUTER_BOUND('',#880,.T.);
#530=FACE_OUTER_BOUND('',#881,.T.);
#531=FACE_OUTER_BOUND('',#882,.T.);
#532=FACE_OUTER_BOUND('',#883,.T.);
#533=FACE_OUTER_BOUND('',#884,.T.);
#534=FACE_OUTER_BOUND('',#885,.T.);
#535=FACE_OUTER_BOUND('',#886,.T.);
#536=FACE_OUTER_BOUND('',#887,.T.);
#537=FACE_OUTER_BOUND('',#888,.T.);
#538=FACE_OUTER_BOUND('',#890,.T.);
#539=FACE_OUTER_BOUND('',#891,.T.);
#540=FACE_OUTER_BOUND('',#892,.T.);
#541=FACE_OUTER_BOUND('',#893,.T.);
#542=FACE_OUTER_BOUND('',#894,.T.);
#543=FACE_OUTER_BOUND('',#895,.T.);
#544=FACE_OUTER_BOUND('',#896,.T.);
#545=FACE_OUTER_BOUND('',#897,.T.);
#546=FACE_OUTER_BOUND('',#898,.T.);
#547=FACE_OUTER_BOUND('',#899,.T.);
#548=FACE_OUTER_BOUND('',#900,.T.);
#549=FACE_OUTER_BOUND('',#901,.T.);
#550=FACE_OUTER_BOUND('',#902,.T.);
#551=FACE_OUTER_BOUND('',#903,.T.);
#552=FACE_OUTER_BOUND('',#904,.T.);
#553=FACE_OUTER_BOUND('',#905,.T.);
#554=FACE_OUTER_BOUND('',#906,.T.);
#555=FACE_OUTER_BOUND('',#907,.T.);
#556=FACE_OUTER_BOUND('',#908,.T.);
#557=FACE_OUTER_BOUND('',#909,.T.);
#558=FACE_OUTER_BOUND('',#910,.T.);
#559=FACE_OUTER_BOUND('',#911,.T.);
#560=FACE_OUTER_BOUND('',#912,.T.);
#561=FACE_OUTER_BOUND('',#913,.T.);
#562=FACE_OUTER_BOUND('',#915,.T.);
#563=FACE_OUTER_BOUND('',#916,.T.);
#564=FACE_OUTER_BOUND('',#917,.T.);
#565=FACE_OUTER_BOUND('',#918,.T.);
#566=FACE_OUTER_BOUND('',#919,.T.);
#567=FACE_OUTER_BOUND('',#920,.T.);
#568=FACE_OUTER_BOUND('',#921,.T.);
#569=FACE_OUTER_BOUND('',#922,.T.);
#570=FACE_OUTER_BOUND('',#923,.T.);
#571=FACE_OUTER_BOUND('',#924,.T.);
#572=FACE_OUTER_BOUND('',#925,.T.);
#573=FACE_OUTER_BOUND('',#926,.T.);
#574=FACE_OUTER_BOUND('',#927,.T.);
#575=FACE_OUTER_BOUND('',#928,.T.);
#576=FACE_OUTER_BOUND('',#929,.T.);
#577=FACE_OUTER_BOUND('',#930,.T.);
#578=FACE_OUTER_BOUND('',#931,.T.);
#579=FACE_OUTER_BOUND('',#933,.T.);
#580=FACE_OUTER_BOUND('',#934,.T.);
#581=FACE_OUTER_BOUND('',#935,.T.);
#582=FACE_OUTER_BOUND('',#936,.T.);
#583=FACE_OUTER_BOUND('',#937,.T.);
#584=FACE_OUTER_BOUND('',#938,.T.);
#585=FACE_OUTER_BOUND('',#939,.T.);
#586=FACE_OUTER_BOUND('',#940,.T.);
#587=FACE_OUTER_BOUND('',#941,.T.);
#588=FACE_OUTER_BOUND('',#942,.T.);
#589=FACE_OUTER_BOUND('',#943,.T.);
#590=FACE_OUTER_BOUND('',#944,.T.);
#591=FACE_OUTER_BOUND('',#945,.T.);
#592=FACE_OUTER_BOUND('',#946,.T.);
#593=FACE_OUTER_BOUND('',#947,.T.);
#594=FACE_OUTER_BOUND('',#948,.T.);
#595=FACE_OUTER_BOUND('',#949,.T.);
#596=FACE_OUTER_BOUND('',#950,.T.);
#597=FACE_OUTER_BOUND('',#951,.T.);
#598=FACE_OUTER_BOUND('',#952,.T.);
#599=FACE_OUTER_BOUND('',#953,.T.);
#600=FACE_OUTER_BOUND('',#954,.T.);
#601=FACE_OUTER_BOUND('',#955,.T.);
#602=FACE_OUTER_BOUND('',#956,.T.);
#603=FACE_OUTER_BOUND('',#957,.T.);
#604=FACE_OUTER_BOUND('',#958,.T.);
#605=FACE_OUTER_BOUND('',#959,.T.);
#606=FACE_OUTER_BOUND('',#961,.T.);
#607=FACE_OUTER_BOUND('',#962,.T.);
#608=FACE_OUTER_BOUND('',#963,.T.);
#609=FACE_OUTER_BOUND('',#964,.T.);
#610=FACE_OUTER_BOUND('',#965,.T.);
#611=FACE_OUTER_BOUND('',#966,.T.);
#612=FACE_OUTER_BOUND('',#967,.T.);
#613=FACE_OUTER_BOUND('',#968,.T.);
#614=FACE_OUTER_BOUND('',#969,.T.);
#615=FACE_OUTER_BOUND('',#970,.T.);
#616=FACE_OUTER_BOUND('',#971,.T.);
#617=FACE_OUTER_BOUND('',#972,.T.);
#618=FACE_OUTER_BOUND('',#973,.T.);
#619=FACE_OUTER_BOUND('',#974,.T.);
#620=FACE_OUTER_BOUND('',#975,.T.);
#621=FACE_OUTER_BOUND('',#976,.T.);
#622=FACE_OUTER_BOUND('',#977,.T.);
#623=FACE_OUTER_BOUND('',#978,.T.);
#624=FACE_OUTER_BOUND('',#980,.T.);
#625=FACE_OUTER_BOUND('',#981,.T.);
#626=FACE_OUTER_BOUND('',#982,.T.);
#627=FACE_OUTER_BOUND('',#983,.T.);
#628=FACE_OUTER_BOUND('',#984,.T.);
#629=FACE_OUTER_BOUND('',#985,.T.);
#630=FACE_OUTER_BOUND('',#986,.T.);
#631=FACE_OUTER_BOUND('',#987,.T.);
#632=FACE_OUTER_BOUND('',#988,.T.);
#633=FACE_OUTER_BOUND('',#989,.T.);
#634=FACE_OUTER_BOUND('',#990,.T.);
#635=FACE_OUTER_BOUND('',#991,.T.);
#636=FACE_OUTER_BOUND('',#992,.T.);
#637=FACE_OUTER_BOUND('',#993,.T.);
#638=FACE_OUTER_BOUND('',#994,.T.);
#639=FACE_OUTER_BOUND('',#995,.T.);
#640=FACE_OUTER_BOUND('',#996,.T.);
#641=FACE_OUTER_BOUND('',#997,.T.);
#642=FACE_OUTER_BOUND('',#998,.T.);
#643=FACE_OUTER_BOUND('',#1000,.T.);
#644=FACE_OUTER_BOUND('',#1001,.T.);
#645=FACE_OUTER_BOUND('',#1002,.T.);
#646=FACE_OUTER_BOUND('',#1003,.T.);
#647=FACE_OUTER_BOUND('',#1004,.T.);
#648=FACE_OUTER_BOUND('',#1005,.T.);
#649=FACE_OUTER_BOUND('',#1006,.T.);
#650=FACE_OUTER_BOUND('',#1007,.T.);
#651=FACE_OUTER_BOUND('',#1008,.T.);
#652=FACE_OUTER_BOUND('',#1009,.T.);
#653=FACE_OUTER_BOUND('',#1010,.T.);
#654=FACE_OUTER_BOUND('',#1011,.T.);
#655=FACE_OUTER_BOUND('',#1012,.T.);
#656=FACE_OUTER_BOUND('',#1013,.T.);
#657=FACE_OUTER_BOUND('',#1014,.T.);
#658=FACE_OUTER_BOUND('',#1015,.T.);
#659=FACE_OUTER_BOUND('',#1016,.T.);
#660=FACE_OUTER_BOUND('',#1017,.T.);
#661=FACE_OUTER_BOUND('',#1019,.T.);
#662=FACE_OUTER_BOUND('',#1020,.T.);
#663=FACE_OUTER_BOUND('',#1021,.T.);
#664=FACE_OUTER_BOUND('',#1022,.T.);
#665=FACE_OUTER_BOUND('',#1023,.T.);
#666=FACE_OUTER_BOUND('',#1024,.T.);
#667=FACE_OUTER_BOUND('',#1025,.T.);
#668=FACE_OUTER_BOUND('',#1026,.T.);
#669=FACE_OUTER_BOUND('',#1027,.T.);
#670=EDGE_LOOP('',(#3728,#3729,#3730,#3731));
#671=EDGE_LOOP('',(#3732,#3733,#3734,#3735));
#672=EDGE_LOOP('',(#3736,#3737,#3738));
#673=EDGE_LOOP('',(#3739,#3740,#3741,#3742,#3743,#3744,#3745,#3746,#3747,
#3748,#3749,#3750,#3751,#3752,#3753,#3754,#3755,#3756,#3757,#3758,#3759,
#3760,#3761,#3762,#3763,#3764,#3765,#3766,#3767,#3768,#3769,#3770,#3771,
#3772,#3773,#3774));
#674=EDGE_LOOP('',(#3775,#3776,#3777,#3778));
#675=EDGE_LOOP('',(#3779,#3780,#3781,#3782));
#676=EDGE_LOOP('',(#3783,#3784,#3785,#3786,#3787,#3788,#3789,#3790,#3791,
#3792,#3793,#3794,#3795,#3796,#3797,#3798,#3799,#3800,#3801,#3802,#3803,
#3804,#3805,#3806,#3807,#3808,#3809,#3810,#3811,#3812,#3813,#3814,#3815,
#3816,#3817,#3818,#3819));
#677=EDGE_LOOP('',(#3820,#3821,#3822,#3823));
#678=EDGE_LOOP('',(#3824,#3825,#3826,#3827));
#679=EDGE_LOOP('',(#3828,#3829,#3830,#3831));
#680=EDGE_LOOP('',(#3832,#3833,#3834));
#681=EDGE_LOOP('',(#3835,#3836,#3837));
#682=EDGE_LOOP('',(#3838,#3839,#3840,#3841));
#683=EDGE_LOOP('',(#3842,#3843,#3844,#3845));
#684=EDGE_LOOP('',(#3846,#3847,#3848,#3849));
#685=EDGE_LOOP('',(#3850,#3851,#3852));
#686=EDGE_LOOP('',(#3853,#3854,#3855,#3856));
#687=EDGE_LOOP('',(#3857,#3858,#3859));
#688=EDGE_LOOP('',(#3860,#3861,#3862,#3863));
#689=EDGE_LOOP('',(#3864,#3865,#3866,#3867));
#690=EDGE_LOOP('',(#3868,#3869,#3870,#3871));
#691=EDGE_LOOP('',(#3872,#3873,#3874,#3875));
#692=EDGE_LOOP('',(#3876,#3877,#3878,#3879));
#693=EDGE_LOOP('',(#3880,#3881,#3882,#3883));
#694=EDGE_LOOP('',(#3884,#3885,#3886,#3887));
#695=EDGE_LOOP('',(#3888,#3889,#3890,#3891));
#696=EDGE_LOOP('',(#3892,#3893,#3894));
#697=EDGE_LOOP('',(#3895,#3896,#3897));
#698=EDGE_LOOP('',(#3898,#3899,#3900,#3901));
#699=EDGE_LOOP('',(#3902,#3903,#3904,#3905));
#700=EDGE_LOOP('',(#3906));
#701=EDGE_LOOP('',(#3907,#3908,#3909,#3910));
#702=EDGE_LOOP('',(#3911,#3912,#3913,#3914));
#703=EDGE_LOOP('',(#3915,#3916,#3917,#3918));
#704=EDGE_LOOP('',(#3919,#3920,#3921,#3922));
#705=EDGE_LOOP('',(#3923,#3924,#3925,#3926));
#706=EDGE_LOOP('',(#3927,#3928,#3929,#3930));
#707=EDGE_LOOP('',(#3931,#3932,#3933,#3934));
#708=EDGE_LOOP('',(#3935,#3936,#3937,#3938));
#709=EDGE_LOOP('',(#3939,#3940,#3941,#3942));
#710=EDGE_LOOP('',(#3943,#3944,#3945,#3946));
#711=EDGE_LOOP('',(#3947,#3948,#3949,#3950));
#712=EDGE_LOOP('',(#3951,#3952,#3953,#3954));
#713=EDGE_LOOP('',(#3955,#3956,#3957,#3958,#3959,#3960,#3961,#3962,#3963,
#3964,#3965,#3966));
#714=EDGE_LOOP('',(#3967,#3968,#3969,#3970,#3971));
#715=EDGE_LOOP('',(#3972,#3973,#3974,#3975,#3976));
#716=EDGE_LOOP('',(#3977));
#717=EDGE_LOOP('',(#3978,#3979,#3980,#3981,#3982,#3983,#3984,#3985,#3986,
#3987,#3988,#3989));
#718=EDGE_LOOP('',(#3990,#3991,#3992,#3993));
#719=EDGE_LOOP('',(#3994,#3995,#3996,#3997));
#720=EDGE_LOOP('',(#3998,#3999,#4000,#4001));
#721=EDGE_LOOP('',(#4002,#4003,#4004,#4005));
#722=EDGE_LOOP('',(#4006,#4007,#4008,#4009,#4010,#4011));
#723=EDGE_LOOP('',(#4012,#4013,#4014,#4015));
#724=EDGE_LOOP('',(#4016,#4017,#4018,#4019));
#725=EDGE_LOOP('',(#4020,#4021,#4022,#4023));
#726=EDGE_LOOP('',(#4024,#4025,#4026,#4027,#4028,#4029));
#727=EDGE_LOOP('',(#4030,#4031,#4032,#4033));
#728=EDGE_LOOP('',(#4034,#4035,#4036));
#729=EDGE_LOOP('',(#4037,#4038,#4039,#4040));
#730=EDGE_LOOP('',(#4041,#4042,#4043));
#731=EDGE_LOOP('',(#4044,#4045,#4046,#4047));
#732=EDGE_LOOP('',(#4048,#4049,#4050,#4051));
#733=EDGE_LOOP('',(#4052,#4053,#4054,#4055));
#734=EDGE_LOOP('',(#4056,#4057,#4058,#4059));
#735=EDGE_LOOP('',(#4060,#4061,#4062,#4063));
#736=EDGE_LOOP('',(#4064,#4065,#4066,#4067));
#737=EDGE_LOOP('',(#4068,#4069,#4070,#4071));
#738=EDGE_LOOP('',(#4072,#4073,#4074,#4075));
#739=EDGE_LOOP('',(#4076,#4077,#4078));
#740=EDGE_LOOP('',(#4079,#4080,#4081));
#741=EDGE_LOOP('',(#4082,#4083,#4084,#4085));
#742=EDGE_LOOP('',(#4086,#4087,#4088,#4089));
#743=EDGE_LOOP('',(#4090));
#744=EDGE_LOOP('',(#4091,#4092,#4093,#4094));
#745=EDGE_LOOP('',(#4095,#4096,#4097,#4098));
#746=EDGE_LOOP('',(#4099,#4100,#4101,#4102));
#747=EDGE_LOOP('',(#4103,#4104,#4105,#4106));
#748=EDGE_LOOP('',(#4107,#4108,#4109,#4110));
#749=EDGE_LOOP('',(#4111,#4112,#4113,#4114));
#750=EDGE_LOOP('',(#4115,#4116,#4117,#4118));
#751=EDGE_LOOP('',(#4119,#4120,#4121,#4122));
#752=EDGE_LOOP('',(#4123,#4124,#4125,#4126));
#753=EDGE_LOOP('',(#4127,#4128,#4129,#4130));
#754=EDGE_LOOP('',(#4131,#4132,#4133,#4134));
#755=EDGE_LOOP('',(#4135,#4136,#4137,#4138));
#756=EDGE_LOOP('',(#4139,#4140,#4141,#4142,#4143,#4144,#4145,#4146,#4147,
#4148,#4149,#4150));
#757=EDGE_LOOP('',(#4151,#4152,#4153,#4154,#4155));
#758=EDGE_LOOP('',(#4156,#4157,#4158,#4159,#4160));
#759=EDGE_LOOP('',(#4161));
#760=EDGE_LOOP('',(#4162,#4163,#4164,#4165,#4166,#4167,#4168,#4169,#4170,
#4171,#4172,#4173));
#761=EDGE_LOOP('',(#4174,#4175,#4176,#4177));
#762=EDGE_LOOP('',(#4178,#4179,#4180,#4181));
#763=EDGE_LOOP('',(#4182,#4183,#4184,#4185));
#764=EDGE_LOOP('',(#4186,#4187,#4188,#4189));
#765=EDGE_LOOP('',(#4190,#4191,#4192,#4193,#4194,#4195));
#766=EDGE_LOOP('',(#4196,#4197,#4198,#4199));
#767=EDGE_LOOP('',(#4200,#4201,#4202,#4203));
#768=EDGE_LOOP('',(#4204,#4205,#4206,#4207));
#769=EDGE_LOOP('',(#4208,#4209,#4210,#4211,#4212,#4213));
#770=EDGE_LOOP('',(#4214,#4215,#4216,#4217));
#771=EDGE_LOOP('',(#4218,#4219,#4220));
#772=EDGE_LOOP('',(#4221,#4222,#4223,#4224));
#773=EDGE_LOOP('',(#4225,#4226,#4227));
#774=EDGE_LOOP('',(#4228,#4229,#4230,#4231));
#775=EDGE_LOOP('',(#4232,#4233,#4234,#4235));
#776=EDGE_LOOP('',(#4236,#4237,#4238,#4239));
#777=EDGE_LOOP('',(#4240,#4241,#4242,#4243));
#778=EDGE_LOOP('',(#4244,#4245,#4246,#4247));
#779=EDGE_LOOP('',(#4248,#4249,#4250,#4251));
#780=EDGE_LOOP('',(#4252,#4253,#4254,#4255));
#781=EDGE_LOOP('',(#4256,#4257,#4258,#4259));
#782=EDGE_LOOP('',(#4260,#4261,#4262));
#783=EDGE_LOOP('',(#4263,#4264,#4265));
#784=EDGE_LOOP('',(#4266,#4267,#4268,#4269));
#785=EDGE_LOOP('',(#4270,#4271,#4272,#4273));
#786=EDGE_LOOP('',(#4274));
#787=EDGE_LOOP('',(#4275,#4276,#4277,#4278));
#788=EDGE_LOOP('',(#4279,#4280,#4281,#4282));
#789=EDGE_LOOP('',(#4283,#4284,#4285,#4286));
#790=EDGE_LOOP('',(#4287,#4288,#4289,#4290));
#791=EDGE_LOOP('',(#4291,#4292,#4293,#4294));
#792=EDGE_LOOP('',(#4295,#4296,#4297,#4298));
#793=EDGE_LOOP('',(#4299,#4300,#4301,#4302));
#794=EDGE_LOOP('',(#4303,#4304,#4305,#4306));
#795=EDGE_LOOP('',(#4307,#4308,#4309,#4310));
#796=EDGE_LOOP('',(#4311,#4312,#4313,#4314));
#797=EDGE_LOOP('',(#4315,#4316,#4317,#4318));
#798=EDGE_LOOP('',(#4319,#4320,#4321,#4322));
#799=EDGE_LOOP('',(#4323,#4324,#4325,#4326,#4327,#4328,#4329,#4330,#4331,
#4332,#4333,#4334));
#800=EDGE_LOOP('',(#4335,#4336,#4337,#4338,#4339));
#801=EDGE_LOOP('',(#4340,#4341,#4342,#4343,#4344));
#802=EDGE_LOOP('',(#4345));
#803=EDGE_LOOP('',(#4346,#4347,#4348,#4349,#4350,#4351,#4352,#4353,#4354,
#4355,#4356,#4357));
#804=EDGE_LOOP('',(#4358,#4359,#4360,#4361));
#805=EDGE_LOOP('',(#4362,#4363,#4364,#4365));
#806=EDGE_LOOP('',(#4366,#4367,#4368,#4369));
#807=EDGE_LOOP('',(#4370,#4371,#4372,#4373));
#808=EDGE_LOOP('',(#4374,#4375,#4376,#4377,#4378,#4379));
#809=EDGE_LOOP('',(#4380,#4381,#4382,#4383));
#810=EDGE_LOOP('',(#4384,#4385,#4386,#4387));
#811=EDGE_LOOP('',(#4388,#4389,#4390,#4391));
#812=EDGE_LOOP('',(#4392,#4393,#4394,#4395,#4396,#4397));
#813=EDGE_LOOP('',(#4398,#4399,#4400,#4401));
#814=EDGE_LOOP('',(#4402,#4403,#4404));
#815=EDGE_LOOP('',(#4405,#4406,#4407,#4408));
#816=EDGE_LOOP('',(#4409,#4410,#4411));
#817=EDGE_LOOP('',(#4412,#4413,#4414,#4415));
#818=EDGE_LOOP('',(#4416,#4417,#4418,#4419));
#819=EDGE_LOOP('',(#4420,#4421,#4422,#4423));
#820=EDGE_LOOP('',(#4424,#4425,#4426,#4427));
#821=EDGE_LOOP('',(#4428,#4429,#4430,#4431));
#822=EDGE_LOOP('',(#4432,#4433,#4434,#4435));
#823=EDGE_LOOP('',(#4436,#4437,#4438,#4439));
#824=EDGE_LOOP('',(#4440,#4441,#4442,#4443));
#825=EDGE_LOOP('',(#4444,#4445,#4446));
#826=EDGE_LOOP('',(#4447,#4448,#4449));
#827=EDGE_LOOP('',(#4450,#4451,#4452,#4453));
#828=EDGE_LOOP('',(#4454,#4455,#4456,#4457));
#829=EDGE_LOOP('',(#4458));
#830=EDGE_LOOP('',(#4459,#4460,#4461,#4462));
#831=EDGE_LOOP('',(#4463,#4464,#4465,#4466));
#832=EDGE_LOOP('',(#4467,#4468,#4469,#4470));
#833=EDGE_LOOP('',(#4471,#4472,#4473,#4474));
#834=EDGE_LOOP('',(#4475,#4476,#4477,#4478));
#835=EDGE_LOOP('',(#4479,#4480,#4481,#4482));
#836=EDGE_LOOP('',(#4483,#4484,#4485,#4486));
#837=EDGE_LOOP('',(#4487,#4488,#4489,#4490));
#838=EDGE_LOOP('',(#4491,#4492,#4493,#4494));
#839=EDGE_LOOP('',(#4495,#4496,#4497,#4498));
#840=EDGE_LOOP('',(#4499,#4500,#4501,#4502));
#841=EDGE_LOOP('',(#4503,#4504,#4505,#4506));
#842=EDGE_LOOP('',(#4507,#4508,#4509,#4510,#4511,#4512,#4513,#4514,#4515,
#4516,#4517,#4518));
#843=EDGE_LOOP('',(#4519,#4520,#4521,#4522,#4523));
#844=EDGE_LOOP('',(#4524,#4525,#4526,#4527,#4528));
#845=EDGE_LOOP('',(#4529));
#846=EDGE_LOOP('',(#4530,#4531,#4532,#4533,#4534,#4535,#4536,#4537,#4538,
#4539,#4540,#4541));
#847=EDGE_LOOP('',(#4542,#4543,#4544,#4545));
#848=EDGE_LOOP('',(#4546,#4547,#4548,#4549));
#849=EDGE_LOOP('',(#4550,#4551,#4552,#4553));
#850=EDGE_LOOP('',(#4554,#4555,#4556,#4557));
#851=EDGE_LOOP('',(#4558,#4559,#4560,#4561,#4562,#4563));
#852=EDGE_LOOP('',(#4564,#4565,#4566,#4567));
#853=EDGE_LOOP('',(#4568,#4569,#4570,#4571));
#854=EDGE_LOOP('',(#4572,#4573,#4574,#4575));
#855=EDGE_LOOP('',(#4576,#4577,#4578,#4579,#4580,#4581));
#856=EDGE_LOOP('',(#4582,#4583,#4584,#4585));
#857=EDGE_LOOP('',(#4586,#4587,#4588));
#858=EDGE_LOOP('',(#4589,#4590,#4591,#4592));
#859=EDGE_LOOP('',(#4593,#4594,#4595));
#860=EDGE_LOOP('',(#4596,#4597,#4598,#4599));
#861=EDGE_LOOP('',(#4600,#4601,#4602,#4603));
#862=EDGE_LOOP('',(#4604,#4605,#4606,#4607));
#863=EDGE_LOOP('',(#4608,#4609,#4610,#4611));
#864=EDGE_LOOP('',(#4612,#4613,#4614,#4615));
#865=EDGE_LOOP('',(#4616,#4617,#4618,#4619));
#866=EDGE_LOOP('',(#4620,#4621,#4622,#4623));
#867=EDGE_LOOP('',(#4624,#4625,#4626,#4627));
#868=EDGE_LOOP('',(#4628,#4629,#4630));
#869=EDGE_LOOP('',(#4631,#4632,#4633));
#870=EDGE_LOOP('',(#4634,#4635,#4636,#4637));
#871=EDGE_LOOP('',(#4638,#4639,#4640,#4641));
#872=EDGE_LOOP('',(#4642));
#873=EDGE_LOOP('',(#4643,#4644,#4645,#4646));
#874=EDGE_LOOP('',(#4647,#4648,#4649,#4650));
#875=EDGE_LOOP('',(#4651,#4652,#4653,#4654));
#876=EDGE_LOOP('',(#4655,#4656,#4657,#4658));
#877=EDGE_LOOP('',(#4659,#4660,#4661,#4662));
#878=EDGE_LOOP('',(#4663,#4664,#4665,#4666));
#879=EDGE_LOOP('',(#4667,#4668,#4669,#4670));
#880=EDGE_LOOP('',(#4671,#4672,#4673,#4674));
#881=EDGE_LOOP('',(#4675,#4676,#4677,#4678));
#882=EDGE_LOOP('',(#4679,#4680,#4681,#4682));
#883=EDGE_LOOP('',(#4683,#4684,#4685,#4686));
#884=EDGE_LOOP('',(#4687,#4688,#4689,#4690));
#885=EDGE_LOOP('',(#4691,#4692,#4693,#4694,#4695,#4696,#4697,#4698,#4699,
#4700,#4701,#4702));
#886=EDGE_LOOP('',(#4703,#4704,#4705,#4706,#4707));
#887=EDGE_LOOP('',(#4708,#4709,#4710,#4711,#4712));
#888=EDGE_LOOP('',(#4713));
#889=EDGE_LOOP('',(#4714,#4715,#4716,#4717,#4718,#4719,#4720,#4721,#4722,
#4723,#4724,#4725));
#890=EDGE_LOOP('',(#4726,#4727,#4728,#4729));
#891=EDGE_LOOP('',(#4730,#4731,#4732,#4733));
#892=EDGE_LOOP('',(#4734,#4735,#4736,#4737));
#893=EDGE_LOOP('',(#4738,#4739,#4740,#4741));
#894=EDGE_LOOP('',(#4742,#4743,#4744,#4745,#4746,#4747));
#895=EDGE_LOOP('',(#4748,#4749,#4750,#4751));
#896=EDGE_LOOP('',(#4752,#4753,#4754,#4755));
#897=EDGE_LOOP('',(#4756,#4757,#4758,#4759));
#898=EDGE_LOOP('',(#4760,#4761,#4762,#4763,#4764,#4765));
#899=EDGE_LOOP('',(#4766,#4767,#4768,#4769));
#900=EDGE_LOOP('',(#4770,#4771,#4772));
#901=EDGE_LOOP('',(#4773,#4774,#4775,#4776));
#902=EDGE_LOOP('',(#4777,#4778,#4779));
#903=EDGE_LOOP('',(#4780,#4781,#4782,#4783));
#904=EDGE_LOOP('',(#4784,#4785,#4786,#4787));
#905=EDGE_LOOP('',(#4788,#4789,#4790,#4791));
#906=EDGE_LOOP('',(#4792,#4793,#4794,#4795));
#907=EDGE_LOOP('',(#4796,#4797,#4798,#4799));
#908=EDGE_LOOP('',(#4800,#4801,#4802,#4803));
#909=EDGE_LOOP('',(#4804,#4805,#4806,#4807));
#910=EDGE_LOOP('',(#4808,#4809,#4810,#4811));
#911=EDGE_LOOP('',(#4812,#4813,#4814));
#912=EDGE_LOOP('',(#4815,#4816,#4817));
#913=EDGE_LOOP('',(#4818,#4819,#4820,#4821));
#914=EDGE_LOOP('',(#4822));
#915=EDGE_LOOP('',(#4823,#4824,#4825,#4826));
#916=EDGE_LOOP('',(#4827,#4828,#4829,#4830));
#917=EDGE_LOOP('',(#4831,#4832,#4833,#4834));
#918=EDGE_LOOP('',(#4835,#4836,#4837,#4838));
#919=EDGE_LOOP('',(#4839,#4840,#4841,#4842));
#920=EDGE_LOOP('',(#4843,#4844,#4845,#4846));
#921=EDGE_LOOP('',(#4847,#4848,#4849,#4850));
#922=EDGE_LOOP('',(#4851,#4852,#4853,#4854));
#923=EDGE_LOOP('',(#4855,#4856,#4857,#4858));
#924=EDGE_LOOP('',(#4859,#4860,#4861,#4862));
#925=EDGE_LOOP('',(#4863,#4864,#4865,#4866));
#926=EDGE_LOOP('',(#4867,#4868,#4869,#4870));
#927=EDGE_LOOP('',(#4871,#4872,#4873,#4874));
#928=EDGE_LOOP('',(#4875,#4876,#4877,#4878,#4879,#4880,#4881,#4882,#4883,
#4884,#4885,#4886));
#929=EDGE_LOOP('',(#4887,#4888,#4889,#4890,#4891));
#930=EDGE_LOOP('',(#4892,#4893,#4894,#4895,#4896));
#931=EDGE_LOOP('',(#4897));
#932=EDGE_LOOP('',(#4898,#4899,#4900,#4901,#4902,#4903,#4904,#4905,#4906,
#4907,#4908,#4909));
#933=EDGE_LOOP('',(#4910,#4911,#4912,#4913));
#934=EDGE_LOOP('',(#4914,#4915,#4916,#4917));
#935=EDGE_LOOP('',(#4918,#4919,#4920,#4921));
#936=EDGE_LOOP('',(#4922,#4923,#4924,#4925));
#937=EDGE_LOOP('',(#4926,#4927,#4928,#4929,#4930,#4931));
#938=EDGE_LOOP('',(#4932,#4933,#4934,#4935));
#939=EDGE_LOOP('',(#4936,#4937,#4938,#4939));
#940=EDGE_LOOP('',(#4940,#4941,#4942,#4943));
#941=EDGE_LOOP('',(#4944,#4945,#4946,#4947,#4948,#4949));
#942=EDGE_LOOP('',(#4950,#4951,#4952,#4953));
#943=EDGE_LOOP('',(#4954,#4955,#4956));
#944=EDGE_LOOP('',(#4957,#4958,#4959));
#945=EDGE_LOOP('',(#4960,#4961,#4962,#4963));
#946=EDGE_LOOP('',(#4964,#4965,#4966));
#947=EDGE_LOOP('',(#4967,#4968,#4969,#4970));
#948=EDGE_LOOP('',(#4971,#4972,#4973,#4974));
#949=EDGE_LOOP('',(#4975,#4976,#4977,#4978));
#950=EDGE_LOOP('',(#4979,#4980,#4981));
#951=EDGE_LOOP('',(#4982,#4983,#4984,#4985));
#952=EDGE_LOOP('',(#4986,#4987,#4988,#4989));
#953=EDGE_LOOP('',(#4990,#4991,#4992,#4993));
#954=EDGE_LOOP('',(#4994,#4995,#4996,#4997));
#955=EDGE_LOOP('',(#4998,#4999,#5000,#5001));
#956=EDGE_LOOP('',(#5002,#5003,#5004));
#957=EDGE_LOOP('',(#5005,#5006,#5007,#5008));
#958=EDGE_LOOP('',(#5009,#5010,#5011,#5012));
#959=EDGE_LOOP('',(#5013,#5014,#5015,#5016));
#960=EDGE_LOOP('',(#5017));
#961=EDGE_LOOP('',(#5018,#5019,#5020,#5021));
#962=EDGE_LOOP('',(#5022,#5023,#5024,#5025));
#963=EDGE_LOOP('',(#5026,#5027,#5028,#5029));
#964=EDGE_LOOP('',(#5030,#5031,#5032,#5033));
#965=EDGE_LOOP('',(#5034,#5035,#5036,#5037));
#966=EDGE_LOOP('',(#5038,#5039,#5040,#5041));
#967=EDGE_LOOP('',(#5042,#5043,#5044,#5045));
#968=EDGE_LOOP('',(#5046,#5047,#5048,#5049));
#969=EDGE_LOOP('',(#5050,#5051,#5052,#5053));
#970=EDGE_LOOP('',(#5054,#5055,#5056,#5057));
#971=EDGE_LOOP('',(#5058,#5059,#5060,#5061));
#972=EDGE_LOOP('',(#5062,#5063,#5064,#5065));
#973=EDGE_LOOP('',(#5066,#5067,#5068,#5069));
#974=EDGE_LOOP('',(#5070,#5071,#5072,#5073));
#975=EDGE_LOOP('',(#5074,#5075,#5076,#5077,#5078,#5079,#5080,#5081,#5082,
#5083,#5084,#5085));
#976=EDGE_LOOP('',(#5086,#5087,#5088,#5089,#5090));
#977=EDGE_LOOP('',(#5091,#5092,#5093,#5094,#5095));
#978=EDGE_LOOP('',(#5096));
#979=EDGE_LOOP('',(#5097,#5098,#5099,#5100,#5101,#5102,#5103,#5104,#5105,
#5106,#5107,#5108));
#980=EDGE_LOOP('',(#5109,#5110,#5111,#5112));
#981=EDGE_LOOP('',(#5113,#5114,#5115,#5116));
#982=EDGE_LOOP('',(#5117,#5118,#5119,#5120));
#983=EDGE_LOOP('',(#5121,#5122,#5123,#5124,#5125,#5126));
#984=EDGE_LOOP('',(#5127,#5128,#5129,#5130));
#985=EDGE_LOOP('',(#5131,#5132,#5133,#5134));
#986=EDGE_LOOP('',(#5135,#5136,#5137,#5138));
#987=EDGE_LOOP('',(#5139,#5140,#5141,#5142,#5143,#5144));
#988=EDGE_LOOP('',(#5145,#5146,#5147,#5148));
#989=EDGE_LOOP('',(#5149,#5150,#5151));
#990=EDGE_LOOP('',(#5152,#5153,#5154));
#991=EDGE_LOOP('',(#5155,#5156,#5157,#5158));
#992=EDGE_LOOP('',(#5159,#5160,#5161,#5162));
#993=EDGE_LOOP('',(#5163,#5164,#5165,#5166));
#994=EDGE_LOOP('',(#5167,#5168,#5169,#5170));
#995=EDGE_LOOP('',(#5171,#5172,#5173,#5174));
#996=EDGE_LOOP('',(#5175,#5176,#5177,#5178));
#997=EDGE_LOOP('',(#5179,#5180,#5181,#5182));
#998=EDGE_LOOP('',(#5183,#5184,#5185,#5186));
#999=EDGE_LOOP('',(#5187));
#1000=EDGE_LOOP('',(#5188,#5189,#5190,#5191));
#1001=EDGE_LOOP('',(#5192,#5193,#5194,#5195));
#1002=EDGE_LOOP('',(#5196,#5197,#5198,#5199));
#1003=EDGE_LOOP('',(#5200,#5201,#5202,#5203));
#1004=EDGE_LOOP('',(#5204,#5205,#5206,#5207));
#1005=EDGE_LOOP('',(#5208,#5209,#5210,#5211));
#1006=EDGE_LOOP('',(#5212,#5213,#5214,#5215));
#1007=EDGE_LOOP('',(#5216,#5217,#5218,#5219));
#1008=EDGE_LOOP('',(#5220,#5221,#5222,#5223));
#1009=EDGE_LOOP('',(#5224,#5225,#5226,#5227));
#1010=EDGE_LOOP('',(#5228,#5229,#5230,#5231));
#1011=EDGE_LOOP('',(#5232,#5233,#5234,#5235));
#1012=EDGE_LOOP('',(#5236,#5237,#5238,#5239));
#1013=EDGE_LOOP('',(#5240,#5241,#5242,#5243));
#1014=EDGE_LOOP('',(#5244,#5245,#5246,#5247,#5248,#5249,#5250,#5251,#5252,
#5253,#5254,#5255));
#1015=EDGE_LOOP('',(#5256,#5257,#5258,#5259,#5260));
#1016=EDGE_LOOP('',(#5261,#5262,#5263,#5264,#5265));
#1017=EDGE_LOOP('',(#5266));
#1018=EDGE_LOOP('',(#5267,#5268,#5269,#5270,#5271,#5272,#5273,#5274,#5275,
#5276,#5277,#5278));
#1019=EDGE_LOOP('',(#5279,#5280,#5281,#5282));
#1020=EDGE_LOOP('',(#5283,#5284,#5285,#5286));
#1021=EDGE_LOOP('',(#5287,#5288,#5289,#5290,#5291,#5292));
#1022=EDGE_LOOP('',(#5293,#5294,#5295,#5296));
#1023=EDGE_LOOP('',(#5297,#5298,#5299,#5300));
#1024=EDGE_LOOP('',(#5301,#5302,#5303,#5304));
#1025=EDGE_LOOP('',(#5305,#5306,#5307,#5308,#5309,#5310));
#1026=EDGE_LOOP('',(#5311,#5312,#5313,#5314));
#1027=EDGE_LOOP('',(#5315,#5316,#5317,#5318,#5319,#5320,#5321));
#1028=EDGE_LOOP('',(#5322,#5323,#5324,#5325));
#1029=EDGE_LOOP('',(#5326,#5327,#5328,#5329));
#1030=EDGE_LOOP('',(#5330,#5331,#5332,#5333));
#1031=EDGE_LOOP('',(#5334,#5335,#5336,#5337));
#1032=EDGE_LOOP('',(#5338,#5339,#5340,#5341));
#1033=EDGE_LOOP('',(#5342,#5343,#5344,#5345));
#1034=EDGE_LOOP('',(#5346,#5347,#5348,#5349));
#1035=EDGE_LOOP('',(#5350,#5351,#5352,#5353));
#1036=LINE('',#8089,#1638);
#1037=LINE('',#8092,#1639);
#1038=LINE('',#8098,#1640);
#1039=LINE('',#8100,#1641);
#1040=LINE('',#8105,#1642);
#1041=LINE('',#8107,#1643);
#1042=LINE('',#8109,#1644);
#1043=LINE('',#8111,#1645);
#1044=LINE('',#8113,#1646);
#1045=LINE('',#8115,#1647);
#1046=LINE('',#8117,#1648);
#1047=LINE('',#8119,#1649);
#1048=LINE('',#8121,#1650);
#1049=LINE('',#8123,#1651);
#1050=LINE('',#8125,#1652);
#1051=LINE('',#8127,#1653);
#1052=LINE('',#8129,#1654);
#1053=LINE('',#8131,#1655);
#1054=LINE('',#8133,#1656);
#1055=LINE('',#8135,#1657);
#1056=LINE('',#8137,#1658);
#1057=LINE('',#8139,#1659);
#1058=LINE('',#8141,#1660);
#1059=LINE('',#8143,#1661);
#1060=LINE('',#8145,#1662);
#1061=LINE('',#8147,#1663);
#1062=LINE('',#8149,#1664);
#1063=LINE('',#8151,#1665);
#1064=LINE('',#8153,#1666);
#1065=LINE('',#8155,#1667);
#1066=LINE('',#8157,#1668);
#1067=LINE('',#8159,#1669);
#1068=LINE('',#8161,#1670);
#1069=LINE('',#8163,#1671);
#1070=LINE('',#8165,#1672);
#1071=LINE('',#8167,#1673);
#1072=LINE('',#8169,#1674);
#1073=LINE('',#8171,#1675);
#1074=LINE('',#8172,#1676);
#1075=LINE('',#8175,#1677);
#1076=LINE('',#8179,#1678);
#1077=LINE('',#8180,#1679);
#1078=LINE('',#8183,#1680);
#1079=LINE('',#8185,#1681);
#1080=LINE('',#8187,#1682);
#1081=LINE('',#8189,#1683);
#1082=LINE('',#8191,#1684);
#1083=LINE('',#8193,#1685);
#1084=LINE('',#8195,#1686);
#1085=LINE('',#8197,#1687);
#1086=LINE('',#8199,#1688);
#1087=LINE('',#8201,#1689);
#1088=LINE('',#8203,#1690);
#1089=LINE('',#8205,#1691);
#1090=LINE('',#8207,#1692);
#1091=LINE('',#8209,#1693);
#1092=LINE('',#8211,#1694);
#1093=LINE('',#8213,#1695);
#1094=LINE('',#8215,#1696);
#1095=LINE('',#8217,#1697);
#1096=LINE('',#8219,#1698);
#1097=LINE('',#8221,#1699);
#1098=LINE('',#8223,#1700);
#1099=LINE('',#8225,#1701);
#1100=LINE('',#8227,#1702);
#1101=LINE('',#8229,#1703);
#1102=LINE('',#8231,#1704);
#1103=LINE('',#8233,#1705);
#1104=LINE('',#8235,#1706);
#1105=LINE('',#8237,#1707);
#1106=LINE('',#8239,#1708);
#1107=LINE('',#8241,#1709);
#1108=LINE('',#8243,#1710);
#1109=LINE('',#8245,#1711);
#1110=LINE('',#8247,#1712);
#1111=LINE('',#8249,#1713);
#1112=LINE('',#8250,#1714);
#1113=LINE('',#8255,#1715);
#1114=LINE('',#8262,#1716);
#1115=LINE('',#8264,#1717);
#1116=LINE('',#8269,#1718);
#1117=LINE('',#8276,#1719);
#1118=LINE('',#8280,#1720);
#1119=LINE('',#8281,#1721);
#1120=LINE('',#8293,#1722);
#1121=LINE('',#8302,#1723);
#1122=LINE('',#8303,#1724);
#1123=LINE('',#8306,#1725);
#1124=LINE('',#8311,#1726);
#1125=LINE('',#8316,#1727);
#1126=LINE('',#8319,#1728);
#1127=LINE('',#8322,#1729);
#1128=LINE('',#8328,#1730);
#1129=LINE('',#8331,#1731);
#1130=LINE('',#8336,#1732);
#1131=LINE('',#8338,#1733);
#1132=LINE('',#8344,#1734);
#1133=LINE('',#8346,#1735);
#1134=LINE('',#8348,#1736);
#1135=LINE('',#8349,#1737);
#1136=LINE('',#8352,#1738);
#1137=LINE('',#8354,#1739);
#1138=LINE('',#8355,#1740);
#1139=LINE('',#8358,#1741);
#1140=LINE('',#8360,#1742);
#1141=LINE('',#8361,#1743);
#1142=LINE('',#8364,#1744);
#1143=LINE('',#8366,#1745);
#1144=LINE('',#8367,#1746);
#1145=LINE('',#8370,#1747);
#1146=LINE('',#8372,#1748);
#1147=LINE('',#8373,#1749);
#1148=LINE('',#8376,#1750);
#1149=LINE('',#8378,#1751);
#1150=LINE('',#8379,#1752);
#1151=LINE('',#8382,#1753);
#1152=LINE('',#8384,#1754);
#1153=LINE('',#8385,#1755);
#1154=LINE('',#8388,#1756);
#1155=LINE('',#8390,#1757);
#1156=LINE('',#8391,#1758);
#1157=LINE('',#8394,#1759);
#1158=LINE('',#8396,#1760);
#1159=LINE('',#8397,#1761);
#1160=LINE('',#8400,#1762);
#1161=LINE('',#8402,#1763);
#1162=LINE('',#8403,#1764);
#1163=LINE('',#8406,#1765);
#1164=LINE('',#8408,#1766);
#1165=LINE('',#8409,#1767);
#1166=LINE('',#8411,#1768);
#1167=LINE('',#8412,#1769);
#1168=LINE('',#8423,#1770);
#1169=LINE('',#8428,#1771);
#1170=LINE('',#8431,#1772);
#1171=LINE('',#8437,#1773);
#1172=LINE('',#8440,#1774);
#1173=LINE('',#8443,#1775);
#1174=LINE('',#8447,#1776);
#1175=LINE('',#8449,#1777);
#1176=LINE('',#8450,#1778);
#1177=LINE('',#8453,#1779);
#1178=LINE('',#8454,#1780);
#1179=LINE('',#8458,#1781);
#1180=LINE('',#8461,#1782);
#1181=LINE('',#8462,#1783);
#1182=LINE('',#8465,#1784);
#1183=LINE('',#8466,#1785);
#1184=LINE('',#8468,#1786);
#1185=LINE('',#8478,#1787);
#1186=LINE('',#8487,#1788);
#1187=LINE('',#8488,#1789);
#1188=LINE('',#8491,#1790);
#1189=LINE('',#8496,#1791);
#1190=LINE('',#8499,#1792);
#1191=LINE('',#8502,#1793);
#1192=LINE('',#8505,#1794);
#1193=LINE('',#8511,#1795);
#1194=LINE('',#8514,#1796);
#1195=LINE('',#8519,#1797);
#1196=LINE('',#8521,#1798);
#1197=LINE('',#8527,#1799);
#1198=LINE('',#8529,#1800);
#1199=LINE('',#8531,#1801);
#1200=LINE('',#8532,#1802);
#1201=LINE('',#8535,#1803);
#1202=LINE('',#8537,#1804);
#1203=LINE('',#8538,#1805);
#1204=LINE('',#8541,#1806);
#1205=LINE('',#8543,#1807);
#1206=LINE('',#8544,#1808);
#1207=LINE('',#8547,#1809);
#1208=LINE('',#8549,#1810);
#1209=LINE('',#8550,#1811);
#1210=LINE('',#8553,#1812);
#1211=LINE('',#8555,#1813);
#1212=LINE('',#8556,#1814);
#1213=LINE('',#8559,#1815);
#1214=LINE('',#8561,#1816);
#1215=LINE('',#8562,#1817);
#1216=LINE('',#8565,#1818);
#1217=LINE('',#8567,#1819);
#1218=LINE('',#8568,#1820);
#1219=LINE('',#8571,#1821);
#1220=LINE('',#8573,#1822);
#1221=LINE('',#8574,#1823);
#1222=LINE('',#8577,#1824);
#1223=LINE('',#8579,#1825);
#1224=LINE('',#8580,#1826);
#1225=LINE('',#8583,#1827);
#1226=LINE('',#8585,#1828);
#1227=LINE('',#8586,#1829);
#1228=LINE('',#8589,#1830);
#1229=LINE('',#8591,#1831);
#1230=LINE('',#8592,#1832);
#1231=LINE('',#8594,#1833);
#1232=LINE('',#8595,#1834);
#1233=LINE('',#8606,#1835);
#1234=LINE('',#8611,#1836);
#1235=LINE('',#8614,#1837);
#1236=LINE('',#8620,#1838);
#1237=LINE('',#8623,#1839);
#1238=LINE('',#8626,#1840);
#1239=LINE('',#8630,#1841);
#1240=LINE('',#8632,#1842);
#1241=LINE('',#8633,#1843);
#1242=LINE('',#8636,#1844);
#1243=LINE('',#8637,#1845);
#1244=LINE('',#8641,#1846);
#1245=LINE('',#8644,#1847);
#1246=LINE('',#8645,#1848);
#1247=LINE('',#8648,#1849);
#1248=LINE('',#8649,#1850);
#1249=LINE('',#8651,#1851);
#1250=LINE('',#8661,#1852);
#1251=LINE('',#8670,#1853);
#1252=LINE('',#8671,#1854);
#1253=LINE('',#8674,#1855);
#1254=LINE('',#8679,#1856);
#1255=LINE('',#8682,#1857);
#1256=LINE('',#8685,#1858);
#1257=LINE('',#8688,#1859);
#1258=LINE('',#8694,#1860);
#1259=LINE('',#8697,#1861);
#1260=LINE('',#8702,#1862);
#1261=LINE('',#8704,#1863);
#1262=LINE('',#8710,#1864);
#1263=LINE('',#8712,#1865);
#1264=LINE('',#8714,#1866);
#1265=LINE('',#8715,#1867);
#1266=LINE('',#8718,#1868);
#1267=LINE('',#8720,#1869);
#1268=LINE('',#8721,#1870);
#1269=LINE('',#8724,#1871);
#1270=LINE('',#8726,#1872);
#1271=LINE('',#8727,#1873);
#1272=LINE('',#8730,#1874);
#1273=LINE('',#8732,#1875);
#1274=LINE('',#8733,#1876);
#1275=LINE('',#8736,#1877);
#1276=LINE('',#8738,#1878);
#1277=LINE('',#8739,#1879);
#1278=LINE('',#8742,#1880);
#1279=LINE('',#8744,#1881);
#1280=LINE('',#8745,#1882);
#1281=LINE('',#8748,#1883);
#1282=LINE('',#8750,#1884);
#1283=LINE('',#8751,#1885);
#1284=LINE('',#8754,#1886);
#1285=LINE('',#8756,#1887);
#1286=LINE('',#8757,#1888);
#1287=LINE('',#8760,#1889);
#1288=LINE('',#8762,#1890);
#1289=LINE('',#8763,#1891);
#1290=LINE('',#8766,#1892);
#1291=LINE('',#8768,#1893);
#1292=LINE('',#8769,#1894);
#1293=LINE('',#8772,#1895);
#1294=LINE('',#8774,#1896);
#1295=LINE('',#8775,#1897);
#1296=LINE('',#8777,#1898);
#1297=LINE('',#8778,#1899);
#1298=LINE('',#8789,#1900);
#1299=LINE('',#8794,#1901);
#1300=LINE('',#8797,#1902);
#1301=LINE('',#8803,#1903);
#1302=LINE('',#8806,#1904);
#1303=LINE('',#8809,#1905);
#1304=LINE('',#8813,#1906);
#1305=LINE('',#8815,#1907);
#1306=LINE('',#8816,#1908);
#1307=LINE('',#8819,#1909);
#1308=LINE('',#8820,#1910);
#1309=LINE('',#8824,#1911);
#1310=LINE('',#8827,#1912);
#1311=LINE('',#8828,#1913);
#1312=LINE('',#8831,#1914);
#1313=LINE('',#8832,#1915);
#1314=LINE('',#8834,#1916);
#1315=LINE('',#8844,#1917);
#1316=LINE('',#8853,#1918);
#1317=LINE('',#8854,#1919);
#1318=LINE('',#8857,#1920);
#1319=LINE('',#8862,#1921);
#1320=LINE('',#8865,#1922);
#1321=LINE('',#8868,#1923);
#1322=LINE('',#8871,#1924);
#1323=LINE('',#8877,#1925);
#1324=LINE('',#8880,#1926);
#1325=LINE('',#8885,#1927);
#1326=LINE('',#8887,#1928);
#1327=LINE('',#8893,#1929);
#1328=LINE('',#8895,#1930);
#1329=LINE('',#8897,#1931);
#1330=LINE('',#8898,#1932);
#1331=LINE('',#8901,#1933);
#1332=LINE('',#8903,#1934);
#1333=LINE('',#8904,#1935);
#1334=LINE('',#8907,#1936);
#1335=LINE('',#8909,#1937);
#1336=LINE('',#8910,#1938);
#1337=LINE('',#8913,#1939);
#1338=LINE('',#8915,#1940);
#1339=LINE('',#8916,#1941);
#1340=LINE('',#8919,#1942);
#1341=LINE('',#8921,#1943);
#1342=LINE('',#8922,#1944);
#1343=LINE('',#8925,#1945);
#1344=LINE('',#8927,#1946);
#1345=LINE('',#8928,#1947);
#1346=LINE('',#8931,#1948);
#1347=LINE('',#8933,#1949);
#1348=LINE('',#8934,#1950);
#1349=LINE('',#8937,#1951);
#1350=LINE('',#8939,#1952);
#1351=LINE('',#8940,#1953);
#1352=LINE('',#8943,#1954);
#1353=LINE('',#8945,#1955);
#1354=LINE('',#8946,#1956);
#1355=LINE('',#8949,#1957);
#1356=LINE('',#8951,#1958);
#1357=LINE('',#8952,#1959);
#1358=LINE('',#8955,#1960);
#1359=LINE('',#8957,#1961);
#1360=LINE('',#8958,#1962);
#1361=LINE('',#8960,#1963);
#1362=LINE('',#8961,#1964);
#1363=LINE('',#8972,#1965);
#1364=LINE('',#8977,#1966);
#1365=LINE('',#8980,#1967);
#1366=LINE('',#8986,#1968);
#1367=LINE('',#8989,#1969);
#1368=LINE('',#8992,#1970);
#1369=LINE('',#8996,#1971);
#1370=LINE('',#8998,#1972);
#1371=LINE('',#8999,#1973);
#1372=LINE('',#9002,#1974);
#1373=LINE('',#9003,#1975);
#1374=LINE('',#9007,#1976);
#1375=LINE('',#9010,#1977);
#1376=LINE('',#9011,#1978);
#1377=LINE('',#9014,#1979);
#1378=LINE('',#9015,#1980);
#1379=LINE('',#9017,#1981);
#1380=LINE('',#9027,#1982);
#1381=LINE('',#9036,#1983);
#1382=LINE('',#9037,#1984);
#1383=LINE('',#9040,#1985);
#1384=LINE('',#9045,#1986);
#1385=LINE('',#9048,#1987);
#1386=LINE('',#9051,#1988);
#1387=LINE('',#9054,#1989);
#1388=LINE('',#9060,#1990);
#1389=LINE('',#9063,#1991);
#1390=LINE('',#9068,#1992);
#1391=LINE('',#9070,#1993);
#1392=LINE('',#9076,#1994);
#1393=LINE('',#9078,#1995);
#1394=LINE('',#9080,#1996);
#1395=LINE('',#9081,#1997);
#1396=LINE('',#9084,#1998);
#1397=LINE('',#9086,#1999);
#1398=LINE('',#9087,#2000);
#1399=LINE('',#9090,#2001);
#1400=LINE('',#9092,#2002);
#1401=LINE('',#9093,#2003);
#1402=LINE('',#9096,#2004);
#1403=LINE('',#9098,#2005);
#1404=LINE('',#9099,#2006);
#1405=LINE('',#9102,#2007);
#1406=LINE('',#9104,#2008);
#1407=LINE('',#9105,#2009);
#1408=LINE('',#9108,#2010);
#1409=LINE('',#9110,#2011);
#1410=LINE('',#9111,#2012);
#1411=LINE('',#9114,#2013);
#1412=LINE('',#9116,#2014);
#1413=LINE('',#9117,#2015);
#1414=LINE('',#9120,#2016);
#1415=LINE('',#9122,#2017);
#1416=LINE('',#9123,#2018);
#1417=LINE('',#9126,#2019);
#1418=LINE('',#9128,#2020);
#1419=LINE('',#9129,#2021);
#1420=LINE('',#9132,#2022);
#1421=LINE('',#9134,#2023);
#1422=LINE('',#9135,#2024);
#1423=LINE('',#9138,#2025);
#1424=LINE('',#9140,#2026);
#1425=LINE('',#9141,#2027);
#1426=LINE('',#9143,#2028);
#1427=LINE('',#9144,#2029);
#1428=LINE('',#9155,#2030);
#1429=LINE('',#9160,#2031);
#1430=LINE('',#9163,#2032);
#1431=LINE('',#9169,#2033);
#1432=LINE('',#9172,#2034);
#1433=LINE('',#9175,#2035);
#1434=LINE('',#9179,#2036);
#1435=LINE('',#9181,#2037);
#1436=LINE('',#9182,#2038);
#1437=LINE('',#9185,#2039);
#1438=LINE('',#9186,#2040);
#1439=LINE('',#9190,#2041);
#1440=LINE('',#9193,#2042);
#1441=LINE('',#9194,#2043);
#1442=LINE('',#9197,#2044);
#1443=LINE('',#9198,#2045);
#1444=LINE('',#9200,#2046);
#1445=LINE('',#9210,#2047);
#1446=LINE('',#9219,#2048);
#1447=LINE('',#9220,#2049);
#1448=LINE('',#9223,#2050);
#1449=LINE('',#9227,#2051);
#1450=LINE('',#9232,#2052);
#1451=LINE('',#9234,#2053);
#1452=LINE('',#9237,#2054);
#1453=LINE('',#9243,#2055);
#1454=LINE('',#9246,#2056);
#1455=LINE('',#9251,#2057);
#1456=LINE('',#9252,#2058);
#1457=LINE('',#9259,#2059);
#1458=LINE('',#9261,#2060);
#1459=LINE('',#9263,#2061);
#1460=LINE('',#9264,#2062);
#1461=LINE('',#9267,#2063);
#1462=LINE('',#9269,#2064);
#1463=LINE('',#9270,#2065);
#1464=LINE('',#9273,#2066);
#1465=LINE('',#9275,#2067);
#1466=LINE('',#9276,#2068);
#1467=LINE('',#9279,#2069);
#1468=LINE('',#9281,#2070);
#1469=LINE('',#9282,#2071);
#1470=LINE('',#9285,#2072);
#1471=LINE('',#9287,#2073);
#1472=LINE('',#9288,#2074);
#1473=LINE('',#9291,#2075);
#1474=LINE('',#9293,#2076);
#1475=LINE('',#9294,#2077);
#1476=LINE('',#9297,#2078);
#1477=LINE('',#9299,#2079);
#1478=LINE('',#9300,#2080);
#1479=LINE('',#9303,#2081);
#1480=LINE('',#9305,#2082);
#1481=LINE('',#9306,#2083);
#1482=LINE('',#9309,#2084);
#1483=LINE('',#9311,#2085);
#1484=LINE('',#9312,#2086);
#1485=LINE('',#9315,#2087);
#1486=LINE('',#9317,#2088);
#1487=LINE('',#9318,#2089);
#1488=LINE('',#9321,#2090);
#1489=LINE('',#9323,#2091);
#1490=LINE('',#9324,#2092);
#1491=LINE('',#9326,#2093);
#1492=LINE('',#9327,#2094);
#1493=LINE('',#9338,#2095);
#1494=LINE('',#9343,#2096);
#1495=LINE('',#9344,#2097);
#1496=LINE('',#9352,#2098);
#1497=LINE('',#9355,#2099);
#1498=LINE('',#9358,#2100);
#1499=LINE('',#9362,#2101);
#1500=LINE('',#9364,#2102);
#1501=LINE('',#9365,#2103);
#1502=LINE('',#9368,#2104);
#1503=LINE('',#9369,#2105);
#1504=LINE('',#9373,#2106);
#1505=LINE('',#9376,#2107);
#1506=LINE('',#9377,#2108);
#1507=LINE('',#9380,#2109);
#1508=LINE('',#9381,#2110);
#1509=LINE('',#9383,#2111);
#1510=LINE('',#9399,#2112);
#1511=LINE('',#9405,#2113);
#1512=LINE('',#9406,#2114);
#1513=LINE('',#9409,#2115);
#1514=LINE('',#9413,#2116);
#1515=LINE('',#9422,#2117);
#1516=LINE('',#9424,#2118);
#1517=LINE('',#9427,#2119);
#1518=LINE('',#9430,#2120);
#1519=LINE('',#9432,#2121);
#1520=LINE('',#9440,#2122);
#1521=LINE('',#9442,#2123);
#1522=LINE('',#9444,#2124);
#1523=LINE('',#9448,#2125);
#1524=LINE('',#9451,#2126);
#1525=LINE('',#9456,#2127);
#1526=LINE('',#9458,#2128);
#1527=LINE('',#9460,#2129);
#1528=LINE('',#9461,#2130);
#1529=LINE('',#9464,#2131);
#1530=LINE('',#9466,#2132);
#1531=LINE('',#9467,#2133);
#1532=LINE('',#9470,#2134);
#1533=LINE('',#9472,#2135);
#1534=LINE('',#9473,#2136);
#1535=LINE('',#9476,#2137);
#1536=LINE('',#9478,#2138);
#1537=LINE('',#9479,#2139);
#1538=LINE('',#9482,#2140);
#1539=LINE('',#9484,#2141);
#1540=LINE('',#9485,#2142);
#1541=LINE('',#9488,#2143);
#1542=LINE('',#9490,#2144);
#1543=LINE('',#9491,#2145);
#1544=LINE('',#9494,#2146);
#1545=LINE('',#9496,#2147);
#1546=LINE('',#9497,#2148);
#1547=LINE('',#9500,#2149);
#1548=LINE('',#9502,#2150);
#1549=LINE('',#9503,#2151);
#1550=LINE('',#9506,#2152);
#1551=LINE('',#9508,#2153);
#1552=LINE('',#9509,#2154);
#1553=LINE('',#9512,#2155);
#1554=LINE('',#9514,#2156);
#1555=LINE('',#9515,#2157);
#1556=LINE('',#9518,#2158);
#1557=LINE('',#9520,#2159);
#1558=LINE('',#9521,#2160);
#1559=LINE('',#9523,#2161);
#1560=LINE('',#9524,#2162);
#1561=LINE('',#9535,#2163);
#1562=LINE('',#9539,#2164);
#1563=LINE('',#9545,#2165);
#1564=LINE('',#9548,#2166);
#1565=LINE('',#9551,#2167);
#1566=LINE('',#9555,#2168);
#1567=LINE('',#9557,#2169);
#1568=LINE('',#9558,#2170);
#1569=LINE('',#9561,#2171);
#1570=LINE('',#9562,#2172);
#1571=LINE('',#9566,#2173);
#1572=LINE('',#9569,#2174);
#1573=LINE('',#9570,#2175);
#1574=LINE('',#9573,#2176);
#1575=LINE('',#9574,#2177);
#1576=LINE('',#9576,#2178);
#1577=LINE('',#9586,#2179);
#1578=LINE('',#9589,#2180);
#1579=LINE('',#9593,#2181);
#1580=LINE('',#9596,#2182);
#1581=LINE('',#9600,#2183);
#1582=LINE('',#9602,#2184);
#1583=LINE('',#9604,#2185);
#1584=LINE('',#9606,#2186);
#1585=LINE('',#9607,#2187);
#1586=LINE('',#9612,#2188);
#1587=LINE('',#9616,#2189);
#1588=LINE('',#9618,#2190);
#1589=LINE('',#9620,#2191);
#1590=LINE('',#9621,#2192);
#1591=LINE('',#9624,#2193);
#1592=LINE('',#9626,#2194);
#1593=LINE('',#9627,#2195);
#1594=LINE('',#9630,#2196);
#1595=LINE('',#9632,#2197);
#1596=LINE('',#9633,#2198);
#1597=LINE('',#9636,#2199);
#1598=LINE('',#9638,#2200);
#1599=LINE('',#9639,#2201);
#1600=LINE('',#9642,#2202);
#1601=LINE('',#9644,#2203);
#1602=LINE('',#9645,#2204);
#1603=LINE('',#9648,#2205);
#1604=LINE('',#9650,#2206);
#1605=LINE('',#9651,#2207);
#1606=LINE('',#9654,#2208);
#1607=LINE('',#9656,#2209);
#1608=LINE('',#9657,#2210);
#1609=LINE('',#9660,#2211);
#1610=LINE('',#9662,#2212);
#1611=LINE('',#9663,#2213);
#1612=LINE('',#9666,#2214);
#1613=LINE('',#9668,#2215);
#1614=LINE('',#9669,#2216);
#1615=LINE('',#9672,#2217);
#1616=LINE('',#9674,#2218);
#1617=LINE('',#9675,#2219);
#1618=LINE('',#9678,#2220);
#1619=LINE('',#9680,#2221);
#1620=LINE('',#9681,#2222);
#1621=LINE('',#9683,#2223);
#1622=LINE('',#9684,#2224);
#1623=LINE('',#9695,#2225);
#1624=LINE('',#9703,#2226);
#1625=LINE('',#9706,#2227);
#1626=LINE('',#9709,#2228);
#1627=LINE('',#9713,#2229);
#1628=LINE('',#9715,#2230);
#1629=LINE('',#9716,#2231);
#1630=LINE('',#9719,#2232);
#1631=LINE('',#9720,#2233);
#1632=LINE('',#9724,#2234);
#1633=LINE('',#9727,#2235);
#1634=LINE('',#9728,#2236);
#1635=LINE('',#9731,#2237);
#1636=LINE('',#9732,#2238);
#1637=LINE('',#9734,#2239);
#1638=VECTOR('',#6379,10.);
#1639=VECTOR('',#6382,10.);
#1640=VECTOR('',#6387,10.);
#1641=VECTOR('',#6390,10.);
#1642=VECTOR('',#6397,10.);
#1643=VECTOR('',#6398,10.);
#1644=VECTOR('',#6399,10.);
#1645=VECTOR('',#6400,10.);
#1646=VECTOR('',#6401,10.);
#1647=VECTOR('',#6402,10.);
#1648=VECTOR('',#6403,10.);
#1649=VECTOR('',#6404,10.);
#1650=VECTOR('',#6405,10.);
#1651=VECTOR('',#6406,10.);
#1652=VECTOR('',#6407,10.);
#1653=VECTOR('',#6408,10.);
#1654=VECTOR('',#6409,10.);
#1655=VECTOR('',#6410,10.);
#1656=VECTOR('',#6411,10.);
#1657=VECTOR('',#6412,10.);
#1658=VECTOR('',#6413,10.);
#1659=VECTOR('',#6414,10.);
#1660=VECTOR('',#6415,10.);
#1661=VECTOR('',#6416,10.);
#1662=VECTOR('',#6417,10.);
#1663=VECTOR('',#6418,10.);
#1664=VECTOR('',#6419,10.);
#1665=VECTOR('',#6420,10.);
#1666=VECTOR('',#6421,10.);
#1667=VECTOR('',#6422,10.);
#1668=VECTOR('',#6423,10.);
#1669=VECTOR('',#6424,10.);
#1670=VECTOR('',#6425,10.);
#1671=VECTOR('',#6426,10.);
#1672=VECTOR('',#6427,10.);
#1673=VECTOR('',#6428,10.);
#1674=VECTOR('',#6429,10.);
#1675=VECTOR('',#6430,10.);
#1676=VECTOR('',#6431,10.);
#1677=VECTOR('',#6434,10.);
#1678=VECTOR('',#6439,10.);
#1679=VECTOR('',#6440,10.);
#1680=VECTOR('',#6443,10.);
#1681=VECTOR('',#6444,10.);
#1682=VECTOR('',#6445,10.);
#1683=VECTOR('',#6446,10.);
#1684=VECTOR('',#6447,10.);
#1685=VECTOR('',#6448,10.);
#1686=VECTOR('',#6449,10.);
#1687=VECTOR('',#6450,10.);
#1688=VECTOR('',#6451,10.);
#1689=VECTOR('',#6452,10.);
#1690=VECTOR('',#6453,10.);
#1691=VECTOR('',#6454,10.);
#1692=VECTOR('',#6455,10.);
#1693=VECTOR('',#6456,10.);
#1694=VECTOR('',#6457,10.);
#1695=VECTOR('',#6458,10.);
#1696=VECTOR('',#6459,10.);
#1697=VECTOR('',#6460,10.);
#1698=VECTOR('',#6461,10.);
#1699=VECTOR('',#6462,10.);
#1700=VECTOR('',#6463,10.);
#1701=VECTOR('',#6464,10.);
#1702=VECTOR('',#6465,10.);
#1703=VECTOR('',#6466,10.);
#1704=VECTOR('',#6467,10.);
#1705=VECTOR('',#6468,10.);
#1706=VECTOR('',#6469,10.);
#1707=VECTOR('',#6470,10.);
#1708=VECTOR('',#6471,10.);
#1709=VECTOR('',#6472,10.);
#1710=VECTOR('',#6473,10.);
#1711=VECTOR('',#6474,10.);
#1712=VECTOR('',#6475,10.);
#1713=VECTOR('',#6476,10.);
#1714=VECTOR('',#6477,10.);
#1715=VECTOR('',#6482,10.);
#1716=VECTOR('',#6489,10.);
#1717=VECTOR('',#6492,10.);
#1718=VECTOR('',#6499,10.);
#1719=VECTOR('',#6510,10.);
#1720=VECTOR('',#6515,10.);
#1721=VECTOR('',#6516,10.);
#1722=VECTOR('',#6533,10.);
#1723=VECTOR('',#6544,10.);
#1724=VECTOR('',#6545,10.);
#1725=VECTOR('',#6548,10.);
#1726=VECTOR('',#6553,10.);
#1727=VECTOR('',#6560,10.);
#1728=VECTOR('',#6565,10.);
#1729=VECTOR('',#6568,10.);
#1730=VECTOR('',#6577,10.);
#1731=VECTOR('',#6582,10.);
#1732=VECTOR('',#6591,10.);
#1733=VECTOR('',#6594,10.);
#1734=VECTOR('',#6599,10.);
#1735=VECTOR('',#6600,10.);
#1736=VECTOR('',#6601,10.);
#1737=VECTOR('',#6602,10.);
#1738=VECTOR('',#6605,10.);
#1739=VECTOR('',#6606,10.);
#1740=VECTOR('',#6607,10.);
#1741=VECTOR('',#6610,10.);
#1742=VECTOR('',#6611,10.);
#1743=VECTOR('',#6612,10.);
#1744=VECTOR('',#6615,10.);
#1745=VECTOR('',#6616,10.);
#1746=VECTOR('',#6617,10.);
#1747=VECTOR('',#6620,10.);
#1748=VECTOR('',#6621,10.);
#1749=VECTOR('',#6622,10.);
#1750=VECTOR('',#6625,10.);
#1751=VECTOR('',#6626,10.);
#1752=VECTOR('',#6627,10.);
#1753=VECTOR('',#6630,10.);
#1754=VECTOR('',#6631,10.);
#1755=VECTOR('',#6632,10.);
#1756=VECTOR('',#6635,10.);
#1757=VECTOR('',#6636,10.);
#1758=VECTOR('',#6637,10.);
#1759=VECTOR('',#6640,10.);
#1760=VECTOR('',#6641,10.);
#1761=VECTOR('',#6642,10.);
#1762=VECTOR('',#6645,10.);
#1763=VECTOR('',#6646,10.);
#1764=VECTOR('',#6647,10.);
#1765=VECTOR('',#6650,10.);
#1766=VECTOR('',#6651,10.);
#1767=VECTOR('',#6652,10.);
#1768=VECTOR('',#6655,10.);
#1769=VECTOR('',#6656,10.);
#1770=VECTOR('',#6671,4.);
#1771=VECTOR('',#6678,10.);
#1772=VECTOR('',#6683,10.);
#1773=VECTOR('',#6688,10.);
#1774=VECTOR('',#6691,10.);
#1775=VECTOR('',#6694,10.);
#1776=VECTOR('',#6697,10.);
#1777=VECTOR('',#6698,10.);
#1778=VECTOR('',#6699,10.);
#1779=VECTOR('',#6702,10.);
#1780=VECTOR('',#6703,10.);
#1781=VECTOR('',#6708,10.);
#1782=VECTOR('',#6711,10.);
#1783=VECTOR('',#6712,10.);
#1784=VECTOR('',#6715,10.);
#1785=VECTOR('',#6716,10.);
#1786=VECTOR('',#6719,10.);
#1787=VECTOR('',#6732,10.);
#1788=VECTOR('',#6743,10.);
#1789=VECTOR('',#6744,10.);
#1790=VECTOR('',#6747,10.);
#1791=VECTOR('',#6754,10.);
#1792=VECTOR('',#6757,10.);
#1793=VECTOR('',#6762,10.);
#1794=VECTOR('',#6765,10.);
#1795=VECTOR('',#6774,10.);
#1796=VECTOR('',#6779,10.);
#1797=VECTOR('',#6788,10.);
#1798=VECTOR('',#6791,10.);
#1799=VECTOR('',#6796,10.);
#1800=VECTOR('',#6797,10.);
#1801=VECTOR('',#6798,10.);
#1802=VECTOR('',#6799,10.);
#1803=VECTOR('',#6802,10.);
#1804=VECTOR('',#6803,10.);
#1805=VECTOR('',#6804,10.);
#1806=VECTOR('',#6807,10.);
#1807=VECTOR('',#6808,10.);
#1808=VECTOR('',#6809,10.);
#1809=VECTOR('',#6812,10.);
#1810=VECTOR('',#6813,10.);
#1811=VECTOR('',#6814,10.);
#1812=VECTOR('',#6817,10.);
#1813=VECTOR('',#6818,10.);
#1814=VECTOR('',#6819,10.);
#1815=VECTOR('',#6822,10.);
#1816=VECTOR('',#6823,10.);
#1817=VECTOR('',#6824,10.);
#1818=VECTOR('',#6827,10.);
#1819=VECTOR('',#6828,10.);
#1820=VECTOR('',#6829,10.);
#1821=VECTOR('',#6832,10.);
#1822=VECTOR('',#6833,10.);
#1823=VECTOR('',#6834,10.);
#1824=VECTOR('',#6837,10.);
#1825=VECTOR('',#6838,10.);
#1826=VECTOR('',#6839,10.);
#1827=VECTOR('',#6842,10.);
#1828=VECTOR('',#6843,10.);
#1829=VECTOR('',#6844,10.);
#1830=VECTOR('',#6847,10.);
#1831=VECTOR('',#6848,10.);
#1832=VECTOR('',#6849,10.);
#1833=VECTOR('',#6852,10.);
#1834=VECTOR('',#6853,10.);
#1835=VECTOR('',#6868,4.);
#1836=VECTOR('',#6875,10.);
#1837=VECTOR('',#6880,10.);
#1838=VECTOR('',#6885,10.);
#1839=VECTOR('',#6888,10.);
#1840=VECTOR('',#6891,10.);
#1841=VECTOR('',#6894,10.);
#1842=VECTOR('',#6895,10.);
#1843=VECTOR('',#6896,10.);
#1844=VECTOR('',#6899,10.);
#1845=VECTOR('',#6900,10.);
#1846=VECTOR('',#6905,10.);
#1847=VECTOR('',#6908,10.);
#1848=VECTOR('',#6909,10.);
#1849=VECTOR('',#6912,10.);
#1850=VECTOR('',#6913,10.);
#1851=VECTOR('',#6916,10.);
#1852=VECTOR('',#6929,10.);
#1853=VECTOR('',#6940,10.);
#1854=VECTOR('',#6941,10.);
#1855=VECTOR('',#6944,10.);
#1856=VECTOR('',#6951,10.);
#1857=VECTOR('',#6954,10.);
#1858=VECTOR('',#6959,10.);
#1859=VECTOR('',#6962,10.);
#1860=VECTOR('',#6971,10.);
#1861=VECTOR('',#6976,10.);
#1862=VECTOR('',#6985,10.);
#1863=VECTOR('',#6988,10.);
#1864=VECTOR('',#6993,10.);
#1865=VECTOR('',#6994,10.);
#1866=VECTOR('',#6995,10.);
#1867=VECTOR('',#6996,10.);
#1868=VECTOR('',#6999,10.);
#1869=VECTOR('',#7000,10.);
#1870=VECTOR('',#7001,10.);
#1871=VECTOR('',#7004,10.);
#1872=VECTOR('',#7005,10.);
#1873=VECTOR('',#7006,10.);
#1874=VECTOR('',#7009,10.);
#1875=VECTOR('',#7010,10.);
#1876=VECTOR('',#7011,10.);
#1877=VECTOR('',#7014,10.);
#1878=VECTOR('',#7015,10.);
#1879=VECTOR('',#7016,10.);
#1880=VECTOR('',#7019,10.);
#1881=VECTOR('',#7020,10.);
#1882=VECTOR('',#7021,10.);
#1883=VECTOR('',#7024,10.);
#1884=VECTOR('',#7025,10.);
#1885=VECTOR('',#7026,10.);
#1886=VECTOR('',#7029,10.);
#1887=VECTOR('',#7030,10.);
#1888=VECTOR('',#7031,10.);
#1889=VECTOR('',#7034,10.);
#1890=VECTOR('',#7035,10.);
#1891=VECTOR('',#7036,10.);
#1892=VECTOR('',#7039,10.);
#1893=VECTOR('',#7040,10.);
#1894=VECTOR('',#7041,10.);
#1895=VECTOR('',#7044,10.);
#1896=VECTOR('',#7045,10.);
#1897=VECTOR('',#7046,10.);
#1898=VECTOR('',#7049,10.);
#1899=VECTOR('',#7050,10.);
#1900=VECTOR('',#7065,4.);
#1901=VECTOR('',#7072,10.);
#1902=VECTOR('',#7077,10.);
#1903=VECTOR('',#7082,10.);
#1904=VECTOR('',#7085,10.);
#1905=VECTOR('',#7088,10.);
#1906=VECTOR('',#7091,10.);
#1907=VECTOR('',#7092,10.);
#1908=VECTOR('',#7093,10.);
#1909=VECTOR('',#7096,10.);
#1910=VECTOR('',#7097,10.);
#1911=VECTOR('',#7102,10.);
#1912=VECTOR('',#7105,10.);
#1913=VECTOR('',#7106,10.);
#1914=VECTOR('',#7109,10.);
#1915=VECTOR('',#7110,10.);
#1916=VECTOR('',#7113,10.);
#1917=VECTOR('',#7126,10.);
#1918=VECTOR('',#7137,10.);
#1919=VECTOR('',#7138,10.);
#1920=VECTOR('',#7141,10.);
#1921=VECTOR('',#7148,10.);
#1922=VECTOR('',#7151,10.);
#1923=VECTOR('',#7156,10.);
#1924=VECTOR('',#7159,10.);
#1925=VECTOR('',#7168,10.);
#1926=VECTOR('',#7173,10.);
#1927=VECTOR('',#7182,10.);
#1928=VECTOR('',#7185,10.);
#1929=VECTOR('',#7190,10.);
#1930=VECTOR('',#7191,10.);
#1931=VECTOR('',#7192,10.);
#1932=VECTOR('',#7193,10.);
#1933=VECTOR('',#7196,10.);
#1934=VECTOR('',#7197,10.);
#1935=VECTOR('',#7198,10.);
#1936=VECTOR('',#7201,10.);
#1937=VECTOR('',#7202,10.);
#1938=VECTOR('',#7203,10.);
#1939=VECTOR('',#7206,10.);
#1940=VECTOR('',#7207,10.);
#1941=VECTOR('',#7208,10.);
#1942=VECTOR('',#7211,10.);
#1943=VECTOR('',#7212,10.);
#1944=VECTOR('',#7213,10.);
#1945=VECTOR('',#7216,10.);
#1946=VECTOR('',#7217,10.);
#1947=VECTOR('',#7218,10.);
#1948=VECTOR('',#7221,10.);
#1949=VECTOR('',#7222,10.);
#1950=VECTOR('',#7223,10.);
#1951=VECTOR('',#7226,10.);
#1952=VECTOR('',#7227,10.);
#1953=VECTOR('',#7228,10.);
#1954=VECTOR('',#7231,10.);
#1955=VECTOR('',#7232,10.);
#1956=VECTOR('',#7233,10.);
#1957=VECTOR('',#7236,10.);
#1958=VECTOR('',#7237,10.);
#1959=VECTOR('',#7238,10.);
#1960=VECTOR('',#7241,10.);
#1961=VECTOR('',#7242,10.);
#1962=VECTOR('',#7243,10.);
#1963=VECTOR('',#7246,10.);
#1964=VECTOR('',#7247,10.);
#1965=VECTOR('',#7262,4.);
#1966=VECTOR('',#7269,10.);
#1967=VECTOR('',#7274,10.);
#1968=VECTOR('',#7279,10.);
#1969=VECTOR('',#7282,10.);
#1970=VECTOR('',#7285,10.);
#1971=VECTOR('',#7288,10.);
#1972=VECTOR('',#7289,10.);
#1973=VECTOR('',#7290,10.);
#1974=VECTOR('',#7293,10.);
#1975=VECTOR('',#7294,10.);
#1976=VECTOR('',#7299,10.);
#1977=VECTOR('',#7302,10.);
#1978=VECTOR('',#7303,10.);
#1979=VECTOR('',#7306,10.);
#1980=VECTOR('',#7307,10.);
#1981=VECTOR('',#7310,10.);
#1982=VECTOR('',#7323,10.);
#1983=VECTOR('',#7334,10.);
#1984=VECTOR('',#7335,10.);
#1985=VECTOR('',#7338,10.);
#1986=VECTOR('',#7345,10.);
#1987=VECTOR('',#7348,10.);
#1988=VECTOR('',#7353,10.);
#1989=VECTOR('',#7356,10.);
#1990=VECTOR('',#7365,10.);
#1991=VECTOR('',#7370,10.);
#1992=VECTOR('',#7379,10.);
#1993=VECTOR('',#7382,10.);
#1994=VECTOR('',#7387,10.);
#1995=VECTOR('',#7388,10.);
#1996=VECTOR('',#7389,10.);
#1997=VECTOR('',#7390,10.);
#1998=VECTOR('',#7393,10.);
#1999=VECTOR('',#7394,10.);
#2000=VECTOR('',#7395,10.);
#2001=VECTOR('',#7398,10.);
#2002=VECTOR('',#7399,10.);
#2003=VECTOR('',#7400,10.);
#2004=VECTOR('',#7403,10.);
#2005=VECTOR('',#7404,10.);
#2006=VECTOR('',#7405,10.);
#2007=VECTOR('',#7408,10.);
#2008=VECTOR('',#7409,10.);
#2009=VECTOR('',#7410,10.);
#2010=VECTOR('',#7413,10.);
#2011=VECTOR('',#7414,10.);
#2012=VECTOR('',#7415,10.);
#2013=VECTOR('',#7418,10.);
#2014=VECTOR('',#7419,10.);
#2015=VECTOR('',#7420,10.);
#2016=VECTOR('',#7423,10.);
#2017=VECTOR('',#7424,10.);
#2018=VECTOR('',#7425,10.);
#2019=VECTOR('',#7428,10.);
#2020=VECTOR('',#7429,10.);
#2021=VECTOR('',#7430,10.);
#2022=VECTOR('',#7433,10.);
#2023=VECTOR('',#7434,10.);
#2024=VECTOR('',#7435,10.);
#2025=VECTOR('',#7438,10.);
#2026=VECTOR('',#7439,10.);
#2027=VECTOR('',#7440,10.);
#2028=VECTOR('',#7443,10.);
#2029=VECTOR('',#7444,10.);
#2030=VECTOR('',#7459,4.);
#2031=VECTOR('',#7466,10.);
#2032=VECTOR('',#7471,10.);
#2033=VECTOR('',#7476,10.);
#2034=VECTOR('',#7479,10.);
#2035=VECTOR('',#7482,10.);
#2036=VECTOR('',#7485,10.);
#2037=VECTOR('',#7486,10.);
#2038=VECTOR('',#7487,10.);
#2039=VECTOR('',#7490,10.);
#2040=VECTOR('',#7491,10.);
#2041=VECTOR('',#7496,10.);
#2042=VECTOR('',#7499,10.);
#2043=VECTOR('',#7500,10.);
#2044=VECTOR('',#7503,10.);
#2045=VECTOR('',#7504,10.);
#2046=VECTOR('',#7507,10.);
#2047=VECTOR('',#7520,10.);
#2048=VECTOR('',#7531,10.);
#2049=VECTOR('',#7532,10.);
#2050=VECTOR('',#7535,10.);
#2051=VECTOR('',#7540,10.);
#2052=VECTOR('',#7547,10.);
#2053=VECTOR('',#7550,10.);
#2054=VECTOR('',#7553,10.);
#2055=VECTOR('',#7562,10.);
#2056=VECTOR('',#7567,10.);
#2057=VECTOR('',#7576,10.);
#2058=VECTOR('',#7577,10.);
#2059=VECTOR('',#7584,10.);
#2060=VECTOR('',#7585,10.);
#2061=VECTOR('',#7586,10.);
#2062=VECTOR('',#7587,10.);
#2063=VECTOR('',#7590,10.);
#2064=VECTOR('',#7591,10.);
#2065=VECTOR('',#7592,10.);
#2066=VECTOR('',#7595,10.);
#2067=VECTOR('',#7596,10.);
#2068=VECTOR('',#7597,10.);
#2069=VECTOR('',#7600,10.);
#2070=VECTOR('',#7601,10.);
#2071=VECTOR('',#7602,10.);
#2072=VECTOR('',#7605,10.);
#2073=VECTOR('',#7606,10.);
#2074=VECTOR('',#7607,10.);
#2075=VECTOR('',#7610,10.);
#2076=VECTOR('',#7611,10.);
#2077=VECTOR('',#7612,10.);
#2078=VECTOR('',#7615,10.);
#2079=VECTOR('',#7616,10.);
#2080=VECTOR('',#7617,10.);
#2081=VECTOR('',#7620,10.);
#2082=VECTOR('',#7621,10.);
#2083=VECTOR('',#7622,10.);
#2084=VECTOR('',#7625,10.);
#2085=VECTOR('',#7626,10.);
#2086=VECTOR('',#7627,10.);
#2087=VECTOR('',#7630,10.);
#2088=VECTOR('',#7631,10.);
#2089=VECTOR('',#7632,10.);
#2090=VECTOR('',#7635,10.);
#2091=VECTOR('',#7636,10.);
#2092=VECTOR('',#7637,10.);
#2093=VECTOR('',#7640,10.);
#2094=VECTOR('',#7641,10.);
#2095=VECTOR('',#7656,4.);
#2096=VECTOR('',#7663,10.);
#2097=VECTOR('',#7664,10.);
#2098=VECTOR('',#7673,10.);
#2099=VECTOR('',#7676,10.);
#2100=VECTOR('',#7679,10.);
#2101=VECTOR('',#7682,10.);
#2102=VECTOR('',#7683,10.);
#2103=VECTOR('',#7684,10.);
#2104=VECTOR('',#7687,10.);
#2105=VECTOR('',#7688,10.);
#2106=VECTOR('',#7693,10.);
#2107=VECTOR('',#7696,10.);
#2108=VECTOR('',#7697,10.);
#2109=VECTOR('',#7700,10.);
#2110=VECTOR('',#7701,10.);
#2111=VECTOR('',#7704,10.);
#2112=VECTOR('',#7725,10.);
#2113=VECTOR('',#7734,10.);
#2114=VECTOR('',#7735,10.);
#2115=VECTOR('',#7738,10.);
#2116=VECTOR('',#7743,10.);
#2117=VECTOR('',#7756,10.);
#2118=VECTOR('',#7759,10.);
#2119=VECTOR('',#7762,10.);
#2120=VECTOR('',#7767,10.);
#2121=VECTOR('',#7770,10.);
#2122=VECTOR('',#7781,10.);
#2123=VECTOR('',#7784,10.);
#2124=VECTOR('',#7787,10.);
#2125=VECTOR('',#7792,10.);
#2126=VECTOR('',#7795,10.);
#2127=VECTOR('',#7800,10.);
#2128=VECTOR('',#7801,10.);
#2129=VECTOR('',#7802,10.);
#2130=VECTOR('',#7803,10.);
#2131=VECTOR('',#7806,10.);
#2132=VECTOR('',#7807,10.);
#2133=VECTOR('',#7808,10.);
#2134=VECTOR('',#7811,10.);
#2135=VECTOR('',#7812,10.);
#2136=VECTOR('',#7813,10.);
#2137=VECTOR('',#7816,10.);
#2138=VECTOR('',#7817,10.);
#2139=VECTOR('',#7818,10.);
#2140=VECTOR('',#7821,10.);
#2141=VECTOR('',#7822,10.);
#2142=VECTOR('',#7823,10.);
#2143=VECTOR('',#7826,10.);
#2144=VECTOR('',#7827,10.);
#2145=VECTOR('',#7828,10.);
#2146=VECTOR('',#7831,10.);
#2147=VECTOR('',#7832,10.);
#2148=VECTOR('',#7833,10.);
#2149=VECTOR('',#7836,10.);
#2150=VECTOR('',#7837,10.);
#2151=VECTOR('',#7838,10.);
#2152=VECTOR('',#7841,10.);
#2153=VECTOR('',#7842,10.);
#2154=VECTOR('',#7843,10.);
#2155=VECTOR('',#7846,10.);
#2156=VECTOR('',#7847,10.);
#2157=VECTOR('',#7848,10.);
#2158=VECTOR('',#7851,10.);
#2159=VECTOR('',#7852,10.);
#2160=VECTOR('',#7853,10.);
#2161=VECTOR('',#7856,10.);
#2162=VECTOR('',#7857,10.);
#2163=VECTOR('',#7872,4.);
#2164=VECTOR('',#7879,10.);
#2165=VECTOR('',#7884,10.);
#2166=VECTOR('',#7887,10.);
#2167=VECTOR('',#7890,10.);
#2168=VECTOR('',#7893,10.);
#2169=VECTOR('',#7894,10.);
#2170=VECTOR('',#7895,10.);
#2171=VECTOR('',#7898,10.);
#2172=VECTOR('',#7899,10.);
#2173=VECTOR('',#7904,10.);
#2174=VECTOR('',#7907,10.);
#2175=VECTOR('',#7908,10.);
#2176=VECTOR('',#7911,10.);
#2177=VECTOR('',#7912,10.);
#2178=VECTOR('',#7915,10.);
#2179=VECTOR('',#7930,10.);
#2180=VECTOR('',#7933,10.);
#2181=VECTOR('',#7938,10.);
#2182=VECTOR('',#7943,10.);
#2183=VECTOR('',#7948,10.);
#2184=VECTOR('',#7951,10.);
#2185=VECTOR('',#7954,10.);
#2186=VECTOR('',#7957,10.);
#2187=VECTOR('',#7958,10.);
#2188=VECTOR('',#7965,10.);
#2189=VECTOR('',#7968,10.);
#2190=VECTOR('',#7969,10.);
#2191=VECTOR('',#7970,10.);
#2192=VECTOR('',#7971,10.);
#2193=VECTOR('',#7974,10.);
#2194=VECTOR('',#7975,10.);
#2195=VECTOR('',#7976,10.);
#2196=VECTOR('',#7979,10.);
#2197=VECTOR('',#7980,10.);
#2198=VECTOR('',#7981,10.);
#2199=VECTOR('',#7984,10.);
#2200=VECTOR('',#7985,10.);
#2201=VECTOR('',#7986,10.);
#2202=VECTOR('',#7989,10.);
#2203=VECTOR('',#7990,10.);
#2204=VECTOR('',#7991,10.);
#2205=VECTOR('',#7994,10.);
#2206=VECTOR('',#7995,10.);
#2207=VECTOR('',#7996,10.);
#2208=VECTOR('',#7999,10.);
#2209=VECTOR('',#8000,10.);
#2210=VECTOR('',#8001,10.);
#2211=VECTOR('',#8004,10.);
#2212=VECTOR('',#8005,10.);
#2213=VECTOR('',#8006,10.);
#2214=VECTOR('',#8009,10.);
#2215=VECTOR('',#8010,10.);
#2216=VECTOR('',#8011,10.);
#2217=VECTOR('',#8014,10.);
#2218=VECTOR('',#8015,10.);
#2219=VECTOR('',#8016,10.);
#2220=VECTOR('',#8019,10.);
#2221=VECTOR('',#8020,10.);
#2222=VECTOR('',#8021,10.);
#2223=VECTOR('',#8024,10.);
#2224=VECTOR('',#8025,10.);
#2225=VECTOR('',#8040,4.);
#2226=VECTOR('',#8049,10.);
#2227=VECTOR('',#8052,10.);
#2228=VECTOR('',#8055,10.);
#2229=VECTOR('',#8058,10.);
#2230=VECTOR('',#8059,10.);
#2231=VECTOR('',#8060,10.);
#2232=VECTOR('',#8063,10.);
#2233=VECTOR('',#8064,10.);
#2234=VECTOR('',#8069,10.);
#2235=VECTOR('',#8072,10.);
#2236=VECTOR('',#8073,10.);
#2237=VECTOR('',#8076,10.);
#2238=VECTOR('',#8077,10.);
#2239=VECTOR('',#8080,10.);
#2240=CIRCLE('',#5821,0.5);
#2241=CIRCLE('',#5822,0.499999999999998);
#2242=CIRCLE('',#5824,0.5);
#2243=CIRCLE('',#5825,0.499999999999998);
#2244=CIRCLE('',#5827,0.500000000000001);
#2245=CIRCLE('',#5830,0.500000000000001);
#2246=CIRCLE('',#5834,0.5);
#2247=CIRCLE('',#5835,0.499999999999998);
#2248=CIRCLE('',#5837,0.499999999999998);
#2249=CIRCLE('',#5838,0.499999999999998);
#2250=CIRCLE('',#5840,0.5);
#2251=CIRCLE('',#5841,0.5);
#2252=CIRCLE('',#5843,0.500000000000001);
#2253=CIRCLE('',#5845,0.5);
#2254=CIRCLE('',#5847,0.499999999999998);
#2255=CIRCLE('',#5850,0.5);
#2256=CIRCLE('',#5852,0.5);
#2257=CIRCLE('',#5853,0.499999999999998);
#2258=CIRCLE('',#5854,0.499999999999998);
#2259=CIRCLE('',#5856,0.5);
#2260=CIRCLE('',#5858,0.5);
#2261=CIRCLE('',#5859,0.499999999999999);
#2262=CIRCLE('',#5861,0.499999999999998);
#2263=CIRCLE('',#5868,0.499999999999998);
#2264=CIRCLE('',#5871,0.499999999999998);
#2265=CIRCLE('',#5874,0.5);
#2266=CIRCLE('',#5879,0.500000000000001);
#2267=CIRCLE('',#5882,4.);
#2268=CIRCLE('',#5897,3.);
#2269=CIRCLE('',#5898,1.);
#2270=CIRCLE('',#5899,4.);
#2271=CIRCLE('',#5900,4.);
#2272=CIRCLE('',#5905,0.500000000000001);
#2273=CIRCLE('',#5908,0.5);
#2274=CIRCLE('',#5909,0.5);
#2275=CIRCLE('',#5911,0.5);
#2276=CIRCLE('',#5914,0.5);
#2277=CIRCLE('',#5919,0.5);
#2278=CIRCLE('',#5920,0.499999999999998);
#2279=CIRCLE('',#5921,0.499999999999998);
#2280=CIRCLE('',#5923,0.5);
#2281=CIRCLE('',#5925,0.5);
#2282=CIRCLE('',#5926,0.499999999999999);
#2283=CIRCLE('',#5928,0.499999999999998);
#2284=CIRCLE('',#5934,0.499999999999998);
#2285=CIRCLE('',#5937,0.499999999999998);
#2286=CIRCLE('',#5940,0.5);
#2287=CIRCLE('',#5945,0.500000000000001);
#2288=CIRCLE('',#5948,4.);
#2289=CIRCLE('',#5963,3.);
#2290=CIRCLE('',#5964,1.);
#2291=CIRCLE('',#5965,4.);
#2292=CIRCLE('',#5966,4.);
#2293=CIRCLE('',#5971,0.500000000000001);
#2294=CIRCLE('',#5974,0.5);
#2295=CIRCLE('',#5975,0.5);
#2296=CIRCLE('',#5977,0.5);
#2297=CIRCLE('',#5980,0.5);
#2298=CIRCLE('',#5985,0.5);
#2299=CIRCLE('',#5986,0.499999999999998);
#2300=CIRCLE('',#5987,0.5);
#2301=CIRCLE('',#5989,0.5);
#2302=CIRCLE('',#5991,0.5);
#2303=CIRCLE('',#5992,0.500000000000001);
#2304=CIRCLE('',#5994,0.499999999999998);
#2305=CIRCLE('',#6000,0.499999999999998);
#2306=CIRCLE('',#6003,0.5);
#2307=CIRCLE('',#6006,0.5);
#2308=CIRCLE('',#6011,0.500000000000001);
#2309=CIRCLE('',#6014,4.);
#2310=CIRCLE('',#6029,3.);
#2311=CIRCLE('',#6030,1.);
#2312=CIRCLE('',#6031,4.);
#2313=CIRCLE('',#6032,4.);
#2314=CIRCLE('',#6037,0.500000000000001);
#2315=CIRCLE('',#6040,0.5);
#2316=CIRCLE('',#6041,0.5);
#2317=CIRCLE('',#6043,0.5);
#2318=CIRCLE('',#6046,0.5);
#2319=CIRCLE('',#6051,0.5);
#2320=CIRCLE('',#6052,0.499999999999998);
#2321=CIRCLE('',#6053,0.5);
#2322=CIRCLE('',#6055,0.5);
#2323=CIRCLE('',#6057,0.5);
#2324=CIRCLE('',#6058,0.5);
#2325=CIRCLE('',#6060,0.499999999999998);
#2326=CIRCLE('',#6066,0.5);
#2327=CIRCLE('',#6069,0.5);
#2328=CIRCLE('',#6072,0.5);
#2329=CIRCLE('',#6077,0.500000000000001);
#2330=CIRCLE('',#6080,4.);
#2331=CIRCLE('',#6095,3.);
#2332=CIRCLE('',#6096,1.);
#2333=CIRCLE('',#6097,4.);
#2334=CIRCLE('',#6098,4.);
#2335=CIRCLE('',#6103,0.500000000000001);
#2336=CIRCLE('',#6106,0.5);
#2337=CIRCLE('',#6107,0.5);
#2338=CIRCLE('',#6109,0.5);
#2339=CIRCLE('',#6112,0.5);
#2340=CIRCLE('',#6117,0.5);
#2341=CIRCLE('',#6118,0.499999999999998);
#2342=CIRCLE('',#6119,0.5);
#2343=CIRCLE('',#6121,0.5);
#2344=CIRCLE('',#6123,0.5);
#2345=CIRCLE('',#6124,0.500000000000001);
#2346=CIRCLE('',#6126,0.499999999999998);
#2347=CIRCLE('',#6132,0.5);
#2348=CIRCLE('',#6135,0.5);
#2349=CIRCLE('',#6138,0.5);
#2350=CIRCLE('',#6143,0.500000000000001);
#2351=CIRCLE('',#6146,4.);
#2352=CIRCLE('',#6161,3.);
#2353=CIRCLE('',#6162,1.);
#2354=CIRCLE('',#6163,4.);
#2355=CIRCLE('',#6164,4.);
#2356=CIRCLE('',#6169,0.500000000000001);
#2357=CIRCLE('',#6172,0.5);
#2358=CIRCLE('',#6173,0.5);
#2359=CIRCLE('',#6175,0.5);
#2360=CIRCLE('',#6178,0.5);
#2361=CIRCLE('',#6183,0.5);
#2362=CIRCLE('',#6184,0.499999999999998);
#2363=CIRCLE('',#6185,0.499999999999998);
#2364=CIRCLE('',#6187,0.5);
#2365=CIRCLE('',#6189,0.5);
#2366=CIRCLE('',#6190,0.499999999999999);
#2367=CIRCLE('',#6192,0.499999999999998);
#2368=CIRCLE('',#6196,0.5);
#2369=CIRCLE('',#6201,0.499999999999998);
#2370=CIRCLE('',#6204,0.5);
#2371=CIRCLE('',#6209,0.500000000000001);
#2372=CIRCLE('',#6211,4.);
#2373=CIRCLE('',#6227,3.);
#2374=CIRCLE('',#6228,1.);
#2375=CIRCLE('',#6229,4.);
#2376=CIRCLE('',#6230,4.);
#2377=CIRCLE('',#6236,0.499999999999998);
#2378=CIRCLE('',#6238,0.5);
#2379=CIRCLE('',#6239,0.5);
#2380=CIRCLE('',#6241,0.5);
#2381=CIRCLE('',#6244,0.5);
#2382=CIRCLE('',#6249,0.499999999999998);
#2383=CIRCLE('',#6250,0.499999999999998);
#2384=CIRCLE('',#6251,0.5);
#2385=CIRCLE('',#6253,0.5);
#2386=CIRCLE('',#6254,0.499999999999998);
#2387=CIRCLE('',#6255,0.499999999999998);
#2388=CIRCLE('',#6257,0.5);
#2389=CIRCLE('',#6259,0.500000000000002);
#2390=CIRCLE('',#6260,0.500000000000002);
#2391=CIRCLE('',#6267,0.5);
#2392=CIRCLE('',#6268,0.499999999999998);
#2393=CIRCLE('',#6277,0.5);
#2394=CIRCLE('',#6278,0.500000000000002);
#2395=CIRCLE('',#6279,0.500000000000002);
#2396=CIRCLE('',#6283,4.);
#2397=CIRCLE('',#6301,3.);
#2398=CIRCLE('',#6302,1.);
#2399=CIRCLE('',#6303,4.);
#2400=CIRCLE('',#6304,4.);
#2401=CIRCLE('',#6310,0.5);
#2402=CIRCLE('',#6311,0.5);
#2403=CIRCLE('',#6313,0.5);
#2404=CIRCLE('',#6316,0.5);
#2405=CIRCLE('',#6321,0.499999999999998);
#2406=CIRCLE('',#6322,0.499999999999998);
#2407=CIRCLE('',#6324,0.5);
#2408=CIRCLE('',#6325,0.499999999999998);
#2409=CIRCLE('',#6337,4.);
#2410=CIRCLE('',#6354,3.);
#2411=CIRCLE('',#6355,1.);
#2412=CIRCLE('',#6356,4.);
#2413=CIRCLE('',#6357,4.);
#2414=CIRCLE('',#6362,0.5);
#2415=CIRCLE('',#6363,0.5);
#2416=CIRCLE('',#6365,0.5);
#2417=CIRCLE('',#6368,0.5);
#2418=VERTEX_POINT('',#8085);
#2419=VERTEX_POINT('',#8086);
#2420=VERTEX_POINT('',#8088);
#2421=VERTEX_POINT('',#8090);
#2422=VERTEX_POINT('',#8094);
#2423=VERTEX_POINT('',#8095);
#2424=VERTEX_POINT('',#8097);
#2425=VERTEX_POINT('',#8104);
#2426=VERTEX_POINT('',#8106);
#2427=VERTEX_POINT('',#8108);
#2428=VERTEX_POINT('',#8110);
#2429=VERTEX_POINT('',#8112);
#2430=VERTEX_POINT('',#8114);
#2431=VERTEX_POINT('',#8116);
#2432=VERTEX_POINT('',#8118);
#2433=VERTEX_POINT('',#8120);
#2434=VERTEX_POINT('',#8122);
#2435=VERTEX_POINT('',#8124);
#2436=VERTEX_POINT('',#8126);
#2437=VERTEX_POINT('',#8128);
#2438=VERTEX_POINT('',#8130);
#2439=VERTEX_POINT('',#8132);
#2440=VERTEX_POINT('',#8134);
#2441=VERTEX_POINT('',#8136);
#2442=VERTEX_POINT('',#8138);
#2443=VERTEX_POINT('',#8140);
#2444=VERTEX_POINT('',#8142);
#2445=VERTEX_POINT('',#8144);
#2446=VERTEX_POINT('',#8146);
#2447=VERTEX_POINT('',#8148);
#2448=VERTEX_POINT('',#8150);
#2449=VERTEX_POINT('',#8152);
#2450=VERTEX_POINT('',#8154);
#2451=VERTEX_POINT('',#8156);
#2452=VERTEX_POINT('',#8158);
#2453=VERTEX_POINT('',#8160);
#2454=VERTEX_POINT('',#8162);
#2455=VERTEX_POINT('',#8164);
#2456=VERTEX_POINT('',#8166);
#2457=VERTEX_POINT('',#8168);
#2458=VERTEX_POINT('',#8170);
#2459=VERTEX_POINT('',#8174);
#2460=VERTEX_POINT('',#8178);
#2461=VERTEX_POINT('',#8182);
#2462=VERTEX_POINT('',#8184);
#2463=VERTEX_POINT('',#8186);
#2464=VERTEX_POINT('',#8188);
#2465=VERTEX_POINT('',#8190);
#2466=VERTEX_POINT('',#8192);
#2467=VERTEX_POINT('',#8194);
#2468=VERTEX_POINT('',#8196);
#2469=VERTEX_POINT('',#8198);
#2470=VERTEX_POINT('',#8200);
#2471=VERTEX_POINT('',#8202);
#2472=VERTEX_POINT('',#8204);
#2473=VERTEX_POINT('',#8206);
#2474=VERTEX_POINT('',#8208);
#2475=VERTEX_POINT('',#8210);
#2476=VERTEX_POINT('',#8212);
#2477=VERTEX_POINT('',#8214);
#2478=VERTEX_POINT('',#8216);
#2479=VERTEX_POINT('',#8218);
#2480=VERTEX_POINT('',#8220);
#2481=VERTEX_POINT('',#8222);
#2482=VERTEX_POINT('',#8224);
#2483=VERTEX_POINT('',#8226);
#2484=VERTEX_POINT('',#8228);
#2485=VERTEX_POINT('',#8230);
#2486=VERTEX_POINT('',#8232);
#2487=VERTEX_POINT('',#8234);
#2488=VERTEX_POINT('',#8236);
#2489=VERTEX_POINT('',#8238);
#2490=VERTEX_POINT('',#8240);
#2491=VERTEX_POINT('',#8242);
#2492=VERTEX_POINT('',#8244);
#2493=VERTEX_POINT('',#8246);
#2494=VERTEX_POINT('',#8248);
#2495=VERTEX_POINT('',#8252);
#2496=VERTEX_POINT('',#8254);
#2497=VERTEX_POINT('',#8258);
#2498=VERTEX_POINT('',#8259);
#2499=VERTEX_POINT('',#8261);
#2500=VERTEX_POINT('',#8266);
#2501=VERTEX_POINT('',#8275);
#2502=VERTEX_POINT('',#8279);
#2503=VERTEX_POINT('',#8285);
#2504=VERTEX_POINT('',#8287);
#2505=VERTEX_POINT('',#8291);
#2506=VERTEX_POINT('',#8295);
#2507=VERTEX_POINT('',#8299);
#2508=VERTEX_POINT('',#8300);
#2509=VERTEX_POINT('',#8305);
#2510=VERTEX_POINT('',#8309);
#2511=VERTEX_POINT('',#8310);
#2512=VERTEX_POINT('',#8315);
#2513=VERTEX_POINT('',#8321);
#2514=VERTEX_POINT('',#8327);
#2515=VERTEX_POINT('',#8339);
#2516=VERTEX_POINT('',#8342);
#2517=VERTEX_POINT('',#8343);
#2518=VERTEX_POINT('',#8345);
#2519=VERTEX_POINT('',#8347);
#2520=VERTEX_POINT('',#8351);
#2521=VERTEX_POINT('',#8353);
#2522=VERTEX_POINT('',#8357);
#2523=VERTEX_POINT('',#8359);
#2524=VERTEX_POINT('',#8363);
#2525=VERTEX_POINT('',#8365);
#2526=VERTEX_POINT('',#8369);
#2527=VERTEX_POINT('',#8371);
#2528=VERTEX_POINT('',#8375);
#2529=VERTEX_POINT('',#8377);
#2530=VERTEX_POINT('',#8381);
#2531=VERTEX_POINT('',#8383);
#2532=VERTEX_POINT('',#8387);
#2533=VERTEX_POINT('',#8389);
#2534=VERTEX_POINT('',#8393);
#2535=VERTEX_POINT('',#8395);
#2536=VERTEX_POINT('',#8399);
#2537=VERTEX_POINT('',#8401);
#2538=VERTEX_POINT('',#8405);
#2539=VERTEX_POINT('',#8407);
#2540=VERTEX_POINT('',#8415);
#2541=VERTEX_POINT('',#8417);
#2542=VERTEX_POINT('',#8419);
#2543=VERTEX_POINT('',#8427);
#2544=VERTEX_POINT('',#8433);
#2545=VERTEX_POINT('',#8434);
#2546=VERTEX_POINT('',#8436);
#2547=VERTEX_POINT('',#8438);
#2548=VERTEX_POINT('',#8442);
#2549=VERTEX_POINT('',#8444);
#2550=VERTEX_POINT('',#8446);
#2551=VERTEX_POINT('',#8448);
#2552=VERTEX_POINT('',#8452);
#2553=VERTEX_POINT('',#8456);
#2554=VERTEX_POINT('',#8460);
#2555=VERTEX_POINT('',#8464);
#2556=VERTEX_POINT('',#8470);
#2557=VERTEX_POINT('',#8472);
#2558=VERTEX_POINT('',#8476);
#2559=VERTEX_POINT('',#8480);
#2560=VERTEX_POINT('',#8484);
#2561=VERTEX_POINT('',#8485);
#2562=VERTEX_POINT('',#8490);
#2563=VERTEX_POINT('',#8494);
#2564=VERTEX_POINT('',#8498);
#2565=VERTEX_POINT('',#8504);
#2566=VERTEX_POINT('',#8510);
#2567=VERTEX_POINT('',#8522);
#2568=VERTEX_POINT('',#8525);
#2569=VERTEX_POINT('',#8526);
#2570=VERTEX_POINT('',#8528);
#2571=VERTEX_POINT('',#8530);
#2572=VERTEX_POINT('',#8534);
#2573=VERTEX_POINT('',#8536);
#2574=VERTEX_POINT('',#8540);
#2575=VERTEX_POINT('',#8542);
#2576=VERTEX_POINT('',#8546);
#2577=VERTEX_POINT('',#8548);
#2578=VERTEX_POINT('',#8552);
#2579=VERTEX_POINT('',#8554);
#2580=VERTEX_POINT('',#8558);
#2581=VERTEX_POINT('',#8560);
#2582=VERTEX_POINT('',#8564);
#2583=VERTEX_POINT('',#8566);
#2584=VERTEX_POINT('',#8570);
#2585=VERTEX_POINT('',#8572);
#2586=VERTEX_POINT('',#8576);
#2587=VERTEX_POINT('',#8578);
#2588=VERTEX_POINT('',#8582);
#2589=VERTEX_POINT('',#8584);
#2590=VERTEX_POINT('',#8588);
#2591=VERTEX_POINT('',#8590);
#2592=VERTEX_POINT('',#8598);
#2593=VERTEX_POINT('',#8600);
#2594=VERTEX_POINT('',#8602);
#2595=VERTEX_POINT('',#8610);
#2596=VERTEX_POINT('',#8616);
#2597=VERTEX_POINT('',#8617);
#2598=VERTEX_POINT('',#8619);
#2599=VERTEX_POINT('',#8621);
#2600=VERTEX_POINT('',#8625);
#2601=VERTEX_POINT('',#8627);
#2602=VERTEX_POINT('',#8629);
#2603=VERTEX_POINT('',#8631);
#2604=VERTEX_POINT('',#8635);
#2605=VERTEX_POINT('',#8639);
#2606=VERTEX_POINT('',#8643);
#2607=VERTEX_POINT('',#8647);
#2608=VERTEX_POINT('',#8653);
#2609=VERTEX_POINT('',#8655);
#2610=VERTEX_POINT('',#8659);
#2611=VERTEX_POINT('',#8663);
#2612=VERTEX_POINT('',#8667);
#2613=VERTEX_POINT('',#8668);
#2614=VERTEX_POINT('',#8673);
#2615=VERTEX_POINT('',#8677);
#2616=VERTEX_POINT('',#8681);
#2617=VERTEX_POINT('',#8687);
#2618=VERTEX_POINT('',#8693);
#2619=VERTEX_POINT('',#8705);
#2620=VERTEX_POINT('',#8708);
#2621=VERTEX_POINT('',#8709);
#2622=VERTEX_POINT('',#8711);
#2623=VERTEX_POINT('',#8713);
#2624=VERTEX_POINT('',#8717);
#2625=VERTEX_POINT('',#8719);
#2626=VERTEX_POINT('',#8723);
#2627=VERTEX_POINT('',#8725);
#2628=VERTEX_POINT('',#8729);
#2629=VERTEX_POINT('',#8731);
#2630=VERTEX_POINT('',#8735);
#2631=VERTEX_POINT('',#8737);
#2632=VERTEX_POINT('',#8741);
#2633=VERTEX_POINT('',#8743);
#2634=VERTEX_POINT('',#8747);
#2635=VERTEX_POINT('',#8749);
#2636=VERTEX_POINT('',#8753);
#2637=VERTEX_POINT('',#8755);
#2638=VERTEX_POINT('',#8759);
#2639=VERTEX_POINT('',#8761);
#2640=VERTEX_POINT('',#8765);
#2641=VERTEX_POINT('',#8767);
#2642=VERTEX_POINT('',#8771);
#2643=VERTEX_POINT('',#8773);
#2644=VERTEX_POINT('',#8781);
#2645=VERTEX_POINT('',#8783);
#2646=VERTEX_POINT('',#8785);
#2647=VERTEX_POINT('',#8793);
#2648=VERTEX_POINT('',#8799);
#2649=VERTEX_POINT('',#8800);
#2650=VERTEX_POINT('',#8802);
#2651=VERTEX_POINT('',#8804);
#2652=VERTEX_POINT('',#8808);
#2653=VERTEX_POINT('',#8810);
#2654=VERTEX_POINT('',#8812);
#2655=VERTEX_POINT('',#8814);
#2656=VERTEX_POINT('',#8818);
#2657=VERTEX_POINT('',#8822);
#2658=VERTEX_POINT('',#8826);
#2659=VERTEX_POINT('',#8830);
#2660=VERTEX_POINT('',#8836);
#2661=VERTEX_POINT('',#8838);
#2662=VERTEX_POINT('',#8842);
#2663=VERTEX_POINT('',#8846);
#2664=VERTEX_POINT('',#8850);
#2665=VERTEX_POINT('',#8851);
#2666=VERTEX_POINT('',#8856);
#2667=VERTEX_POINT('',#8860);
#2668=VERTEX_POINT('',#8864);
#2669=VERTEX_POINT('',#8870);
#2670=VERTEX_POINT('',#8876);
#2671=VERTEX_POINT('',#8888);
#2672=VERTEX_POINT('',#8891);
#2673=VERTEX_POINT('',#8892);
#2674=VERTEX_POINT('',#8894);
#2675=VERTEX_POINT('',#8896);
#2676=VERTEX_POINT('',#8900);
#2677=VERTEX_POINT('',#8902);
#2678=VERTEX_POINT('',#8906);
#2679=VERTEX_POINT('',#8908);
#2680=VERTEX_POINT('',#8912);
#2681=VERTEX_POINT('',#8914);
#2682=VERTEX_POINT('',#8918);
#2683=VERTEX_POINT('',#8920);
#2684=VERTEX_POINT('',#8924);
#2685=VERTEX_POINT('',#8926);
#2686=VERTEX_POINT('',#8930);
#2687=VERTEX_POINT('',#8932);
#2688=VERTEX_POINT('',#8936);
#2689=VERTEX_POINT('',#8938);
#2690=VERTEX_POINT('',#8942);
#2691=VERTEX_POINT('',#8944);
#2692=VERTEX_POINT('',#8948);
#2693=VERTEX_POINT('',#8950);
#2694=VERTEX_POINT('',#8954);
#2695=VERTEX_POINT('',#8956);
#2696=VERTEX_POINT('',#8964);
#2697=VERTEX_POINT('',#8966);
#2698=VERTEX_POINT('',#8968);
#2699=VERTEX_POINT('',#8976);
#2700=VERTEX_POINT('',#8982);
#2701=VERTEX_POINT('',#8983);
#2702=VERTEX_POINT('',#8985);
#2703=VERTEX_POINT('',#8987);
#2704=VERTEX_POINT('',#8991);
#2705=VERTEX_POINT('',#8993);
#2706=VERTEX_POINT('',#8995);
#2707=VERTEX_POINT('',#8997);
#2708=VERTEX_POINT('',#9001);
#2709=VERTEX_POINT('',#9005);
#2710=VERTEX_POINT('',#9009);
#2711=VERTEX_POINT('',#9013);
#2712=VERTEX_POINT('',#9019);
#2713=VERTEX_POINT('',#9021);
#2714=VERTEX_POINT('',#9025);
#2715=VERTEX_POINT('',#9029);
#2716=VERTEX_POINT('',#9033);
#2717=VERTEX_POINT('',#9034);
#2718=VERTEX_POINT('',#9039);
#2719=VERTEX_POINT('',#9043);
#2720=VERTEX_POINT('',#9047);
#2721=VERTEX_POINT('',#9053);
#2722=VERTEX_POINT('',#9059);
#2723=VERTEX_POINT('',#9071);
#2724=VERTEX_POINT('',#9074);
#2725=VERTEX_POINT('',#9075);
#2726=VERTEX_POINT('',#9077);
#2727=VERTEX_POINT('',#9079);
#2728=VERTEX_POINT('',#9083);
#2729=VERTEX_POINT('',#9085);
#2730=VERTEX_POINT('',#9089);
#2731=VERTEX_POINT('',#9091);
#2732=VERTEX_POINT('',#9095);
#2733=VERTEX_POINT('',#9097);
#2734=VERTEX_POINT('',#9101);
#2735=VERTEX_POINT('',#9103);
#2736=VERTEX_POINT('',#9107);
#2737=VERTEX_POINT('',#9109);
#2738=VERTEX_POINT('',#9113);
#2739=VERTEX_POINT('',#9115);
#2740=VERTEX_POINT('',#9119);
#2741=VERTEX_POINT('',#9121);
#2742=VERTEX_POINT('',#9125);
#2743=VERTEX_POINT('',#9127);
#2744=VERTEX_POINT('',#9131);
#2745=VERTEX_POINT('',#9133);
#2746=VERTEX_POINT('',#9137);
#2747=VERTEX_POINT('',#9139);
#2748=VERTEX_POINT('',#9147);
#2749=VERTEX_POINT('',#9149);
#2750=VERTEX_POINT('',#9151);
#2751=VERTEX_POINT('',#9159);
#2752=VERTEX_POINT('',#9165);
#2753=VERTEX_POINT('',#9166);
#2754=VERTEX_POINT('',#9168);
#2755=VERTEX_POINT('',#9170);
#2756=VERTEX_POINT('',#9174);
#2757=VERTEX_POINT('',#9176);
#2758=VERTEX_POINT('',#9178);
#2759=VERTEX_POINT('',#9180);
#2760=VERTEX_POINT('',#9184);
#2761=VERTEX_POINT('',#9188);
#2762=VERTEX_POINT('',#9192);
#2763=VERTEX_POINT('',#9196);
#2764=VERTEX_POINT('',#9202);
#2765=VERTEX_POINT('',#9204);
#2766=VERTEX_POINT('',#9208);
#2767=VERTEX_POINT('',#9212);
#2768=VERTEX_POINT('',#9216);
#2769=VERTEX_POINT('',#9217);
#2770=VERTEX_POINT('',#9222);
#2771=VERTEX_POINT('',#9226);
#2772=VERTEX_POINT('',#9230);
#2773=VERTEX_POINT('',#9236);
#2774=VERTEX_POINT('',#9242);
#2775=VERTEX_POINT('',#9253);
#2776=VERTEX_POINT('',#9257);
#2777=VERTEX_POINT('',#9258);
#2778=VERTEX_POINT('',#9260);
#2779=VERTEX_POINT('',#9262);
#2780=VERTEX_POINT('',#9266);
#2781=VERTEX_POINT('',#9268);
#2782=VERTEX_POINT('',#9272);
#2783=VERTEX_POINT('',#9274);
#2784=VERTEX_POINT('',#9278);
#2785=VERTEX_POINT('',#9280);
#2786=VERTEX_POINT('',#9284);
#2787=VERTEX_POINT('',#9286);
#2788=VERTEX_POINT('',#9290);
#2789=VERTEX_POINT('',#9292);
#2790=VERTEX_POINT('',#9296);
#2791=VERTEX_POINT('',#9298);
#2792=VERTEX_POINT('',#9302);
#2793=VERTEX_POINT('',#9304);
#2794=VERTEX_POINT('',#9308);
#2795=VERTEX_POINT('',#9310);
#2796=VERTEX_POINT('',#9314);
#2797=VERTEX_POINT('',#9316);
#2798=VERTEX_POINT('',#9320);
#2799=VERTEX_POINT('',#9322);
#2800=VERTEX_POINT('',#9330);
#2801=VERTEX_POINT('',#9332);
#2802=VERTEX_POINT('',#9334);
#2803=VERTEX_POINT('',#9342);
#2804=VERTEX_POINT('',#9348);
#2805=VERTEX_POINT('',#9349);
#2806=VERTEX_POINT('',#9351);
#2807=VERTEX_POINT('',#9353);
#2808=VERTEX_POINT('',#9357);
#2809=VERTEX_POINT('',#9359);
#2810=VERTEX_POINT('',#9361);
#2811=VERTEX_POINT('',#9363);
#2812=VERTEX_POINT('',#9367);
#2813=VERTEX_POINT('',#9371);
#2814=VERTEX_POINT('',#9375);
#2815=VERTEX_POINT('',#9379);
#2816=VERTEX_POINT('',#9385);
#2817=VERTEX_POINT('',#9387);
#2818=VERTEX_POINT('',#9391);
#2819=VERTEX_POINT('',#9393);
#2820=VERTEX_POINT('',#9397);
#2821=VERTEX_POINT('',#9401);
#2822=VERTEX_POINT('',#9408);
#2823=VERTEX_POINT('',#9412);
#2824=VERTEX_POINT('',#9416);
#2825=VERTEX_POINT('',#9420);
#2826=VERTEX_POINT('',#9426);
#2827=VERTEX_POINT('',#9434);
#2828=VERTEX_POINT('',#9436);
#2829=VERTEX_POINT('',#9445);
#2830=VERTEX_POINT('',#9450);
#2831=VERTEX_POINT('',#9454);
#2832=VERTEX_POINT('',#9455);
#2833=VERTEX_POINT('',#9457);
#2834=VERTEX_POINT('',#9459);
#2835=VERTEX_POINT('',#9463);
#2836=VERTEX_POINT('',#9465);
#2837=VERTEX_POINT('',#9469);
#2838=VERTEX_POINT('',#9471);
#2839=VERTEX_POINT('',#9475);
#2840=VERTEX_POINT('',#9477);
#2841=VERTEX_POINT('',#9481);
#2842=VERTEX_POINT('',#9483);
#2843=VERTEX_POINT('',#9487);
#2844=VERTEX_POINT('',#9489);
#2845=VERTEX_POINT('',#9493);
#2846=VERTEX_POINT('',#9495);
#2847=VERTEX_POINT('',#9499);
#2848=VERTEX_POINT('',#9501);
#2849=VERTEX_POINT('',#9505);
#2850=VERTEX_POINT('',#9507);
#2851=VERTEX_POINT('',#9511);
#2852=VERTEX_POINT('',#9513);
#2853=VERTEX_POINT('',#9517);
#2854=VERTEX_POINT('',#9519);
#2855=VERTEX_POINT('',#9527);
#2856=VERTEX_POINT('',#9529);
#2857=VERTEX_POINT('',#9531);
#2858=VERTEX_POINT('',#9541);
#2859=VERTEX_POINT('',#9542);
#2860=VERTEX_POINT('',#9544);
#2861=VERTEX_POINT('',#9546);
#2862=VERTEX_POINT('',#9550);
#2863=VERTEX_POINT('',#9552);
#2864=VERTEX_POINT('',#9554);
#2865=VERTEX_POINT('',#9556);
#2866=VERTEX_POINT('',#9560);
#2867=VERTEX_POINT('',#9564);
#2868=VERTEX_POINT('',#9568);
#2869=VERTEX_POINT('',#9572);
#2870=VERTEX_POINT('',#9578);
#2871=VERTEX_POINT('',#9582);
#2872=VERTEX_POINT('',#9588);
#2873=VERTEX_POINT('',#9592);
#2874=VERTEX_POINT('',#9598);
#2875=VERTEX_POINT('',#9608);
#2876=VERTEX_POINT('',#9614);
#2877=VERTEX_POINT('',#9615);
#2878=VERTEX_POINT('',#9617);
#2879=VERTEX_POINT('',#9619);
#2880=VERTEX_POINT('',#9623);
#2881=VERTEX_POINT('',#9625);
#2882=VERTEX_POINT('',#9629);
#2883=VERTEX_POINT('',#9631);
#2884=VERTEX_POINT('',#9635);
#2885=VERTEX_POINT('',#9637);
#2886=VERTEX_POINT('',#9641);
#2887=VERTEX_POINT('',#9643);
#2888=VERTEX_POINT('',#9647);
#2889=VERTEX_POINT('',#9649);
#2890=VERTEX_POINT('',#9653);
#2891=VERTEX_POINT('',#9655);
#2892=VERTEX_POINT('',#9659);
#2893=VERTEX_POINT('',#9661);
#2894=VERTEX_POINT('',#9665);
#2895=VERTEX_POINT('',#9667);
#2896=VERTEX_POINT('',#9671);
#2897=VERTEX_POINT('',#9673);
#2898=VERTEX_POINT('',#9677);
#2899=VERTEX_POINT('',#9679);
#2900=VERTEX_POINT('',#9687);
#2901=VERTEX_POINT('',#9689);
#2902=VERTEX_POINT('',#9691);
#2903=VERTEX_POINT('',#9699);
#2904=VERTEX_POINT('',#9700);
#2905=VERTEX_POINT('',#9702);
#2906=VERTEX_POINT('',#9704);
#2907=VERTEX_POINT('',#9708);
#2908=VERTEX_POINT('',#9710);
#2909=VERTEX_POINT('',#9712);
#2910=VERTEX_POINT('',#9714);
#2911=VERTEX_POINT('',#9718);
#2912=VERTEX_POINT('',#9722);
#2913=VERTEX_POINT('',#9726);
#2914=VERTEX_POINT('',#9730);
#2915=EDGE_CURVE('',#2418,#2419,#2240,.T.);
#2916=EDGE_CURVE('',#2419,#2420,#1036,.T.);
#2917=EDGE_CURVE('',#2420,#2421,#2241,.T.);
#2918=EDGE_CURVE('',#2421,#2418,#1037,.T.);
#2919=EDGE_CURVE('',#2422,#2423,#2242,.T.);
#2920=EDGE_CURVE('',#2423,#2424,#1038,.T.);
#2921=EDGE_CURVE('',#2424,#2420,#2243,.T.);
#2922=EDGE_CURVE('',#2420,#2422,#1039,.T.);
#2923=EDGE_CURVE('',#2424,#2421,#2244,.T.);
#2924=EDGE_CURVE('',#2425,#2421,#1040,.T.);
#2925=EDGE_CURVE('',#2426,#2425,#1041,.T.);
#2926=EDGE_CURVE('',#2427,#2426,#1042,.T.);
#2927=EDGE_CURVE('',#2428,#2427,#1043,.T.);
#2928=EDGE_CURVE('',#2429,#2428,#1044,.T.);
#2929=EDGE_CURVE('',#2430,#2429,#1045,.T.);
#2930=EDGE_CURVE('',#2431,#2430,#1046,.T.);
#2931=EDGE_CURVE('',#2432,#2431,#1047,.T.);
#2932=EDGE_CURVE('',#2433,#2432,#1048,.T.);
#2933=EDGE_CURVE('',#2434,#2433,#1049,.T.);
#2934=EDGE_CURVE('',#2435,#2434,#1050,.T.);
#2935=EDGE_CURVE('',#2436,#2435,#1051,.T.);
#2936=EDGE_CURVE('',#2437,#2436,#1052,.T.);
#2937=EDGE_CURVE('',#2438,#2437,#1053,.T.);
#2938=EDGE_CURVE('',#2439,#2438,#1054,.T.);
#2939=EDGE_CURVE('',#2440,#2439,#1055,.T.);
#2940=EDGE_CURVE('',#2441,#2440,#1056,.T.);
#2941=EDGE_CURVE('',#2442,#2441,#1057,.T.);
#2942=EDGE_CURVE('',#2443,#2442,#1058,.T.);
#2943=EDGE_CURVE('',#2444,#2443,#1059,.T.);
#2944=EDGE_CURVE('',#2445,#2444,#1060,.T.);
#2945=EDGE_CURVE('',#2446,#2445,#1061,.T.);
#2946=EDGE_CURVE('',#2447,#2446,#1062,.T.);
#2947=EDGE_CURVE('',#2448,#2447,#1063,.T.);
#2948=EDGE_CURVE('',#2449,#2448,#1064,.T.);
#2949=EDGE_CURVE('',#2450,#2449,#1065,.T.);
#2950=EDGE_CURVE('',#2451,#2450,#1066,.T.);
#2951=EDGE_CURVE('',#2452,#2451,#1067,.T.);
#2952=EDGE_CURVE('',#2453,#2452,#1068,.T.);
#2953=EDGE_CURVE('',#2454,#2453,#1069,.T.);
#2954=EDGE_CURVE('',#2455,#2454,#1070,.T.);
#2955=EDGE_CURVE('',#2456,#2455,#1071,.T.);
#2956=EDGE_CURVE('',#2457,#2456,#1072,.T.);
#2957=EDGE_CURVE('',#2458,#2457,#1073,.T.);
#2958=EDGE_CURVE('',#2458,#2418,#1074,.T.);
#2959=EDGE_CURVE('',#2424,#2459,#1075,.T.);
#2960=EDGE_CURVE('',#2425,#2459,#2245,.T.);
#2961=EDGE_CURVE('',#2423,#2460,#1076,.T.);
#2962=EDGE_CURVE('',#2459,#2460,#1077,.T.);
#2963=EDGE_CURVE('',#2461,#2422,#1078,.T.);
#2964=EDGE_CURVE('',#2462,#2461,#1079,.T.);
#2965=EDGE_CURVE('',#2463,#2462,#1080,.T.);
#2966=EDGE_CURVE('',#2464,#2463,#1081,.T.);
#2967=EDGE_CURVE('',#2465,#2464,#1082,.T.);
#2968=EDGE_CURVE('',#2466,#2465,#1083,.T.);
#2969=EDGE_CURVE('',#2467,#2466,#1084,.T.);
#2970=EDGE_CURVE('',#2468,#2467,#1085,.T.);
#2971=EDGE_CURVE('',#2469,#2468,#1086,.T.);
#2972=EDGE_CURVE('',#2470,#2469,#1087,.T.);
#2973=EDGE_CURVE('',#2471,#2470,#1088,.T.);
#2974=EDGE_CURVE('',#2472,#2471,#1089,.T.);
#2975=EDGE_CURVE('',#2473,#2472,#1090,.T.);
#2976=EDGE_CURVE('',#2474,#2473,#1091,.T.);
#2977=EDGE_CURVE('',#2475,#2474,#1092,.T.);
#2978=EDGE_CURVE('',#2476,#2475,#1093,.T.);
#2979=EDGE_CURVE('',#2477,#2476,#1094,.T.);
#2980=EDGE_CURVE('',#2478,#2477,#1095,.T.);
#2981=EDGE_CURVE('',#2479,#2478,#1096,.T.);
#2982=EDGE_CURVE('',#2480,#2479,#1097,.T.);
#2983=EDGE_CURVE('',#2481,#2480,#1098,.T.);
#2984=EDGE_CURVE('',#2482,#2481,#1099,.T.);
#2985=EDGE_CURVE('',#2483,#2482,#1100,.T.);
#2986=EDGE_CURVE('',#2484,#2483,#1101,.T.);
#2987=EDGE_CURVE('',#2485,#2484,#1102,.T.);
#2988=EDGE_CURVE('',#2486,#2485,#1103,.T.);
#2989=EDGE_CURVE('',#2487,#2486,#1104,.T.);
#2990=EDGE_CURVE('',#2488,#2487,#1105,.T.);
#2991=EDGE_CURVE('',#2489,#2488,#1106,.T.);
#2992=EDGE_CURVE('',#2490,#2489,#1107,.T.);
#2993=EDGE_CURVE('',#2491,#2490,#1108,.T.);
#2994=EDGE_CURVE('',#2492,#2491,#1109,.T.);
#2995=EDGE_CURVE('',#2493,#2492,#1110,.T.);
#2996=EDGE_CURVE('',#2494,#2493,#1111,.T.);
#2997=EDGE_CURVE('',#2460,#2494,#1112,.T.);
#2998=EDGE_CURVE('',#2462,#2495,#2246,.T.);
#2999=EDGE_CURVE('',#2495,#2496,#1113,.T.);
#3000=EDGE_CURVE('',#2496,#2463,#2247,.T.);
#3001=EDGE_CURVE('',#2497,#2498,#2248,.T.);
#3002=EDGE_CURVE('',#2498,#2499,#1114,.T.);
#3003=EDGE_CURVE('',#2499,#2496,#2249,.T.);
#3004=EDGE_CURVE('',#2496,#2497,#1115,.T.);
#3005=EDGE_CURVE('',#2500,#2458,#2250,.T.);
#3006=EDGE_CURVE('',#2457,#2497,#2251,.T.);
#3007=EDGE_CURVE('',#2497,#2500,#1116,.T.);
#3008=EDGE_CURVE('',#2457,#2498,#2252,.T.);
#3009=EDGE_CURVE('',#2499,#2463,#2253,.T.);
#3010=EDGE_CURVE('',#2499,#2501,#1117,.T.);
#3011=EDGE_CURVE('',#2501,#2464,#2254,.F.);
#3012=EDGE_CURVE('',#2502,#2498,#1118,.T.);
#3013=EDGE_CURVE('',#2501,#2502,#1119,.T.);
#3014=EDGE_CURVE('',#2456,#2502,#2255,.F.);
#3015=EDGE_CURVE('',#2492,#2503,#2256,.F.);
#3016=EDGE_CURVE('',#2504,#2492,#2257,.F.);
#3017=EDGE_CURVE('',#2503,#2504,#2258,.F.);
#3018=EDGE_CURVE('',#2491,#2505,#2259,.T.);
#3019=EDGE_CURVE('',#2505,#2504,#1120,.T.);
#3020=EDGE_CURVE('',#2491,#2506,#2260,.T.);
#3021=EDGE_CURVE('',#2506,#2505,#2261,.T.);
#3022=EDGE_CURVE('',#2507,#2508,#2262,.T.);
#3023=EDGE_CURVE('',#2508,#2503,#1121,.T.);
#3024=EDGE_CURVE('',#2504,#2507,#1122,.T.);
#3025=EDGE_CURVE('',#2503,#2509,#1123,.T.);
#3026=EDGE_CURVE('',#2509,#2493,#71,.T.);
#3027=EDGE_CURVE('',#2510,#2511,#1124,.T.);
#3028=EDGE_CURVE('',#2511,#2460,#72,.T.);
#3029=EDGE_CURVE('',#2494,#2510,#73,.T.);
#3030=EDGE_CURVE('',#2511,#2512,#1125,.T.);
#3031=EDGE_CURVE('',#2512,#2459,#2263,.T.);
#3032=EDGE_CURVE('',#2509,#2510,#1126,.T.);
#3033=EDGE_CURVE('',#2513,#2508,#1127,.T.);
#3034=EDGE_CURVE('',#2508,#2428,#2264,.T.);
#3035=EDGE_CURVE('',#2427,#2513,#74,.T.);
#3036=EDGE_CURVE('',#2425,#2512,#2265,.T.);
#3037=EDGE_CURVE('',#2512,#2514,#1128,.T.);
#3038=EDGE_CURVE('',#2514,#2426,#75,.T.);
#3039=EDGE_CURVE('',#2514,#2513,#1129,.T.);
#3040=EDGE_CURVE('',#2507,#2428,#2266,.T.);
#3041=EDGE_CURVE('',#2510,#2514,#1130,.T.);
#3042=EDGE_CURVE('',#2513,#2509,#1131,.T.);
#3043=EDGE_CURVE('',#2515,#2515,#2267,.T.);
#3044=EDGE_CURVE('',#2516,#2517,#1132,.T.);
#3045=EDGE_CURVE('',#2516,#2518,#1133,.T.);
#3046=EDGE_CURVE('',#2518,#2519,#1134,.T.);
#3047=EDGE_CURVE('',#2517,#2519,#1135,.T.);
#3048=EDGE_CURVE('',#2520,#2516,#1136,.T.);
#3049=EDGE_CURVE('',#2520,#2521,#1137,.T.);
#3050=EDGE_CURVE('',#2521,#2518,#1138,.T.);
#3051=EDGE_CURVE('',#2522,#2520,#1139,.T.);
#3052=EDGE_CURVE('',#2522,#2523,#1140,.T.);
#3053=EDGE_CURVE('',#2523,#2521,#1141,.T.);
#3054=EDGE_CURVE('',#2524,#2522,#1142,.T.);
#3055=EDGE_CURVE('',#2524,#2525,#1143,.T.);
#3056=EDGE_CURVE('',#2525,#2523,#1144,.T.);
#3057=EDGE_CURVE('',#2526,#2524,#1145,.T.);
#3058=EDGE_CURVE('',#2526,#2527,#1146,.T.);
#3059=EDGE_CURVE('',#2527,#2525,#1147,.T.);
#3060=EDGE_CURVE('',#2528,#2526,#1148,.T.);
#3061=EDGE_CURVE('',#2528,#2529,#1149,.T.);
#3062=EDGE_CURVE('',#2529,#2527,#1150,.T.);
#3063=EDGE_CURVE('',#2530,#2528,#1151,.T.);
#3064=EDGE_CURVE('',#2530,#2531,#1152,.T.);
#3065=EDGE_CURVE('',#2531,#2529,#1153,.T.);
#3066=EDGE_CURVE('',#2532,#2530,#1154,.T.);
#3067=EDGE_CURVE('',#2532,#2533,#1155,.T.);
#3068=EDGE_CURVE('',#2533,#2531,#1156,.T.);
#3069=EDGE_CURVE('',#2534,#2532,#1157,.T.);
#3070=EDGE_CURVE('',#2534,#2535,#1158,.T.);
#3071=EDGE_CURVE('',#2535,#2533,#1159,.T.);
#3072=EDGE_CURVE('',#2536,#2534,#1160,.T.);
#3073=EDGE_CURVE('',#2536,#2537,#1161,.T.);
#3074=EDGE_CURVE('',#2537,#2535,#1162,.T.);
#3075=EDGE_CURVE('',#2538,#2536,#1163,.T.);
#3076=EDGE_CURVE('',#2538,#2539,#1164,.T.);
#3077=EDGE_CURVE('',#2539,#2537,#1165,.T.);
#3078=EDGE_CURVE('',#2517,#2538,#1166,.T.);
#3079=EDGE_CURVE('',#2519,#2539,#1167,.T.);
#3080=EDGE_CURVE('',#2540,#2540,#2268,.T.);
#3081=EDGE_CURVE('',#2540,#2541,#2269,.T.);
#3082=EDGE_CURVE('',#2541,#2542,#2270,.T.);
#3083=EDGE_CURVE('',#2542,#2541,#2271,.T.);
#3084=EDGE_CURVE('',#2542,#2515,#1168,.T.);
#3085=EDGE_CURVE('',#2507,#2543,#1169,.T.);
#3086=EDGE_CURVE('',#2429,#2543,#2272,.T.);
#3087=EDGE_CURVE('',#2543,#2505,#1170,.T.);
#3088=EDGE_CURVE('',#2544,#2545,#2273,.T.);
#3089=EDGE_CURVE('',#2545,#2546,#1171,.T.);
#3090=EDGE_CURVE('',#2546,#2547,#2274,.T.);
#3091=EDGE_CURVE('',#2547,#2544,#1172,.T.);
#3092=EDGE_CURVE('',#2548,#2546,#1173,.T.);
#3093=EDGE_CURVE('',#2549,#2548,#2275,.T.);
#3094=EDGE_CURVE('',#2550,#2549,#1174,.T.);
#3095=EDGE_CURVE('',#2551,#2550,#1175,.T.);
#3096=EDGE_CURVE('',#2551,#2547,#1176,.T.);
#3097=EDGE_CURVE('',#2545,#2552,#1177,.T.);
#3098=EDGE_CURVE('',#2548,#2552,#1178,.T.);
#3099=EDGE_CURVE('',#2552,#2553,#2276,.T.);
#3100=EDGE_CURVE('',#2553,#2549,#1179,.T.);
#3101=EDGE_CURVE('',#2554,#2553,#1180,.T.);
#3102=EDGE_CURVE('',#2550,#2554,#1181,.T.);
#3103=EDGE_CURVE('',#2555,#2544,#1182,.T.);
#3104=EDGE_CURVE('',#2554,#2555,#1183,.T.);
#3105=EDGE_CURVE('',#2555,#2551,#1184,.T.);
#3106=EDGE_CURVE('',#2488,#2556,#2277,.F.);
#3107=EDGE_CURVE('',#2557,#2488,#2278,.F.);
#3108=EDGE_CURVE('',#2556,#2557,#2279,.F.);
#3109=EDGE_CURVE('',#2487,#2558,#2280,.T.);
#3110=EDGE_CURVE('',#2558,#2557,#1185,.T.);
#3111=EDGE_CURVE('',#2487,#2559,#2281,.T.);
#3112=EDGE_CURVE('',#2559,#2558,#2282,.T.);
#3113=EDGE_CURVE('',#2560,#2561,#2283,.T.);
#3114=EDGE_CURVE('',#2561,#2556,#1186,.T.);
#3115=EDGE_CURVE('',#2557,#2560,#1187,.T.);
#3116=EDGE_CURVE('',#2556,#2562,#1188,.T.);
#3117=EDGE_CURVE('',#2562,#2489,#76,.T.);
#3118=EDGE_CURVE('',#2490,#2563,#77,.T.);
#3119=EDGE_CURVE('',#2563,#2506,#1189,.T.);
#3120=EDGE_CURVE('',#2506,#2564,#1190,.T.);
#3121=EDGE_CURVE('',#2564,#2543,#2284,.T.);
#3122=EDGE_CURVE('',#2562,#2563,#1191,.T.);
#3123=EDGE_CURVE('',#2565,#2561,#1192,.T.);
#3124=EDGE_CURVE('',#2561,#2432,#2285,.T.);
#3125=EDGE_CURVE('',#2431,#2565,#78,.T.);
#3126=EDGE_CURVE('',#2429,#2564,#2286,.T.);
#3127=EDGE_CURVE('',#2564,#2566,#1193,.T.);
#3128=EDGE_CURVE('',#2566,#2430,#79,.T.);
#3129=EDGE_CURVE('',#2566,#2565,#1194,.T.);
#3130=EDGE_CURVE('',#2560,#2432,#2287,.T.);
#3131=EDGE_CURVE('',#2563,#2566,#1195,.T.);
#3132=EDGE_CURVE('',#2565,#2562,#1196,.T.);
#3133=EDGE_CURVE('',#2567,#2567,#2288,.T.);
#3134=EDGE_CURVE('',#2568,#2569,#1197,.T.);
#3135=EDGE_CURVE('',#2568,#2570,#1198,.T.);
#3136=EDGE_CURVE('',#2570,#2571,#1199,.T.);
#3137=EDGE_CURVE('',#2569,#2571,#1200,.T.);
#3138=EDGE_CURVE('',#2572,#2568,#1201,.T.);
#3139=EDGE_CURVE('',#2572,#2573,#1202,.T.);
#3140=EDGE_CURVE('',#2573,#2570,#1203,.T.);
#3141=EDGE_CURVE('',#2574,#2572,#1204,.T.);
#3142=EDGE_CURVE('',#2574,#2575,#1205,.T.);
#3143=EDGE_CURVE('',#2575,#2573,#1206,.T.);
#3144=EDGE_CURVE('',#2576,#2574,#1207,.T.);
#3145=EDGE_CURVE('',#2576,#2577,#1208,.T.);
#3146=EDGE_CURVE('',#2577,#2575,#1209,.T.);
#3147=EDGE_CURVE('',#2578,#2576,#1210,.T.);
#3148=EDGE_CURVE('',#2578,#2579,#1211,.T.);
#3149=EDGE_CURVE('',#2579,#2577,#1212,.T.);
#3150=EDGE_CURVE('',#2580,#2578,#1213,.T.);
#3151=EDGE_CURVE('',#2580,#2581,#1214,.T.);
#3152=EDGE_CURVE('',#2581,#2579,#1215,.T.);
#3153=EDGE_CURVE('',#2582,#2580,#1216,.T.);
#3154=EDGE_CURVE('',#2582,#2583,#1217,.T.);
#3155=EDGE_CURVE('',#2583,#2581,#1218,.T.);
#3156=EDGE_CURVE('',#2584,#2582,#1219,.T.);
#3157=EDGE_CURVE('',#2584,#2585,#1220,.T.);
#3158=EDGE_CURVE('',#2585,#2583,#1221,.T.);
#3159=EDGE_CURVE('',#2586,#2584,#1222,.T.);
#3160=EDGE_CURVE('',#2586,#2587,#1223,.T.);
#3161=EDGE_CURVE('',#2587,#2585,#1224,.T.);
#3162=EDGE_CURVE('',#2588,#2586,#1225,.T.);
#3163=EDGE_CURVE('',#2588,#2589,#1226,.T.);
#3164=EDGE_CURVE('',#2589,#2587,#1227,.T.);
#3165=EDGE_CURVE('',#2590,#2588,#1228,.T.);
#3166=EDGE_CURVE('',#2590,#2591,#1229,.T.);
#3167=EDGE_CURVE('',#2591,#2589,#1230,.T.);
#3168=EDGE_CURVE('',#2569,#2590,#1231,.T.);
#3169=EDGE_CURVE('',#2571,#2591,#1232,.T.);
#3170=EDGE_CURVE('',#2592,#2592,#2289,.T.);
#3171=EDGE_CURVE('',#2592,#2593,#2290,.T.);
#3172=EDGE_CURVE('',#2593,#2594,#2291,.T.);
#3173=EDGE_CURVE('',#2594,#2593,#2292,.T.);
#3174=EDGE_CURVE('',#2594,#2567,#1233,.T.);
#3175=EDGE_CURVE('',#2560,#2595,#1234,.T.);
#3176=EDGE_CURVE('',#2433,#2595,#2293,.T.);
#3177=EDGE_CURVE('',#2595,#2558,#1235,.T.);
#3178=EDGE_CURVE('',#2596,#2597,#2294,.T.);
#3179=EDGE_CURVE('',#2597,#2598,#1236,.T.);
#3180=EDGE_CURVE('',#2598,#2599,#2295,.T.);
#3181=EDGE_CURVE('',#2599,#2596,#1237,.T.);
#3182=EDGE_CURVE('',#2600,#2598,#1238,.T.);
#3183=EDGE_CURVE('',#2601,#2600,#2296,.T.);
#3184=EDGE_CURVE('',#2602,#2601,#1239,.T.);
#3185=EDGE_CURVE('',#2603,#2602,#1240,.T.);
#3186=EDGE_CURVE('',#2603,#2599,#1241,.T.);
#3187=EDGE_CURVE('',#2597,#2604,#1242,.T.);
#3188=EDGE_CURVE('',#2600,#2604,#1243,.T.);
#3189=EDGE_CURVE('',#2604,#2605,#2297,.T.);
#3190=EDGE_CURVE('',#2605,#2601,#1244,.T.);
#3191=EDGE_CURVE('',#2606,#2605,#1245,.T.);
#3192=EDGE_CURVE('',#2602,#2606,#1246,.T.);
#3193=EDGE_CURVE('',#2607,#2596,#1247,.T.);
#3194=EDGE_CURVE('',#2606,#2607,#1248,.T.);
#3195=EDGE_CURVE('',#2607,#2603,#1249,.T.);
#3196=EDGE_CURVE('',#2484,#2608,#2298,.F.);
#3197=EDGE_CURVE('',#2609,#2484,#2299,.F.);
#3198=EDGE_CURVE('',#2608,#2609,#2300,.F.);
#3199=EDGE_CURVE('',#2483,#2610,#2301,.T.);
#3200=EDGE_CURVE('',#2610,#2609,#1250,.T.);
#3201=EDGE_CURVE('',#2483,#2611,#2302,.T.);
#3202=EDGE_CURVE('',#2611,#2610,#2303,.T.);
#3203=EDGE_CURVE('',#2612,#2613,#2304,.T.);
#3204=EDGE_CURVE('',#2613,#2608,#1251,.T.);
#3205=EDGE_CURVE('',#2609,#2612,#1252,.T.);
#3206=EDGE_CURVE('',#2608,#2614,#1253,.T.);
#3207=EDGE_CURVE('',#2614,#2485,#80,.T.);
#3208=EDGE_CURVE('',#2486,#2615,#81,.T.);
#3209=EDGE_CURVE('',#2615,#2559,#1254,.T.);
#3210=EDGE_CURVE('',#2559,#2616,#1255,.T.);
#3211=EDGE_CURVE('',#2616,#2595,#2305,.T.);
#3212=EDGE_CURVE('',#2614,#2615,#1256,.T.);
#3213=EDGE_CURVE('',#2617,#2613,#1257,.T.);
#3214=EDGE_CURVE('',#2613,#2436,#2306,.T.);
#3215=EDGE_CURVE('',#2435,#2617,#82,.T.);
#3216=EDGE_CURVE('',#2433,#2616,#2307,.T.);
#3217=EDGE_CURVE('',#2616,#2618,#1258,.T.);
#3218=EDGE_CURVE('',#2618,#2434,#83,.T.);
#3219=EDGE_CURVE('',#2618,#2617,#1259,.T.);
#3220=EDGE_CURVE('',#2612,#2436,#2308,.T.);
#3221=EDGE_CURVE('',#2615,#2618,#1260,.T.);
#3222=EDGE_CURVE('',#2617,#2614,#1261,.T.);
#3223=EDGE_CURVE('',#2619,#2619,#2309,.T.);
#3224=EDGE_CURVE('',#2620,#2621,#1262,.T.);
#3225=EDGE_CURVE('',#2620,#2622,#1263,.T.);
#3226=EDGE_CURVE('',#2622,#2623,#1264,.T.);
#3227=EDGE_CURVE('',#2621,#2623,#1265,.T.);
#3228=EDGE_CURVE('',#2624,#2620,#1266,.T.);
#3229=EDGE_CURVE('',#2624,#2625,#1267,.T.);
#3230=EDGE_CURVE('',#2625,#2622,#1268,.T.);
#3231=EDGE_CURVE('',#2626,#2624,#1269,.T.);
#3232=EDGE_CURVE('',#2626,#2627,#1270,.T.);
#3233=EDGE_CURVE('',#2627,#2625,#1271,.T.);
#3234=EDGE_CURVE('',#2628,#2626,#1272,.T.);
#3235=EDGE_CURVE('',#2628,#2629,#1273,.T.);
#3236=EDGE_CURVE('',#2629,#2627,#1274,.T.);
#3237=EDGE_CURVE('',#2630,#2628,#1275,.T.);
#3238=EDGE_CURVE('',#2630,#2631,#1276,.T.);
#3239=EDGE_CURVE('',#2631,#2629,#1277,.T.);
#3240=EDGE_CURVE('',#2632,#2630,#1278,.T.);
#3241=EDGE_CURVE('',#2632,#2633,#1279,.T.);
#3242=EDGE_CURVE('',#2633,#2631,#1280,.T.);
#3243=EDGE_CURVE('',#2634,#2632,#1281,.T.);
#3244=EDGE_CURVE('',#2634,#2635,#1282,.T.);
#3245=EDGE_CURVE('',#2635,#2633,#1283,.T.);
#3246=EDGE_CURVE('',#2636,#2634,#1284,.T.);
#3247=EDGE_CURVE('',#2636,#2637,#1285,.T.);
#3248=EDGE_CURVE('',#2637,#2635,#1286,.T.);
#3249=EDGE_CURVE('',#2638,#2636,#1287,.T.);
#3250=EDGE_CURVE('',#2638,#2639,#1288,.T.);
#3251=EDGE_CURVE('',#2639,#2637,#1289,.T.);
#3252=EDGE_CURVE('',#2640,#2638,#1290,.T.);
#3253=EDGE_CURVE('',#2640,#2641,#1291,.T.);
#3254=EDGE_CURVE('',#2641,#2639,#1292,.T.);
#3255=EDGE_CURVE('',#2642,#2640,#1293,.T.);
#3256=EDGE_CURVE('',#2642,#2643,#1294,.T.);
#3257=EDGE_CURVE('',#2643,#2641,#1295,.T.);
#3258=EDGE_CURVE('',#2621,#2642,#1296,.T.);
#3259=EDGE_CURVE('',#2623,#2643,#1297,.T.);
#3260=EDGE_CURVE('',#2644,#2644,#2310,.T.);
#3261=EDGE_CURVE('',#2644,#2645,#2311,.T.);
#3262=EDGE_CURVE('',#2645,#2646,#2312,.T.);
#3263=EDGE_CURVE('',#2646,#2645,#2313,.T.);
#3264=EDGE_CURVE('',#2646,#2619,#1298,.T.);
#3265=EDGE_CURVE('',#2612,#2647,#1299,.T.);
#3266=EDGE_CURVE('',#2437,#2647,#2314,.T.);
#3267=EDGE_CURVE('',#2647,#2610,#1300,.T.);
#3268=EDGE_CURVE('',#2648,#2649,#2315,.T.);
#3269=EDGE_CURVE('',#2649,#2650,#1301,.T.);
#3270=EDGE_CURVE('',#2650,#2651,#2316,.T.);
#3271=EDGE_CURVE('',#2651,#2648,#1302,.T.);
#3272=EDGE_CURVE('',#2652,#2650,#1303,.T.);
#3273=EDGE_CURVE('',#2653,#2652,#2317,.T.);
#3274=EDGE_CURVE('',#2654,#2653,#1304,.T.);
#3275=EDGE_CURVE('',#2655,#2654,#1305,.T.);
#3276=EDGE_CURVE('',#2655,#2651,#1306,.T.);
#3277=EDGE_CURVE('',#2649,#2656,#1307,.T.);
#3278=EDGE_CURVE('',#2652,#2656,#1308,.T.);
#3279=EDGE_CURVE('',#2656,#2657,#2318,.T.);
#3280=EDGE_CURVE('',#2657,#2653,#1309,.T.);
#3281=EDGE_CURVE('',#2658,#2657,#1310,.T.);
#3282=EDGE_CURVE('',#2654,#2658,#1311,.T.);
#3283=EDGE_CURVE('',#2659,#2648,#1312,.T.);
#3284=EDGE_CURVE('',#2658,#2659,#1313,.T.);
#3285=EDGE_CURVE('',#2659,#2655,#1314,.T.);
#3286=EDGE_CURVE('',#2480,#2660,#2319,.F.);
#3287=EDGE_CURVE('',#2661,#2480,#2320,.F.);
#3288=EDGE_CURVE('',#2660,#2661,#2321,.F.);
#3289=EDGE_CURVE('',#2479,#2662,#2322,.T.);
#3290=EDGE_CURVE('',#2662,#2661,#1315,.T.);
#3291=EDGE_CURVE('',#2479,#2663,#2323,.T.);
#3292=EDGE_CURVE('',#2663,#2662,#2324,.T.);
#3293=EDGE_CURVE('',#2664,#2665,#2325,.T.);
#3294=EDGE_CURVE('',#2665,#2660,#1316,.T.);
#3295=EDGE_CURVE('',#2661,#2664,#1317,.T.);
#3296=EDGE_CURVE('',#2660,#2666,#1318,.T.);
#3297=EDGE_CURVE('',#2666,#2481,#84,.T.);
#3298=EDGE_CURVE('',#2482,#2667,#85,.T.);
#3299=EDGE_CURVE('',#2667,#2611,#1319,.T.);
#3300=EDGE_CURVE('',#2611,#2668,#1320,.T.);
#3301=EDGE_CURVE('',#2668,#2647,#2326,.T.);
#3302=EDGE_CURVE('',#2666,#2667,#1321,.T.);
#3303=EDGE_CURVE('',#2669,#2665,#1322,.T.);
#3304=EDGE_CURVE('',#2665,#2440,#2327,.T.);
#3305=EDGE_CURVE('',#2439,#2669,#86,.T.);
#3306=EDGE_CURVE('',#2437,#2668,#2328,.T.);
#3307=EDGE_CURVE('',#2668,#2670,#1323,.T.);
#3308=EDGE_CURVE('',#2670,#2438,#87,.T.);
#3309=EDGE_CURVE('',#2670,#2669,#1324,.T.);
#3310=EDGE_CURVE('',#2664,#2440,#2329,.T.);
#3311=EDGE_CURVE('',#2667,#2670,#1325,.T.);
#3312=EDGE_CURVE('',#2669,#2666,#1326,.T.);
#3313=EDGE_CURVE('',#2671,#2671,#2330,.T.);
#3314=EDGE_CURVE('',#2672,#2673,#1327,.T.);
#3315=EDGE_CURVE('',#2672,#2674,#1328,.T.);
#3316=EDGE_CURVE('',#2674,#2675,#1329,.T.);
#3317=EDGE_CURVE('',#2673,#2675,#1330,.T.);
#3318=EDGE_CURVE('',#2676,#2672,#1331,.T.);
#3319=EDGE_CURVE('',#2676,#2677,#1332,.T.);
#3320=EDGE_CURVE('',#2677,#2674,#1333,.T.);
#3321=EDGE_CURVE('',#2678,#2676,#1334,.T.);
#3322=EDGE_CURVE('',#2678,#2679,#1335,.T.);
#3323=EDGE_CURVE('',#2679,#2677,#1336,.T.);
#3324=EDGE_CURVE('',#2680,#2678,#1337,.T.);
#3325=EDGE_CURVE('',#2680,#2681,#1338,.T.);
#3326=EDGE_CURVE('',#2681,#2679,#1339,.T.);
#3327=EDGE_CURVE('',#2682,#2680,#1340,.T.);
#3328=EDGE_CURVE('',#2682,#2683,#1341,.T.);
#3329=EDGE_CURVE('',#2683,#2681,#1342,.T.);
#3330=EDGE_CURVE('',#2684,#2682,#1343,.T.);
#3331=EDGE_CURVE('',#2684,#2685,#1344,.T.);
#3332=EDGE_CURVE('',#2685,#2683,#1345,.T.);
#3333=EDGE_CURVE('',#2686,#2684,#1346,.T.);
#3334=EDGE_CURVE('',#2686,#2687,#1347,.T.);
#3335=EDGE_CURVE('',#2687,#2685,#1348,.T.);
#3336=EDGE_CURVE('',#2688,#2686,#1349,.T.);
#3337=EDGE_CURVE('',#2688,#2689,#1350,.T.);
#3338=EDGE_CURVE('',#2689,#2687,#1351,.T.);
#3339=EDGE_CURVE('',#2690,#2688,#1352,.T.);
#3340=EDGE_CURVE('',#2690,#2691,#1353,.T.);
#3341=EDGE_CURVE('',#2691,#2689,#1354,.T.);
#3342=EDGE_CURVE('',#2692,#2690,#1355,.T.);
#3343=EDGE_CURVE('',#2692,#2693,#1356,.T.);
#3344=EDGE_CURVE('',#2693,#2691,#1357,.T.);
#3345=EDGE_CURVE('',#2694,#2692,#1358,.T.);
#3346=EDGE_CURVE('',#2694,#2695,#1359,.T.);
#3347=EDGE_CURVE('',#2695,#2693,#1360,.T.);
#3348=EDGE_CURVE('',#2673,#2694,#1361,.T.);
#3349=EDGE_CURVE('',#2675,#2695,#1362,.T.);
#3350=EDGE_CURVE('',#2696,#2696,#2331,.T.);
#3351=EDGE_CURVE('',#2696,#2697,#2332,.T.);
#3352=EDGE_CURVE('',#2697,#2698,#2333,.T.);
#3353=EDGE_CURVE('',#2698,#2697,#2334,.T.);
#3354=EDGE_CURVE('',#2698,#2671,#1363,.T.);
#3355=EDGE_CURVE('',#2664,#2699,#1364,.T.);
#3356=EDGE_CURVE('',#2441,#2699,#2335,.T.);
#3357=EDGE_CURVE('',#2699,#2662,#1365,.T.);
#3358=EDGE_CURVE('',#2700,#2701,#2336,.T.);
#3359=EDGE_CURVE('',#2701,#2702,#1366,.T.);
#3360=EDGE_CURVE('',#2702,#2703,#2337,.T.);
#3361=EDGE_CURVE('',#2703,#2700,#1367,.T.);
#3362=EDGE_CURVE('',#2704,#2702,#1368,.T.);
#3363=EDGE_CURVE('',#2705,#2704,#2338,.T.);
#3364=EDGE_CURVE('',#2706,#2705,#1369,.T.);
#3365=EDGE_CURVE('',#2707,#2706,#1370,.T.);
#3366=EDGE_CURVE('',#2707,#2703,#1371,.T.);
#3367=EDGE_CURVE('',#2701,#2708,#1372,.T.);
#3368=EDGE_CURVE('',#2704,#2708,#1373,.T.);
#3369=EDGE_CURVE('',#2708,#2709,#2339,.T.);
#3370=EDGE_CURVE('',#2709,#2705,#1374,.T.);
#3371=EDGE_CURVE('',#2710,#2709,#1375,.T.);
#3372=EDGE_CURVE('',#2706,#2710,#1376,.T.);
#3373=EDGE_CURVE('',#2711,#2700,#1377,.T.);
#3374=EDGE_CURVE('',#2710,#2711,#1378,.T.);
#3375=EDGE_CURVE('',#2711,#2707,#1379,.T.);
#3376=EDGE_CURVE('',#2476,#2712,#2340,.F.);
#3377=EDGE_CURVE('',#2713,#2476,#2341,.F.);
#3378=EDGE_CURVE('',#2712,#2713,#2342,.F.);
#3379=EDGE_CURVE('',#2475,#2714,#2343,.T.);
#3380=EDGE_CURVE('',#2714,#2713,#1380,.T.);
#3381=EDGE_CURVE('',#2475,#2715,#2344,.T.);
#3382=EDGE_CURVE('',#2715,#2714,#2345,.T.);
#3383=EDGE_CURVE('',#2716,#2717,#2346,.T.);
#3384=EDGE_CURVE('',#2717,#2712,#1381,.T.);
#3385=EDGE_CURVE('',#2713,#2716,#1382,.T.);
#3386=EDGE_CURVE('',#2712,#2718,#1383,.T.);
#3387=EDGE_CURVE('',#2718,#2477,#88,.T.);
#3388=EDGE_CURVE('',#2478,#2719,#89,.T.);
#3389=EDGE_CURVE('',#2719,#2663,#1384,.T.);
#3390=EDGE_CURVE('',#2663,#2720,#1385,.T.);
#3391=EDGE_CURVE('',#2720,#2699,#2347,.T.);
#3392=EDGE_CURVE('',#2718,#2719,#1386,.T.);
#3393=EDGE_CURVE('',#2721,#2717,#1387,.T.);
#3394=EDGE_CURVE('',#2717,#2444,#2348,.T.);
#3395=EDGE_CURVE('',#2443,#2721,#90,.T.);
#3396=EDGE_CURVE('',#2441,#2720,#2349,.T.);
#3397=EDGE_CURVE('',#2720,#2722,#1388,.T.);
#3398=EDGE_CURVE('',#2722,#2442,#91,.T.);
#3399=EDGE_CURVE('',#2722,#2721,#1389,.T.);
#3400=EDGE_CURVE('',#2716,#2444,#2350,.T.);
#3401=EDGE_CURVE('',#2719,#2722,#1390,.T.);
#3402=EDGE_CURVE('',#2721,#2718,#1391,.T.);
#3403=EDGE_CURVE('',#2723,#2723,#2351,.T.);
#3404=EDGE_CURVE('',#2724,#2725,#1392,.T.);
#3405=EDGE_CURVE('',#2724,#2726,#1393,.T.);
#3406=EDGE_CURVE('',#2726,#2727,#1394,.T.);
#3407=EDGE_CURVE('',#2725,#2727,#1395,.T.);
#3408=EDGE_CURVE('',#2728,#2724,#1396,.T.);
#3409=EDGE_CURVE('',#2728,#2729,#1397,.T.);
#3410=EDGE_CURVE('',#2729,#2726,#1398,.T.);
#3411=EDGE_CURVE('',#2730,#2728,#1399,.T.);
#3412=EDGE_CURVE('',#2730,#2731,#1400,.T.);
#3413=EDGE_CURVE('',#2731,#2729,#1401,.T.);
#3414=EDGE_CURVE('',#2732,#2730,#1402,.T.);
#3415=EDGE_CURVE('',#2732,#2733,#1403,.T.);
#3416=EDGE_CURVE('',#2733,#2731,#1404,.T.);
#3417=EDGE_CURVE('',#2734,#2732,#1405,.T.);
#3418=EDGE_CURVE('',#2734,#2735,#1406,.T.);
#3419=EDGE_CURVE('',#2735,#2733,#1407,.T.);
#3420=EDGE_CURVE('',#2736,#2734,#1408,.T.);
#3421=EDGE_CURVE('',#2736,#2737,#1409,.T.);
#3422=EDGE_CURVE('',#2737,#2735,#1410,.T.);
#3423=EDGE_CURVE('',#2738,#2736,#1411,.T.);
#3424=EDGE_CURVE('',#2738,#2739,#1412,.T.);
#3425=EDGE_CURVE('',#2739,#2737,#1413,.T.);
#3426=EDGE_CURVE('',#2740,#2738,#1414,.T.);
#3427=EDGE_CURVE('',#2740,#2741,#1415,.T.);
#3428=EDGE_CURVE('',#2741,#2739,#1416,.T.);
#3429=EDGE_CURVE('',#2742,#2740,#1417,.T.);
#3430=EDGE_CURVE('',#2742,#2743,#1418,.T.);
#3431=EDGE_CURVE('',#2743,#2741,#1419,.T.);
#3432=EDGE_CURVE('',#2744,#2742,#1420,.T.);
#3433=EDGE_CURVE('',#2744,#2745,#1421,.T.);
#3434=EDGE_CURVE('',#2745,#2743,#1422,.T.);
#3435=EDGE_CURVE('',#2746,#2744,#1423,.T.);
#3436=EDGE_CURVE('',#2746,#2747,#1424,.T.);
#3437=EDGE_CURVE('',#2747,#2745,#1425,.T.);
#3438=EDGE_CURVE('',#2725,#2746,#1426,.T.);
#3439=EDGE_CURVE('',#2727,#2747,#1427,.T.);
#3440=EDGE_CURVE('',#2748,#2748,#2352,.T.);
#3441=EDGE_CURVE('',#2748,#2749,#2353,.T.);
#3442=EDGE_CURVE('',#2749,#2750,#2354,.T.);
#3443=EDGE_CURVE('',#2750,#2749,#2355,.T.);
#3444=EDGE_CURVE('',#2750,#2723,#1428,.T.);
#3445=EDGE_CURVE('',#2716,#2751,#1429,.T.);
#3446=EDGE_CURVE('',#2445,#2751,#2356,.T.);
#3447=EDGE_CURVE('',#2751,#2714,#1430,.T.);
#3448=EDGE_CURVE('',#2752,#2753,#2357,.T.);
#3449=EDGE_CURVE('',#2753,#2754,#1431,.T.);
#3450=EDGE_CURVE('',#2754,#2755,#2358,.T.);
#3451=EDGE_CURVE('',#2755,#2752,#1432,.T.);
#3452=EDGE_CURVE('',#2756,#2754,#1433,.T.);
#3453=EDGE_CURVE('',#2757,#2756,#2359,.T.);
#3454=EDGE_CURVE('',#2758,#2757,#1434,.T.);
#3455=EDGE_CURVE('',#2759,#2758,#1435,.T.);
#3456=EDGE_CURVE('',#2759,#2755,#1436,.T.);
#3457=EDGE_CURVE('',#2753,#2760,#1437,.T.);
#3458=EDGE_CURVE('',#2756,#2760,#1438,.T.);
#3459=EDGE_CURVE('',#2760,#2761,#2360,.T.);
#3460=EDGE_CURVE('',#2761,#2757,#1439,.T.);
#3461=EDGE_CURVE('',#2762,#2761,#1440,.T.);
#3462=EDGE_CURVE('',#2758,#2762,#1441,.T.);
#3463=EDGE_CURVE('',#2763,#2752,#1442,.T.);
#3464=EDGE_CURVE('',#2762,#2763,#1443,.T.);
#3465=EDGE_CURVE('',#2763,#2759,#1444,.T.);
#3466=EDGE_CURVE('',#2472,#2764,#2361,.F.);
#3467=EDGE_CURVE('',#2765,#2472,#2362,.F.);
#3468=EDGE_CURVE('',#2764,#2765,#2363,.F.);
#3469=EDGE_CURVE('',#2471,#2766,#2364,.T.);
#3470=EDGE_CURVE('',#2766,#2765,#1445,.T.);
#3471=EDGE_CURVE('',#2471,#2767,#2365,.T.);
#3472=EDGE_CURVE('',#2767,#2766,#2366,.T.);
#3473=EDGE_CURVE('',#2768,#2769,#2367,.T.);
#3474=EDGE_CURVE('',#2769,#2764,#1446,.T.);
#3475=EDGE_CURVE('',#2765,#2768,#1447,.T.);
#3476=EDGE_CURVE('',#2764,#2770,#1448,.T.);
#3477=EDGE_CURVE('',#2770,#2473,#92,.T.);
#3478=EDGE_CURVE('',#2715,#2771,#1449,.T.);
#3479=EDGE_CURVE('',#2771,#2751,#2368,.T.);
#3480=EDGE_CURVE('',#2474,#2772,#93,.T.);
#3481=EDGE_CURVE('',#2772,#2715,#1450,.T.);
#3482=EDGE_CURVE('',#2770,#2772,#1451,.T.);
#3483=EDGE_CURVE('',#2773,#2769,#1452,.T.);
#3484=EDGE_CURVE('',#2769,#2448,#2369,.T.);
#3485=EDGE_CURVE('',#2447,#2773,#94,.T.);
#3486=EDGE_CURVE('',#2445,#2771,#2370,.T.);
#3487=EDGE_CURVE('',#2771,#2774,#1453,.T.);
#3488=EDGE_CURVE('',#2774,#2446,#95,.T.);
#3489=EDGE_CURVE('',#2774,#2773,#1454,.T.);
#3490=EDGE_CURVE('',#2768,#2448,#2371,.T.);
#3491=EDGE_CURVE('',#2772,#2774,#1455,.T.);
#3492=EDGE_CURVE('',#2773,#2770,#1456,.T.);
#3493=EDGE_CURVE('',#2775,#2775,#2372,.T.);
#3494=EDGE_CURVE('',#2776,#2777,#1457,.T.);
#3495=EDGE_CURVE('',#2776,#2778,#1458,.T.);
#3496=EDGE_CURVE('',#2778,#2779,#1459,.T.);
#3497=EDGE_CURVE('',#2777,#2779,#1460,.T.);
#3498=EDGE_CURVE('',#2780,#2776,#1461,.T.);
#3499=EDGE_CURVE('',#2780,#2781,#1462,.T.);
#3500=EDGE_CURVE('',#2781,#2778,#1463,.T.);
#3501=EDGE_CURVE('',#2782,#2780,#1464,.T.);
#3502=EDGE_CURVE('',#2782,#2783,#1465,.T.);
#3503=EDGE_CURVE('',#2783,#2781,#1466,.T.);
#3504=EDGE_CURVE('',#2784,#2782,#1467,.T.);
#3505=EDGE_CURVE('',#2784,#2785,#1468,.T.);
#3506=EDGE_CURVE('',#2785,#2783,#1469,.T.);
#3507=EDGE_CURVE('',#2786,#2784,#1470,.T.);
#3508=EDGE_CURVE('',#2786,#2787,#1471,.T.);
#3509=EDGE_CURVE('',#2787,#2785,#1472,.T.);
#3510=EDGE_CURVE('',#2788,#2786,#1473,.T.);
#3511=EDGE_CURVE('',#2788,#2789,#1474,.T.);
#3512=EDGE_CURVE('',#2789,#2787,#1475,.T.);
#3513=EDGE_CURVE('',#2790,#2788,#1476,.T.);
#3514=EDGE_CURVE('',#2790,#2791,#1477,.T.);
#3515=EDGE_CURVE('',#2791,#2789,#1478,.T.);
#3516=EDGE_CURVE('',#2792,#2790,#1479,.T.);
#3517=EDGE_CURVE('',#2792,#2793,#1480,.T.);
#3518=EDGE_CURVE('',#2793,#2791,#1481,.T.);
#3519=EDGE_CURVE('',#2794,#2792,#1482,.T.);
#3520=EDGE_CURVE('',#2794,#2795,#1483,.T.);
#3521=EDGE_CURVE('',#2795,#2793,#1484,.T.);
#3522=EDGE_CURVE('',#2796,#2794,#1485,.T.);
#3523=EDGE_CURVE('',#2796,#2797,#1486,.T.);
#3524=EDGE_CURVE('',#2797,#2795,#1487,.T.);
#3525=EDGE_CURVE('',#2798,#2796,#1488,.T.);
#3526=EDGE_CURVE('',#2798,#2799,#1489,.T.);
#3527=EDGE_CURVE('',#2799,#2797,#1490,.T.);
#3528=EDGE_CURVE('',#2777,#2798,#1491,.T.);
#3529=EDGE_CURVE('',#2779,#2799,#1492,.T.);
#3530=EDGE_CURVE('',#2800,#2800,#2373,.T.);
#3531=EDGE_CURVE('',#2800,#2801,#2374,.T.);
#3532=EDGE_CURVE('',#2801,#2802,#2375,.T.);
#3533=EDGE_CURVE('',#2802,#2801,#2376,.T.);
#3534=EDGE_CURVE('',#2802,#2775,#1493,.T.);
#3535=EDGE_CURVE('',#2803,#2766,#1494,.T.);
#3536=EDGE_CURVE('',#2768,#2803,#1495,.T.);
#3537=EDGE_CURVE('',#2803,#2449,#2377,.F.);
#3538=EDGE_CURVE('',#2804,#2805,#2378,.T.);
#3539=EDGE_CURVE('',#2805,#2806,#1496,.T.);
#3540=EDGE_CURVE('',#2806,#2807,#2379,.T.);
#3541=EDGE_CURVE('',#2807,#2804,#1497,.T.);
#3542=EDGE_CURVE('',#2808,#2806,#1498,.T.);
#3543=EDGE_CURVE('',#2809,#2808,#2380,.T.);
#3544=EDGE_CURVE('',#2810,#2809,#1499,.T.);
#3545=EDGE_CURVE('',#2811,#2810,#1500,.T.);
#3546=EDGE_CURVE('',#2811,#2807,#1501,.T.);
#3547=EDGE_CURVE('',#2805,#2812,#1502,.T.);
#3548=EDGE_CURVE('',#2808,#2812,#1503,.T.);
#3549=EDGE_CURVE('',#2812,#2813,#2381,.T.);
#3550=EDGE_CURVE('',#2813,#2809,#1504,.T.);
#3551=EDGE_CURVE('',#2814,#2813,#1505,.T.);
#3552=EDGE_CURVE('',#2810,#2814,#1506,.T.);
#3553=EDGE_CURVE('',#2815,#2804,#1507,.T.);
#3554=EDGE_CURVE('',#2814,#2815,#1508,.T.);
#3555=EDGE_CURVE('',#2815,#2811,#1509,.T.);
#3556=EDGE_CURVE('',#2816,#2452,#2382,.F.);
#3557=EDGE_CURVE('',#2817,#2816,#2383,.F.);
#3558=EDGE_CURVE('',#2452,#2817,#2384,.F.);
#3559=EDGE_CURVE('',#2468,#2818,#2385,.F.);
#3560=EDGE_CURVE('',#2819,#2468,#2386,.F.);
#3561=EDGE_CURVE('',#2818,#2819,#2387,.F.);
#3562=EDGE_CURVE('',#2467,#2820,#2388,.T.);
#3563=EDGE_CURVE('',#2820,#2819,#1510,.T.);
#3564=EDGE_CURVE('',#2467,#2821,#2389,.T.);
#3565=EDGE_CURVE('',#2821,#2820,#2390,.T.);
#3566=EDGE_CURVE('',#2819,#2817,#1511,.T.);
#3567=EDGE_CURVE('',#2816,#2818,#1512,.T.);
#3568=EDGE_CURVE('',#2822,#2816,#1513,.T.);
#3569=EDGE_CURVE('',#2451,#2822,#96,.T.);
#3570=EDGE_CURVE('',#2818,#2823,#1514,.T.);
#3571=EDGE_CURVE('',#2823,#2469,#97,.T.);
#3572=EDGE_CURVE('',#2449,#2824,#2391,.F.);
#3573=EDGE_CURVE('',#2824,#2803,#2392,.F.);
#3574=EDGE_CURVE('',#2470,#2825,#98,.T.);
#3575=EDGE_CURVE('',#2825,#2767,#1515,.T.);
#3576=EDGE_CURVE('',#2767,#2824,#1516,.T.);
#3577=EDGE_CURVE('',#2824,#2826,#1517,.T.);
#3578=EDGE_CURVE('',#2826,#2450,#99,.T.);
#3579=EDGE_CURVE('',#2823,#2825,#1518,.T.);
#3580=EDGE_CURVE('',#2826,#2822,#1519,.T.);
#3581=EDGE_CURVE('',#2453,#2827,#2393,.T.);
#3582=EDGE_CURVE('',#2827,#2828,#2394,.T.);
#3583=EDGE_CURVE('',#2828,#2453,#2395,.T.);
#3584=EDGE_CURVE('',#2817,#2827,#1520,.T.);
#3585=EDGE_CURVE('',#2825,#2826,#1521,.T.);
#3586=EDGE_CURVE('',#2822,#2823,#1522,.T.);
#3587=EDGE_CURVE('',#2829,#2829,#2396,.T.);
#3588=EDGE_CURVE('',#2419,#2461,#1523,.T.);
#3589=EDGE_CURVE('',#2828,#2830,#1524,.T.);
#3590=EDGE_CURVE('',#2830,#2454,#100,.T.);
#3591=EDGE_CURVE('',#2831,#2832,#1525,.T.);
#3592=EDGE_CURVE('',#2831,#2833,#1526,.T.);
#3593=EDGE_CURVE('',#2833,#2834,#1527,.T.);
#3594=EDGE_CURVE('',#2832,#2834,#1528,.T.);
#3595=EDGE_CURVE('',#2835,#2831,#1529,.T.);
#3596=EDGE_CURVE('',#2835,#2836,#1530,.T.);
#3597=EDGE_CURVE('',#2836,#2833,#1531,.T.);
#3598=EDGE_CURVE('',#2837,#2835,#1532,.T.);
#3599=EDGE_CURVE('',#2837,#2838,#1533,.T.);
#3600=EDGE_CURVE('',#2838,#2836,#1534,.T.);
#3601=EDGE_CURVE('',#2839,#2837,#1535,.T.);
#3602=EDGE_CURVE('',#2839,#2840,#1536,.T.);
#3603=EDGE_CURVE('',#2840,#2838,#1537,.T.);
#3604=EDGE_CURVE('',#2841,#2839,#1538,.T.);
#3605=EDGE_CURVE('',#2841,#2842,#1539,.T.);
#3606=EDGE_CURVE('',#2842,#2840,#1540,.T.);
#3607=EDGE_CURVE('',#2843,#2841,#1541,.T.);
#3608=EDGE_CURVE('',#2843,#2844,#1542,.T.);
#3609=EDGE_CURVE('',#2844,#2842,#1543,.T.);
#3610=EDGE_CURVE('',#2845,#2843,#1544,.T.);
#3611=EDGE_CURVE('',#2845,#2846,#1545,.T.);
#3612=EDGE_CURVE('',#2846,#2844,#1546,.T.);
#3613=EDGE_CURVE('',#2847,#2845,#1547,.T.);
#3614=EDGE_CURVE('',#2847,#2848,#1548,.T.);
#3615=EDGE_CURVE('',#2848,#2846,#1549,.T.);
#3616=EDGE_CURVE('',#2849,#2847,#1550,.T.);
#3617=EDGE_CURVE('',#2849,#2850,#1551,.T.);
#3618=EDGE_CURVE('',#2850,#2848,#1552,.T.);
#3619=EDGE_CURVE('',#2851,#2849,#1553,.T.);
#3620=EDGE_CURVE('',#2851,#2852,#1554,.T.);
#3621=EDGE_CURVE('',#2852,#2850,#1555,.T.);
#3622=EDGE_CURVE('',#2853,#2851,#1556,.T.);
#3623=EDGE_CURVE('',#2853,#2854,#1557,.T.);
#3624=EDGE_CURVE('',#2854,#2852,#1558,.T.);
#3625=EDGE_CURVE('',#2832,#2853,#1559,.T.);
#3626=EDGE_CURVE('',#2834,#2854,#1560,.T.);
#3627=EDGE_CURVE('',#2855,#2855,#2397,.T.);
#3628=EDGE_CURVE('',#2855,#2856,#2398,.T.);
#3629=EDGE_CURVE('',#2856,#2857,#2399,.T.);
#3630=EDGE_CURVE('',#2857,#2856,#2400,.T.);
#3631=EDGE_CURVE('',#2857,#2829,#1561,.T.);
#3632=EDGE_CURVE('',#2827,#2820,#1562,.T.);
#3633=EDGE_CURVE('',#2858,#2859,#2401,.T.);
#3634=EDGE_CURVE('',#2859,#2860,#1563,.T.);
#3635=EDGE_CURVE('',#2860,#2861,#2402,.T.);
#3636=EDGE_CURVE('',#2861,#2858,#1564,.T.);
#3637=EDGE_CURVE('',#2862,#2860,#1565,.T.);
#3638=EDGE_CURVE('',#2863,#2862,#2403,.T.);
#3639=EDGE_CURVE('',#2864,#2863,#1566,.T.);
#3640=EDGE_CURVE('',#2865,#2864,#1567,.T.);
#3641=EDGE_CURVE('',#2865,#2861,#1568,.T.);
#3642=EDGE_CURVE('',#2859,#2866,#1569,.T.);
#3643=EDGE_CURVE('',#2862,#2866,#1570,.T.);
#3644=EDGE_CURVE('',#2866,#2867,#2404,.T.);
#3645=EDGE_CURVE('',#2867,#2863,#1571,.T.);
#3646=EDGE_CURVE('',#2868,#2867,#1572,.T.);
#3647=EDGE_CURVE('',#2864,#2868,#1573,.T.);
#3648=EDGE_CURVE('',#2869,#2858,#1574,.T.);
#3649=EDGE_CURVE('',#2868,#2869,#1575,.T.);
#3650=EDGE_CURVE('',#2869,#2865,#1576,.T.);
#3651=EDGE_CURVE('',#2870,#2456,#2405,.F.);
#3652=EDGE_CURVE('',#2502,#2870,#2406,.F.);
#3653=EDGE_CURVE('',#2464,#2871,#2407,.F.);
#3654=EDGE_CURVE('',#2871,#2501,#2408,.F.);
#3655=EDGE_CURVE('',#2870,#2871,#1577,.T.);
#3656=EDGE_CURVE('',#2872,#2870,#1578,.T.);
#3657=EDGE_CURVE('',#2455,#2872,#101,.T.);
#3658=EDGE_CURVE('',#2871,#2873,#1579,.T.);
#3659=EDGE_CURVE('',#2873,#2465,#102,.T.);
#3660=EDGE_CURVE('',#2821,#2828,#1580,.T.);
#3661=EDGE_CURVE('',#2466,#2874,#103,.T.);
#3662=EDGE_CURVE('',#2874,#2821,#1581,.T.);
#3663=EDGE_CURVE('',#2873,#2874,#1582,.T.);
#3664=EDGE_CURVE('',#2830,#2872,#1583,.T.);
#3665=EDGE_CURVE('',#2874,#2830,#1584,.T.);
#3666=EDGE_CURVE('',#2872,#2873,#1585,.T.);
#3667=EDGE_CURVE('',#2875,#2875,#2409,.T.);
#3668=EDGE_CURVE('',#2495,#2500,#1586,.T.);
#3669=EDGE_CURVE('',#2876,#2877,#1587,.T.);
#3670=EDGE_CURVE('',#2876,#2878,#1588,.T.);
#3671=EDGE_CURVE('',#2878,#2879,#1589,.T.);
#3672=EDGE_CURVE('',#2877,#2879,#1590,.T.);
#3673=EDGE_CURVE('',#2880,#2876,#1591,.T.);
#3674=EDGE_CURVE('',#2880,#2881,#1592,.T.);
#3675=EDGE_CURVE('',#2881,#2878,#1593,.T.);
#3676=EDGE_CURVE('',#2882,#2880,#1594,.T.);
#3677=EDGE_CURVE('',#2882,#2883,#1595,.T.);
#3678=EDGE_CURVE('',#2883,#2881,#1596,.T.);
#3679=EDGE_CURVE('',#2884,#2882,#1597,.T.);
#3680=EDGE_CURVE('',#2884,#2885,#1598,.T.);
#3681=EDGE_CURVE('',#2885,#2883,#1599,.T.);
#3682=EDGE_CURVE('',#2886,#2884,#1600,.T.);
#3683=EDGE_CURVE('',#2886,#2887,#1601,.T.);
#3684=EDGE_CURVE('',#2887,#2885,#1602,.T.);
#3685=EDGE_CURVE('',#2888,#2886,#1603,.T.);
#3686=EDGE_CURVE('',#2888,#2889,#1604,.T.);
#3687=EDGE_CURVE('',#2889,#2887,#1605,.T.);
#3688=EDGE_CURVE('',#2890,#2888,#1606,.T.);
#3689=EDGE_CURVE('',#2890,#2891,#1607,.T.);
#3690=EDGE_CURVE('',#2891,#2889,#1608,.T.);
#3691=EDGE_CURVE('',#2892,#2890,#1609,.T.);
#3692=EDGE_CURVE('',#2892,#2893,#1610,.T.);
#3693=EDGE_CURVE('',#2893,#2891,#1611,.T.);
#3694=EDGE_CURVE('',#2894,#2892,#1612,.T.);
#3695=EDGE_CURVE('',#2894,#2895,#1613,.T.);
#3696=EDGE_CURVE('',#2895,#2893,#1614,.T.);
#3697=EDGE_CURVE('',#2896,#2894,#1615,.T.);
#3698=EDGE_CURVE('',#2896,#2897,#1616,.T.);
#3699=EDGE_CURVE('',#2897,#2895,#1617,.T.);
#3700=EDGE_CURVE('',#2898,#2896,#1618,.T.);
#3701=EDGE_CURVE('',#2898,#2899,#1619,.T.);
#3702=EDGE_CURVE('',#2899,#2897,#1620,.T.);
#3703=EDGE_CURVE('',#2877,#2898,#1621,.T.);
#3704=EDGE_CURVE('',#2879,#2899,#1622,.T.);
#3705=EDGE_CURVE('',#2900,#2900,#2410,.T.);
#3706=EDGE_CURVE('',#2900,#2901,#2411,.T.);
#3707=EDGE_CURVE('',#2901,#2902,#2412,.T.);
#3708=EDGE_CURVE('',#2902,#2901,#2413,.T.);
#3709=EDGE_CURVE('',#2902,#2875,#1623,.T.);
#3710=EDGE_CURVE('',#2903,#2904,#2414,.T.);
#3711=EDGE_CURVE('',#2904,#2905,#1624,.T.);
#3712=EDGE_CURVE('',#2905,#2906,#2415,.T.);
#3713=EDGE_CURVE('',#2906,#2903,#1625,.T.);
#3714=EDGE_CURVE('',#2907,#2905,#1626,.T.);
#3715=EDGE_CURVE('',#2908,#2907,#2416,.T.);
#3716=EDGE_CURVE('',#2909,#2908,#1627,.T.);
#3717=EDGE_CURVE('',#2910,#2909,#1628,.T.);
#3718=EDGE_CURVE('',#2910,#2906,#1629,.T.);
#3719=EDGE_CURVE('',#2904,#2911,#1630,.T.);
#3720=EDGE_CURVE('',#2907,#2911,#1631,.T.);
#3721=EDGE_CURVE('',#2911,#2912,#2417,.T.);
#3722=EDGE_CURVE('',#2912,#2908,#1632,.T.);
#3723=EDGE_CURVE('',#2913,#2912,#1633,.T.);
#3724=EDGE_CURVE('',#2909,#2913,#1634,.T.);
#3725=EDGE_CURVE('',#2914,#2903,#1635,.T.);
#3726=EDGE_CURVE('',#2913,#2914,#1636,.T.);
#3727=EDGE_CURVE('',#2914,#2910,#1637,.T.);
#3728=ORIENTED_EDGE('',*,*,#2915,.T.);
#3729=ORIENTED_EDGE('',*,*,#2916,.T.);
#3730=ORIENTED_EDGE('',*,*,#2917,.T.);
#3731=ORIENTED_EDGE('',*,*,#2918,.T.);
#3732=ORIENTED_EDGE('',*,*,#2919,.T.);
#3733=ORIENTED_EDGE('',*,*,#2920,.T.);
#3734=ORIENTED_EDGE('',*,*,#2921,.T.);
#3735=ORIENTED_EDGE('',*,*,#2922,.T.);
#3736=ORIENTED_EDGE('',*,*,#2921,.F.);
#3737=ORIENTED_EDGE('',*,*,#2923,.T.);
#3738=ORIENTED_EDGE('',*,*,#2917,.F.);
#3739=ORIENTED_EDGE('',*,*,#2918,.F.);
#3740=ORIENTED_EDGE('',*,*,#2924,.F.);
#3741=ORIENTED_EDGE('',*,*,#2925,.F.);
#3742=ORIENTED_EDGE('',*,*,#2926,.F.);
#3743=ORIENTED_EDGE('',*,*,#2927,.F.);
#3744=ORIENTED_EDGE('',*,*,#2928,.F.);
#3745=ORIENTED_EDGE('',*,*,#2929,.F.);
#3746=ORIENTED_EDGE('',*,*,#2930,.F.);
#3747=ORIENTED_EDGE('',*,*,#2931,.F.);
#3748=ORIENTED_EDGE('',*,*,#2932,.F.);
#3749=ORIENTED_EDGE('',*,*,#2933,.F.);
#3750=ORIENTED_EDGE('',*,*,#2934,.F.);
#3751=ORIENTED_EDGE('',*,*,#2935,.F.);
#3752=ORIENTED_EDGE('',*,*,#2936,.F.);
#3753=ORIENTED_EDGE('',*,*,#2937,.F.);
#3754=ORIENTED_EDGE('',*,*,#2938,.F.);
#3755=ORIENTED_EDGE('',*,*,#2939,.F.);
#3756=ORIENTED_EDGE('',*,*,#2940,.F.);
#3757=ORIENTED_EDGE('',*,*,#2941,.F.);
#3758=ORIENTED_EDGE('',*,*,#2942,.F.);
#3759=ORIENTED_EDGE('',*,*,#2943,.F.);
#3760=ORIENTED_EDGE('',*,*,#2944,.F.);
#3761=ORIENTED_EDGE('',*,*,#2945,.F.);
#3762=ORIENTED_EDGE('',*,*,#2946,.F.);
#3763=ORIENTED_EDGE('',*,*,#2947,.F.);
#3764=ORIENTED_EDGE('',*,*,#2948,.F.);
#3765=ORIENTED_EDGE('',*,*,#2949,.F.);
#3766=ORIENTED_EDGE('',*,*,#2950,.F.);
#3767=ORIENTED_EDGE('',*,*,#2951,.F.);
#3768=ORIENTED_EDGE('',*,*,#2952,.F.);
#3769=ORIENTED_EDGE('',*,*,#2953,.F.);
#3770=ORIENTED_EDGE('',*,*,#2954,.F.);
#3771=ORIENTED_EDGE('',*,*,#2955,.F.);
#3772=ORIENTED_EDGE('',*,*,#2956,.F.);
#3773=ORIENTED_EDGE('',*,*,#2957,.F.);
#3774=ORIENTED_EDGE('',*,*,#2958,.T.);
#3775=ORIENTED_EDGE('',*,*,#2923,.F.);
#3776=ORIENTED_EDGE('',*,*,#2959,.T.);
#3777=ORIENTED_EDGE('',*,*,#2960,.F.);
#3778=ORIENTED_EDGE('',*,*,#2924,.T.);
#3779=ORIENTED_EDGE('',*,*,#2920,.F.);
#3780=ORIENTED_EDGE('',*,*,#2961,.T.);
#3781=ORIENTED_EDGE('',*,*,#2962,.F.);
#3782=ORIENTED_EDGE('',*,*,#2959,.F.);
#3783=ORIENTED_EDGE('',*,*,#2919,.F.);
#3784=ORIENTED_EDGE('',*,*,#2963,.F.);
#3785=ORIENTED_EDGE('',*,*,#2964,.F.);
#3786=ORIENTED_EDGE('',*,*,#2965,.F.);
#3787=ORIENTED_EDGE('',*,*,#2966,.F.);
#3788=ORIENTED_EDGE('',*,*,#2967,.F.);
#3789=ORIENTED_EDGE('',*,*,#2968,.F.);
#3790=ORIENTED_EDGE('',*,*,#2969,.F.);
#3791=ORIENTED_EDGE('',*,*,#2970,.F.);
#3792=ORIENTED_EDGE('',*,*,#2971,.F.);
#3793=ORIENTED_EDGE('',*,*,#2972,.F.);
#3794=ORIENTED_EDGE('',*,*,#2973,.F.);
#3795=ORIENTED_EDGE('',*,*,#2974,.F.);
#3796=ORIENTED_EDGE('',*,*,#2975,.F.);
#3797=ORIENTED_EDGE('',*,*,#2976,.F.);
#3798=ORIENTED_EDGE('',*,*,#2977,.F.);
#3799=ORIENTED_EDGE('',*,*,#2978,.F.);
#3800=ORIENTED_EDGE('',*,*,#2979,.F.);
#3801=ORIENTED_EDGE('',*,*,#2980,.F.);
#3802=ORIENTED_EDGE('',*,*,#2981,.F.);
#3803=ORIENTED_EDGE('',*,*,#2982,.F.);
#3804=ORIENTED_EDGE('',*,*,#2983,.F.);
#3805=ORIENTED_EDGE('',*,*,#2984,.F.);
#3806=ORIENTED_EDGE('',*,*,#2985,.F.);
#3807=ORIENTED_EDGE('',*,*,#2986,.F.);
#3808=ORIENTED_EDGE('',*,*,#2987,.F.);
#3809=ORIENTED_EDGE('',*,*,#2988,.F.);
#3810=ORIENTED_EDGE('',*,*,#2989,.F.);
#3811=ORIENTED_EDGE('',*,*,#2990,.F.);
#3812=ORIENTED_EDGE('',*,*,#2991,.F.);
#3813=ORIENTED_EDGE('',*,*,#2992,.F.);
#3814=ORIENTED_EDGE('',*,*,#2993,.F.);
#3815=ORIENTED_EDGE('',*,*,#2994,.F.);
#3816=ORIENTED_EDGE('',*,*,#2995,.F.);
#3817=ORIENTED_EDGE('',*,*,#2996,.F.);
#3818=ORIENTED_EDGE('',*,*,#2997,.F.);
#3819=ORIENTED_EDGE('',*,*,#2961,.F.);
#3820=ORIENTED_EDGE('',*,*,#2998,.T.);
#3821=ORIENTED_EDGE('',*,*,#2999,.T.);
#3822=ORIENTED_EDGE('',*,*,#3000,.T.);
#3823=ORIENTED_EDGE('',*,*,#2965,.T.);
#3824=ORIENTED_EDGE('',*,*,#3001,.T.);
#3825=ORIENTED_EDGE('',*,*,#3002,.T.);
#3826=ORIENTED_EDGE('',*,*,#3003,.T.);
#3827=ORIENTED_EDGE('',*,*,#3004,.T.);
#3828=ORIENTED_EDGE('',*,*,#3005,.T.);
#3829=ORIENTED_EDGE('',*,*,#2957,.T.);
#3830=ORIENTED_EDGE('',*,*,#3006,.T.);
#3831=ORIENTED_EDGE('',*,*,#3007,.T.);
#3832=ORIENTED_EDGE('',*,*,#3006,.F.);
#3833=ORIENTED_EDGE('',*,*,#3008,.T.);
#3834=ORIENTED_EDGE('',*,*,#3001,.F.);
#3835=ORIENTED_EDGE('',*,*,#3003,.F.);
#3836=ORIENTED_EDGE('',*,*,#3009,.T.);
#3837=ORIENTED_EDGE('',*,*,#3000,.F.);
#3838=ORIENTED_EDGE('',*,*,#3009,.F.);
#3839=ORIENTED_EDGE('',*,*,#3010,.T.);
#3840=ORIENTED_EDGE('',*,*,#3011,.T.);
#3841=ORIENTED_EDGE('',*,*,#2966,.T.);
#3842=ORIENTED_EDGE('',*,*,#3002,.F.);
#3843=ORIENTED_EDGE('',*,*,#3012,.F.);
#3844=ORIENTED_EDGE('',*,*,#3013,.F.);
#3845=ORIENTED_EDGE('',*,*,#3010,.F.);
#3846=ORIENTED_EDGE('',*,*,#3008,.F.);
#3847=ORIENTED_EDGE('',*,*,#2956,.T.);
#3848=ORIENTED_EDGE('',*,*,#3014,.T.);
#3849=ORIENTED_EDGE('',*,*,#3012,.T.);
#3850=ORIENTED_EDGE('',*,*,#3015,.F.);
#3851=ORIENTED_EDGE('',*,*,#3016,.F.);
#3852=ORIENTED_EDGE('',*,*,#3017,.F.);
#3853=ORIENTED_EDGE('',*,*,#3018,.T.);
#3854=ORIENTED_EDGE('',*,*,#3019,.T.);
#3855=ORIENTED_EDGE('',*,*,#3016,.T.);
#3856=ORIENTED_EDGE('',*,*,#2994,.T.);
#3857=ORIENTED_EDGE('',*,*,#3018,.F.);
#3858=ORIENTED_EDGE('',*,*,#3020,.T.);
#3859=ORIENTED_EDGE('',*,*,#3021,.T.);
#3860=ORIENTED_EDGE('',*,*,#3022,.T.);
#3861=ORIENTED_EDGE('',*,*,#3023,.T.);
#3862=ORIENTED_EDGE('',*,*,#3017,.T.);
#3863=ORIENTED_EDGE('',*,*,#3024,.T.);
#3864=ORIENTED_EDGE('',*,*,#2995,.T.);
#3865=ORIENTED_EDGE('',*,*,#3015,.T.);
#3866=ORIENTED_EDGE('',*,*,#3025,.T.);
#3867=ORIENTED_EDGE('',*,*,#3026,.T.);
#3868=ORIENTED_EDGE('',*,*,#3027,.T.);
#3869=ORIENTED_EDGE('',*,*,#3028,.T.);
#3870=ORIENTED_EDGE('',*,*,#2997,.T.);
#3871=ORIENTED_EDGE('',*,*,#3029,.T.);
#3872=ORIENTED_EDGE('',*,*,#3030,.T.);
#3873=ORIENTED_EDGE('',*,*,#3031,.T.);
#3874=ORIENTED_EDGE('',*,*,#2962,.T.);
#3875=ORIENTED_EDGE('',*,*,#3028,.F.);
#3876=ORIENTED_EDGE('',*,*,#3032,.T.);
#3877=ORIENTED_EDGE('',*,*,#3029,.F.);
#3878=ORIENTED_EDGE('',*,*,#2996,.T.);
#3879=ORIENTED_EDGE('',*,*,#3026,.F.);
#3880=ORIENTED_EDGE('',*,*,#3033,.T.);
#3881=ORIENTED_EDGE('',*,*,#3034,.T.);
#3882=ORIENTED_EDGE('',*,*,#2927,.T.);
#3883=ORIENTED_EDGE('',*,*,#3035,.T.);
#3884=ORIENTED_EDGE('',*,*,#2925,.T.);
#3885=ORIENTED_EDGE('',*,*,#3036,.T.);
#3886=ORIENTED_EDGE('',*,*,#3037,.T.);
#3887=ORIENTED_EDGE('',*,*,#3038,.T.);
#3888=ORIENTED_EDGE('',*,*,#2926,.T.);
#3889=ORIENTED_EDGE('',*,*,#3038,.F.);
#3890=ORIENTED_EDGE('',*,*,#3039,.T.);
#3891=ORIENTED_EDGE('',*,*,#3035,.F.);
#3892=ORIENTED_EDGE('',*,*,#3036,.F.);
#3893=ORIENTED_EDGE('',*,*,#2960,.T.);
#3894=ORIENTED_EDGE('',*,*,#3031,.F.);
#3895=ORIENTED_EDGE('',*,*,#3022,.F.);
#3896=ORIENTED_EDGE('',*,*,#3040,.T.);
#3897=ORIENTED_EDGE('',*,*,#3034,.F.);
#3898=ORIENTED_EDGE('',*,*,#3037,.F.);
#3899=ORIENTED_EDGE('',*,*,#3030,.F.);
#3900=ORIENTED_EDGE('',*,*,#3027,.F.);
#3901=ORIENTED_EDGE('',*,*,#3041,.T.);
#3902=ORIENTED_EDGE('',*,*,#3039,.F.);
#3903=ORIENTED_EDGE('',*,*,#3041,.F.);
#3904=ORIENTED_EDGE('',*,*,#3032,.F.);
#3905=ORIENTED_EDGE('',*,*,#3042,.F.);
#3906=ORIENTED_EDGE('',*,*,#3043,.T.);
#3907=ORIENTED_EDGE('',*,*,#3044,.F.);
#3908=ORIENTED_EDGE('',*,*,#3045,.T.);
#3909=ORIENTED_EDGE('',*,*,#3046,.T.);
#3910=ORIENTED_EDGE('',*,*,#3047,.F.);
#3911=ORIENTED_EDGE('',*,*,#3048,.F.);
#3912=ORIENTED_EDGE('',*,*,#3049,.T.);
#3913=ORIENTED_EDGE('',*,*,#3050,.T.);
#3914=ORIENTED_EDGE('',*,*,#3045,.F.);
#3915=ORIENTED_EDGE('',*,*,#3051,.F.);
#3916=ORIENTED_EDGE('',*,*,#3052,.T.);
#3917=ORIENTED_EDGE('',*,*,#3053,.T.);
#3918=ORIENTED_EDGE('',*,*,#3049,.F.);
#3919=ORIENTED_EDGE('',*,*,#3054,.F.);
#3920=ORIENTED_EDGE('',*,*,#3055,.T.);
#3921=ORIENTED_EDGE('',*,*,#3056,.T.);
#3922=ORIENTED_EDGE('',*,*,#3052,.F.);
#3923=ORIENTED_EDGE('',*,*,#3057,.F.);
#3924=ORIENTED_EDGE('',*,*,#3058,.T.);
#3925=ORIENTED_EDGE('',*,*,#3059,.T.);
#3926=ORIENTED_EDGE('',*,*,#3055,.F.);
#3927=ORIENTED_EDGE('',*,*,#3060,.F.);
#3928=ORIENTED_EDGE('',*,*,#3061,.T.);
#3929=ORIENTED_EDGE('',*,*,#3062,.T.);
#3930=ORIENTED_EDGE('',*,*,#3058,.F.);
#3931=ORIENTED_EDGE('',*,*,#3063,.F.);
#3932=ORIENTED_EDGE('',*,*,#3064,.T.);
#3933=ORIENTED_EDGE('',*,*,#3065,.T.);
#3934=ORIENTED_EDGE('',*,*,#3061,.F.);
#3935=ORIENTED_EDGE('',*,*,#3066,.F.);
#3936=ORIENTED_EDGE('',*,*,#3067,.T.);
#3937=ORIENTED_EDGE('',*,*,#3068,.T.);
#3938=ORIENTED_EDGE('',*,*,#3064,.F.);
#3939=ORIENTED_EDGE('',*,*,#3069,.F.);
#3940=ORIENTED_EDGE('',*,*,#3070,.T.);
#3941=ORIENTED_EDGE('',*,*,#3071,.T.);
#3942=ORIENTED_EDGE('',*,*,#3067,.F.);
#3943=ORIENTED_EDGE('',*,*,#3072,.F.);
#3944=ORIENTED_EDGE('',*,*,#3073,.T.);
#3945=ORIENTED_EDGE('',*,*,#3074,.T.);
#3946=ORIENTED_EDGE('',*,*,#3070,.F.);
#3947=ORIENTED_EDGE('',*,*,#3075,.F.);
#3948=ORIENTED_EDGE('',*,*,#3076,.T.);
#3949=ORIENTED_EDGE('',*,*,#3077,.T.);
#3950=ORIENTED_EDGE('',*,*,#3073,.F.);
#3951=ORIENTED_EDGE('',*,*,#3078,.F.);
#3952=ORIENTED_EDGE('',*,*,#3047,.T.);
#3953=ORIENTED_EDGE('',*,*,#3079,.T.);
#3954=ORIENTED_EDGE('',*,*,#3076,.F.);
#3955=ORIENTED_EDGE('',*,*,#3079,.F.);
#3956=ORIENTED_EDGE('',*,*,#3046,.F.);
#3957=ORIENTED_EDGE('',*,*,#3050,.F.);
#3958=ORIENTED_EDGE('',*,*,#3053,.F.);
#3959=ORIENTED_EDGE('',*,*,#3056,.F.);
#3960=ORIENTED_EDGE('',*,*,#3059,.F.);
#3961=ORIENTED_EDGE('',*,*,#3062,.F.);
#3962=ORIENTED_EDGE('',*,*,#3065,.F.);
#3963=ORIENTED_EDGE('',*,*,#3068,.F.);
#3964=ORIENTED_EDGE('',*,*,#3071,.F.);
#3965=ORIENTED_EDGE('',*,*,#3074,.F.);
#3966=ORIENTED_EDGE('',*,*,#3077,.F.);
#3967=ORIENTED_EDGE('',*,*,#3080,.T.);
#3968=ORIENTED_EDGE('',*,*,#3081,.T.);
#3969=ORIENTED_EDGE('',*,*,#3082,.T.);
#3970=ORIENTED_EDGE('',*,*,#3083,.T.);
#3971=ORIENTED_EDGE('',*,*,#3081,.F.);
#3972=ORIENTED_EDGE('',*,*,#3083,.F.);
#3973=ORIENTED_EDGE('',*,*,#3084,.T.);
#3974=ORIENTED_EDGE('',*,*,#3043,.F.);
#3975=ORIENTED_EDGE('',*,*,#3084,.F.);
#3976=ORIENTED_EDGE('',*,*,#3082,.F.);
#3977=ORIENTED_EDGE('',*,*,#3080,.F.);
#3978=ORIENTED_EDGE('',*,*,#3044,.T.);
#3979=ORIENTED_EDGE('',*,*,#3078,.T.);
#3980=ORIENTED_EDGE('',*,*,#3075,.T.);
#3981=ORIENTED_EDGE('',*,*,#3072,.T.);
#3982=ORIENTED_EDGE('',*,*,#3069,.T.);
#3983=ORIENTED_EDGE('',*,*,#3066,.T.);
#3984=ORIENTED_EDGE('',*,*,#3063,.T.);
#3985=ORIENTED_EDGE('',*,*,#3060,.T.);
#3986=ORIENTED_EDGE('',*,*,#3057,.T.);
#3987=ORIENTED_EDGE('',*,*,#3054,.T.);
#3988=ORIENTED_EDGE('',*,*,#3051,.T.);
#3989=ORIENTED_EDGE('',*,*,#3048,.T.);
#3990=ORIENTED_EDGE('',*,*,#3033,.F.);
#3991=ORIENTED_EDGE('',*,*,#3042,.T.);
#3992=ORIENTED_EDGE('',*,*,#3025,.F.);
#3993=ORIENTED_EDGE('',*,*,#3023,.F.);
#3994=ORIENTED_EDGE('',*,*,#3040,.F.);
#3995=ORIENTED_EDGE('',*,*,#3085,.T.);
#3996=ORIENTED_EDGE('',*,*,#3086,.F.);
#3997=ORIENTED_EDGE('',*,*,#2928,.T.);
#3998=ORIENTED_EDGE('',*,*,#3019,.F.);
#3999=ORIENTED_EDGE('',*,*,#3087,.F.);
#4000=ORIENTED_EDGE('',*,*,#3085,.F.);
#4001=ORIENTED_EDGE('',*,*,#3024,.F.);
#4002=ORIENTED_EDGE('',*,*,#3088,.T.);
#4003=ORIENTED_EDGE('',*,*,#3089,.T.);
#4004=ORIENTED_EDGE('',*,*,#3090,.T.);
#4005=ORIENTED_EDGE('',*,*,#3091,.T.);
#4006=ORIENTED_EDGE('',*,*,#3090,.F.);
#4007=ORIENTED_EDGE('',*,*,#3092,.F.);
#4008=ORIENTED_EDGE('',*,*,#3093,.F.);
#4009=ORIENTED_EDGE('',*,*,#3094,.F.);
#4010=ORIENTED_EDGE('',*,*,#3095,.F.);
#4011=ORIENTED_EDGE('',*,*,#3096,.T.);
#4012=ORIENTED_EDGE('',*,*,#3089,.F.);
#4013=ORIENTED_EDGE('',*,*,#3097,.T.);
#4014=ORIENTED_EDGE('',*,*,#3098,.F.);
#4015=ORIENTED_EDGE('',*,*,#3092,.T.);
#4016=ORIENTED_EDGE('',*,*,#3093,.T.);
#4017=ORIENTED_EDGE('',*,*,#3098,.T.);
#4018=ORIENTED_EDGE('',*,*,#3099,.T.);
#4019=ORIENTED_EDGE('',*,*,#3100,.T.);
#4020=ORIENTED_EDGE('',*,*,#3100,.F.);
#4021=ORIENTED_EDGE('',*,*,#3101,.F.);
#4022=ORIENTED_EDGE('',*,*,#3102,.F.);
#4023=ORIENTED_EDGE('',*,*,#3094,.T.);
#4024=ORIENTED_EDGE('',*,*,#3088,.F.);
#4025=ORIENTED_EDGE('',*,*,#3103,.F.);
#4026=ORIENTED_EDGE('',*,*,#3104,.F.);
#4027=ORIENTED_EDGE('',*,*,#3101,.T.);
#4028=ORIENTED_EDGE('',*,*,#3099,.F.);
#4029=ORIENTED_EDGE('',*,*,#3097,.F.);
#4030=ORIENTED_EDGE('',*,*,#3091,.F.);
#4031=ORIENTED_EDGE('',*,*,#3096,.F.);
#4032=ORIENTED_EDGE('',*,*,#3105,.F.);
#4033=ORIENTED_EDGE('',*,*,#3103,.T.);
#4034=ORIENTED_EDGE('',*,*,#3106,.F.);
#4035=ORIENTED_EDGE('',*,*,#3107,.F.);
#4036=ORIENTED_EDGE('',*,*,#3108,.F.);
#4037=ORIENTED_EDGE('',*,*,#3109,.T.);
#4038=ORIENTED_EDGE('',*,*,#3110,.T.);
#4039=ORIENTED_EDGE('',*,*,#3107,.T.);
#4040=ORIENTED_EDGE('',*,*,#2990,.T.);
#4041=ORIENTED_EDGE('',*,*,#3109,.F.);
#4042=ORIENTED_EDGE('',*,*,#3111,.T.);
#4043=ORIENTED_EDGE('',*,*,#3112,.T.);
#4044=ORIENTED_EDGE('',*,*,#3113,.T.);
#4045=ORIENTED_EDGE('',*,*,#3114,.T.);
#4046=ORIENTED_EDGE('',*,*,#3108,.T.);
#4047=ORIENTED_EDGE('',*,*,#3115,.T.);
#4048=ORIENTED_EDGE('',*,*,#2991,.T.);
#4049=ORIENTED_EDGE('',*,*,#3106,.T.);
#4050=ORIENTED_EDGE('',*,*,#3116,.T.);
#4051=ORIENTED_EDGE('',*,*,#3117,.T.);
#4052=ORIENTED_EDGE('',*,*,#3020,.F.);
#4053=ORIENTED_EDGE('',*,*,#2993,.T.);
#4054=ORIENTED_EDGE('',*,*,#3118,.T.);
#4055=ORIENTED_EDGE('',*,*,#3119,.T.);
#4056=ORIENTED_EDGE('',*,*,#3021,.F.);
#4057=ORIENTED_EDGE('',*,*,#3120,.T.);
#4058=ORIENTED_EDGE('',*,*,#3121,.T.);
#4059=ORIENTED_EDGE('',*,*,#3087,.T.);
#4060=ORIENTED_EDGE('',*,*,#3122,.T.);
#4061=ORIENTED_EDGE('',*,*,#3118,.F.);
#4062=ORIENTED_EDGE('',*,*,#2992,.T.);
#4063=ORIENTED_EDGE('',*,*,#3117,.F.);
#4064=ORIENTED_EDGE('',*,*,#3123,.T.);
#4065=ORIENTED_EDGE('',*,*,#3124,.T.);
#4066=ORIENTED_EDGE('',*,*,#2931,.T.);
#4067=ORIENTED_EDGE('',*,*,#3125,.T.);
#4068=ORIENTED_EDGE('',*,*,#2929,.T.);
#4069=ORIENTED_EDGE('',*,*,#3126,.T.);
#4070=ORIENTED_EDGE('',*,*,#3127,.T.);
#4071=ORIENTED_EDGE('',*,*,#3128,.T.);
#4072=ORIENTED_EDGE('',*,*,#2930,.T.);
#4073=ORIENTED_EDGE('',*,*,#3128,.F.);
#4074=ORIENTED_EDGE('',*,*,#3129,.T.);
#4075=ORIENTED_EDGE('',*,*,#3125,.F.);
#4076=ORIENTED_EDGE('',*,*,#3126,.F.);
#4077=ORIENTED_EDGE('',*,*,#3086,.T.);
#4078=ORIENTED_EDGE('',*,*,#3121,.F.);
#4079=ORIENTED_EDGE('',*,*,#3113,.F.);
#4080=ORIENTED_EDGE('',*,*,#3130,.T.);
#4081=ORIENTED_EDGE('',*,*,#3124,.F.);
#4082=ORIENTED_EDGE('',*,*,#3127,.F.);
#4083=ORIENTED_EDGE('',*,*,#3120,.F.);
#4084=ORIENTED_EDGE('',*,*,#3119,.F.);
#4085=ORIENTED_EDGE('',*,*,#3131,.T.);
#4086=ORIENTED_EDGE('',*,*,#3129,.F.);
#4087=ORIENTED_EDGE('',*,*,#3131,.F.);
#4088=ORIENTED_EDGE('',*,*,#3122,.F.);
#4089=ORIENTED_EDGE('',*,*,#3132,.F.);
#4090=ORIENTED_EDGE('',*,*,#3133,.T.);
#4091=ORIENTED_EDGE('',*,*,#3134,.F.);
#4092=ORIENTED_EDGE('',*,*,#3135,.T.);
#4093=ORIENTED_EDGE('',*,*,#3136,.T.);
#4094=ORIENTED_EDGE('',*,*,#3137,.F.);
#4095=ORIENTED_EDGE('',*,*,#3138,.F.);
#4096=ORIENTED_EDGE('',*,*,#3139,.T.);
#4097=ORIENTED_EDGE('',*,*,#3140,.T.);
#4098=ORIENTED_EDGE('',*,*,#3135,.F.);
#4099=ORIENTED_EDGE('',*,*,#3141,.F.);
#4100=ORIENTED_EDGE('',*,*,#3142,.T.);
#4101=ORIENTED_EDGE('',*,*,#3143,.T.);
#4102=ORIENTED_EDGE('',*,*,#3139,.F.);
#4103=ORIENTED_EDGE('',*,*,#3144,.F.);
#4104=ORIENTED_EDGE('',*,*,#3145,.T.);
#4105=ORIENTED_EDGE('',*,*,#3146,.T.);
#4106=ORIENTED_EDGE('',*,*,#3142,.F.);
#4107=ORIENTED_EDGE('',*,*,#3147,.F.);
#4108=ORIENTED_EDGE('',*,*,#3148,.T.);
#4109=ORIENTED_EDGE('',*,*,#3149,.T.);
#4110=ORIENTED_EDGE('',*,*,#3145,.F.);
#4111=ORIENTED_EDGE('',*,*,#3150,.F.);
#4112=ORIENTED_EDGE('',*,*,#3151,.T.);
#4113=ORIENTED_EDGE('',*,*,#3152,.T.);
#4114=ORIENTED_EDGE('',*,*,#3148,.F.);
#4115=ORIENTED_EDGE('',*,*,#3153,.F.);
#4116=ORIENTED_EDGE('',*,*,#3154,.T.);
#4117=ORIENTED_EDGE('',*,*,#3155,.T.);
#4118=ORIENTED_EDGE('',*,*,#3151,.F.);
#4119=ORIENTED_EDGE('',*,*,#3156,.F.);
#4120=ORIENTED_EDGE('',*,*,#3157,.T.);
#4121=ORIENTED_EDGE('',*,*,#3158,.T.);
#4122=ORIENTED_EDGE('',*,*,#3154,.F.);
#4123=ORIENTED_EDGE('',*,*,#3159,.F.);
#4124=ORIENTED_EDGE('',*,*,#3160,.T.);
#4125=ORIENTED_EDGE('',*,*,#3161,.T.);
#4126=ORIENTED_EDGE('',*,*,#3157,.F.);
#4127=ORIENTED_EDGE('',*,*,#3162,.F.);
#4128=ORIENTED_EDGE('',*,*,#3163,.T.);
#4129=ORIENTED_EDGE('',*,*,#3164,.T.);
#4130=ORIENTED_EDGE('',*,*,#3160,.F.);
#4131=ORIENTED_EDGE('',*,*,#3165,.F.);
#4132=ORIENTED_EDGE('',*,*,#3166,.T.);
#4133=ORIENTED_EDGE('',*,*,#3167,.T.);
#4134=ORIENTED_EDGE('',*,*,#3163,.F.);
#4135=ORIENTED_EDGE('',*,*,#3168,.F.);
#4136=ORIENTED_EDGE('',*,*,#3137,.T.);
#4137=ORIENTED_EDGE('',*,*,#3169,.T.);
#4138=ORIENTED_EDGE('',*,*,#3166,.F.);
#4139=ORIENTED_EDGE('',*,*,#3169,.F.);
#4140=ORIENTED_EDGE('',*,*,#3136,.F.);
#4141=ORIENTED_EDGE('',*,*,#3140,.F.);
#4142=ORIENTED_EDGE('',*,*,#3143,.F.);
#4143=ORIENTED_EDGE('',*,*,#3146,.F.);
#4144=ORIENTED_EDGE('',*,*,#3149,.F.);
#4145=ORIENTED_EDGE('',*,*,#3152,.F.);
#4146=ORIENTED_EDGE('',*,*,#3155,.F.);
#4147=ORIENTED_EDGE('',*,*,#3158,.F.);
#4148=ORIENTED_EDGE('',*,*,#3161,.F.);
#4149=ORIENTED_EDGE('',*,*,#3164,.F.);
#4150=ORIENTED_EDGE('',*,*,#3167,.F.);
#4151=ORIENTED_EDGE('',*,*,#3170,.T.);
#4152=ORIENTED_EDGE('',*,*,#3171,.T.);
#4153=ORIENTED_EDGE('',*,*,#3172,.T.);
#4154=ORIENTED_EDGE('',*,*,#3173,.T.);
#4155=ORIENTED_EDGE('',*,*,#3171,.F.);
#4156=ORIENTED_EDGE('',*,*,#3173,.F.);
#4157=ORIENTED_EDGE('',*,*,#3174,.T.);
#4158=ORIENTED_EDGE('',*,*,#3133,.F.);
#4159=ORIENTED_EDGE('',*,*,#3174,.F.);
#4160=ORIENTED_EDGE('',*,*,#3172,.F.);
#4161=ORIENTED_EDGE('',*,*,#3170,.F.);
#4162=ORIENTED_EDGE('',*,*,#3134,.T.);
#4163=ORIENTED_EDGE('',*,*,#3168,.T.);
#4164=ORIENTED_EDGE('',*,*,#3165,.T.);
#4165=ORIENTED_EDGE('',*,*,#3162,.T.);
#4166=ORIENTED_EDGE('',*,*,#3159,.T.);
#4167=ORIENTED_EDGE('',*,*,#3156,.T.);
#4168=ORIENTED_EDGE('',*,*,#3153,.T.);
#4169=ORIENTED_EDGE('',*,*,#3150,.T.);
#4170=ORIENTED_EDGE('',*,*,#3147,.T.);
#4171=ORIENTED_EDGE('',*,*,#3144,.T.);
#4172=ORIENTED_EDGE('',*,*,#3141,.T.);
#4173=ORIENTED_EDGE('',*,*,#3138,.T.);
#4174=ORIENTED_EDGE('',*,*,#3123,.F.);
#4175=ORIENTED_EDGE('',*,*,#3132,.T.);
#4176=ORIENTED_EDGE('',*,*,#3116,.F.);
#4177=ORIENTED_EDGE('',*,*,#3114,.F.);
#4178=ORIENTED_EDGE('',*,*,#3130,.F.);
#4179=ORIENTED_EDGE('',*,*,#3175,.T.);
#4180=ORIENTED_EDGE('',*,*,#3176,.F.);
#4181=ORIENTED_EDGE('',*,*,#2932,.T.);
#4182=ORIENTED_EDGE('',*,*,#3110,.F.);
#4183=ORIENTED_EDGE('',*,*,#3177,.F.);
#4184=ORIENTED_EDGE('',*,*,#3175,.F.);
#4185=ORIENTED_EDGE('',*,*,#3115,.F.);
#4186=ORIENTED_EDGE('',*,*,#3178,.T.);
#4187=ORIENTED_EDGE('',*,*,#3179,.T.);
#4188=ORIENTED_EDGE('',*,*,#3180,.T.);
#4189=ORIENTED_EDGE('',*,*,#3181,.T.);
#4190=ORIENTED_EDGE('',*,*,#3180,.F.);
#4191=ORIENTED_EDGE('',*,*,#3182,.F.);
#4192=ORIENTED_EDGE('',*,*,#3183,.F.);
#4193=ORIENTED_EDGE('',*,*,#3184,.F.);
#4194=ORIENTED_EDGE('',*,*,#3185,.F.);
#4195=ORIENTED_EDGE('',*,*,#3186,.T.);
#4196=ORIENTED_EDGE('',*,*,#3179,.F.);
#4197=ORIENTED_EDGE('',*,*,#3187,.T.);
#4198=ORIENTED_EDGE('',*,*,#3188,.F.);
#4199=ORIENTED_EDGE('',*,*,#3182,.T.);
#4200=ORIENTED_EDGE('',*,*,#3183,.T.);
#4201=ORIENTED_EDGE('',*,*,#3188,.T.);
#4202=ORIENTED_EDGE('',*,*,#3189,.T.);
#4203=ORIENTED_EDGE('',*,*,#3190,.T.);
#4204=ORIENTED_EDGE('',*,*,#3190,.F.);
#4205=ORIENTED_EDGE('',*,*,#3191,.F.);
#4206=ORIENTED_EDGE('',*,*,#3192,.F.);
#4207=ORIENTED_EDGE('',*,*,#3184,.T.);
#4208=ORIENTED_EDGE('',*,*,#3178,.F.);
#4209=ORIENTED_EDGE('',*,*,#3193,.F.);
#4210=ORIENTED_EDGE('',*,*,#3194,.F.);
#4211=ORIENTED_EDGE('',*,*,#3191,.T.);
#4212=ORIENTED_EDGE('',*,*,#3189,.F.);
#4213=ORIENTED_EDGE('',*,*,#3187,.F.);
#4214=ORIENTED_EDGE('',*,*,#3181,.F.);
#4215=ORIENTED_EDGE('',*,*,#3186,.F.);
#4216=ORIENTED_EDGE('',*,*,#3195,.F.);
#4217=ORIENTED_EDGE('',*,*,#3193,.T.);
#4218=ORIENTED_EDGE('',*,*,#3196,.F.);
#4219=ORIENTED_EDGE('',*,*,#3197,.F.);
#4220=ORIENTED_EDGE('',*,*,#3198,.F.);
#4221=ORIENTED_EDGE('',*,*,#3199,.T.);
#4222=ORIENTED_EDGE('',*,*,#3200,.T.);
#4223=ORIENTED_EDGE('',*,*,#3197,.T.);
#4224=ORIENTED_EDGE('',*,*,#2986,.T.);
#4225=ORIENTED_EDGE('',*,*,#3199,.F.);
#4226=ORIENTED_EDGE('',*,*,#3201,.T.);
#4227=ORIENTED_EDGE('',*,*,#3202,.T.);
#4228=ORIENTED_EDGE('',*,*,#3203,.T.);
#4229=ORIENTED_EDGE('',*,*,#3204,.T.);
#4230=ORIENTED_EDGE('',*,*,#3198,.T.);
#4231=ORIENTED_EDGE('',*,*,#3205,.T.);
#4232=ORIENTED_EDGE('',*,*,#2987,.T.);
#4233=ORIENTED_EDGE('',*,*,#3196,.T.);
#4234=ORIENTED_EDGE('',*,*,#3206,.T.);
#4235=ORIENTED_EDGE('',*,*,#3207,.T.);
#4236=ORIENTED_EDGE('',*,*,#3111,.F.);
#4237=ORIENTED_EDGE('',*,*,#2989,.T.);
#4238=ORIENTED_EDGE('',*,*,#3208,.T.);
#4239=ORIENTED_EDGE('',*,*,#3209,.T.);
#4240=ORIENTED_EDGE('',*,*,#3112,.F.);
#4241=ORIENTED_EDGE('',*,*,#3210,.T.);
#4242=ORIENTED_EDGE('',*,*,#3211,.T.);
#4243=ORIENTED_EDGE('',*,*,#3177,.T.);
#4244=ORIENTED_EDGE('',*,*,#3212,.T.);
#4245=ORIENTED_EDGE('',*,*,#3208,.F.);
#4246=ORIENTED_EDGE('',*,*,#2988,.T.);
#4247=ORIENTED_EDGE('',*,*,#3207,.F.);
#4248=ORIENTED_EDGE('',*,*,#3213,.T.);
#4249=ORIENTED_EDGE('',*,*,#3214,.T.);
#4250=ORIENTED_EDGE('',*,*,#2935,.T.);
#4251=ORIENTED_EDGE('',*,*,#3215,.T.);
#4252=ORIENTED_EDGE('',*,*,#2933,.T.);
#4253=ORIENTED_EDGE('',*,*,#3216,.T.);
#4254=ORIENTED_EDGE('',*,*,#3217,.T.);
#4255=ORIENTED_EDGE('',*,*,#3218,.T.);
#4256=ORIENTED_EDGE('',*,*,#2934,.T.);
#4257=ORIENTED_EDGE('',*,*,#3218,.F.);
#4258=ORIENTED_EDGE('',*,*,#3219,.T.);
#4259=ORIENTED_EDGE('',*,*,#3215,.F.);
#4260=ORIENTED_EDGE('',*,*,#3216,.F.);
#4261=ORIENTED_EDGE('',*,*,#3176,.T.);
#4262=ORIENTED_EDGE('',*,*,#3211,.F.);
#4263=ORIENTED_EDGE('',*,*,#3203,.F.);
#4264=ORIENTED_EDGE('',*,*,#3220,.T.);
#4265=ORIENTED_EDGE('',*,*,#3214,.F.);
#4266=ORIENTED_EDGE('',*,*,#3217,.F.);
#4267=ORIENTED_EDGE('',*,*,#3210,.F.);
#4268=ORIENTED_EDGE('',*,*,#3209,.F.);
#4269=ORIENTED_EDGE('',*,*,#3221,.T.);
#4270=ORIENTED_EDGE('',*,*,#3219,.F.);
#4271=ORIENTED_EDGE('',*,*,#3221,.F.);
#4272=ORIENTED_EDGE('',*,*,#3212,.F.);
#4273=ORIENTED_EDGE('',*,*,#3222,.F.);
#4274=ORIENTED_EDGE('',*,*,#3223,.T.);
#4275=ORIENTED_EDGE('',*,*,#3224,.F.);
#4276=ORIENTED_EDGE('',*,*,#3225,.T.);
#4277=ORIENTED_EDGE('',*,*,#3226,.T.);
#4278=ORIENTED_EDGE('',*,*,#3227,.F.);
#4279=ORIENTED_EDGE('',*,*,#3228,.F.);
#4280=ORIENTED_EDGE('',*,*,#3229,.T.);
#4281=ORIENTED_EDGE('',*,*,#3230,.T.);
#4282=ORIENTED_EDGE('',*,*,#3225,.F.);
#4283=ORIENTED_EDGE('',*,*,#3231,.F.);
#4284=ORIENTED_EDGE('',*,*,#3232,.T.);
#4285=ORIENTED_EDGE('',*,*,#3233,.T.);
#4286=ORIENTED_EDGE('',*,*,#3229,.F.);
#4287=ORIENTED_EDGE('',*,*,#3234,.F.);
#4288=ORIENTED_EDGE('',*,*,#3235,.T.);
#4289=ORIENTED_EDGE('',*,*,#3236,.T.);
#4290=ORIENTED_EDGE('',*,*,#3232,.F.);
#4291=ORIENTED_EDGE('',*,*,#3237,.F.);
#4292=ORIENTED_EDGE('',*,*,#3238,.T.);
#4293=ORIENTED_EDGE('',*,*,#3239,.T.);
#4294=ORIENTED_EDGE('',*,*,#3235,.F.);
#4295=ORIENTED_EDGE('',*,*,#3240,.F.);
#4296=ORIENTED_EDGE('',*,*,#3241,.T.);
#4297=ORIENTED_EDGE('',*,*,#3242,.T.);
#4298=ORIENTED_EDGE('',*,*,#3238,.F.);
#4299=ORIENTED_EDGE('',*,*,#3243,.F.);
#4300=ORIENTED_EDGE('',*,*,#3244,.T.);
#4301=ORIENTED_EDGE('',*,*,#3245,.T.);
#4302=ORIENTED_EDGE('',*,*,#3241,.F.);
#4303=ORIENTED_EDGE('',*,*,#3246,.F.);
#4304=ORIENTED_EDGE('',*,*,#3247,.T.);
#4305=ORIENTED_EDGE('',*,*,#3248,.T.);
#4306=ORIENTED_EDGE('',*,*,#3244,.F.);
#4307=ORIENTED_EDGE('',*,*,#3249,.F.);
#4308=ORIENTED_EDGE('',*,*,#3250,.T.);
#4309=ORIENTED_EDGE('',*,*,#3251,.T.);
#4310=ORIENTED_EDGE('',*,*,#3247,.F.);
#4311=ORIENTED_EDGE('',*,*,#3252,.F.);
#4312=ORIENTED_EDGE('',*,*,#3253,.T.);
#4313=ORIENTED_EDGE('',*,*,#3254,.T.);
#4314=ORIENTED_EDGE('',*,*,#3250,.F.);
#4315=ORIENTED_EDGE('',*,*,#3255,.F.);
#4316=ORIENTED_EDGE('',*,*,#3256,.T.);
#4317=ORIENTED_EDGE('',*,*,#3257,.T.);
#4318=ORIENTED_EDGE('',*,*,#3253,.F.);
#4319=ORIENTED_EDGE('',*,*,#3258,.F.);
#4320=ORIENTED_EDGE('',*,*,#3227,.T.);
#4321=ORIENTED_EDGE('',*,*,#3259,.T.);
#4322=ORIENTED_EDGE('',*,*,#3256,.F.);
#4323=ORIENTED_EDGE('',*,*,#3259,.F.);
#4324=ORIENTED_EDGE('',*,*,#3226,.F.);
#4325=ORIENTED_EDGE('',*,*,#3230,.F.);
#4326=ORIENTED_EDGE('',*,*,#3233,.F.);
#4327=ORIENTED_EDGE('',*,*,#3236,.F.);
#4328=ORIENTED_EDGE('',*,*,#3239,.F.);
#4329=ORIENTED_EDGE('',*,*,#3242,.F.);
#4330=ORIENTED_EDGE('',*,*,#3245,.F.);
#4331=ORIENTED_EDGE('',*,*,#3248,.F.);
#4332=ORIENTED_EDGE('',*,*,#3251,.F.);
#4333=ORIENTED_EDGE('',*,*,#3254,.F.);
#4334=ORIENTED_EDGE('',*,*,#3257,.F.);
#4335=ORIENTED_EDGE('',*,*,#3260,.T.);
#4336=ORIENTED_EDGE('',*,*,#3261,.T.);
#4337=ORIENTED_EDGE('',*,*,#3262,.T.);
#4338=ORIENTED_EDGE('',*,*,#3263,.T.);
#4339=ORIENTED_EDGE('',*,*,#3261,.F.);
#4340=ORIENTED_EDGE('',*,*,#3263,.F.);
#4341=ORIENTED_EDGE('',*,*,#3264,.T.);
#4342=ORIENTED_EDGE('',*,*,#3223,.F.);
#4343=ORIENTED_EDGE('',*,*,#3264,.F.);
#4344=ORIENTED_EDGE('',*,*,#3262,.F.);
#4345=ORIENTED_EDGE('',*,*,#3260,.F.);
#4346=ORIENTED_EDGE('',*,*,#3224,.T.);
#4347=ORIENTED_EDGE('',*,*,#3258,.T.);
#4348=ORIENTED_EDGE('',*,*,#3255,.T.);
#4349=ORIENTED_EDGE('',*,*,#3252,.T.);
#4350=ORIENTED_EDGE('',*,*,#3249,.T.);
#4351=ORIENTED_EDGE('',*,*,#3246,.T.);
#4352=ORIENTED_EDGE('',*,*,#3243,.T.);
#4353=ORIENTED_EDGE('',*,*,#3240,.T.);
#4354=ORIENTED_EDGE('',*,*,#3237,.T.);
#4355=ORIENTED_EDGE('',*,*,#3234,.T.);
#4356=ORIENTED_EDGE('',*,*,#3231,.T.);
#4357=ORIENTED_EDGE('',*,*,#3228,.T.);
#4358=ORIENTED_EDGE('',*,*,#3213,.F.);
#4359=ORIENTED_EDGE('',*,*,#3222,.T.);
#4360=ORIENTED_EDGE('',*,*,#3206,.F.);
#4361=ORIENTED_EDGE('',*,*,#3204,.F.);
#4362=ORIENTED_EDGE('',*,*,#3220,.F.);
#4363=ORIENTED_EDGE('',*,*,#3265,.T.);
#4364=ORIENTED_EDGE('',*,*,#3266,.F.);
#4365=ORIENTED_EDGE('',*,*,#2936,.T.);
#4366=ORIENTED_EDGE('',*,*,#3200,.F.);
#4367=ORIENTED_EDGE('',*,*,#3267,.F.);
#4368=ORIENTED_EDGE('',*,*,#3265,.F.);
#4369=ORIENTED_EDGE('',*,*,#3205,.F.);
#4370=ORIENTED_EDGE('',*,*,#3268,.T.);
#4371=ORIENTED_EDGE('',*,*,#3269,.T.);
#4372=ORIENTED_EDGE('',*,*,#3270,.T.);
#4373=ORIENTED_EDGE('',*,*,#3271,.T.);
#4374=ORIENTED_EDGE('',*,*,#3270,.F.);
#4375=ORIENTED_EDGE('',*,*,#3272,.F.);
#4376=ORIENTED_EDGE('',*,*,#3273,.F.);
#4377=ORIENTED_EDGE('',*,*,#3274,.F.);
#4378=ORIENTED_EDGE('',*,*,#3275,.F.);
#4379=ORIENTED_EDGE('',*,*,#3276,.T.);
#4380=ORIENTED_EDGE('',*,*,#3269,.F.);
#4381=ORIENTED_EDGE('',*,*,#3277,.T.);
#4382=ORIENTED_EDGE('',*,*,#3278,.F.);
#4383=ORIENTED_EDGE('',*,*,#3272,.T.);
#4384=ORIENTED_EDGE('',*,*,#3273,.T.);
#4385=ORIENTED_EDGE('',*,*,#3278,.T.);
#4386=ORIENTED_EDGE('',*,*,#3279,.T.);
#4387=ORIENTED_EDGE('',*,*,#3280,.T.);
#4388=ORIENTED_EDGE('',*,*,#3280,.F.);
#4389=ORIENTED_EDGE('',*,*,#3281,.F.);
#4390=ORIENTED_EDGE('',*,*,#3282,.F.);
#4391=ORIENTED_EDGE('',*,*,#3274,.T.);
#4392=ORIENTED_EDGE('',*,*,#3268,.F.);
#4393=ORIENTED_EDGE('',*,*,#3283,.F.);
#4394=ORIENTED_EDGE('',*,*,#3284,.F.);
#4395=ORIENTED_EDGE('',*,*,#3281,.T.);
#4396=ORIENTED_EDGE('',*,*,#3279,.F.);
#4397=ORIENTED_EDGE('',*,*,#3277,.F.);
#4398=ORIENTED_EDGE('',*,*,#3271,.F.);
#4399=ORIENTED_EDGE('',*,*,#3276,.F.);
#4400=ORIENTED_EDGE('',*,*,#3285,.F.);
#4401=ORIENTED_EDGE('',*,*,#3283,.T.);
#4402=ORIENTED_EDGE('',*,*,#3286,.F.);
#4403=ORIENTED_EDGE('',*,*,#3287,.F.);
#4404=ORIENTED_EDGE('',*,*,#3288,.F.);
#4405=ORIENTED_EDGE('',*,*,#3289,.T.);
#4406=ORIENTED_EDGE('',*,*,#3290,.T.);
#4407=ORIENTED_EDGE('',*,*,#3287,.T.);
#4408=ORIENTED_EDGE('',*,*,#2982,.T.);
#4409=ORIENTED_EDGE('',*,*,#3289,.F.);
#4410=ORIENTED_EDGE('',*,*,#3291,.T.);
#4411=ORIENTED_EDGE('',*,*,#3292,.T.);
#4412=ORIENTED_EDGE('',*,*,#3293,.T.);
#4413=ORIENTED_EDGE('',*,*,#3294,.T.);
#4414=ORIENTED_EDGE('',*,*,#3288,.T.);
#4415=ORIENTED_EDGE('',*,*,#3295,.T.);
#4416=ORIENTED_EDGE('',*,*,#2983,.T.);
#4417=ORIENTED_EDGE('',*,*,#3286,.T.);
#4418=ORIENTED_EDGE('',*,*,#3296,.T.);
#4419=ORIENTED_EDGE('',*,*,#3297,.T.);
#4420=ORIENTED_EDGE('',*,*,#3201,.F.);
#4421=ORIENTED_EDGE('',*,*,#2985,.T.);
#4422=ORIENTED_EDGE('',*,*,#3298,.T.);
#4423=ORIENTED_EDGE('',*,*,#3299,.T.);
#4424=ORIENTED_EDGE('',*,*,#3202,.F.);
#4425=ORIENTED_EDGE('',*,*,#3300,.T.);
#4426=ORIENTED_EDGE('',*,*,#3301,.T.);
#4427=ORIENTED_EDGE('',*,*,#3267,.T.);
#4428=ORIENTED_EDGE('',*,*,#3302,.T.);
#4429=ORIENTED_EDGE('',*,*,#3298,.F.);
#4430=ORIENTED_EDGE('',*,*,#2984,.T.);
#4431=ORIENTED_EDGE('',*,*,#3297,.F.);
#4432=ORIENTED_EDGE('',*,*,#3303,.T.);
#4433=ORIENTED_EDGE('',*,*,#3304,.T.);
#4434=ORIENTED_EDGE('',*,*,#2939,.T.);
#4435=ORIENTED_EDGE('',*,*,#3305,.T.);
#4436=ORIENTED_EDGE('',*,*,#2937,.T.);
#4437=ORIENTED_EDGE('',*,*,#3306,.T.);
#4438=ORIENTED_EDGE('',*,*,#3307,.T.);
#4439=ORIENTED_EDGE('',*,*,#3308,.T.);
#4440=ORIENTED_EDGE('',*,*,#2938,.T.);
#4441=ORIENTED_EDGE('',*,*,#3308,.F.);
#4442=ORIENTED_EDGE('',*,*,#3309,.T.);
#4443=ORIENTED_EDGE('',*,*,#3305,.F.);
#4444=ORIENTED_EDGE('',*,*,#3306,.F.);
#4445=ORIENTED_EDGE('',*,*,#3266,.T.);
#4446=ORIENTED_EDGE('',*,*,#3301,.F.);
#4447=ORIENTED_EDGE('',*,*,#3293,.F.);
#4448=ORIENTED_EDGE('',*,*,#3310,.T.);
#4449=ORIENTED_EDGE('',*,*,#3304,.F.);
#4450=ORIENTED_EDGE('',*,*,#3307,.F.);
#4451=ORIENTED_EDGE('',*,*,#3300,.F.);
#4452=ORIENTED_EDGE('',*,*,#3299,.F.);
#4453=ORIENTED_EDGE('',*,*,#3311,.T.);
#4454=ORIENTED_EDGE('',*,*,#3309,.F.);
#4455=ORIENTED_EDGE('',*,*,#3311,.F.);
#4456=ORIENTED_EDGE('',*,*,#3302,.F.);
#4457=ORIENTED_EDGE('',*,*,#3312,.F.);
#4458=ORIENTED_EDGE('',*,*,#3313,.T.);
#4459=ORIENTED_EDGE('',*,*,#3314,.F.);
#4460=ORIENTED_EDGE('',*,*,#3315,.T.);
#4461=ORIENTED_EDGE('',*,*,#3316,.T.);
#4462=ORIENTED_EDGE('',*,*,#3317,.F.);
#4463=ORIENTED_EDGE('',*,*,#3318,.F.);
#4464=ORIENTED_EDGE('',*,*,#3319,.T.);
#4465=ORIENTED_EDGE('',*,*,#3320,.T.);
#4466=ORIENTED_EDGE('',*,*,#3315,.F.);
#4467=ORIENTED_EDGE('',*,*,#3321,.F.);
#4468=ORIENTED_EDGE('',*,*,#3322,.T.);
#4469=ORIENTED_EDGE('',*,*,#3323,.T.);
#4470=ORIENTED_EDGE('',*,*,#3319,.F.);
#4471=ORIENTED_EDGE('',*,*,#3324,.F.);
#4472=ORIENTED_EDGE('',*,*,#3325,.T.);
#4473=ORIENTED_EDGE('',*,*,#3326,.T.);
#4474=ORIENTED_EDGE('',*,*,#3322,.F.);
#4475=ORIENTED_EDGE('',*,*,#3327,.F.);
#4476=ORIENTED_EDGE('',*,*,#3328,.T.);
#4477=ORIENTED_EDGE('',*,*,#3329,.T.);
#4478=ORIENTED_EDGE('',*,*,#3325,.F.);
#4479=ORIENTED_EDGE('',*,*,#3330,.F.);
#4480=ORIENTED_EDGE('',*,*,#3331,.T.);
#4481=ORIENTED_EDGE('',*,*,#3332,.T.);
#4482=ORIENTED_EDGE('',*,*,#3328,.F.);
#4483=ORIENTED_EDGE('',*,*,#3333,.F.);
#4484=ORIENTED_EDGE('',*,*,#3334,.T.);
#4485=ORIENTED_EDGE('',*,*,#3335,.T.);
#4486=ORIENTED_EDGE('',*,*,#3331,.F.);
#4487=ORIENTED_EDGE('',*,*,#3336,.F.);
#4488=ORIENTED_EDGE('',*,*,#3337,.T.);
#4489=ORIENTED_EDGE('',*,*,#3338,.T.);
#4490=ORIENTED_EDGE('',*,*,#3334,.F.);
#4491=ORIENTED_EDGE('',*,*,#3339,.F.);
#4492=ORIENTED_EDGE('',*,*,#3340,.T.);
#4493=ORIENTED_EDGE('',*,*,#3341,.T.);
#4494=ORIENTED_EDGE('',*,*,#3337,.F.);
#4495=ORIENTED_EDGE('',*,*,#3342,.F.);
#4496=ORIENTED_EDGE('',*,*,#3343,.T.);
#4497=ORIENTED_EDGE('',*,*,#3344,.T.);
#4498=ORIENTED_EDGE('',*,*,#3340,.F.);
#4499=ORIENTED_EDGE('',*,*,#3345,.F.);
#4500=ORIENTED_EDGE('',*,*,#3346,.T.);
#4501=ORIENTED_EDGE('',*,*,#3347,.T.);
#4502=ORIENTED_EDGE('',*,*,#3343,.F.);
#4503=ORIENTED_EDGE('',*,*,#3348,.F.);
#4504=ORIENTED_EDGE('',*,*,#3317,.T.);
#4505=ORIENTED_EDGE('',*,*,#3349,.T.);
#4506=ORIENTED_EDGE('',*,*,#3346,.F.);
#4507=ORIENTED_EDGE('',*,*,#3349,.F.);
#4508=ORIENTED_EDGE('',*,*,#3316,.F.);
#4509=ORIENTED_EDGE('',*,*,#3320,.F.);
#4510=ORIENTED_EDGE('',*,*,#3323,.F.);
#4511=ORIENTED_EDGE('',*,*,#3326,.F.);
#4512=ORIENTED_EDGE('',*,*,#3329,.F.);
#4513=ORIENTED_EDGE('',*,*,#3332,.F.);
#4514=ORIENTED_EDGE('',*,*,#3335,.F.);
#4515=ORIENTED_EDGE('',*,*,#3338,.F.);
#4516=ORIENTED_EDGE('',*,*,#3341,.F.);
#4517=ORIENTED_EDGE('',*,*,#3344,.F.);
#4518=ORIENTED_EDGE('',*,*,#3347,.F.);
#4519=ORIENTED_EDGE('',*,*,#3350,.T.);
#4520=ORIENTED_EDGE('',*,*,#3351,.T.);
#4521=ORIENTED_EDGE('',*,*,#3352,.T.);
#4522=ORIENTED_EDGE('',*,*,#3353,.T.);
#4523=ORIENTED_EDGE('',*,*,#3351,.F.);
#4524=ORIENTED_EDGE('',*,*,#3353,.F.);
#4525=ORIENTED_EDGE('',*,*,#3354,.T.);
#4526=ORIENTED_EDGE('',*,*,#3313,.F.);
#4527=ORIENTED_EDGE('',*,*,#3354,.F.);
#4528=ORIENTED_EDGE('',*,*,#3352,.F.);
#4529=ORIENTED_EDGE('',*,*,#3350,.F.);
#4530=ORIENTED_EDGE('',*,*,#3314,.T.);
#4531=ORIENTED_EDGE('',*,*,#3348,.T.);
#4532=ORIENTED_EDGE('',*,*,#3345,.T.);
#4533=ORIENTED_EDGE('',*,*,#3342,.T.);
#4534=ORIENTED_EDGE('',*,*,#3339,.T.);
#4535=ORIENTED_EDGE('',*,*,#3336,.T.);
#4536=ORIENTED_EDGE('',*,*,#3333,.T.);
#4537=ORIENTED_EDGE('',*,*,#3330,.T.);
#4538=ORIENTED_EDGE('',*,*,#3327,.T.);
#4539=ORIENTED_EDGE('',*,*,#3324,.T.);
#4540=ORIENTED_EDGE('',*,*,#3321,.T.);
#4541=ORIENTED_EDGE('',*,*,#3318,.T.);
#4542=ORIENTED_EDGE('',*,*,#3303,.F.);
#4543=ORIENTED_EDGE('',*,*,#3312,.T.);
#4544=ORIENTED_EDGE('',*,*,#3296,.F.);
#4545=ORIENTED_EDGE('',*,*,#3294,.F.);
#4546=ORIENTED_EDGE('',*,*,#3310,.F.);
#4547=ORIENTED_EDGE('',*,*,#3355,.T.);
#4548=ORIENTED_EDGE('',*,*,#3356,.F.);
#4549=ORIENTED_EDGE('',*,*,#2940,.T.);
#4550=ORIENTED_EDGE('',*,*,#3290,.F.);
#4551=ORIENTED_EDGE('',*,*,#3357,.F.);
#4552=ORIENTED_EDGE('',*,*,#3355,.F.);
#4553=ORIENTED_EDGE('',*,*,#3295,.F.);
#4554=ORIENTED_EDGE('',*,*,#3358,.T.);
#4555=ORIENTED_EDGE('',*,*,#3359,.T.);
#4556=ORIENTED_EDGE('',*,*,#3360,.T.);
#4557=ORIENTED_EDGE('',*,*,#3361,.T.);
#4558=ORIENTED_EDGE('',*,*,#3360,.F.);
#4559=ORIENTED_EDGE('',*,*,#3362,.F.);
#4560=ORIENTED_EDGE('',*,*,#3363,.F.);
#4561=ORIENTED_EDGE('',*,*,#3364,.F.);
#4562=ORIENTED_EDGE('',*,*,#3365,.F.);
#4563=ORIENTED_EDGE('',*,*,#3366,.T.);
#4564=ORIENTED_EDGE('',*,*,#3359,.F.);
#4565=ORIENTED_EDGE('',*,*,#3367,.T.);
#4566=ORIENTED_EDGE('',*,*,#3368,.F.);
#4567=ORIENTED_EDGE('',*,*,#3362,.T.);
#4568=ORIENTED_EDGE('',*,*,#3363,.T.);
#4569=ORIENTED_EDGE('',*,*,#3368,.T.);
#4570=ORIENTED_EDGE('',*,*,#3369,.T.);
#4571=ORIENTED_EDGE('',*,*,#3370,.T.);
#4572=ORIENTED_EDGE('',*,*,#3370,.F.);
#4573=ORIENTED_EDGE('',*,*,#3371,.F.);
#4574=ORIENTED_EDGE('',*,*,#3372,.F.);
#4575=ORIENTED_EDGE('',*,*,#3364,.T.);
#4576=ORIENTED_EDGE('',*,*,#3358,.F.);
#4577=ORIENTED_EDGE('',*,*,#3373,.F.);
#4578=ORIENTED_EDGE('',*,*,#3374,.F.);
#4579=ORIENTED_EDGE('',*,*,#3371,.T.);
#4580=ORIENTED_EDGE('',*,*,#3369,.F.);
#4581=ORIENTED_EDGE('',*,*,#3367,.F.);
#4582=ORIENTED_EDGE('',*,*,#3361,.F.);
#4583=ORIENTED_EDGE('',*,*,#3366,.F.);
#4584=ORIENTED_EDGE('',*,*,#3375,.F.);
#4585=ORIENTED_EDGE('',*,*,#3373,.T.);
#4586=ORIENTED_EDGE('',*,*,#3376,.F.);
#4587=ORIENTED_EDGE('',*,*,#3377,.F.);
#4588=ORIENTED_EDGE('',*,*,#3378,.F.);
#4589=ORIENTED_EDGE('',*,*,#3379,.T.);
#4590=ORIENTED_EDGE('',*,*,#3380,.T.);
#4591=ORIENTED_EDGE('',*,*,#3377,.T.);
#4592=ORIENTED_EDGE('',*,*,#2978,.T.);
#4593=ORIENTED_EDGE('',*,*,#3379,.F.);
#4594=ORIENTED_EDGE('',*,*,#3381,.T.);
#4595=ORIENTED_EDGE('',*,*,#3382,.T.);
#4596=ORIENTED_EDGE('',*,*,#3383,.T.);
#4597=ORIENTED_EDGE('',*,*,#3384,.T.);
#4598=ORIENTED_EDGE('',*,*,#3378,.T.);
#4599=ORIENTED_EDGE('',*,*,#3385,.T.);
#4600=ORIENTED_EDGE('',*,*,#2979,.T.);
#4601=ORIENTED_EDGE('',*,*,#3376,.T.);
#4602=ORIENTED_EDGE('',*,*,#3386,.T.);
#4603=ORIENTED_EDGE('',*,*,#3387,.T.);
#4604=ORIENTED_EDGE('',*,*,#3291,.F.);
#4605=ORIENTED_EDGE('',*,*,#2981,.T.);
#4606=ORIENTED_EDGE('',*,*,#3388,.T.);
#4607=ORIENTED_EDGE('',*,*,#3389,.T.);
#4608=ORIENTED_EDGE('',*,*,#3292,.F.);
#4609=ORIENTED_EDGE('',*,*,#3390,.T.);
#4610=ORIENTED_EDGE('',*,*,#3391,.T.);
#4611=ORIENTED_EDGE('',*,*,#3357,.T.);
#4612=ORIENTED_EDGE('',*,*,#3392,.T.);
#4613=ORIENTED_EDGE('',*,*,#3388,.F.);
#4614=ORIENTED_EDGE('',*,*,#2980,.T.);
#4615=ORIENTED_EDGE('',*,*,#3387,.F.);
#4616=ORIENTED_EDGE('',*,*,#3393,.T.);
#4617=ORIENTED_EDGE('',*,*,#3394,.T.);
#4618=ORIENTED_EDGE('',*,*,#2943,.T.);
#4619=ORIENTED_EDGE('',*,*,#3395,.T.);
#4620=ORIENTED_EDGE('',*,*,#2941,.T.);
#4621=ORIENTED_EDGE('',*,*,#3396,.T.);
#4622=ORIENTED_EDGE('',*,*,#3397,.T.);
#4623=ORIENTED_EDGE('',*,*,#3398,.T.);
#4624=ORIENTED_EDGE('',*,*,#2942,.T.);
#4625=ORIENTED_EDGE('',*,*,#3398,.F.);
#4626=ORIENTED_EDGE('',*,*,#3399,.T.);
#4627=ORIENTED_EDGE('',*,*,#3395,.F.);
#4628=ORIENTED_EDGE('',*,*,#3396,.F.);
#4629=ORIENTED_EDGE('',*,*,#3356,.T.);
#4630=ORIENTED_EDGE('',*,*,#3391,.F.);
#4631=ORIENTED_EDGE('',*,*,#3383,.F.);
#4632=ORIENTED_EDGE('',*,*,#3400,.T.);
#4633=ORIENTED_EDGE('',*,*,#3394,.F.);
#4634=ORIENTED_EDGE('',*,*,#3397,.F.);
#4635=ORIENTED_EDGE('',*,*,#3390,.F.);
#4636=ORIENTED_EDGE('',*,*,#3389,.F.);
#4637=ORIENTED_EDGE('',*,*,#3401,.T.);
#4638=ORIENTED_EDGE('',*,*,#3399,.F.);
#4639=ORIENTED_EDGE('',*,*,#3401,.F.);
#4640=ORIENTED_EDGE('',*,*,#3392,.F.);
#4641=ORIENTED_EDGE('',*,*,#3402,.F.);
#4642=ORIENTED_EDGE('',*,*,#3403,.T.);
#4643=ORIENTED_EDGE('',*,*,#3404,.F.);
#4644=ORIENTED_EDGE('',*,*,#3405,.T.);
#4645=ORIENTED_EDGE('',*,*,#3406,.T.);
#4646=ORIENTED_EDGE('',*,*,#3407,.F.);
#4647=ORIENTED_EDGE('',*,*,#3408,.F.);
#4648=ORIENTED_EDGE('',*,*,#3409,.T.);
#4649=ORIENTED_EDGE('',*,*,#3410,.T.);
#4650=ORIENTED_EDGE('',*,*,#3405,.F.);
#4651=ORIENTED_EDGE('',*,*,#3411,.F.);
#4652=ORIENTED_EDGE('',*,*,#3412,.T.);
#4653=ORIENTED_EDGE('',*,*,#3413,.T.);
#4654=ORIENTED_EDGE('',*,*,#3409,.F.);
#4655=ORIENTED_EDGE('',*,*,#3414,.F.);
#4656=ORIENTED_EDGE('',*,*,#3415,.T.);
#4657=ORIENTED_EDGE('',*,*,#3416,.T.);
#4658=ORIENTED_EDGE('',*,*,#3412,.F.);
#4659=ORIENTED_EDGE('',*,*,#3417,.F.);
#4660=ORIENTED_EDGE('',*,*,#3418,.T.);
#4661=ORIENTED_EDGE('',*,*,#3419,.T.);
#4662=ORIENTED_EDGE('',*,*,#3415,.F.);
#4663=ORIENTED_EDGE('',*,*,#3420,.F.);
#4664=ORIENTED_EDGE('',*,*,#3421,.T.);
#4665=ORIENTED_EDGE('',*,*,#3422,.T.);
#4666=ORIENTED_EDGE('',*,*,#3418,.F.);
#4667=ORIENTED_EDGE('',*,*,#3423,.F.);
#4668=ORIENTED_EDGE('',*,*,#3424,.T.);
#4669=ORIENTED_EDGE('',*,*,#3425,.T.);
#4670=ORIENTED_EDGE('',*,*,#3421,.F.);
#4671=ORIENTED_EDGE('',*,*,#3426,.F.);
#4672=ORIENTED_EDGE('',*,*,#3427,.T.);
#4673=ORIENTED_EDGE('',*,*,#3428,.T.);
#4674=ORIENTED_EDGE('',*,*,#3424,.F.);
#4675=ORIENTED_EDGE('',*,*,#3429,.F.);
#4676=ORIENTED_EDGE('',*,*,#3430,.T.);
#4677=ORIENTED_EDGE('',*,*,#3431,.T.);
#4678=ORIENTED_EDGE('',*,*,#3427,.F.);
#4679=ORIENTED_EDGE('',*,*,#3432,.F.);
#4680=ORIENTED_EDGE('',*,*,#3433,.T.);
#4681=ORIENTED_EDGE('',*,*,#3434,.T.);
#4682=ORIENTED_EDGE('',*,*,#3430,.F.);
#4683=ORIENTED_EDGE('',*,*,#3435,.F.);
#4684=ORIENTED_EDGE('',*,*,#3436,.T.);
#4685=ORIENTED_EDGE('',*,*,#3437,.T.);
#4686=ORIENTED_EDGE('',*,*,#3433,.F.);
#4687=ORIENTED_EDGE('',*,*,#3438,.F.);
#4688=ORIENTED_EDGE('',*,*,#3407,.T.);
#4689=ORIENTED_EDGE('',*,*,#3439,.T.);
#4690=ORIENTED_EDGE('',*,*,#3436,.F.);
#4691=ORIENTED_EDGE('',*,*,#3439,.F.);
#4692=ORIENTED_EDGE('',*,*,#3406,.F.);
#4693=ORIENTED_EDGE('',*,*,#3410,.F.);
#4694=ORIENTED_EDGE('',*,*,#3413,.F.);
#4695=ORIENTED_EDGE('',*,*,#3416,.F.);
#4696=ORIENTED_EDGE('',*,*,#3419,.F.);
#4697=ORIENTED_EDGE('',*,*,#3422,.F.);
#4698=ORIENTED_EDGE('',*,*,#3425,.F.);
#4699=ORIENTED_EDGE('',*,*,#3428,.F.);
#4700=ORIENTED_EDGE('',*,*,#3431,.F.);
#4701=ORIENTED_EDGE('',*,*,#3434,.F.);
#4702=ORIENTED_EDGE('',*,*,#3437,.F.);
#4703=ORIENTED_EDGE('',*,*,#3440,.T.);
#4704=ORIENTED_EDGE('',*,*,#3441,.T.);
#4705=ORIENTED_EDGE('',*,*,#3442,.T.);
#4706=ORIENTED_EDGE('',*,*,#3443,.T.);
#4707=ORIENTED_EDGE('',*,*,#3441,.F.);
#4708=ORIENTED_EDGE('',*,*,#3443,.F.);
#4709=ORIENTED_EDGE('',*,*,#3444,.T.);
#4710=ORIENTED_EDGE('',*,*,#3403,.F.);
#4711=ORIENTED_EDGE('',*,*,#3444,.F.);
#4712=ORIENTED_EDGE('',*,*,#3442,.F.);
#4713=ORIENTED_EDGE('',*,*,#3440,.F.);
#4714=ORIENTED_EDGE('',*,*,#3404,.T.);
#4715=ORIENTED_EDGE('',*,*,#3438,.T.);
#4716=ORIENTED_EDGE('',*,*,#3435,.T.);
#4717=ORIENTED_EDGE('',*,*,#3432,.T.);
#4718=ORIENTED_EDGE('',*,*,#3429,.T.);
#4719=ORIENTED_EDGE('',*,*,#3426,.T.);
#4720=ORIENTED_EDGE('',*,*,#3423,.T.);
#4721=ORIENTED_EDGE('',*,*,#3420,.T.);
#4722=ORIENTED_EDGE('',*,*,#3417,.T.);
#4723=ORIENTED_EDGE('',*,*,#3414,.T.);
#4724=ORIENTED_EDGE('',*,*,#3411,.T.);
#4725=ORIENTED_EDGE('',*,*,#3408,.T.);
#4726=ORIENTED_EDGE('',*,*,#3393,.F.);
#4727=ORIENTED_EDGE('',*,*,#3402,.T.);
#4728=ORIENTED_EDGE('',*,*,#3386,.F.);
#4729=ORIENTED_EDGE('',*,*,#3384,.F.);
#4730=ORIENTED_EDGE('',*,*,#3400,.F.);
#4731=ORIENTED_EDGE('',*,*,#3445,.T.);
#4732=ORIENTED_EDGE('',*,*,#3446,.F.);
#4733=ORIENTED_EDGE('',*,*,#2944,.T.);
#4734=ORIENTED_EDGE('',*,*,#3380,.F.);
#4735=ORIENTED_EDGE('',*,*,#3447,.F.);
#4736=ORIENTED_EDGE('',*,*,#3445,.F.);
#4737=ORIENTED_EDGE('',*,*,#3385,.F.);
#4738=ORIENTED_EDGE('',*,*,#3448,.T.);
#4739=ORIENTED_EDGE('',*,*,#3449,.T.);
#4740=ORIENTED_EDGE('',*,*,#3450,.T.);
#4741=ORIENTED_EDGE('',*,*,#3451,.T.);
#4742=ORIENTED_EDGE('',*,*,#3450,.F.);
#4743=ORIENTED_EDGE('',*,*,#3452,.F.);
#4744=ORIENTED_EDGE('',*,*,#3453,.F.);
#4745=ORIENTED_EDGE('',*,*,#3454,.F.);
#4746=ORIENTED_EDGE('',*,*,#3455,.F.);
#4747=ORIENTED_EDGE('',*,*,#3456,.T.);
#4748=ORIENTED_EDGE('',*,*,#3449,.F.);
#4749=ORIENTED_EDGE('',*,*,#3457,.T.);
#4750=ORIENTED_EDGE('',*,*,#3458,.F.);
#4751=ORIENTED_EDGE('',*,*,#3452,.T.);
#4752=ORIENTED_EDGE('',*,*,#3453,.T.);
#4753=ORIENTED_EDGE('',*,*,#3458,.T.);
#4754=ORIENTED_EDGE('',*,*,#3459,.T.);
#4755=ORIENTED_EDGE('',*,*,#3460,.T.);
#4756=ORIENTED_EDGE('',*,*,#3460,.F.);
#4757=ORIENTED_EDGE('',*,*,#3461,.F.);
#4758=ORIENTED_EDGE('',*,*,#3462,.F.);
#4759=ORIENTED_EDGE('',*,*,#3454,.T.);
#4760=ORIENTED_EDGE('',*,*,#3448,.F.);
#4761=ORIENTED_EDGE('',*,*,#3463,.F.);
#4762=ORIENTED_EDGE('',*,*,#3464,.F.);
#4763=ORIENTED_EDGE('',*,*,#3461,.T.);
#4764=ORIENTED_EDGE('',*,*,#3459,.F.);
#4765=ORIENTED_EDGE('',*,*,#3457,.F.);
#4766=ORIENTED_EDGE('',*,*,#3451,.F.);
#4767=ORIENTED_EDGE('',*,*,#3456,.F.);
#4768=ORIENTED_EDGE('',*,*,#3465,.F.);
#4769=ORIENTED_EDGE('',*,*,#3463,.T.);
#4770=ORIENTED_EDGE('',*,*,#3466,.F.);
#4771=ORIENTED_EDGE('',*,*,#3467,.F.);
#4772=ORIENTED_EDGE('',*,*,#3468,.F.);
#4773=ORIENTED_EDGE('',*,*,#3469,.T.);
#4774=ORIENTED_EDGE('',*,*,#3470,.T.);
#4775=ORIENTED_EDGE('',*,*,#3467,.T.);
#4776=ORIENTED_EDGE('',*,*,#2974,.T.);
#4777=ORIENTED_EDGE('',*,*,#3469,.F.);
#4778=ORIENTED_EDGE('',*,*,#3471,.T.);
#4779=ORIENTED_EDGE('',*,*,#3472,.T.);
#4780=ORIENTED_EDGE('',*,*,#3473,.T.);
#4781=ORIENTED_EDGE('',*,*,#3474,.T.);
#4782=ORIENTED_EDGE('',*,*,#3468,.T.);
#4783=ORIENTED_EDGE('',*,*,#3475,.T.);
#4784=ORIENTED_EDGE('',*,*,#2975,.T.);
#4785=ORIENTED_EDGE('',*,*,#3466,.T.);
#4786=ORIENTED_EDGE('',*,*,#3476,.T.);
#4787=ORIENTED_EDGE('',*,*,#3477,.T.);
#4788=ORIENTED_EDGE('',*,*,#3382,.F.);
#4789=ORIENTED_EDGE('',*,*,#3478,.T.);
#4790=ORIENTED_EDGE('',*,*,#3479,.T.);
#4791=ORIENTED_EDGE('',*,*,#3447,.T.);
#4792=ORIENTED_EDGE('',*,*,#3381,.F.);
#4793=ORIENTED_EDGE('',*,*,#2977,.T.);
#4794=ORIENTED_EDGE('',*,*,#3480,.T.);
#4795=ORIENTED_EDGE('',*,*,#3481,.T.);
#4796=ORIENTED_EDGE('',*,*,#3482,.T.);
#4797=ORIENTED_EDGE('',*,*,#3480,.F.);
#4798=ORIENTED_EDGE('',*,*,#2976,.T.);
#4799=ORIENTED_EDGE('',*,*,#3477,.F.);
#4800=ORIENTED_EDGE('',*,*,#3483,.T.);
#4801=ORIENTED_EDGE('',*,*,#3484,.T.);
#4802=ORIENTED_EDGE('',*,*,#2947,.T.);
#4803=ORIENTED_EDGE('',*,*,#3485,.T.);
#4804=ORIENTED_EDGE('',*,*,#2945,.T.);
#4805=ORIENTED_EDGE('',*,*,#3486,.T.);
#4806=ORIENTED_EDGE('',*,*,#3487,.T.);
#4807=ORIENTED_EDGE('',*,*,#3488,.T.);
#4808=ORIENTED_EDGE('',*,*,#2946,.T.);
#4809=ORIENTED_EDGE('',*,*,#3488,.F.);
#4810=ORIENTED_EDGE('',*,*,#3489,.T.);
#4811=ORIENTED_EDGE('',*,*,#3485,.F.);
#4812=ORIENTED_EDGE('',*,*,#3486,.F.);
#4813=ORIENTED_EDGE('',*,*,#3446,.T.);
#4814=ORIENTED_EDGE('',*,*,#3479,.F.);
#4815=ORIENTED_EDGE('',*,*,#3473,.F.);
#4816=ORIENTED_EDGE('',*,*,#3490,.T.);
#4817=ORIENTED_EDGE('',*,*,#3484,.F.);
#4818=ORIENTED_EDGE('',*,*,#3489,.F.);
#4819=ORIENTED_EDGE('',*,*,#3491,.F.);
#4820=ORIENTED_EDGE('',*,*,#3482,.F.);
#4821=ORIENTED_EDGE('',*,*,#3492,.F.);
#4822=ORIENTED_EDGE('',*,*,#3493,.T.);
#4823=ORIENTED_EDGE('',*,*,#3487,.F.);
#4824=ORIENTED_EDGE('',*,*,#3478,.F.);
#4825=ORIENTED_EDGE('',*,*,#3481,.F.);
#4826=ORIENTED_EDGE('',*,*,#3491,.T.);
#4827=ORIENTED_EDGE('',*,*,#3494,.F.);
#4828=ORIENTED_EDGE('',*,*,#3495,.T.);
#4829=ORIENTED_EDGE('',*,*,#3496,.T.);
#4830=ORIENTED_EDGE('',*,*,#3497,.F.);
#4831=ORIENTED_EDGE('',*,*,#3498,.F.);
#4832=ORIENTED_EDGE('',*,*,#3499,.T.);
#4833=ORIENTED_EDGE('',*,*,#3500,.T.);
#4834=ORIENTED_EDGE('',*,*,#3495,.F.);
#4835=ORIENTED_EDGE('',*,*,#3501,.F.);
#4836=ORIENTED_EDGE('',*,*,#3502,.T.);
#4837=ORIENTED_EDGE('',*,*,#3503,.T.);
#4838=ORIENTED_EDGE('',*,*,#3499,.F.);
#4839=ORIENTED_EDGE('',*,*,#3504,.F.);
#4840=ORIENTED_EDGE('',*,*,#3505,.T.);
#4841=ORIENTED_EDGE('',*,*,#3506,.T.);
#4842=ORIENTED_EDGE('',*,*,#3502,.F.);
#4843=ORIENTED_EDGE('',*,*,#3507,.F.);
#4844=ORIENTED_EDGE('',*,*,#3508,.T.);
#4845=ORIENTED_EDGE('',*,*,#3509,.T.);
#4846=ORIENTED_EDGE('',*,*,#3505,.F.);
#4847=ORIENTED_EDGE('',*,*,#3510,.F.);
#4848=ORIENTED_EDGE('',*,*,#3511,.T.);
#4849=ORIENTED_EDGE('',*,*,#3512,.T.);
#4850=ORIENTED_EDGE('',*,*,#3508,.F.);
#4851=ORIENTED_EDGE('',*,*,#3513,.F.);
#4852=ORIENTED_EDGE('',*,*,#3514,.T.);
#4853=ORIENTED_EDGE('',*,*,#3515,.T.);
#4854=ORIENTED_EDGE('',*,*,#3511,.F.);
#4855=ORIENTED_EDGE('',*,*,#3516,.F.);
#4856=ORIENTED_EDGE('',*,*,#3517,.T.);
#4857=ORIENTED_EDGE('',*,*,#3518,.T.);
#4858=ORIENTED_EDGE('',*,*,#3514,.F.);
#4859=ORIENTED_EDGE('',*,*,#3519,.F.);
#4860=ORIENTED_EDGE('',*,*,#3520,.T.);
#4861=ORIENTED_EDGE('',*,*,#3521,.T.);
#4862=ORIENTED_EDGE('',*,*,#3517,.F.);
#4863=ORIENTED_EDGE('',*,*,#3522,.F.);
#4864=ORIENTED_EDGE('',*,*,#3523,.T.);
#4865=ORIENTED_EDGE('',*,*,#3524,.T.);
#4866=ORIENTED_EDGE('',*,*,#3520,.F.);
#4867=ORIENTED_EDGE('',*,*,#3525,.F.);
#4868=ORIENTED_EDGE('',*,*,#3526,.T.);
#4869=ORIENTED_EDGE('',*,*,#3527,.T.);
#4870=ORIENTED_EDGE('',*,*,#3523,.F.);
#4871=ORIENTED_EDGE('',*,*,#3528,.F.);
#4872=ORIENTED_EDGE('',*,*,#3497,.T.);
#4873=ORIENTED_EDGE('',*,*,#3529,.T.);
#4874=ORIENTED_EDGE('',*,*,#3526,.F.);
#4875=ORIENTED_EDGE('',*,*,#3529,.F.);
#4876=ORIENTED_EDGE('',*,*,#3496,.F.);
#4877=ORIENTED_EDGE('',*,*,#3500,.F.);
#4878=ORIENTED_EDGE('',*,*,#3503,.F.);
#4879=ORIENTED_EDGE('',*,*,#3506,.F.);
#4880=ORIENTED_EDGE('',*,*,#3509,.F.);
#4881=ORIENTED_EDGE('',*,*,#3512,.F.);
#4882=ORIENTED_EDGE('',*,*,#3515,.F.);
#4883=ORIENTED_EDGE('',*,*,#3518,.F.);
#4884=ORIENTED_EDGE('',*,*,#3521,.F.);
#4885=ORIENTED_EDGE('',*,*,#3524,.F.);
#4886=ORIENTED_EDGE('',*,*,#3527,.F.);
#4887=ORIENTED_EDGE('',*,*,#3530,.T.);
#4888=ORIENTED_EDGE('',*,*,#3531,.T.);
#4889=ORIENTED_EDGE('',*,*,#3532,.T.);
#4890=ORIENTED_EDGE('',*,*,#3533,.T.);
#4891=ORIENTED_EDGE('',*,*,#3531,.F.);
#4892=ORIENTED_EDGE('',*,*,#3533,.F.);
#4893=ORIENTED_EDGE('',*,*,#3534,.T.);
#4894=ORIENTED_EDGE('',*,*,#3493,.F.);
#4895=ORIENTED_EDGE('',*,*,#3534,.F.);
#4896=ORIENTED_EDGE('',*,*,#3532,.F.);
#4897=ORIENTED_EDGE('',*,*,#3530,.F.);
#4898=ORIENTED_EDGE('',*,*,#3494,.T.);
#4899=ORIENTED_EDGE('',*,*,#3528,.T.);
#4900=ORIENTED_EDGE('',*,*,#3525,.T.);
#4901=ORIENTED_EDGE('',*,*,#3522,.T.);
#4902=ORIENTED_EDGE('',*,*,#3519,.T.);
#4903=ORIENTED_EDGE('',*,*,#3516,.T.);
#4904=ORIENTED_EDGE('',*,*,#3513,.T.);
#4905=ORIENTED_EDGE('',*,*,#3510,.T.);
#4906=ORIENTED_EDGE('',*,*,#3507,.T.);
#4907=ORIENTED_EDGE('',*,*,#3504,.T.);
#4908=ORIENTED_EDGE('',*,*,#3501,.T.);
#4909=ORIENTED_EDGE('',*,*,#3498,.T.);
#4910=ORIENTED_EDGE('',*,*,#3483,.F.);
#4911=ORIENTED_EDGE('',*,*,#3492,.T.);
#4912=ORIENTED_EDGE('',*,*,#3476,.F.);
#4913=ORIENTED_EDGE('',*,*,#3474,.F.);
#4914=ORIENTED_EDGE('',*,*,#3470,.F.);
#4915=ORIENTED_EDGE('',*,*,#3535,.F.);
#4916=ORIENTED_EDGE('',*,*,#3536,.F.);
#4917=ORIENTED_EDGE('',*,*,#3475,.F.);
#4918=ORIENTED_EDGE('',*,*,#3490,.F.);
#4919=ORIENTED_EDGE('',*,*,#3536,.T.);
#4920=ORIENTED_EDGE('',*,*,#3537,.T.);
#4921=ORIENTED_EDGE('',*,*,#2948,.T.);
#4922=ORIENTED_EDGE('',*,*,#3538,.T.);
#4923=ORIENTED_EDGE('',*,*,#3539,.T.);
#4924=ORIENTED_EDGE('',*,*,#3540,.T.);
#4925=ORIENTED_EDGE('',*,*,#3541,.T.);
#4926=ORIENTED_EDGE('',*,*,#3540,.F.);
#4927=ORIENTED_EDGE('',*,*,#3542,.F.);
#4928=ORIENTED_EDGE('',*,*,#3543,.F.);
#4929=ORIENTED_EDGE('',*,*,#3544,.F.);
#4930=ORIENTED_EDGE('',*,*,#3545,.F.);
#4931=ORIENTED_EDGE('',*,*,#3546,.T.);
#4932=ORIENTED_EDGE('',*,*,#3539,.F.);
#4933=ORIENTED_EDGE('',*,*,#3547,.T.);
#4934=ORIENTED_EDGE('',*,*,#3548,.F.);
#4935=ORIENTED_EDGE('',*,*,#3542,.T.);
#4936=ORIENTED_EDGE('',*,*,#3543,.T.);
#4937=ORIENTED_EDGE('',*,*,#3548,.T.);
#4938=ORIENTED_EDGE('',*,*,#3549,.T.);
#4939=ORIENTED_EDGE('',*,*,#3550,.T.);
#4940=ORIENTED_EDGE('',*,*,#3550,.F.);
#4941=ORIENTED_EDGE('',*,*,#3551,.F.);
#4942=ORIENTED_EDGE('',*,*,#3552,.F.);
#4943=ORIENTED_EDGE('',*,*,#3544,.T.);
#4944=ORIENTED_EDGE('',*,*,#3538,.F.);
#4945=ORIENTED_EDGE('',*,*,#3553,.F.);
#4946=ORIENTED_EDGE('',*,*,#3554,.F.);
#4947=ORIENTED_EDGE('',*,*,#3551,.T.);
#4948=ORIENTED_EDGE('',*,*,#3549,.F.);
#4949=ORIENTED_EDGE('',*,*,#3547,.F.);
#4950=ORIENTED_EDGE('',*,*,#3541,.F.);
#4951=ORIENTED_EDGE('',*,*,#3546,.F.);
#4952=ORIENTED_EDGE('',*,*,#3555,.F.);
#4953=ORIENTED_EDGE('',*,*,#3553,.T.);
#4954=ORIENTED_EDGE('',*,*,#3556,.F.);
#4955=ORIENTED_EDGE('',*,*,#3557,.F.);
#4956=ORIENTED_EDGE('',*,*,#3558,.F.);
#4957=ORIENTED_EDGE('',*,*,#3559,.F.);
#4958=ORIENTED_EDGE('',*,*,#3560,.F.);
#4959=ORIENTED_EDGE('',*,*,#3561,.F.);
#4960=ORIENTED_EDGE('',*,*,#3562,.T.);
#4961=ORIENTED_EDGE('',*,*,#3563,.T.);
#4962=ORIENTED_EDGE('',*,*,#3560,.T.);
#4963=ORIENTED_EDGE('',*,*,#2970,.T.);
#4964=ORIENTED_EDGE('',*,*,#3562,.F.);
#4965=ORIENTED_EDGE('',*,*,#3564,.T.);
#4966=ORIENTED_EDGE('',*,*,#3565,.T.);
#4967=ORIENTED_EDGE('',*,*,#3561,.T.);
#4968=ORIENTED_EDGE('',*,*,#3566,.T.);
#4969=ORIENTED_EDGE('',*,*,#3557,.T.);
#4970=ORIENTED_EDGE('',*,*,#3567,.T.);
#4971=ORIENTED_EDGE('',*,*,#3568,.T.);
#4972=ORIENTED_EDGE('',*,*,#3556,.T.);
#4973=ORIENTED_EDGE('',*,*,#2951,.T.);
#4974=ORIENTED_EDGE('',*,*,#3569,.T.);
#4975=ORIENTED_EDGE('',*,*,#2971,.T.);
#4976=ORIENTED_EDGE('',*,*,#3559,.T.);
#4977=ORIENTED_EDGE('',*,*,#3570,.T.);
#4978=ORIENTED_EDGE('',*,*,#3571,.T.);
#4979=ORIENTED_EDGE('',*,*,#3572,.F.);
#4980=ORIENTED_EDGE('',*,*,#3537,.F.);
#4981=ORIENTED_EDGE('',*,*,#3573,.F.);
#4982=ORIENTED_EDGE('',*,*,#3471,.F.);
#4983=ORIENTED_EDGE('',*,*,#2973,.T.);
#4984=ORIENTED_EDGE('',*,*,#3574,.T.);
#4985=ORIENTED_EDGE('',*,*,#3575,.T.);
#4986=ORIENTED_EDGE('',*,*,#3472,.F.);
#4987=ORIENTED_EDGE('',*,*,#3576,.T.);
#4988=ORIENTED_EDGE('',*,*,#3573,.T.);
#4989=ORIENTED_EDGE('',*,*,#3535,.T.);
#4990=ORIENTED_EDGE('',*,*,#2949,.T.);
#4991=ORIENTED_EDGE('',*,*,#3572,.T.);
#4992=ORIENTED_EDGE('',*,*,#3577,.T.);
#4993=ORIENTED_EDGE('',*,*,#3578,.T.);
#4994=ORIENTED_EDGE('',*,*,#3579,.T.);
#4995=ORIENTED_EDGE('',*,*,#3574,.F.);
#4996=ORIENTED_EDGE('',*,*,#2972,.T.);
#4997=ORIENTED_EDGE('',*,*,#3571,.F.);
#4998=ORIENTED_EDGE('',*,*,#2950,.T.);
#4999=ORIENTED_EDGE('',*,*,#3578,.F.);
#5000=ORIENTED_EDGE('',*,*,#3580,.T.);
#5001=ORIENTED_EDGE('',*,*,#3569,.F.);
#5002=ORIENTED_EDGE('',*,*,#3581,.T.);
#5003=ORIENTED_EDGE('',*,*,#3582,.T.);
#5004=ORIENTED_EDGE('',*,*,#3583,.T.);
#5005=ORIENTED_EDGE('',*,*,#3581,.F.);
#5006=ORIENTED_EDGE('',*,*,#2952,.T.);
#5007=ORIENTED_EDGE('',*,*,#3558,.T.);
#5008=ORIENTED_EDGE('',*,*,#3584,.T.);
#5009=ORIENTED_EDGE('',*,*,#3577,.F.);
#5010=ORIENTED_EDGE('',*,*,#3576,.F.);
#5011=ORIENTED_EDGE('',*,*,#3575,.F.);
#5012=ORIENTED_EDGE('',*,*,#3585,.T.);
#5013=ORIENTED_EDGE('',*,*,#3580,.F.);
#5014=ORIENTED_EDGE('',*,*,#3585,.F.);
#5015=ORIENTED_EDGE('',*,*,#3579,.F.);
#5016=ORIENTED_EDGE('',*,*,#3586,.F.);
#5017=ORIENTED_EDGE('',*,*,#3587,.T.);
#5018=ORIENTED_EDGE('',*,*,#2916,.F.);
#5019=ORIENTED_EDGE('',*,*,#3588,.T.);
#5020=ORIENTED_EDGE('',*,*,#2963,.T.);
#5021=ORIENTED_EDGE('',*,*,#2922,.F.);
#5022=ORIENTED_EDGE('',*,*,#3583,.F.);
#5023=ORIENTED_EDGE('',*,*,#3589,.T.);
#5024=ORIENTED_EDGE('',*,*,#3590,.T.);
#5025=ORIENTED_EDGE('',*,*,#2953,.T.);
#5026=ORIENTED_EDGE('',*,*,#3591,.F.);
#5027=ORIENTED_EDGE('',*,*,#3592,.T.);
#5028=ORIENTED_EDGE('',*,*,#3593,.T.);
#5029=ORIENTED_EDGE('',*,*,#3594,.F.);
#5030=ORIENTED_EDGE('',*,*,#3595,.F.);
#5031=ORIENTED_EDGE('',*,*,#3596,.T.);
#5032=ORIENTED_EDGE('',*,*,#3597,.T.);
#5033=ORIENTED_EDGE('',*,*,#3592,.F.);
#5034=ORIENTED_EDGE('',*,*,#3598,.F.);
#5035=ORIENTED_EDGE('',*,*,#3599,.T.);
#5036=ORIENTED_EDGE('',*,*,#3600,.T.);
#5037=ORIENTED_EDGE('',*,*,#3596,.F.);
#5038=ORIENTED_EDGE('',*,*,#3601,.F.);
#5039=ORIENTED_EDGE('',*,*,#3602,.T.);
#5040=ORIENTED_EDGE('',*,*,#3603,.T.);
#5041=ORIENTED_EDGE('',*,*,#3599,.F.);
#5042=ORIENTED_EDGE('',*,*,#3604,.F.);
#5043=ORIENTED_EDGE('',*,*,#3605,.T.);
#5044=ORIENTED_EDGE('',*,*,#3606,.T.);
#5045=ORIENTED_EDGE('',*,*,#3602,.F.);
#5046=ORIENTED_EDGE('',*,*,#3607,.F.);
#5047=ORIENTED_EDGE('',*,*,#3608,.T.);
#5048=ORIENTED_EDGE('',*,*,#3609,.T.);
#5049=ORIENTED_EDGE('',*,*,#3605,.F.);
#5050=ORIENTED_EDGE('',*,*,#3610,.F.);
#5051=ORIENTED_EDGE('',*,*,#3611,.T.);
#5052=ORIENTED_EDGE('',*,*,#3612,.T.);
#5053=ORIENTED_EDGE('',*,*,#3608,.F.);
#5054=ORIENTED_EDGE('',*,*,#3613,.F.);
#5055=ORIENTED_EDGE('',*,*,#3614,.T.);
#5056=ORIENTED_EDGE('',*,*,#3615,.T.);
#5057=ORIENTED_EDGE('',*,*,#3611,.F.);
#5058=ORIENTED_EDGE('',*,*,#3616,.F.);
#5059=ORIENTED_EDGE('',*,*,#3617,.T.);
#5060=ORIENTED_EDGE('',*,*,#3618,.T.);
#5061=ORIENTED_EDGE('',*,*,#3614,.F.);
#5062=ORIENTED_EDGE('',*,*,#3619,.F.);
#5063=ORIENTED_EDGE('',*,*,#3620,.T.);
#5064=ORIENTED_EDGE('',*,*,#3621,.T.);
#5065=ORIENTED_EDGE('',*,*,#3617,.F.);
#5066=ORIENTED_EDGE('',*,*,#3622,.F.);
#5067=ORIENTED_EDGE('',*,*,#3623,.T.);
#5068=ORIENTED_EDGE('',*,*,#3624,.T.);
#5069=ORIENTED_EDGE('',*,*,#3620,.F.);
#5070=ORIENTED_EDGE('',*,*,#3625,.F.);
#5071=ORIENTED_EDGE('',*,*,#3594,.T.);
#5072=ORIENTED_EDGE('',*,*,#3626,.T.);
#5073=ORIENTED_EDGE('',*,*,#3623,.F.);
#5074=ORIENTED_EDGE('',*,*,#3626,.F.);
#5075=ORIENTED_EDGE('',*,*,#3593,.F.);
#5076=ORIENTED_EDGE('',*,*,#3597,.F.);
#5077=ORIENTED_EDGE('',*,*,#3600,.F.);
#5078=ORIENTED_EDGE('',*,*,#3603,.F.);
#5079=ORIENTED_EDGE('',*,*,#3606,.F.);
#5080=ORIENTED_EDGE('',*,*,#3609,.F.);
#5081=ORIENTED_EDGE('',*,*,#3612,.F.);
#5082=ORIENTED_EDGE('',*,*,#3615,.F.);
#5083=ORIENTED_EDGE('',*,*,#3618,.F.);
#5084=ORIENTED_EDGE('',*,*,#3621,.F.);
#5085=ORIENTED_EDGE('',*,*,#3624,.F.);
#5086=ORIENTED_EDGE('',*,*,#3627,.T.);
#5087=ORIENTED_EDGE('',*,*,#3628,.T.);
#5088=ORIENTED_EDGE('',*,*,#3629,.T.);
#5089=ORIENTED_EDGE('',*,*,#3630,.T.);
#5090=ORIENTED_EDGE('',*,*,#3628,.F.);
#5091=ORIENTED_EDGE('',*,*,#3630,.F.);
#5092=ORIENTED_EDGE('',*,*,#3631,.T.);
#5093=ORIENTED_EDGE('',*,*,#3587,.F.);
#5094=ORIENTED_EDGE('',*,*,#3631,.F.);
#5095=ORIENTED_EDGE('',*,*,#3629,.F.);
#5096=ORIENTED_EDGE('',*,*,#3627,.F.);
#5097=ORIENTED_EDGE('',*,*,#3591,.T.);
#5098=ORIENTED_EDGE('',*,*,#3625,.T.);
#5099=ORIENTED_EDGE('',*,*,#3622,.T.);
#5100=ORIENTED_EDGE('',*,*,#3619,.T.);
#5101=ORIENTED_EDGE('',*,*,#3616,.T.);
#5102=ORIENTED_EDGE('',*,*,#3613,.T.);
#5103=ORIENTED_EDGE('',*,*,#3610,.T.);
#5104=ORIENTED_EDGE('',*,*,#3607,.T.);
#5105=ORIENTED_EDGE('',*,*,#3604,.T.);
#5106=ORIENTED_EDGE('',*,*,#3601,.T.);
#5107=ORIENTED_EDGE('',*,*,#3598,.T.);
#5108=ORIENTED_EDGE('',*,*,#3595,.T.);
#5109=ORIENTED_EDGE('',*,*,#3568,.F.);
#5110=ORIENTED_EDGE('',*,*,#3586,.T.);
#5111=ORIENTED_EDGE('',*,*,#3570,.F.);
#5112=ORIENTED_EDGE('',*,*,#3567,.F.);
#5113=ORIENTED_EDGE('',*,*,#3563,.F.);
#5114=ORIENTED_EDGE('',*,*,#3632,.F.);
#5115=ORIENTED_EDGE('',*,*,#3584,.F.);
#5116=ORIENTED_EDGE('',*,*,#3566,.F.);
#5117=ORIENTED_EDGE('',*,*,#3633,.T.);
#5118=ORIENTED_EDGE('',*,*,#3634,.T.);
#5119=ORIENTED_EDGE('',*,*,#3635,.T.);
#5120=ORIENTED_EDGE('',*,*,#3636,.T.);
#5121=ORIENTED_EDGE('',*,*,#3635,.F.);
#5122=ORIENTED_EDGE('',*,*,#3637,.F.);
#5123=ORIENTED_EDGE('',*,*,#3638,.F.);
#5124=ORIENTED_EDGE('',*,*,#3639,.F.);
#5125=ORIENTED_EDGE('',*,*,#3640,.F.);
#5126=ORIENTED_EDGE('',*,*,#3641,.T.);
#5127=ORIENTED_EDGE('',*,*,#3634,.F.);
#5128=ORIENTED_EDGE('',*,*,#3642,.T.);
#5129=ORIENTED_EDGE('',*,*,#3643,.F.);
#5130=ORIENTED_EDGE('',*,*,#3637,.T.);
#5131=ORIENTED_EDGE('',*,*,#3638,.T.);
#5132=ORIENTED_EDGE('',*,*,#3643,.T.);
#5133=ORIENTED_EDGE('',*,*,#3644,.T.);
#5134=ORIENTED_EDGE('',*,*,#3645,.T.);
#5135=ORIENTED_EDGE('',*,*,#3645,.F.);
#5136=ORIENTED_EDGE('',*,*,#3646,.F.);
#5137=ORIENTED_EDGE('',*,*,#3647,.F.);
#5138=ORIENTED_EDGE('',*,*,#3639,.T.);
#5139=ORIENTED_EDGE('',*,*,#3633,.F.);
#5140=ORIENTED_EDGE('',*,*,#3648,.F.);
#5141=ORIENTED_EDGE('',*,*,#3649,.F.);
#5142=ORIENTED_EDGE('',*,*,#3646,.T.);
#5143=ORIENTED_EDGE('',*,*,#3644,.F.);
#5144=ORIENTED_EDGE('',*,*,#3642,.F.);
#5145=ORIENTED_EDGE('',*,*,#3636,.F.);
#5146=ORIENTED_EDGE('',*,*,#3641,.F.);
#5147=ORIENTED_EDGE('',*,*,#3650,.F.);
#5148=ORIENTED_EDGE('',*,*,#3648,.T.);
#5149=ORIENTED_EDGE('',*,*,#3014,.F.);
#5150=ORIENTED_EDGE('',*,*,#3651,.F.);
#5151=ORIENTED_EDGE('',*,*,#3652,.F.);
#5152=ORIENTED_EDGE('',*,*,#3653,.F.);
#5153=ORIENTED_EDGE('',*,*,#3011,.F.);
#5154=ORIENTED_EDGE('',*,*,#3654,.F.);
#5155=ORIENTED_EDGE('',*,*,#3654,.T.);
#5156=ORIENTED_EDGE('',*,*,#3013,.T.);
#5157=ORIENTED_EDGE('',*,*,#3652,.T.);
#5158=ORIENTED_EDGE('',*,*,#3655,.T.);
#5159=ORIENTED_EDGE('',*,*,#3656,.T.);
#5160=ORIENTED_EDGE('',*,*,#3651,.T.);
#5161=ORIENTED_EDGE('',*,*,#2955,.T.);
#5162=ORIENTED_EDGE('',*,*,#3657,.T.);
#5163=ORIENTED_EDGE('',*,*,#2967,.T.);
#5164=ORIENTED_EDGE('',*,*,#3653,.T.);
#5165=ORIENTED_EDGE('',*,*,#3658,.T.);
#5166=ORIENTED_EDGE('',*,*,#3659,.T.);
#5167=ORIENTED_EDGE('',*,*,#3565,.F.);
#5168=ORIENTED_EDGE('',*,*,#3660,.T.);
#5169=ORIENTED_EDGE('',*,*,#3582,.F.);
#5170=ORIENTED_EDGE('',*,*,#3632,.T.);
#5171=ORIENTED_EDGE('',*,*,#3564,.F.);
#5172=ORIENTED_EDGE('',*,*,#2969,.T.);
#5173=ORIENTED_EDGE('',*,*,#3661,.T.);
#5174=ORIENTED_EDGE('',*,*,#3662,.T.);
#5175=ORIENTED_EDGE('',*,*,#3663,.T.);
#5176=ORIENTED_EDGE('',*,*,#3661,.F.);
#5177=ORIENTED_EDGE('',*,*,#2968,.T.);
#5178=ORIENTED_EDGE('',*,*,#3659,.F.);
#5179=ORIENTED_EDGE('',*,*,#2954,.T.);
#5180=ORIENTED_EDGE('',*,*,#3590,.F.);
#5181=ORIENTED_EDGE('',*,*,#3664,.T.);
#5182=ORIENTED_EDGE('',*,*,#3657,.F.);
#5183=ORIENTED_EDGE('',*,*,#3664,.F.);
#5184=ORIENTED_EDGE('',*,*,#3665,.F.);
#5185=ORIENTED_EDGE('',*,*,#3663,.F.);
#5186=ORIENTED_EDGE('',*,*,#3666,.F.);
#5187=ORIENTED_EDGE('',*,*,#3667,.T.);
#5188=ORIENTED_EDGE('',*,*,#3589,.F.);
#5189=ORIENTED_EDGE('',*,*,#3660,.F.);
#5190=ORIENTED_EDGE('',*,*,#3662,.F.);
#5191=ORIENTED_EDGE('',*,*,#3665,.T.);
#5192=ORIENTED_EDGE('',*,*,#2999,.F.);
#5193=ORIENTED_EDGE('',*,*,#3668,.T.);
#5194=ORIENTED_EDGE('',*,*,#3007,.F.);
#5195=ORIENTED_EDGE('',*,*,#3004,.F.);
#5196=ORIENTED_EDGE('',*,*,#3669,.F.);
#5197=ORIENTED_EDGE('',*,*,#3670,.T.);
#5198=ORIENTED_EDGE('',*,*,#3671,.T.);
#5199=ORIENTED_EDGE('',*,*,#3672,.F.);
#5200=ORIENTED_EDGE('',*,*,#3673,.F.);
#5201=ORIENTED_EDGE('',*,*,#3674,.T.);
#5202=ORIENTED_EDGE('',*,*,#3675,.T.);
#5203=ORIENTED_EDGE('',*,*,#3670,.F.);
#5204=ORIENTED_EDGE('',*,*,#3676,.F.);
#5205=ORIENTED_EDGE('',*,*,#3677,.T.);
#5206=ORIENTED_EDGE('',*,*,#3678,.T.);
#5207=ORIENTED_EDGE('',*,*,#3674,.F.);
#5208=ORIENTED_EDGE('',*,*,#3679,.F.);
#5209=ORIENTED_EDGE('',*,*,#3680,.T.);
#5210=ORIENTED_EDGE('',*,*,#3681,.T.);
#5211=ORIENTED_EDGE('',*,*,#3677,.F.);
#5212=ORIENTED_EDGE('',*,*,#3682,.F.);
#5213=ORIENTED_EDGE('',*,*,#3683,.T.);
#5214=ORIENTED_EDGE('',*,*,#3684,.T.);
#5215=ORIENTED_EDGE('',*,*,#3680,.F.);
#5216=ORIENTED_EDGE('',*,*,#3685,.F.);
#5217=ORIENTED_EDGE('',*,*,#3686,.T.);
#5218=ORIENTED_EDGE('',*,*,#3687,.T.);
#5219=ORIENTED_EDGE('',*,*,#3683,.F.);
#5220=ORIENTED_EDGE('',*,*,#3688,.F.);
#5221=ORIENTED_EDGE('',*,*,#3689,.T.);
#5222=ORIENTED_EDGE('',*,*,#3690,.T.);
#5223=ORIENTED_EDGE('',*,*,#3686,.F.);
#5224=ORIENTED_EDGE('',*,*,#3691,.F.);
#5225=ORIENTED_EDGE('',*,*,#3692,.T.);
#5226=ORIENTED_EDGE('',*,*,#3693,.T.);
#5227=ORIENTED_EDGE('',*,*,#3689,.F.);
#5228=ORIENTED_EDGE('',*,*,#3694,.F.);
#5229=ORIENTED_EDGE('',*,*,#3695,.T.);
#5230=ORIENTED_EDGE('',*,*,#3696,.T.);
#5231=ORIENTED_EDGE('',*,*,#3692,.F.);
#5232=ORIENTED_EDGE('',*,*,#3697,.F.);
#5233=ORIENTED_EDGE('',*,*,#3698,.T.);
#5234=ORIENTED_EDGE('',*,*,#3699,.T.);
#5235=ORIENTED_EDGE('',*,*,#3695,.F.);
#5236=ORIENTED_EDGE('',*,*,#3700,.F.);
#5237=ORIENTED_EDGE('',*,*,#3701,.T.);
#5238=ORIENTED_EDGE('',*,*,#3702,.T.);
#5239=ORIENTED_EDGE('',*,*,#3698,.F.);
#5240=ORIENTED_EDGE('',*,*,#3703,.F.);
#5241=ORIENTED_EDGE('',*,*,#3672,.T.);
#5242=ORIENTED_EDGE('',*,*,#3704,.T.);
#5243=ORIENTED_EDGE('',*,*,#3701,.F.);
#5244=ORIENTED_EDGE('',*,*,#3704,.F.);
#5245=ORIENTED_EDGE('',*,*,#3671,.F.);
#5246=ORIENTED_EDGE('',*,*,#3675,.F.);
#5247=ORIENTED_EDGE('',*,*,#3678,.F.);
#5248=ORIENTED_EDGE('',*,*,#3681,.F.);
#5249=ORIENTED_EDGE('',*,*,#3684,.F.);
#5250=ORIENTED_EDGE('',*,*,#3687,.F.);
#5251=ORIENTED_EDGE('',*,*,#3690,.F.);
#5252=ORIENTED_EDGE('',*,*,#3693,.F.);
#5253=ORIENTED_EDGE('',*,*,#3696,.F.);
#5254=ORIENTED_EDGE('',*,*,#3699,.F.);
#5255=ORIENTED_EDGE('',*,*,#3702,.F.);
#5256=ORIENTED_EDGE('',*,*,#3705,.T.);
#5257=ORIENTED_EDGE('',*,*,#3706,.T.);
#5258=ORIENTED_EDGE('',*,*,#3707,.T.);
#5259=ORIENTED_EDGE('',*,*,#3708,.T.);
#5260=ORIENTED_EDGE('',*,*,#3706,.F.);
#5261=ORIENTED_EDGE('',*,*,#3708,.F.);
#5262=ORIENTED_EDGE('',*,*,#3709,.T.);
#5263=ORIENTED_EDGE('',*,*,#3667,.F.);
#5264=ORIENTED_EDGE('',*,*,#3709,.F.);
#5265=ORIENTED_EDGE('',*,*,#3707,.F.);
#5266=ORIENTED_EDGE('',*,*,#3705,.F.);
#5267=ORIENTED_EDGE('',*,*,#3669,.T.);
#5268=ORIENTED_EDGE('',*,*,#3703,.T.);
#5269=ORIENTED_EDGE('',*,*,#3700,.T.);
#5270=ORIENTED_EDGE('',*,*,#3697,.T.);
#5271=ORIENTED_EDGE('',*,*,#3694,.T.);
#5272=ORIENTED_EDGE('',*,*,#3691,.T.);
#5273=ORIENTED_EDGE('',*,*,#3688,.T.);
#5274=ORIENTED_EDGE('',*,*,#3685,.T.);
#5275=ORIENTED_EDGE('',*,*,#3682,.T.);
#5276=ORIENTED_EDGE('',*,*,#3679,.T.);
#5277=ORIENTED_EDGE('',*,*,#3676,.T.);
#5278=ORIENTED_EDGE('',*,*,#3673,.T.);
#5279=ORIENTED_EDGE('',*,*,#3656,.F.);
#5280=ORIENTED_EDGE('',*,*,#3666,.T.);
#5281=ORIENTED_EDGE('',*,*,#3658,.F.);
#5282=ORIENTED_EDGE('',*,*,#3655,.F.);
#5283=ORIENTED_EDGE('',*,*,#3710,.T.);
#5284=ORIENTED_EDGE('',*,*,#3711,.T.);
#5285=ORIENTED_EDGE('',*,*,#3712,.T.);
#5286=ORIENTED_EDGE('',*,*,#3713,.T.);
#5287=ORIENTED_EDGE('',*,*,#3712,.F.);
#5288=ORIENTED_EDGE('',*,*,#3714,.F.);
#5289=ORIENTED_EDGE('',*,*,#3715,.F.);
#5290=ORIENTED_EDGE('',*,*,#3716,.F.);
#5291=ORIENTED_EDGE('',*,*,#3717,.F.);
#5292=ORIENTED_EDGE('',*,*,#3718,.T.);
#5293=ORIENTED_EDGE('',*,*,#3711,.F.);
#5294=ORIENTED_EDGE('',*,*,#3719,.T.);
#5295=ORIENTED_EDGE('',*,*,#3720,.F.);
#5296=ORIENTED_EDGE('',*,*,#3714,.T.);
#5297=ORIENTED_EDGE('',*,*,#3715,.T.);
#5298=ORIENTED_EDGE('',*,*,#3720,.T.);
#5299=ORIENTED_EDGE('',*,*,#3721,.T.);
#5300=ORIENTED_EDGE('',*,*,#3722,.T.);
#5301=ORIENTED_EDGE('',*,*,#3722,.F.);
#5302=ORIENTED_EDGE('',*,*,#3723,.F.);
#5303=ORIENTED_EDGE('',*,*,#3724,.F.);
#5304=ORIENTED_EDGE('',*,*,#3716,.T.);
#5305=ORIENTED_EDGE('',*,*,#3710,.F.);
#5306=ORIENTED_EDGE('',*,*,#3725,.F.);
#5307=ORIENTED_EDGE('',*,*,#3726,.F.);
#5308=ORIENTED_EDGE('',*,*,#3723,.T.);
#5309=ORIENTED_EDGE('',*,*,#3721,.F.);
#5310=ORIENTED_EDGE('',*,*,#3719,.F.);
#5311=ORIENTED_EDGE('',*,*,#3713,.F.);
#5312=ORIENTED_EDGE('',*,*,#3718,.F.);
#5313=ORIENTED_EDGE('',*,*,#3727,.F.);
#5314=ORIENTED_EDGE('',*,*,#3725,.T.);
#5315=ORIENTED_EDGE('',*,*,#2915,.F.);
#5316=ORIENTED_EDGE('',*,*,#2958,.F.);
#5317=ORIENTED_EDGE('',*,*,#3005,.F.);
#5318=ORIENTED_EDGE('',*,*,#3668,.F.);
#5319=ORIENTED_EDGE('',*,*,#2998,.F.);
#5320=ORIENTED_EDGE('',*,*,#2964,.T.);
#5321=ORIENTED_EDGE('',*,*,#3588,.F.);
#5322=ORIENTED_EDGE('',*,*,#3095,.T.);
#5323=ORIENTED_EDGE('',*,*,#3102,.T.);
#5324=ORIENTED_EDGE('',*,*,#3104,.T.);
#5325=ORIENTED_EDGE('',*,*,#3105,.T.);
#5326=ORIENTED_EDGE('',*,*,#3185,.T.);
#5327=ORIENTED_EDGE('',*,*,#3192,.T.);
#5328=ORIENTED_EDGE('',*,*,#3194,.T.);
#5329=ORIENTED_EDGE('',*,*,#3195,.T.);
#5330=ORIENTED_EDGE('',*,*,#3275,.T.);
#5331=ORIENTED_EDGE('',*,*,#3282,.T.);
#5332=ORIENTED_EDGE('',*,*,#3284,.T.);
#5333=ORIENTED_EDGE('',*,*,#3285,.T.);
#5334=ORIENTED_EDGE('',*,*,#3365,.T.);
#5335=ORIENTED_EDGE('',*,*,#3372,.T.);
#5336=ORIENTED_EDGE('',*,*,#3374,.T.);
#5337=ORIENTED_EDGE('',*,*,#3375,.T.);
#5338=ORIENTED_EDGE('',*,*,#3455,.T.);
#5339=ORIENTED_EDGE('',*,*,#3462,.T.);
#5340=ORIENTED_EDGE('',*,*,#3464,.T.);
#5341=ORIENTED_EDGE('',*,*,#3465,.T.);
#5342=ORIENTED_EDGE('',*,*,#3545,.T.);
#5343=ORIENTED_EDGE('',*,*,#3552,.T.);
#5344=ORIENTED_EDGE('',*,*,#3554,.T.);
#5345=ORIENTED_EDGE('',*,*,#3555,.T.);
#5346=ORIENTED_EDGE('',*,*,#3640,.T.);
#5347=ORIENTED_EDGE('',*,*,#3647,.T.);
#5348=ORIENTED_EDGE('',*,*,#3649,.T.);
#5349=ORIENTED_EDGE('',*,*,#3650,.T.);
#5350=ORIENTED_EDGE('',*,*,#3717,.T.);
#5351=ORIENTED_EDGE('',*,*,#3724,.T.);
#5352=ORIENTED_EDGE('',*,*,#3726,.T.);
#5353=ORIENTED_EDGE('',*,*,#3727,.T.);
#5354=CYLINDRICAL_SURFACE('',#5820,0.5);
#5355=CYLINDRICAL_SURFACE('',#5823,0.5);
#5356=CYLINDRICAL_SURFACE('',#5829,0.5);
#5357=CYLINDRICAL_SURFACE('',#5833,0.5);
#5358=CYLINDRICAL_SURFACE('',#5836,0.5);
#5359=CYLINDRICAL_SURFACE('',#5839,0.5);
#5360=CYLINDRICAL_SURFACE('',#5846,0.5);
#5361=CYLINDRICAL_SURFACE('',#5849,0.5);
#5362=CYLINDRICAL_SURFACE('',#5855,0.5);
#5363=CYLINDRICAL_SURFACE('',#5860,0.5);
#5364=CYLINDRICAL_SURFACE('',#5862,0.5);
#5365=CYLINDRICAL_SURFACE('',#5864,0.5);
#5366=CYLINDRICAL_SURFACE('',#5867,0.5);
#5367=CYLINDRICAL_SURFACE('',#5869,0.5);
#5368=CYLINDRICAL_SURFACE('',#5870,0.5);
#5369=CYLINDRICAL_SURFACE('',#5873,0.5);
#5370=CYLINDRICAL_SURFACE('',#5876,0.5);
#5371=CYLINDRICAL_SURFACE('',#5901,4.);
#5372=CYLINDRICAL_SURFACE('',#5904,0.5);
#5373=CYLINDRICAL_SURFACE('',#5907,0.5);
#5374=CYLINDRICAL_SURFACE('',#5913,0.5);
#5375=CYLINDRICAL_SURFACE('',#5922,0.5);
#5376=CYLINDRICAL_SURFACE('',#5927,0.5);
#5377=CYLINDRICAL_SURFACE('',#5929,0.5);
#5378=CYLINDRICAL_SURFACE('',#5931,0.5);
#5379=CYLINDRICAL_SURFACE('',#5933,0.5);
#5380=CYLINDRICAL_SURFACE('',#5935,0.5);
#5381=CYLINDRICAL_SURFACE('',#5936,0.5);
#5382=CYLINDRICAL_SURFACE('',#5939,0.5);
#5383=CYLINDRICAL_SURFACE('',#5942,0.5);
#5384=CYLINDRICAL_SURFACE('',#5967,4.);
#5385=CYLINDRICAL_SURFACE('',#5970,0.5);
#5386=CYLINDRICAL_SURFACE('',#5973,0.5);
#5387=CYLINDRICAL_SURFACE('',#5979,0.5);
#5388=CYLINDRICAL_SURFACE('',#5988,0.5);
#5389=CYLINDRICAL_SURFACE('',#5993,0.5);
#5390=CYLINDRICAL_SURFACE('',#5995,0.5);
#5391=CYLINDRICAL_SURFACE('',#5997,0.5);
#5392=CYLINDRICAL_SURFACE('',#5999,0.5);
#5393=CYLINDRICAL_SURFACE('',#6001,0.5);
#5394=CYLINDRICAL_SURFACE('',#6002,0.5);
#5395=CYLINDRICAL_SURFACE('',#6005,0.5);
#5396=CYLINDRICAL_SURFACE('',#6008,0.5);
#5397=CYLINDRICAL_SURFACE('',#6033,4.);
#5398=CYLINDRICAL_SURFACE('',#6036,0.5);
#5399=CYLINDRICAL_SURFACE('',#6039,0.5);
#5400=CYLINDRICAL_SURFACE('',#6045,0.5);
#5401=CYLINDRICAL_SURFACE('',#6054,0.5);
#5402=CYLINDRICAL_SURFACE('',#6059,0.5);
#5403=CYLINDRICAL_SURFACE('',#6061,0.5);
#5404=CYLINDRICAL_SURFACE('',#6063,0.5);
#5405=CYLINDRICAL_SURFACE('',#6065,0.5);
#5406=CYLINDRICAL_SURFACE('',#6067,0.5);
#5407=CYLINDRICAL_SURFACE('',#6068,0.5);
#5408=CYLINDRICAL_SURFACE('',#6071,0.5);
#5409=CYLINDRICAL_SURFACE('',#6074,0.5);
#5410=CYLINDRICAL_SURFACE('',#6099,4.);
#5411=CYLINDRICAL_SURFACE('',#6102,0.5);
#5412=CYLINDRICAL_SURFACE('',#6105,0.5);
#5413=CYLINDRICAL_SURFACE('',#6111,0.5);
#5414=CYLINDRICAL_SURFACE('',#6120,0.5);
#5415=CYLINDRICAL_SURFACE('',#6125,0.5);
#5416=CYLINDRICAL_SURFACE('',#6127,0.5);
#5417=CYLINDRICAL_SURFACE('',#6129,0.5);
#5418=CYLINDRICAL_SURFACE('',#6131,0.5);
#5419=CYLINDRICAL_SURFACE('',#6133,0.5);
#5420=CYLINDRICAL_SURFACE('',#6134,0.5);
#5421=CYLINDRICAL_SURFACE('',#6137,0.5);
#5422=CYLINDRICAL_SURFACE('',#6140,0.5);
#5423=CYLINDRICAL_SURFACE('',#6165,4.);
#5424=CYLINDRICAL_SURFACE('',#6168,0.5);
#5425=CYLINDRICAL_SURFACE('',#6171,0.5);
#5426=CYLINDRICAL_SURFACE('',#6177,0.5);
#5427=CYLINDRICAL_SURFACE('',#6186,0.5);
#5428=CYLINDRICAL_SURFACE('',#6191,0.5);
#5429=CYLINDRICAL_SURFACE('',#6193,0.5);
#5430=CYLINDRICAL_SURFACE('',#6195,0.5);
#5431=CYLINDRICAL_SURFACE('',#6197,0.5);
#5432=CYLINDRICAL_SURFACE('',#6199,0.5);
#5433=CYLINDRICAL_SURFACE('',#6200,0.5);
#5434=CYLINDRICAL_SURFACE('',#6203,0.5);
#5435=CYLINDRICAL_SURFACE('',#6206,0.5);
#5436=CYLINDRICAL_SURFACE('',#6231,4.);
#5437=CYLINDRICAL_SURFACE('',#6235,0.5);
#5438=CYLINDRICAL_SURFACE('',#6237,0.5);
#5439=CYLINDRICAL_SURFACE('',#6243,0.5);
#5440=CYLINDRICAL_SURFACE('',#6256,0.5);
#5441=CYLINDRICAL_SURFACE('',#6261,0.5);
#5442=CYLINDRICAL_SURFACE('',#6262,0.5);
#5443=CYLINDRICAL_SURFACE('',#6264,0.5);
#5444=CYLINDRICAL_SURFACE('',#6269,0.5);
#5445=CYLINDRICAL_SURFACE('',#6271,0.5);
#5446=CYLINDRICAL_SURFACE('',#6272,0.5);
#5447=CYLINDRICAL_SURFACE('',#6274,0.5);
#5448=CYLINDRICAL_SURFACE('',#6275,0.5);
#5449=CYLINDRICAL_SURFACE('',#6280,0.5);
#5450=CYLINDRICAL_SURFACE('',#6285,0.5);
#5451=CYLINDRICAL_SURFACE('',#6305,4.);
#5452=CYLINDRICAL_SURFACE('',#6309,0.5);
#5453=CYLINDRICAL_SURFACE('',#6315,0.5);
#5454=CYLINDRICAL_SURFACE('',#6326,0.5);
#5455=CYLINDRICAL_SURFACE('',#6327,0.5);
#5456=CYLINDRICAL_SURFACE('',#6329,0.5);
#5457=CYLINDRICAL_SURFACE('',#6331,0.5);
#5458=CYLINDRICAL_SURFACE('',#6332,0.5);
#5459=CYLINDRICAL_SURFACE('',#6334,0.5);
#5460=CYLINDRICAL_SURFACE('',#6335,0.5);
#5461=CYLINDRICAL_SURFACE('',#6358,4.);
#5462=CYLINDRICAL_SURFACE('',#6361,0.5);
#5463=CYLINDRICAL_SURFACE('',#6367,0.5);
#5464=ADVANCED_FACE('',(#328),#5354,.T.);
#5465=ADVANCED_FACE('',(#329),#5355,.T.);
#5466=ADVANCED_FACE('',(#330),#294,.T.);
#5467=ADVANCED_FACE('',(#331),#104,.T.);
#5468=ADVANCED_FACE('',(#332),#5356,.T.);
#5469=ADVANCED_FACE('',(#333),#105,.T.);
#5470=ADVANCED_FACE('',(#334),#106,.T.);
#5471=ADVANCED_FACE('',(#335),#5357,.T.);
#5472=ADVANCED_FACE('',(#336),#5358,.T.);
#5473=ADVANCED_FACE('',(#337),#5359,.T.);
#5474=ADVANCED_FACE('',(#338),#295,.T.);
#5475=ADVANCED_FACE('',(#339),#296,.T.);
#5476=ADVANCED_FACE('',(#340),#5360,.T.);
#5477=ADVANCED_FACE('',(#341),#107,.T.);
#5478=ADVANCED_FACE('',(#342),#5361,.T.);
#5479=ADVANCED_FACE('',(#343),#297,.T.);
#5480=ADVANCED_FACE('',(#344),#5362,.T.);
#5481=ADVANCED_FACE('',(#345),#298,.T.);
#5482=ADVANCED_FACE('',(#346),#5363,.T.);
#5483=ADVANCED_FACE('',(#347),#5364,.T.);
#5484=ADVANCED_FACE('',(#348),#5365,.T.);
#5485=ADVANCED_FACE('',(#349),#5366,.T.);
#5486=ADVANCED_FACE('',(#350),#5367,.T.);
#5487=ADVANCED_FACE('',(#351),#5368,.T.);
#5488=ADVANCED_FACE('',(#352),#5369,.T.);
#5489=ADVANCED_FACE('',(#353),#5370,.T.);
#5490=ADVANCED_FACE('',(#354),#299,.T.);
#5491=ADVANCED_FACE('',(#355),#300,.T.);
#5492=ADVANCED_FACE('',(#356),#108,.F.);
#5493=ADVANCED_FACE('',(#357,#47),#109,.F.);
#5494=ADVANCED_FACE('',(#358),#110,.F.);
#5495=ADVANCED_FACE('',(#359),#111,.F.);
#5496=ADVANCED_FACE('',(#360),#112,.F.);
#5497=ADVANCED_FACE('',(#361),#113,.F.);
#5498=ADVANCED_FACE('',(#362),#114,.F.);
#5499=ADVANCED_FACE('',(#363),#115,.F.);
#5500=ADVANCED_FACE('',(#364),#116,.F.);
#5501=ADVANCED_FACE('',(#365),#117,.F.);
#5502=ADVANCED_FACE('',(#366),#118,.F.);
#5503=ADVANCED_FACE('',(#367),#119,.F.);
#5504=ADVANCED_FACE('',(#368),#120,.F.);
#5505=ADVANCED_FACE('',(#369),#121,.F.);
#5506=ADVANCED_FACE('',(#370),#122,.F.);
#5507=ADVANCED_FACE('',(#371),#14,.T.);
#5508=ADVANCED_FACE('',(#372),#5371,.T.);
#5509=ADVANCED_FACE('',(#373,#48),#123,.T.);
#5510=ADVANCED_FACE('',(#374),#124,.F.);
#5511=ADVANCED_FACE('',(#375),#5372,.T.);
#5512=ADVANCED_FACE('',(#376),#125,.T.);
#5513=ADVANCED_FACE('',(#377),#5373,.T.);
#5514=ADVANCED_FACE('',(#378),#126,.T.);
#5515=ADVANCED_FACE('',(#379),#127,.T.);
#5516=ADVANCED_FACE('',(#380),#5374,.T.);
#5517=ADVANCED_FACE('',(#381),#128,.T.);
#5518=ADVANCED_FACE('',(#382),#129,.T.);
#5519=ADVANCED_FACE('',(#383),#130,.T.);
#5520=ADVANCED_FACE('',(#384),#301,.T.);
#5521=ADVANCED_FACE('',(#385),#5375,.T.);
#5522=ADVANCED_FACE('',(#386),#302,.T.);
#5523=ADVANCED_FACE('',(#387),#5376,.T.);
#5524=ADVANCED_FACE('',(#388),#5377,.T.);
#5525=ADVANCED_FACE('',(#389),#5378,.T.);
#5526=ADVANCED_FACE('',(#390),#5379,.T.);
#5527=ADVANCED_FACE('',(#391),#5380,.T.);
#5528=ADVANCED_FACE('',(#392),#5381,.T.);
#5529=ADVANCED_FACE('',(#393),#5382,.T.);
#5530=ADVANCED_FACE('',(#394),#5383,.T.);
#5531=ADVANCED_FACE('',(#395),#303,.T.);
#5532=ADVANCED_FACE('',(#396),#304,.T.);
#5533=ADVANCED_FACE('',(#397),#131,.F.);
#5534=ADVANCED_FACE('',(#398,#49),#132,.F.);
#5535=ADVANCED_FACE('',(#399),#133,.F.);
#5536=ADVANCED_FACE('',(#400),#134,.F.);
#5537=ADVANCED_FACE('',(#401),#135,.F.);
#5538=ADVANCED_FACE('',(#402),#136,.F.);
#5539=ADVANCED_FACE('',(#403),#137,.F.);
#5540=ADVANCED_FACE('',(#404),#138,.F.);
#5541=ADVANCED_FACE('',(#405),#139,.F.);
#5542=ADVANCED_FACE('',(#406),#140,.F.);
#5543=ADVANCED_FACE('',(#407),#141,.F.);
#5544=ADVANCED_FACE('',(#408),#142,.F.);
#5545=ADVANCED_FACE('',(#409),#143,.F.);
#5546=ADVANCED_FACE('',(#410),#144,.F.);
#5547=ADVANCED_FACE('',(#411),#145,.F.);
#5548=ADVANCED_FACE('',(#412),#15,.T.);
#5549=ADVANCED_FACE('',(#413),#5384,.T.);
#5550=ADVANCED_FACE('',(#414,#50),#146,.T.);
#5551=ADVANCED_FACE('',(#415),#147,.F.);
#5552=ADVANCED_FACE('',(#416),#5385,.T.);
#5553=ADVANCED_FACE('',(#417),#148,.T.);
#5554=ADVANCED_FACE('',(#418),#5386,.T.);
#5555=ADVANCED_FACE('',(#419),#149,.T.);
#5556=ADVANCED_FACE('',(#420),#150,.T.);
#5557=ADVANCED_FACE('',(#421),#5387,.T.);
#5558=ADVANCED_FACE('',(#422),#151,.T.);
#5559=ADVANCED_FACE('',(#423),#152,.T.);
#5560=ADVANCED_FACE('',(#424),#153,.T.);
#5561=ADVANCED_FACE('',(#425),#305,.T.);
#5562=ADVANCED_FACE('',(#426),#5388,.T.);
#5563=ADVANCED_FACE('',(#427),#306,.T.);
#5564=ADVANCED_FACE('',(#428),#5389,.T.);
#5565=ADVANCED_FACE('',(#429),#5390,.T.);
#5566=ADVANCED_FACE('',(#430),#5391,.T.);
#5567=ADVANCED_FACE('',(#431),#5392,.T.);
#5568=ADVANCED_FACE('',(#432),#5393,.T.);
#5569=ADVANCED_FACE('',(#433),#5394,.T.);
#5570=ADVANCED_FACE('',(#434),#5395,.T.);
#5571=ADVANCED_FACE('',(#435),#5396,.T.);
#5572=ADVANCED_FACE('',(#436),#307,.T.);
#5573=ADVANCED_FACE('',(#437),#308,.T.);
#5574=ADVANCED_FACE('',(#438),#154,.F.);
#5575=ADVANCED_FACE('',(#439,#51),#155,.F.);
#5576=ADVANCED_FACE('',(#440),#156,.F.);
#5577=ADVANCED_FACE('',(#441),#157,.F.);
#5578=ADVANCED_FACE('',(#442),#158,.F.);
#5579=ADVANCED_FACE('',(#443),#159,.F.);
#5580=ADVANCED_FACE('',(#444),#160,.F.);
#5581=ADVANCED_FACE('',(#445),#161,.F.);
#5582=ADVANCED_FACE('',(#446),#162,.F.);
#5583=ADVANCED_FACE('',(#447),#163,.F.);
#5584=ADVANCED_FACE('',(#448),#164,.F.);
#5585=ADVANCED_FACE('',(#449),#165,.F.);
#5586=ADVANCED_FACE('',(#450),#166,.F.);
#5587=ADVANCED_FACE('',(#451),#167,.F.);
#5588=ADVANCED_FACE('',(#452),#168,.F.);
#5589=ADVANCED_FACE('',(#453),#16,.T.);
#5590=ADVANCED_FACE('',(#454),#5397,.T.);
#5591=ADVANCED_FACE('',(#455,#52),#169,.T.);
#5592=ADVANCED_FACE('',(#456),#170,.F.);
#5593=ADVANCED_FACE('',(#457),#5398,.T.);
#5594=ADVANCED_FACE('',(#458),#171,.T.);
#5595=ADVANCED_FACE('',(#459),#5399,.T.);
#5596=ADVANCED_FACE('',(#460),#172,.T.);
#5597=ADVANCED_FACE('',(#461),#173,.T.);
#5598=ADVANCED_FACE('',(#462),#5400,.T.);
#5599=ADVANCED_FACE('',(#463),#174,.T.);
#5600=ADVANCED_FACE('',(#464),#175,.T.);
#5601=ADVANCED_FACE('',(#465),#176,.T.);
#5602=ADVANCED_FACE('',(#466),#309,.T.);
#5603=ADVANCED_FACE('',(#467),#5401,.T.);
#5604=ADVANCED_FACE('',(#468),#310,.T.);
#5605=ADVANCED_FACE('',(#469),#5402,.T.);
#5606=ADVANCED_FACE('',(#470),#5403,.T.);
#5607=ADVANCED_FACE('',(#471),#5404,.T.);
#5608=ADVANCED_FACE('',(#472),#5405,.T.);
#5609=ADVANCED_FACE('',(#473),#5406,.T.);
#5610=ADVANCED_FACE('',(#474),#5407,.T.);
#5611=ADVANCED_FACE('',(#475),#5408,.T.);
#5612=ADVANCED_FACE('',(#476),#5409,.T.);
#5613=ADVANCED_FACE('',(#477),#311,.T.);
#5614=ADVANCED_FACE('',(#478),#312,.T.);
#5615=ADVANCED_FACE('',(#479),#177,.F.);
#5616=ADVANCED_FACE('',(#480,#53),#178,.F.);
#5617=ADVANCED_FACE('',(#481),#179,.F.);
#5618=ADVANCED_FACE('',(#482),#180,.F.);
#5619=ADVANCED_FACE('',(#483),#181,.F.);
#5620=ADVANCED_FACE('',(#484),#182,.F.);
#5621=ADVANCED_FACE('',(#485),#183,.F.);
#5622=ADVANCED_FACE('',(#486),#184,.F.);
#5623=ADVANCED_FACE('',(#487),#185,.F.);
#5624=ADVANCED_FACE('',(#488),#186,.F.);
#5625=ADVANCED_FACE('',(#489),#187,.F.);
#5626=ADVANCED_FACE('',(#490),#188,.F.);
#5627=ADVANCED_FACE('',(#491),#189,.F.);
#5628=ADVANCED_FACE('',(#492),#190,.F.);
#5629=ADVANCED_FACE('',(#493),#191,.F.);
#5630=ADVANCED_FACE('',(#494),#17,.T.);
#5631=ADVANCED_FACE('',(#495),#5410,.T.);
#5632=ADVANCED_FACE('',(#496,#54),#192,.T.);
#5633=ADVANCED_FACE('',(#497),#193,.F.);
#5634=ADVANCED_FACE('',(#498),#5411,.T.);
#5635=ADVANCED_FACE('',(#499),#194,.T.);
#5636=ADVANCED_FACE('',(#500),#5412,.T.);
#5637=ADVANCED_FACE('',(#501),#195,.T.);
#5638=ADVANCED_FACE('',(#502),#196,.T.);
#5639=ADVANCED_FACE('',(#503),#5413,.T.);
#5640=ADVANCED_FACE('',(#504),#197,.T.);
#5641=ADVANCED_FACE('',(#505),#198,.T.);
#5642=ADVANCED_FACE('',(#506),#199,.T.);
#5643=ADVANCED_FACE('',(#507),#313,.T.);
#5644=ADVANCED_FACE('',(#508),#5414,.T.);
#5645=ADVANCED_FACE('',(#509),#314,.T.);
#5646=ADVANCED_FACE('',(#510),#5415,.T.);
#5647=ADVANCED_FACE('',(#511),#5416,.T.);
#5648=ADVANCED_FACE('',(#512),#5417,.T.);
#5649=ADVANCED_FACE('',(#513),#5418,.T.);
#5650=ADVANCED_FACE('',(#514),#5419,.T.);
#5651=ADVANCED_FACE('',(#515),#5420,.T.);
#5652=ADVANCED_FACE('',(#516),#5421,.T.);
#5653=ADVANCED_FACE('',(#517),#5422,.T.);
#5654=ADVANCED_FACE('',(#518),#315,.T.);
#5655=ADVANCED_FACE('',(#519),#316,.T.);
#5656=ADVANCED_FACE('',(#520),#200,.F.);
#5657=ADVANCED_FACE('',(#521,#55),#201,.F.);
#5658=ADVANCED_FACE('',(#522),#202,.F.);
#5659=ADVANCED_FACE('',(#523),#203,.F.);
#5660=ADVANCED_FACE('',(#524),#204,.F.);
#5661=ADVANCED_FACE('',(#525),#205,.F.);
#5662=ADVANCED_FACE('',(#526),#206,.F.);
#5663=ADVANCED_FACE('',(#527),#207,.F.);
#5664=ADVANCED_FACE('',(#528),#208,.F.);
#5665=ADVANCED_FACE('',(#529),#209,.F.);
#5666=ADVANCED_FACE('',(#530),#210,.F.);
#5667=ADVANCED_FACE('',(#531),#211,.F.);
#5668=ADVANCED_FACE('',(#532),#212,.F.);
#5669=ADVANCED_FACE('',(#533),#213,.F.);
#5670=ADVANCED_FACE('',(#534),#214,.F.);
#5671=ADVANCED_FACE('',(#535),#18,.T.);
#5672=ADVANCED_FACE('',(#536),#5423,.T.);
#5673=ADVANCED_FACE('',(#537,#56),#215,.T.);
#5674=ADVANCED_FACE('',(#538),#216,.F.);
#5675=ADVANCED_FACE('',(#539),#5424,.T.);
#5676=ADVANCED_FACE('',(#540),#217,.T.);
#5677=ADVANCED_FACE('',(#541),#5425,.T.);
#5678=ADVANCED_FACE('',(#542),#218,.T.);
#5679=ADVANCED_FACE('',(#543),#219,.T.);
#5680=ADVANCED_FACE('',(#544),#5426,.T.);
#5681=ADVANCED_FACE('',(#545),#220,.T.);
#5682=ADVANCED_FACE('',(#546),#221,.T.);
#5683=ADVANCED_FACE('',(#547),#222,.T.);
#5684=ADVANCED_FACE('',(#548),#317,.T.);
#5685=ADVANCED_FACE('',(#549),#5427,.T.);
#5686=ADVANCED_FACE('',(#550),#318,.T.);
#5687=ADVANCED_FACE('',(#551),#5428,.T.);
#5688=ADVANCED_FACE('',(#552),#5429,.T.);
#5689=ADVANCED_FACE('',(#553),#5430,.T.);
#5690=ADVANCED_FACE('',(#554),#5431,.T.);
#5691=ADVANCED_FACE('',(#555),#5432,.T.);
#5692=ADVANCED_FACE('',(#556),#5433,.T.);
#5693=ADVANCED_FACE('',(#557),#5434,.T.);
#5694=ADVANCED_FACE('',(#558),#5435,.T.);
#5695=ADVANCED_FACE('',(#559),#319,.T.);
#5696=ADVANCED_FACE('',(#560),#320,.T.);
#5697=ADVANCED_FACE('',(#561,#57),#223,.F.);
#5698=ADVANCED_FACE('',(#562),#224,.F.);
#5699=ADVANCED_FACE('',(#563),#225,.F.);
#5700=ADVANCED_FACE('',(#564),#226,.F.);
#5701=ADVANCED_FACE('',(#565),#227,.F.);
#5702=ADVANCED_FACE('',(#566),#228,.F.);
#5703=ADVANCED_FACE('',(#567),#229,.F.);
#5704=ADVANCED_FACE('',(#568),#230,.F.);
#5705=ADVANCED_FACE('',(#569),#231,.F.);
#5706=ADVANCED_FACE('',(#570),#232,.F.);
#5707=ADVANCED_FACE('',(#571),#233,.F.);
#5708=ADVANCED_FACE('',(#572),#234,.F.);
#5709=ADVANCED_FACE('',(#573),#235,.F.);
#5710=ADVANCED_FACE('',(#574),#236,.F.);
#5711=ADVANCED_FACE('',(#575),#237,.F.);
#5712=ADVANCED_FACE('',(#576),#19,.T.);
#5713=ADVANCED_FACE('',(#577),#5436,.T.);
#5714=ADVANCED_FACE('',(#578,#58),#238,.T.);
#5715=ADVANCED_FACE('',(#579),#239,.F.);
#5716=ADVANCED_FACE('',(#580),#240,.T.);
#5717=ADVANCED_FACE('',(#581),#5437,.T.);
#5718=ADVANCED_FACE('',(#582),#5438,.T.);
#5719=ADVANCED_FACE('',(#583),#241,.T.);
#5720=ADVANCED_FACE('',(#584),#242,.T.);
#5721=ADVANCED_FACE('',(#585),#5439,.T.);
#5722=ADVANCED_FACE('',(#586),#243,.T.);
#5723=ADVANCED_FACE('',(#587),#244,.T.);
#5724=ADVANCED_FACE('',(#588),#245,.T.);
#5725=ADVANCED_FACE('',(#589),#321,.T.);
#5726=ADVANCED_FACE('',(#590),#322,.T.);
#5727=ADVANCED_FACE('',(#591),#5440,.T.);
#5728=ADVANCED_FACE('',(#592),#323,.T.);
#5729=ADVANCED_FACE('',(#593),#5441,.T.);
#5730=ADVANCED_FACE('',(#594),#5442,.T.);
#5731=ADVANCED_FACE('',(#595),#5443,.T.);
#5732=ADVANCED_FACE('',(#596),#324,.T.);
#5733=ADVANCED_FACE('',(#597),#5444,.T.);
#5734=ADVANCED_FACE('',(#598),#5445,.T.);
#5735=ADVANCED_FACE('',(#599),#5446,.T.);
#5736=ADVANCED_FACE('',(#600),#5447,.T.);
#5737=ADVANCED_FACE('',(#601),#5448,.T.);
#5738=ADVANCED_FACE('',(#602),#325,.T.);
#5739=ADVANCED_FACE('',(#603),#5449,.T.);
#5740=ADVANCED_FACE('',(#604),#246,.F.);
#5741=ADVANCED_FACE('',(#605,#59),#247,.F.);
#5742=ADVANCED_FACE('',(#606),#248,.T.);
#5743=ADVANCED_FACE('',(#607),#5450,.T.);
#5744=ADVANCED_FACE('',(#608),#249,.F.);
#5745=ADVANCED_FACE('',(#609),#250,.F.);
#5746=ADVANCED_FACE('',(#610),#251,.F.);
#5747=ADVANCED_FACE('',(#611),#252,.F.);
#5748=ADVANCED_FACE('',(#612),#253,.F.);
#5749=ADVANCED_FACE('',(#613),#254,.F.);
#5750=ADVANCED_FACE('',(#614),#255,.F.);
#5751=ADVANCED_FACE('',(#615),#256,.F.);
#5752=ADVANCED_FACE('',(#616),#257,.F.);
#5753=ADVANCED_FACE('',(#617),#258,.F.);
#5754=ADVANCED_FACE('',(#618),#259,.F.);
#5755=ADVANCED_FACE('',(#619),#260,.F.);
#5756=ADVANCED_FACE('',(#620),#261,.F.);
#5757=ADVANCED_FACE('',(#621),#20,.T.);
#5758=ADVANCED_FACE('',(#622),#5451,.T.);
#5759=ADVANCED_FACE('',(#623,#60),#262,.T.);
#5760=ADVANCED_FACE('',(#624),#263,.F.);
#5761=ADVANCED_FACE('',(#625),#264,.T.);
#5762=ADVANCED_FACE('',(#626),#5452,.T.);
#5763=ADVANCED_FACE('',(#627),#265,.T.);
#5764=ADVANCED_FACE('',(#628),#266,.T.);
#5765=ADVANCED_FACE('',(#629),#5453,.T.);
#5766=ADVANCED_FACE('',(#630),#267,.T.);
#5767=ADVANCED_FACE('',(#631),#268,.T.);
#5768=ADVANCED_FACE('',(#632),#269,.T.);
#5769=ADVANCED_FACE('',(#633),#326,.T.);
#5770=ADVANCED_FACE('',(#634),#327,.T.);
#5771=ADVANCED_FACE('',(#635),#5454,.T.);
#5772=ADVANCED_FACE('',(#636),#5455,.T.);
#5773=ADVANCED_FACE('',(#637),#5456,.T.);
#5774=ADVANCED_FACE('',(#638),#5457,.T.);
#5775=ADVANCED_FACE('',(#639),#5458,.T.);
#5776=ADVANCED_FACE('',(#640),#5459,.T.);
#5777=ADVANCED_FACE('',(#641),#5460,.T.);
#5778=ADVANCED_FACE('',(#642,#61),#270,.F.);
#5779=ADVANCED_FACE('',(#643),#271,.F.);
#5780=ADVANCED_FACE('',(#644),#272,.T.);
#5781=ADVANCED_FACE('',(#645),#273,.F.);
#5782=ADVANCED_FACE('',(#646),#274,.F.);
#5783=ADVANCED_FACE('',(#647),#275,.F.);
#5784=ADVANCED_FACE('',(#648),#276,.F.);
#5785=ADVANCED_FACE('',(#649),#277,.F.);
#5786=ADVANCED_FACE('',(#650),#278,.F.);
#5787=ADVANCED_FACE('',(#651),#279,.F.);
#5788=ADVANCED_FACE('',(#652),#280,.F.);
#5789=ADVANCED_FACE('',(#653),#281,.F.);
#5790=ADVANCED_FACE('',(#654),#282,.F.);
#5791=ADVANCED_FACE('',(#655),#283,.F.);
#5792=ADVANCED_FACE('',(#656),#284,.F.);
#5793=ADVANCED_FACE('',(#657),#285,.F.);
#5794=ADVANCED_FACE('',(#658),#21,.T.);
#5795=ADVANCED_FACE('',(#659),#5461,.T.);
#5796=ADVANCED_FACE('',(#660,#62),#286,.T.);
#5797=ADVANCED_FACE('',(#661),#287,.F.);
#5798=ADVANCED_FACE('',(#662),#5462,.T.);
#5799=ADVANCED_FACE('',(#663),#288,.T.);
#5800=ADVANCED_FACE('',(#664),#289,.T.);
#5801=ADVANCED_FACE('',(#665),#5463,.T.);
#5802=ADVANCED_FACE('',(#666),#290,.T.);
#5803=ADVANCED_FACE('',(#667),#291,.T.);
#5804=ADVANCED_FACE('',(#668),#292,.T.);
#5805=ADVANCED_FACE('',(#669,#63,#64,#65,#66,#67,#68,#69,#70),#293,.T.);
#5806=CLOSED_SHELL('',(#5464,#5465,#5466,#5467,#5468,#5469,#5470,#5471,
#5472,#5473,#5474,#5475,#5476,#5477,#5478,#5479,#5480,#5481,#5482,#5483,
#5484,#5485,#5486,#5487,#5488,#5489,#5490,#5491,#5492,#5493,#5494,#5495,
#5496,#5497,#5498,#5499,#5500,#5501,#5502,#5503,#5504,#5505,#5506,#5507,
#5508,#5509,#5510,#5511,#5512,#5513,#5514,#5515,#5516,#5517,#5518,#5519,
#5520,#5521,#5522,#5523,#5524,#5525,#5526,#5527,#5528,#5529,#5530,#5531,
#5532,#5533,#5534,#5535,#5536,#5537,#5538,#5539,#5540,#5541,#5542,#5543,
#5544,#5545,#5546,#5547,#5548,#5549,#5550,#5551,#5552,#5553,#5554,#5555,
#5556,#5557,#5558,#5559,#5560,#5561,#5562,#5563,#5564,#5565,#5566,#5567,
#5568,#5569,#5570,#5571,#5572,#5573,#5574,#5575,#5576,#5577,#5578,#5579,
#5580,#5581,#5582,#5583,#5584,#5585,#5586,#5587,#5588,#5589,#5590,#5591,
#5592,#5593,#5594,#5595,#5596,#5597,#5598,#5599,#5600,#5601,#5602,#5603,
#5604,#5605,#5606,#5607,#5608,#5609,#5610,#5611,#5612,#5613,#5614,#5615,
#5616,#5617,#5618,#5619,#5620,#5621,#5622,#5623,#5624,#5625,#5626,#5627,
#5628,#5629,#5630,#5631,#5632,#5633,#5634,#5635,#5636,#5637,#5638,#5639,
#5640,#5641,#5642,#5643,#5644,#5645,#5646,#5647,#5648,#5649,#5650,#5651,
#5652,#5653,#5654,#5655,#5656,#5657,#5658,#5659,#5660,#5661,#5662,#5663,
#5664,#5665,#5666,#5667,#5668,#5669,#5670,#5671,#5672,#5673,#5674,#5675,
#5676,#5677,#5678,#5679,#5680,#5681,#5682,#5683,#5684,#5685,#5686,#5687,
#5688,#5689,#5690,#5691,#5692,#5693,#5694,#5695,#5696,#5697,#5698,#5699,
#5700,#5701,#5702,#5703,#5704,#5705,#5706,#5707,#5708,#5709,#5710,#5711,
#5712,#5713,#5714,#5715,#5716,#5717,#5718,#5719,#5720,#5721,#5722,#5723,
#5724,#5725,#5726,#5727,#5728,#5729,#5730,#5731,#5732,#5733,#5734,#5735,
#5736,#5737,#5738,#5739,#5740,#5741,#5742,#5743,#5744,#5745,#5746,#5747,
#5748,#5749,#5750,#5751,#5752,#5753,#5754,#5755,#5756,#5757,#5758,#5759,
#5760,#5761,#5762,#5763,#5764,#5765,#5766,#5767,#5768,#5769,#5770,#5771,
#5772,#5773,#5774,#5775,#5776,#5777,#5778,#5779,#5780,#5781,#5782,#5783,
#5784,#5785,#5786,#5787,#5788,#5789,#5790,#5791,#5792,#5793,#5794,#5795,
#5796,#5797,#5798,#5799,#5800,#5801,#5802,#5803,#5804,#5805));
#5807=DERIVED_UNIT_ELEMENT(#5809,1.);
#5808=DERIVED_UNIT_ELEMENT(#9741,-3.);
#5809=(
MASS_UNIT()
NAMED_UNIT(*)
SI_UNIT(.KILO.,.GRAM.)
);
#5810=DERIVED_UNIT((#5807,#5808));
#5811=MEASURE_REPRESENTATION_ITEM('density measure',
POSITIVE_RATIO_MEASURE(7850.),#5810);
#5812=PROPERTY_DEFINITION_REPRESENTATION(#5817,#5814);
#5813=PROPERTY_DEFINITION_REPRESENTATION(#5818,#5815);
#5814=REPRESENTATION('material name',(#5816),#9738);
#5815=REPRESENTATION('density',(#5811),#9738);
#5816=DESCRIPTIVE_REPRESENTATION_ITEM('Steel','Steel');
#5817=PROPERTY_DEFINITION('material property','material name',#9748);
#5818=PROPERTY_DEFINITION('material property','density of part',#9748);
#5819=AXIS2_PLACEMENT_3D('',#8083,#6373,#6374);
#5820=AXIS2_PLACEMENT_3D('',#8084,#6375,#6376);
#5821=AXIS2_PLACEMENT_3D('',#8087,#6377,#6378);
#5822=AXIS2_PLACEMENT_3D('',#8091,#6380,#6381);
#5823=AXIS2_PLACEMENT_3D('',#8093,#6383,#6384);
#5824=AXIS2_PLACEMENT_3D('',#8096,#6385,#6386);
#5825=AXIS2_PLACEMENT_3D('',#8099,#6388,#6389);
#5826=AXIS2_PLACEMENT_3D('',#8101,#6391,#6392);
#5827=AXIS2_PLACEMENT_3D('',#8102,#6393,#6394);
#5828=AXIS2_PLACEMENT_3D('',#8103,#6395,#6396);
#5829=AXIS2_PLACEMENT_3D('',#8173,#6432,#6433);
#5830=AXIS2_PLACEMENT_3D('',#8176,#6435,#6436);
#5831=AXIS2_PLACEMENT_3D('',#8177,#6437,#6438);
#5832=AXIS2_PLACEMENT_3D('',#8181,#6441,#6442);
#5833=AXIS2_PLACEMENT_3D('',#8251,#6478,#6479);
#5834=AXIS2_PLACEMENT_3D('',#8253,#6480,#6481);
#5835=AXIS2_PLACEMENT_3D('',#8256,#6483,#6484);
#5836=AXIS2_PLACEMENT_3D('',#8257,#6485,#6486);
#5837=AXIS2_PLACEMENT_3D('',#8260,#6487,#6488);
#5838=AXIS2_PLACEMENT_3D('',#8263,#6490,#6491);
#5839=AXIS2_PLACEMENT_3D('',#8265,#6493,#6494);
#5840=AXIS2_PLACEMENT_3D('',#8267,#6495,#6496);
#5841=AXIS2_PLACEMENT_3D('',#8268,#6497,#6498);
#5842=AXIS2_PLACEMENT_3D('',#8270,#6500,#6501);
#5843=AXIS2_PLACEMENT_3D('',#8271,#6502,#6503);
#5844=AXIS2_PLACEMENT_3D('',#8272,#6504,#6505);
#5845=AXIS2_PLACEMENT_3D('',#8273,#6506,#6507);
#5846=AXIS2_PLACEMENT_3D('',#8274,#6508,#6509);
#5847=AXIS2_PLACEMENT_3D('',#8277,#6511,#6512);
#5848=AXIS2_PLACEMENT_3D('',#8278,#6513,#6514);
#5849=AXIS2_PLACEMENT_3D('',#8282,#6517,#6518);
#5850=AXIS2_PLACEMENT_3D('',#8283,#6519,#6520);
#5851=AXIS2_PLACEMENT_3D('',#8284,#6521,#6522);
#5852=AXIS2_PLACEMENT_3D('',#8286,#6523,#6524);
#5853=AXIS2_PLACEMENT_3D('',#8288,#6525,#6526);
#5854=AXIS2_PLACEMENT_3D('',#8289,#6527,#6528);
#5855=AXIS2_PLACEMENT_3D('',#8290,#6529,#6530);
#5856=AXIS2_PLACEMENT_3D('',#8292,#6531,#6532);
#5857=AXIS2_PLACEMENT_3D('',#8294,#6534,#6535);
#5858=AXIS2_PLACEMENT_3D('',#8296,#6536,#6537);
#5859=AXIS2_PLACEMENT_3D('',#8297,#6538,#6539);
#5860=AXIS2_PLACEMENT_3D('',#8298,#6540,#6541);
#5861=AXIS2_PLACEMENT_3D('',#8301,#6542,#6543);
#5862=AXIS2_PLACEMENT_3D('',#8304,#6546,#6547);
#5863=AXIS2_PLACEMENT_3D('',#8307,#6549,#6550);
#5864=AXIS2_PLACEMENT_3D('',#8308,#6551,#6552);
#5865=AXIS2_PLACEMENT_3D('',#8312,#6554,#6555);
#5866=AXIS2_PLACEMENT_3D('',#8313,#6556,#6557);
#5867=AXIS2_PLACEMENT_3D('',#8314,#6558,#6559);
#5868=AXIS2_PLACEMENT_3D('',#8317,#6561,#6562);
#5869=AXIS2_PLACEMENT_3D('',#8318,#6563,#6564);
#5870=AXIS2_PLACEMENT_3D('',#8320,#6566,#6567);
#5871=AXIS2_PLACEMENT_3D('',#8323,#6569,#6570);
#5872=AXIS2_PLACEMENT_3D('',#8324,#6571,#6572);
#5873=AXIS2_PLACEMENT_3D('',#8325,#6573,#6574);
#5874=AXIS2_PLACEMENT_3D('',#8326,#6575,#6576);
#5875=AXIS2_PLACEMENT_3D('',#8329,#6578,#6579);
#5876=AXIS2_PLACEMENT_3D('',#8330,#6580,#6581);
#5877=AXIS2_PLACEMENT_3D('',#8332,#6583,#6584);
#5878=AXIS2_PLACEMENT_3D('',#8333,#6585,#6586);
#5879=AXIS2_PLACEMENT_3D('',#8334,#6587,#6588);
#5880=AXIS2_PLACEMENT_3D('',#8335,#6589,#6590);
#5881=AXIS2_PLACEMENT_3D('',#8337,#6592,#6593);
#5882=AXIS2_PLACEMENT_3D('',#8340,#6595,#6596);
#5883=AXIS2_PLACEMENT_3D('',#8341,#6597,#6598);
#5884=AXIS2_PLACEMENT_3D('',#8350,#6603,#6604);
#5885=AXIS2_PLACEMENT_3D('',#8356,#6608,#6609);
#5886=AXIS2_PLACEMENT_3D('',#8362,#6613,#6614);
#5887=AXIS2_PLACEMENT_3D('',#8368,#6618,#6619);
#5888=AXIS2_PLACEMENT_3D('',#8374,#6623,#6624);
#5889=AXIS2_PLACEMENT_3D('',#8380,#6628,#6629);
#5890=AXIS2_PLACEMENT_3D('',#8386,#6633,#6634);
#5891=AXIS2_PLACEMENT_3D('',#8392,#6638,#6639);
#5892=AXIS2_PLACEMENT_3D('',#8398,#6643,#6644);
#5893=AXIS2_PLACEMENT_3D('',#8404,#6648,#6649);
#5894=AXIS2_PLACEMENT_3D('',#8410,#6653,#6654);
#5895=AXIS2_PLACEMENT_3D('',#8413,#6657,#6658);
#5896=AXIS2_PLACEMENT_3D('',#8414,#6659,#6660);
#5897=AXIS2_PLACEMENT_3D('',#8416,#6661,#6662);
#5898=AXIS2_PLACEMENT_3D('',#8418,#6663,#6664);
#5899=AXIS2_PLACEMENT_3D('',#8420,#6665,#6666);
#5900=AXIS2_PLACEMENT_3D('',#8421,#6667,#6668);
#5901=AXIS2_PLACEMENT_3D('',#8422,#6669,#6670);
#5902=AXIS2_PLACEMENT_3D('',#8424,#6672,#6673);
#5903=AXIS2_PLACEMENT_3D('',#8425,#6674,#6675);
#5904=AXIS2_PLACEMENT_3D('',#8426,#6676,#6677);
#5905=AXIS2_PLACEMENT_3D('',#8429,#6679,#6680);
#5906=AXIS2_PLACEMENT_3D('',#8430,#6681,#6682);
#5907=AXIS2_PLACEMENT_3D('',#8432,#6684,#6685);
#5908=AXIS2_PLACEMENT_3D('',#8435,#6686,#6687);
#5909=AXIS2_PLACEMENT_3D('',#8439,#6689,#6690);
#5910=AXIS2_PLACEMENT_3D('',#8441,#6692,#6693);
#5911=AXIS2_PLACEMENT_3D('',#8445,#6695,#6696);
#5912=AXIS2_PLACEMENT_3D('',#8451,#6700,#6701);
#5913=AXIS2_PLACEMENT_3D('',#8455,#6704,#6705);
#5914=AXIS2_PLACEMENT_3D('',#8457,#6706,#6707);
#5915=AXIS2_PLACEMENT_3D('',#8459,#6709,#6710);
#5916=AXIS2_PLACEMENT_3D('',#8463,#6713,#6714);
#5917=AXIS2_PLACEMENT_3D('',#8467,#6717,#6718);
#5918=AXIS2_PLACEMENT_3D('',#8469,#6720,#6721);
#5919=AXIS2_PLACEMENT_3D('',#8471,#6722,#6723);
#5920=AXIS2_PLACEMENT_3D('',#8473,#6724,#6725);
#5921=AXIS2_PLACEMENT_3D('',#8474,#6726,#6727);
#5922=AXIS2_PLACEMENT_3D('',#8475,#6728,#6729);
#5923=AXIS2_PLACEMENT_3D('',#8477,#6730,#6731);
#5924=AXIS2_PLACEMENT_3D('',#8479,#6733,#6734);
#5925=AXIS2_PLACEMENT_3D('',#8481,#6735,#6736);
#5926=AXIS2_PLACEMENT_3D('',#8482,#6737,#6738);
#5927=AXIS2_PLACEMENT_3D('',#8483,#6739,#6740);
#5928=AXIS2_PLACEMENT_3D('',#8486,#6741,#6742);
#5929=AXIS2_PLACEMENT_3D('',#8489,#6745,#6746);
#5930=AXIS2_PLACEMENT_3D('',#8492,#6748,#6749);
#5931=AXIS2_PLACEMENT_3D('',#8493,#6750,#6751);
#5932=AXIS2_PLACEMENT_3D('',#8495,#6752,#6753);
#5933=AXIS2_PLACEMENT_3D('',#8497,#6755,#6756);
#5934=AXIS2_PLACEMENT_3D('',#8500,#6758,#6759);
#5935=AXIS2_PLACEMENT_3D('',#8501,#6760,#6761);
#5936=AXIS2_PLACEMENT_3D('',#8503,#6763,#6764);
#5937=AXIS2_PLACEMENT_3D('',#8506,#6766,#6767);
#5938=AXIS2_PLACEMENT_3D('',#8507,#6768,#6769);
#5939=AXIS2_PLACEMENT_3D('',#8508,#6770,#6771);
#5940=AXIS2_PLACEMENT_3D('',#8509,#6772,#6773);
#5941=AXIS2_PLACEMENT_3D('',#8512,#6775,#6776);
#5942=AXIS2_PLACEMENT_3D('',#8513,#6777,#6778);
#5943=AXIS2_PLACEMENT_3D('',#8515,#6780,#6781);
#5944=AXIS2_PLACEMENT_3D('',#8516,#6782,#6783);
#5945=AXIS2_PLACEMENT_3D('',#8517,#6784,#6785);
#5946=AXIS2_PLACEMENT_3D('',#8518,#6786,#6787);
#5947=AXIS2_PLACEMENT_3D('',#8520,#6789,#6790);
#5948=AXIS2_PLACEMENT_3D('',#8523,#6792,#6793);
#5949=AXIS2_PLACEMENT_3D('',#8524,#6794,#6795);
#5950=AXIS2_PLACEMENT_3D('',#8533,#6800,#6801);
#5951=AXIS2_PLACEMENT_3D('',#8539,#6805,#6806);
#5952=AXIS2_PLACEMENT_3D('',#8545,#6810,#6811);
#5953=AXIS2_PLACEMENT_3D('',#8551,#6815,#6816);
#5954=AXIS2_PLACEMENT_3D('',#8557,#6820,#6821);
#5955=AXIS2_PLACEMENT_3D('',#8563,#6825,#6826);
#5956=AXIS2_PLACEMENT_3D('',#8569,#6830,#6831);
#5957=AXIS2_PLACEMENT_3D('',#8575,#6835,#6836);
#5958=AXIS2_PLACEMENT_3D('',#8581,#6840,#6841);
#5959=AXIS2_PLACEMENT_3D('',#8587,#6845,#6846);
#5960=AXIS2_PLACEMENT_3D('',#8593,#6850,#6851);
#5961=AXIS2_PLACEMENT_3D('',#8596,#6854,#6855);
#5962=AXIS2_PLACEMENT_3D('',#8597,#6856,#6857);
#5963=AXIS2_PLACEMENT_3D('',#8599,#6858,#6859);
#5964=AXIS2_PLACEMENT_3D('',#8601,#6860,#6861);
#5965=AXIS2_PLACEMENT_3D('',#8603,#6862,#6863);
#5966=AXIS2_PLACEMENT_3D('',#8604,#6864,#6865);
#5967=AXIS2_PLACEMENT_3D('',#8605,#6866,#6867);
#5968=AXIS2_PLACEMENT_3D('',#8607,#6869,#6870);
#5969=AXIS2_PLACEMENT_3D('',#8608,#6871,#6872);
#5970=AXIS2_PLACEMENT_3D('',#8609,#6873,#6874);
#5971=AXIS2_PLACEMENT_3D('',#8612,#6876,#6877);
#5972=AXIS2_PLACEMENT_3D('',#8613,#6878,#6879);
#5973=AXIS2_PLACEMENT_3D('',#8615,#6881,#6882);
#5974=AXIS2_PLACEMENT_3D('',#8618,#6883,#6884);
#5975=AXIS2_PLACEMENT_3D('',#8622,#6886,#6887);
#5976=AXIS2_PLACEMENT_3D('',#8624,#6889,#6890);
#5977=AXIS2_PLACEMENT_3D('',#8628,#6892,#6893);
#5978=AXIS2_PLACEMENT_3D('',#8634,#6897,#6898);
#5979=AXIS2_PLACEMENT_3D('',#8638,#6901,#6902);
#5980=AXIS2_PLACEMENT_3D('',#8640,#6903,#6904);
#5981=AXIS2_PLACEMENT_3D('',#8642,#6906,#6907);
#5982=AXIS2_PLACEMENT_3D('',#8646,#6910,#6911);
#5983=AXIS2_PLACEMENT_3D('',#8650,#6914,#6915);
#5984=AXIS2_PLACEMENT_3D('',#8652,#6917,#6918);
#5985=AXIS2_PLACEMENT_3D('',#8654,#6919,#6920);
#5986=AXIS2_PLACEMENT_3D('',#8656,#6921,#6922);
#5987=AXIS2_PLACEMENT_3D('',#8657,#6923,#6924);
#5988=AXIS2_PLACEMENT_3D('',#8658,#6925,#6926);
#5989=AXIS2_PLACEMENT_3D('',#8660,#6927,#6928);
#5990=AXIS2_PLACEMENT_3D('',#8662,#6930,#6931);
#5991=AXIS2_PLACEMENT_3D('',#8664,#6932,#6933);
#5992=AXIS2_PLACEMENT_3D('',#8665,#6934,#6935);
#5993=AXIS2_PLACEMENT_3D('',#8666,#6936,#6937);
#5994=AXIS2_PLACEMENT_3D('',#8669,#6938,#6939);
#5995=AXIS2_PLACEMENT_3D('',#8672,#6942,#6943);
#5996=AXIS2_PLACEMENT_3D('',#8675,#6945,#6946);
#5997=AXIS2_PLACEMENT_3D('',#8676,#6947,#6948);
#5998=AXIS2_PLACEMENT_3D('',#8678,#6949,#6950);
#5999=AXIS2_PLACEMENT_3D('',#8680,#6952,#6953);
#6000=AXIS2_PLACEMENT_3D('',#8683,#6955,#6956);
#6001=AXIS2_PLACEMENT_3D('',#8684,#6957,#6958);
#6002=AXIS2_PLACEMENT_3D('',#8686,#6960,#6961);
#6003=AXIS2_PLACEMENT_3D('',#8689,#6963,#6964);
#6004=AXIS2_PLACEMENT_3D('',#8690,#6965,#6966);
#6005=AXIS2_PLACEMENT_3D('',#8691,#6967,#6968);
#6006=AXIS2_PLACEMENT_3D('',#8692,#6969,#6970);
#6007=AXIS2_PLACEMENT_3D('',#8695,#6972,#6973);
#6008=AXIS2_PLACEMENT_3D('',#8696,#6974,#6975);
#6009=AXIS2_PLACEMENT_3D('',#8698,#6977,#6978);
#6010=AXIS2_PLACEMENT_3D('',#8699,#6979,#6980);
#6011=AXIS2_PLACEMENT_3D('',#8700,#6981,#6982);
#6012=AXIS2_PLACEMENT_3D('',#8701,#6983,#6984);
#6013=AXIS2_PLACEMENT_3D('',#8703,#6986,#6987);
#6014=AXIS2_PLACEMENT_3D('',#8706,#6989,#6990);
#6015=AXIS2_PLACEMENT_3D('',#8707,#6991,#6992);
#6016=AXIS2_PLACEMENT_3D('',#8716,#6997,#6998);
#6017=AXIS2_PLACEMENT_3D('',#8722,#7002,#7003);
#6018=AXIS2_PLACEMENT_3D('',#8728,#7007,#7008);
#6019=AXIS2_PLACEMENT_3D('',#8734,#7012,#7013);
#6020=AXIS2_PLACEMENT_3D('',#8740,#7017,#7018);
#6021=AXIS2_PLACEMENT_3D('',#8746,#7022,#7023);
#6022=AXIS2_PLACEMENT_3D('',#8752,#7027,#7028);
#6023=AXIS2_PLACEMENT_3D('',#8758,#7032,#7033);
#6024=AXIS2_PLACEMENT_3D('',#8764,#7037,#7038);
#6025=AXIS2_PLACEMENT_3D('',#8770,#7042,#7043);
#6026=AXIS2_PLACEMENT_3D('',#8776,#7047,#7048);
#6027=AXIS2_PLACEMENT_3D('',#8779,#7051,#7052);
#6028=AXIS2_PLACEMENT_3D('',#8780,#7053,#7054);
#6029=AXIS2_PLACEMENT_3D('',#8782,#7055,#7056);
#6030=AXIS2_PLACEMENT_3D('',#8784,#7057,#7058);
#6031=AXIS2_PLACEMENT_3D('',#8786,#7059,#7060);
#6032=AXIS2_PLACEMENT_3D('',#8787,#7061,#7062);
#6033=AXIS2_PLACEMENT_3D('',#8788,#7063,#7064);
#6034=AXIS2_PLACEMENT_3D('',#8790,#7066,#7067);
#6035=AXIS2_PLACEMENT_3D('',#8791,#7068,#7069);
#6036=AXIS2_PLACEMENT_3D('',#8792,#7070,#7071);
#6037=AXIS2_PLACEMENT_3D('',#8795,#7073,#7074);
#6038=AXIS2_PLACEMENT_3D('',#8796,#7075,#7076);
#6039=AXIS2_PLACEMENT_3D('',#8798,#7078,#7079);
#6040=AXIS2_PLACEMENT_3D('',#8801,#7080,#7081);
#6041=AXIS2_PLACEMENT_3D('',#8805,#7083,#7084);
#6042=AXIS2_PLACEMENT_3D('',#8807,#7086,#7087);
#6043=AXIS2_PLACEMENT_3D('',#8811,#7089,#7090);
#6044=AXIS2_PLACEMENT_3D('',#8817,#7094,#7095);
#6045=AXIS2_PLACEMENT_3D('',#8821,#7098,#7099);
#6046=AXIS2_PLACEMENT_3D('',#8823,#7100,#7101);
#6047=AXIS2_PLACEMENT_3D('',#8825,#7103,#7104);
#6048=AXIS2_PLACEMENT_3D('',#8829,#7107,#7108);
#6049=AXIS2_PLACEMENT_3D('',#8833,#7111,#7112);
#6050=AXIS2_PLACEMENT_3D('',#8835,#7114,#7115);
#6051=AXIS2_PLACEMENT_3D('',#8837,#7116,#7117);
#6052=AXIS2_PLACEMENT_3D('',#8839,#7118,#7119);
#6053=AXIS2_PLACEMENT_3D('',#8840,#7120,#7121);
#6054=AXIS2_PLACEMENT_3D('',#8841,#7122,#7123);
#6055=AXIS2_PLACEMENT_3D('',#8843,#7124,#7125);
#6056=AXIS2_PLACEMENT_3D('',#8845,#7127,#7128);
#6057=AXIS2_PLACEMENT_3D('',#8847,#7129,#7130);
#6058=AXIS2_PLACEMENT_3D('',#8848,#7131,#7132);
#6059=AXIS2_PLACEMENT_3D('',#8849,#7133,#7134);
#6060=AXIS2_PLACEMENT_3D('',#8852,#7135,#7136);
#6061=AXIS2_PLACEMENT_3D('',#8855,#7139,#7140);
#6062=AXIS2_PLACEMENT_3D('',#8858,#7142,#7143);
#6063=AXIS2_PLACEMENT_3D('',#8859,#7144,#7145);
#6064=AXIS2_PLACEMENT_3D('',#8861,#7146,#7147);
#6065=AXIS2_PLACEMENT_3D('',#8863,#7149,#7150);
#6066=AXIS2_PLACEMENT_3D('',#8866,#7152,#7153);
#6067=AXIS2_PLACEMENT_3D('',#8867,#7154,#7155);
#6068=AXIS2_PLACEMENT_3D('',#8869,#7157,#7158);
#6069=AXIS2_PLACEMENT_3D('',#8872,#7160,#7161);
#6070=AXIS2_PLACEMENT_3D('',#8873,#7162,#7163);
#6071=AXIS2_PLACEMENT_3D('',#8874,#7164,#7165);
#6072=AXIS2_PLACEMENT_3D('',#8875,#7166,#7167);
#6073=AXIS2_PLACEMENT_3D('',#8878,#7169,#7170);
#6074=AXIS2_PLACEMENT_3D('',#8879,#7171,#7172);
#6075=AXIS2_PLACEMENT_3D('',#8881,#7174,#7175);
#6076=AXIS2_PLACEMENT_3D('',#8882,#7176,#7177);
#6077=AXIS2_PLACEMENT_3D('',#8883,#7178,#7179);
#6078=AXIS2_PLACEMENT_3D('',#8884,#7180,#7181);
#6079=AXIS2_PLACEMENT_3D('',#8886,#7183,#7184);
#6080=AXIS2_PLACEMENT_3D('',#8889,#7186,#7187);
#6081=AXIS2_PLACEMENT_3D('',#8890,#7188,#7189);
#6082=AXIS2_PLACEMENT_3D('',#8899,#7194,#7195);
#6083=AXIS2_PLACEMENT_3D('',#8905,#7199,#7200);
#6084=AXIS2_PLACEMENT_3D('',#8911,#7204,#7205);
#6085=AXIS2_PLACEMENT_3D('',#8917,#7209,#7210);
#6086=AXIS2_PLACEMENT_3D('',#8923,#7214,#7215);
#6087=AXIS2_PLACEMENT_3D('',#8929,#7219,#7220);
#6088=AXIS2_PLACEMENT_3D('',#8935,#7224,#7225);
#6089=AXIS2_PLACEMENT_3D('',#8941,#7229,#7230);
#6090=AXIS2_PLACEMENT_3D('',#8947,#7234,#7235);
#6091=AXIS2_PLACEMENT_3D('',#8953,#7239,#7240);
#6092=AXIS2_PLACEMENT_3D('',#8959,#7244,#7245);
#6093=AXIS2_PLACEMENT_3D('',#8962,#7248,#7249);
#6094=AXIS2_PLACEMENT_3D('',#8963,#7250,#7251);
#6095=AXIS2_PLACEMENT_3D('',#8965,#7252,#7253);
#6096=AXIS2_PLACEMENT_3D('',#8967,#7254,#7255);
#6097=AXIS2_PLACEMENT_3D('',#8969,#7256,#7257);
#6098=AXIS2_PLACEMENT_3D('',#8970,#7258,#7259);
#6099=AXIS2_PLACEMENT_3D('',#8971,#7260,#7261);
#6100=AXIS2_PLACEMENT_3D('',#8973,#7263,#7264);
#6101=AXIS2_PLACEMENT_3D('',#8974,#7265,#7266);
#6102=AXIS2_PLACEMENT_3D('',#8975,#7267,#7268);
#6103=AXIS2_PLACEMENT_3D('',#8978,#7270,#7271);
#6104=AXIS2_PLACEMENT_3D('',#8979,#7272,#7273);
#6105=AXIS2_PLACEMENT_3D('',#8981,#7275,#7276);
#6106=AXIS2_PLACEMENT_3D('',#8984,#7277,#7278);
#6107=AXIS2_PLACEMENT_3D('',#8988,#7280,#7281);
#6108=AXIS2_PLACEMENT_3D('',#8990,#7283,#7284);
#6109=AXIS2_PLACEMENT_3D('',#8994,#7286,#7287);
#6110=AXIS2_PLACEMENT_3D('',#9000,#7291,#7292);
#6111=AXIS2_PLACEMENT_3D('',#9004,#7295,#7296);
#6112=AXIS2_PLACEMENT_3D('',#9006,#7297,#7298);
#6113=AXIS2_PLACEMENT_3D('',#9008,#7300,#7301);
#6114=AXIS2_PLACEMENT_3D('',#9012,#7304,#7305);
#6115=AXIS2_PLACEMENT_3D('',#9016,#7308,#7309);
#6116=AXIS2_PLACEMENT_3D('',#9018,#7311,#7312);
#6117=AXIS2_PLACEMENT_3D('',#9020,#7313,#7314);
#6118=AXIS2_PLACEMENT_3D('',#9022,#7315,#7316);
#6119=AXIS2_PLACEMENT_3D('',#9023,#7317,#7318);
#6120=AXIS2_PLACEMENT_3D('',#9024,#7319,#7320);
#6121=AXIS2_PLACEMENT_3D('',#9026,#7321,#7322);
#6122=AXIS2_PLACEMENT_3D('',#9028,#7324,#7325);
#6123=AXIS2_PLACEMENT_3D('',#9030,#7326,#7327);
#6124=AXIS2_PLACEMENT_3D('',#9031,#7328,#7329);
#6125=AXIS2_PLACEMENT_3D('',#9032,#7330,#7331);
#6126=AXIS2_PLACEMENT_3D('',#9035,#7332,#7333);
#6127=AXIS2_PLACEMENT_3D('',#9038,#7336,#7337);
#6128=AXIS2_PLACEMENT_3D('',#9041,#7339,#7340);
#6129=AXIS2_PLACEMENT_3D('',#9042,#7341,#7342);
#6130=AXIS2_PLACEMENT_3D('',#9044,#7343,#7344);
#6131=AXIS2_PLACEMENT_3D('',#9046,#7346,#7347);
#6132=AXIS2_PLACEMENT_3D('',#9049,#7349,#7350);
#6133=AXIS2_PLACEMENT_3D('',#9050,#7351,#7352);
#6134=AXIS2_PLACEMENT_3D('',#9052,#7354,#7355);
#6135=AXIS2_PLACEMENT_3D('',#9055,#7357,#7358);
#6136=AXIS2_PLACEMENT_3D('',#9056,#7359,#7360);
#6137=AXIS2_PLACEMENT_3D('',#9057,#7361,#7362);
#6138=AXIS2_PLACEMENT_3D('',#9058,#7363,#7364);
#6139=AXIS2_PLACEMENT_3D('',#9061,#7366,#7367);
#6140=AXIS2_PLACEMENT_3D('',#9062,#7368,#7369);
#6141=AXIS2_PLACEMENT_3D('',#9064,#7371,#7372);
#6142=AXIS2_PLACEMENT_3D('',#9065,#7373,#7374);
#6143=AXIS2_PLACEMENT_3D('',#9066,#7375,#7376);
#6144=AXIS2_PLACEMENT_3D('',#9067,#7377,#7378);
#6145=AXIS2_PLACEMENT_3D('',#9069,#7380,#7381);
#6146=AXIS2_PLACEMENT_3D('',#9072,#7383,#7384);
#6147=AXIS2_PLACEMENT_3D('',#9073,#7385,#7386);
#6148=AXIS2_PLACEMENT_3D('',#9082,#7391,#7392);
#6149=AXIS2_PLACEMENT_3D('',#9088,#7396,#7397);
#6150=AXIS2_PLACEMENT_3D('',#9094,#7401,#7402);
#6151=AXIS2_PLACEMENT_3D('',#9100,#7406,#7407);
#6152=AXIS2_PLACEMENT_3D('',#9106,#7411,#7412);
#6153=AXIS2_PLACEMENT_3D('',#9112,#7416,#7417);
#6154=AXIS2_PLACEMENT_3D('',#9118,#7421,#7422);
#6155=AXIS2_PLACEMENT_3D('',#9124,#7426,#7427);
#6156=AXIS2_PLACEMENT_3D('',#9130,#7431,#7432);
#6157=AXIS2_PLACEMENT_3D('',#9136,#7436,#7437);
#6158=AXIS2_PLACEMENT_3D('',#9142,#7441,#7442);
#6159=AXIS2_PLACEMENT_3D('',#9145,#7445,#7446);
#6160=AXIS2_PLACEMENT_3D('',#9146,#7447,#7448);
#6161=AXIS2_PLACEMENT_3D('',#9148,#7449,#7450);
#6162=AXIS2_PLACEMENT_3D('',#9150,#7451,#7452);
#6163=AXIS2_PLACEMENT_3D('',#9152,#7453,#7454);
#6164=AXIS2_PLACEMENT_3D('',#9153,#7455,#7456);
#6165=AXIS2_PLACEMENT_3D('',#9154,#7457,#7458);
#6166=AXIS2_PLACEMENT_3D('',#9156,#7460,#7461);
#6167=AXIS2_PLACEMENT_3D('',#9157,#7462,#7463);
#6168=AXIS2_PLACEMENT_3D('',#9158,#7464,#7465);
#6169=AXIS2_PLACEMENT_3D('',#9161,#7467,#7468);
#6170=AXIS2_PLACEMENT_3D('',#9162,#7469,#7470);
#6171=AXIS2_PLACEMENT_3D('',#9164,#7472,#7473);
#6172=AXIS2_PLACEMENT_3D('',#9167,#7474,#7475);
#6173=AXIS2_PLACEMENT_3D('',#9171,#7477,#7478);
#6174=AXIS2_PLACEMENT_3D('',#9173,#7480,#7481);
#6175=AXIS2_PLACEMENT_3D('',#9177,#7483,#7484);
#6176=AXIS2_PLACEMENT_3D('',#9183,#7488,#7489);
#6177=AXIS2_PLACEMENT_3D('',#9187,#7492,#7493);
#6178=AXIS2_PLACEMENT_3D('',#9189,#7494,#7495);
#6179=AXIS2_PLACEMENT_3D('',#9191,#7497,#7498);
#6180=AXIS2_PLACEMENT_3D('',#9195,#7501,#7502);
#6181=AXIS2_PLACEMENT_3D('',#9199,#7505,#7506);
#6182=AXIS2_PLACEMENT_3D('',#9201,#7508,#7509);
#6183=AXIS2_PLACEMENT_3D('',#9203,#7510,#7511);
#6184=AXIS2_PLACEMENT_3D('',#9205,#7512,#7513);
#6185=AXIS2_PLACEMENT_3D('',#9206,#7514,#7515);
#6186=AXIS2_PLACEMENT_3D('',#9207,#7516,#7517);
#6187=AXIS2_PLACEMENT_3D('',#9209,#7518,#7519);
#6188=AXIS2_PLACEMENT_3D('',#9211,#7521,#7522);
#6189=AXIS2_PLACEMENT_3D('',#9213,#7523,#7524);
#6190=AXIS2_PLACEMENT_3D('',#9214,#7525,#7526);
#6191=AXIS2_PLACEMENT_3D('',#9215,#7527,#7528);
#6192=AXIS2_PLACEMENT_3D('',#9218,#7529,#7530);
#6193=AXIS2_PLACEMENT_3D('',#9221,#7533,#7534);
#6194=AXIS2_PLACEMENT_3D('',#9224,#7536,#7537);
#6195=AXIS2_PLACEMENT_3D('',#9225,#7538,#7539);
#6196=AXIS2_PLACEMENT_3D('',#9228,#7541,#7542);
#6197=AXIS2_PLACEMENT_3D('',#9229,#7543,#7544);
#6198=AXIS2_PLACEMENT_3D('',#9231,#7545,#7546);
#6199=AXIS2_PLACEMENT_3D('',#9233,#7548,#7549);
#6200=AXIS2_PLACEMENT_3D('',#9235,#7551,#7552);
#6201=AXIS2_PLACEMENT_3D('',#9238,#7554,#7555);
#6202=AXIS2_PLACEMENT_3D('',#9239,#7556,#7557);
#6203=AXIS2_PLACEMENT_3D('',#9240,#7558,#7559);
#6204=AXIS2_PLACEMENT_3D('',#9241,#7560,#7561);
#6205=AXIS2_PLACEMENT_3D('',#9244,#7563,#7564);
#6206=AXIS2_PLACEMENT_3D('',#9245,#7565,#7566);
#6207=AXIS2_PLACEMENT_3D('',#9247,#7568,#7569);
#6208=AXIS2_PLACEMENT_3D('',#9248,#7570,#7571);
#6209=AXIS2_PLACEMENT_3D('',#9249,#7572,#7573);
#6210=AXIS2_PLACEMENT_3D('',#9250,#7574,#7575);
#6211=AXIS2_PLACEMENT_3D('',#9254,#7578,#7579);
#6212=AXIS2_PLACEMENT_3D('',#9255,#7580,#7581);
#6213=AXIS2_PLACEMENT_3D('',#9256,#7582,#7583);
#6214=AXIS2_PLACEMENT_3D('',#9265,#7588,#7589);
#6215=AXIS2_PLACEMENT_3D('',#9271,#7593,#7594);
#6216=AXIS2_PLACEMENT_3D('',#9277,#7598,#7599);
#6217=AXIS2_PLACEMENT_3D('',#9283,#7603,#7604);
#6218=AXIS2_PLACEMENT_3D('',#9289,#7608,#7609);
#6219=AXIS2_PLACEMENT_3D('',#9295,#7613,#7614);
#6220=AXIS2_PLACEMENT_3D('',#9301,#7618,#7619);
#6221=AXIS2_PLACEMENT_3D('',#9307,#7623,#7624);
#6222=AXIS2_PLACEMENT_3D('',#9313,#7628,#7629);
#6223=AXIS2_PLACEMENT_3D('',#9319,#7633,#7634);
#6224=AXIS2_PLACEMENT_3D('',#9325,#7638,#7639);
#6225=AXIS2_PLACEMENT_3D('',#9328,#7642,#7643);
#6226=AXIS2_PLACEMENT_3D('',#9329,#7644,#7645);
#6227=AXIS2_PLACEMENT_3D('',#9331,#7646,#7647);
#6228=AXIS2_PLACEMENT_3D('',#9333,#7648,#7649);
#6229=AXIS2_PLACEMENT_3D('',#9335,#7650,#7651);
#6230=AXIS2_PLACEMENT_3D('',#9336,#7652,#7653);
#6231=AXIS2_PLACEMENT_3D('',#9337,#7654,#7655);
#6232=AXIS2_PLACEMENT_3D('',#9339,#7657,#7658);
#6233=AXIS2_PLACEMENT_3D('',#9340,#7659,#7660);
#6234=AXIS2_PLACEMENT_3D('',#9341,#7661,#7662);
#6235=AXIS2_PLACEMENT_3D('',#9345,#7665,#7666);
#6236=AXIS2_PLACEMENT_3D('',#9346,#7667,#7668);
#6237=AXIS2_PLACEMENT_3D('',#9347,#7669,#7670);
#6238=AXIS2_PLACEMENT_3D('',#9350,#7671,#7672);
#6239=AXIS2_PLACEMENT_3D('',#9354,#7674,#7675);
#6240=AXIS2_PLACEMENT_3D('',#9356,#7677,#7678);
#6241=AXIS2_PLACEMENT_3D('',#9360,#7680,#7681);
#6242=AXIS2_PLACEMENT_3D('',#9366,#7685,#7686);
#6243=AXIS2_PLACEMENT_3D('',#9370,#7689,#7690);
#6244=AXIS2_PLACEMENT_3D('',#9372,#7691,#7692);
#6245=AXIS2_PLACEMENT_3D('',#9374,#7694,#7695);
#6246=AXIS2_PLACEMENT_3D('',#9378,#7698,#7699);
#6247=AXIS2_PLACEMENT_3D('',#9382,#7702,#7703);
#6248=AXIS2_PLACEMENT_3D('',#9384,#7705,#7706);
#6249=AXIS2_PLACEMENT_3D('',#9386,#7707,#7708);
#6250=AXIS2_PLACEMENT_3D('',#9388,#7709,#7710);
#6251=AXIS2_PLACEMENT_3D('',#9389,#7711,#7712);
#6252=AXIS2_PLACEMENT_3D('',#9390,#7713,#7714);
#6253=AXIS2_PLACEMENT_3D('',#9392,#7715,#7716);
#6254=AXIS2_PLACEMENT_3D('',#9394,#7717,#7718);
#6255=AXIS2_PLACEMENT_3D('',#9395,#7719,#7720);
#6256=AXIS2_PLACEMENT_3D('',#9396,#7721,#7722);
#6257=AXIS2_PLACEMENT_3D('',#9398,#7723,#7724);
#6258=AXIS2_PLACEMENT_3D('',#9400,#7726,#7727);
#6259=AXIS2_PLACEMENT_3D('',#9402,#7728,#7729);
#6260=AXIS2_PLACEMENT_3D('',#9403,#7730,#7731);
#6261=AXIS2_PLACEMENT_3D('',#9404,#7732,#7733);
#6262=AXIS2_PLACEMENT_3D('',#9407,#7736,#7737);
#6263=AXIS2_PLACEMENT_3D('',#9410,#7739,#7740);
#6264=AXIS2_PLACEMENT_3D('',#9411,#7741,#7742);
#6265=AXIS2_PLACEMENT_3D('',#9414,#7744,#7745);
#6266=AXIS2_PLACEMENT_3D('',#9415,#7746,#7747);
#6267=AXIS2_PLACEMENT_3D('',#9417,#7748,#7749);
#6268=AXIS2_PLACEMENT_3D('',#9418,#7750,#7751);
#6269=AXIS2_PLACEMENT_3D('',#9419,#7752,#7753);
#6270=AXIS2_PLACEMENT_3D('',#9421,#7754,#7755);
#6271=AXIS2_PLACEMENT_3D('',#9423,#7757,#7758);
#6272=AXIS2_PLACEMENT_3D('',#9425,#7760,#7761);
#6273=AXIS2_PLACEMENT_3D('',#9428,#7763,#7764);
#6274=AXIS2_PLACEMENT_3D('',#9429,#7765,#7766);
#6275=AXIS2_PLACEMENT_3D('',#9431,#7768,#7769);
#6276=AXIS2_PLACEMENT_3D('',#9433,#7771,#7772);
#6277=AXIS2_PLACEMENT_3D('',#9435,#7773,#7774);
#6278=AXIS2_PLACEMENT_3D('',#9437,#7775,#7776);
#6279=AXIS2_PLACEMENT_3D('',#9438,#7777,#7778);
#6280=AXIS2_PLACEMENT_3D('',#9439,#7779,#7780);
#6281=AXIS2_PLACEMENT_3D('',#9441,#7782,#7783);
#6282=AXIS2_PLACEMENT_3D('',#9443,#7785,#7786);
#6283=AXIS2_PLACEMENT_3D('',#9446,#7788,#7789);
#6284=AXIS2_PLACEMENT_3D('',#9447,#7790,#7791);
#6285=AXIS2_PLACEMENT_3D('',#9449,#7793,#7794);
#6286=AXIS2_PLACEMENT_3D('',#9452,#7796,#7797);
#6287=AXIS2_PLACEMENT_3D('',#9453,#7798,#7799);
#6288=AXIS2_PLACEMENT_3D('',#9462,#7804,#7805);
#6289=AXIS2_PLACEMENT_3D('',#9468,#7809,#7810);
#6290=AXIS2_PLACEMENT_3D('',#9474,#7814,#7815);
#6291=AXIS2_PLACEMENT_3D('',#9480,#7819,#7820);
#6292=AXIS2_PLACEMENT_3D('',#9486,#7824,#7825);
#6293=AXIS2_PLACEMENT_3D('',#9492,#7829,#7830);
#6294=AXIS2_PLACEMENT_3D('',#9498,#7834,#7835);
#6295=AXIS2_PLACEMENT_3D('',#9504,#7839,#7840);
#6296=AXIS2_PLACEMENT_3D('',#9510,#7844,#7845);
#6297=AXIS2_PLACEMENT_3D('',#9516,#7849,#7850);
#6298=AXIS2_PLACEMENT_3D('',#9522,#7854,#7855);
#6299=AXIS2_PLACEMENT_3D('',#9525,#7858,#7859);
#6300=AXIS2_PLACEMENT_3D('',#9526,#7860,#7861);
#6301=AXIS2_PLACEMENT_3D('',#9528,#7862,#7863);
#6302=AXIS2_PLACEMENT_3D('',#9530,#7864,#7865);
#6303=AXIS2_PLACEMENT_3D('',#9532,#7866,#7867);
#6304=AXIS2_PLACEMENT_3D('',#9533,#7868,#7869);
#6305=AXIS2_PLACEMENT_3D('',#9534,#7870,#7871);
#6306=AXIS2_PLACEMENT_3D('',#9536,#7873,#7874);
#6307=AXIS2_PLACEMENT_3D('',#9537,#7875,#7876);
#6308=AXIS2_PLACEMENT_3D('',#9538,#7877,#7878);
#6309=AXIS2_PLACEMENT_3D('',#9540,#7880,#7881);
#6310=AXIS2_PLACEMENT_3D('',#9543,#7882,#7883);
#6311=AXIS2_PLACEMENT_3D('',#9547,#7885,#7886);
#6312=AXIS2_PLACEMENT_3D('',#9549,#7888,#7889);
#6313=AXIS2_PLACEMENT_3D('',#9553,#7891,#7892);
#6314=AXIS2_PLACEMENT_3D('',#9559,#7896,#7897);
#6315=AXIS2_PLACEMENT_3D('',#9563,#7900,#7901);
#6316=AXIS2_PLACEMENT_3D('',#9565,#7902,#7903);
#6317=AXIS2_PLACEMENT_3D('',#9567,#7905,#7906);
#6318=AXIS2_PLACEMENT_3D('',#9571,#7909,#7910);
#6319=AXIS2_PLACEMENT_3D('',#9575,#7913,#7914);
#6320=AXIS2_PLACEMENT_3D('',#9577,#7916,#7917);
#6321=AXIS2_PLACEMENT_3D('',#9579,#7918,#7919);
#6322=AXIS2_PLACEMENT_3D('',#9580,#7920,#7921);
#6323=AXIS2_PLACEMENT_3D('',#9581,#7922,#7923);
#6324=AXIS2_PLACEMENT_3D('',#9583,#7924,#7925);
#6325=AXIS2_PLACEMENT_3D('',#9584,#7926,#7927);
#6326=AXIS2_PLACEMENT_3D('',#9585,#7928,#7929);
#6327=AXIS2_PLACEMENT_3D('',#9587,#7931,#7932);
#6328=AXIS2_PLACEMENT_3D('',#9590,#7934,#7935);
#6329=AXIS2_PLACEMENT_3D('',#9591,#7936,#7937);
#6330=AXIS2_PLACEMENT_3D('',#9594,#7939,#7940);
#6331=AXIS2_PLACEMENT_3D('',#9595,#7941,#7942);
#6332=AXIS2_PLACEMENT_3D('',#9597,#7944,#7945);
#6333=AXIS2_PLACEMENT_3D('',#9599,#7946,#7947);
#6334=AXIS2_PLACEMENT_3D('',#9601,#7949,#7950);
#6335=AXIS2_PLACEMENT_3D('',#9603,#7952,#7953);
#6336=AXIS2_PLACEMENT_3D('',#9605,#7955,#7956);
#6337=AXIS2_PLACEMENT_3D('',#9609,#7959,#7960);
#6338=AXIS2_PLACEMENT_3D('',#9610,#7961,#7962);
#6339=AXIS2_PLACEMENT_3D('',#9611,#7963,#7964);
#6340=AXIS2_PLACEMENT_3D('',#9613,#7966,#7967);
#6341=AXIS2_PLACEMENT_3D('',#9622,#7972,#7973);
#6342=AXIS2_PLACEMENT_3D('',#9628,#7977,#7978);
#6343=AXIS2_PLACEMENT_3D('',#9634,#7982,#7983);
#6344=AXIS2_PLACEMENT_3D('',#9640,#7987,#7988);
#6345=AXIS2_PLACEMENT_3D('',#9646,#7992,#7993);
#6346=AXIS2_PLACEMENT_3D('',#9652,#7997,#7998);
#6347=AXIS2_PLACEMENT_3D('',#9658,#8002,#8003);
#6348=AXIS2_PLACEMENT_3D('',#9664,#8007,#8008);
#6349=AXIS2_PLACEMENT_3D('',#9670,#8012,#8013);
#6350=AXIS2_PLACEMENT_3D('',#9676,#8017,#8018);
#6351=AXIS2_PLACEMENT_3D('',#9682,#8022,#8023);
#6352=AXIS2_PLACEMENT_3D('',#9685,#8026,#8027);
#6353=AXIS2_PLACEMENT_3D('',#9686,#8028,#8029);
#6354=AXIS2_PLACEMENT_3D('',#9688,#8030,#8031);
#6355=AXIS2_PLACEMENT_3D('',#9690,#8032,#8033);
#6356=AXIS2_PLACEMENT_3D('',#9692,#8034,#8035);
#6357=AXIS2_PLACEMENT_3D('',#9693,#8036,#8037);
#6358=AXIS2_PLACEMENT_3D('',#9694,#8038,#8039);
#6359=AXIS2_PLACEMENT_3D('',#9696,#8041,#8042);
#6360=AXIS2_PLACEMENT_3D('',#9697,#8043,#8044);
#6361=AXIS2_PLACEMENT_3D('',#9698,#8045,#8046);
#6362=AXIS2_PLACEMENT_3D('',#9701,#8047,#8048);
#6363=AXIS2_PLACEMENT_3D('',#9705,#8050,#8051);
#6364=AXIS2_PLACEMENT_3D('',#9707,#8053,#8054);
#6365=AXIS2_PLACEMENT_3D('',#9711,#8056,#8057);
#6366=AXIS2_PLACEMENT_3D('',#9717,#8061,#8062);
#6367=AXIS2_PLACEMENT_3D('',#9721,#8065,#8066);
#6368=AXIS2_PLACEMENT_3D('',#9723,#8067,#8068);
#6369=AXIS2_PLACEMENT_3D('',#9725,#8070,#8071);
#6370=AXIS2_PLACEMENT_3D('',#9729,#8074,#8075);
#6371=AXIS2_PLACEMENT_3D('',#9733,#8078,#8079);
#6372=AXIS2_PLACEMENT_3D('',#9735,#8081,#8082);
#6373=DIRECTION('axis',(0.,0.,1.));
#6374=DIRECTION('refdir',(1.,0.,0.));
#6375=DIRECTION('center_axis',(0.,0.,-1.));
#6376=DIRECTION('ref_axis',(0.707106781186551,-0.707106781186544,0.));
#6377=DIRECTION('center_axis',(0.,0.,1.));
#6378=DIRECTION('ref_axis',(0.707106781186551,-0.707106781186544,0.));
#6379=DIRECTION('',(0.,0.,1.));
#6380=DIRECTION('center_axis',(0.,0.,-1.));
#6381=DIRECTION('ref_axis',(1.,0.,0.));
#6382=DIRECTION('',(0.,0.,-1.));
#6383=DIRECTION('center_axis',(0.,-1.,0.));
#6384=DIRECTION('ref_axis',(0.707106781186554,0.,0.707106781186541));
#6385=DIRECTION('center_axis',(0.,-1.,0.));
#6386=DIRECTION('ref_axis',(0.707106781186554,0.,0.707106781186541));
#6387=DIRECTION('',(0.,-1.,0.));
#6388=DIRECTION('center_axis',(0.,1.,0.));
#6389=DIRECTION('ref_axis',(0.,0.,1.));
#6390=DIRECTION('',(0.,1.,0.));
#6391=DIRECTION('center_axis',(-0.816496580927728,-0.408248290463864,0.408248290463857));
#6392=DIRECTION('ref_axis',(0.577350269189623,-0.577350269189631,0.577350269189623));
#6393=DIRECTION('center_axis',(1.,0.,0.));
#6394=DIRECTION('ref_axis',(0.,-0.70710678118655,0.707106781186545));
#6395=DIRECTION('center_axis',(0.,-1.,0.));
#6396=DIRECTION('ref_axis',(0.,0.,-1.));
#6397=DIRECTION('',(1.,0.,0.));
#6398=DIRECTION('',(0.,0.,1.));
#6399=DIRECTION('',(1.,0.,0.));
#6400=DIRECTION('',(0.,0.,-1.));
#6401=DIRECTION('',(1.,0.,0.));
#6402=DIRECTION('',(0.,0.,1.));
#6403=DIRECTION('',(1.,0.,0.));
#6404=DIRECTION('',(0.,0.,-1.));
#6405=DIRECTION('',(1.,0.,0.));
#6406=DIRECTION('',(0.,0.,1.));
#6407=DIRECTION('',(1.,0.,0.));
#6408=DIRECTION('',(0.,0.,-1.));
#6409=DIRECTION('',(1.,0.,0.));
#6410=DIRECTION('',(0.,0.,1.));
#6411=DIRECTION('',(1.,0.,0.));
#6412=DIRECTION('',(0.,0.,-1.));
#6413=DIRECTION('',(1.,0.,0.));
#6414=DIRECTION('',(0.,0.,1.));
#6415=DIRECTION('',(1.,0.,0.));
#6416=DIRECTION('',(0.,0.,-1.));
#6417=DIRECTION('',(1.,0.,0.));
#6418=DIRECTION('',(0.,0.,1.));
#6419=DIRECTION('',(1.,0.,0.));
#6420=DIRECTION('',(0.,0.,-1.));
#6421=DIRECTION('',(1.,0.,0.));
#6422=DIRECTION('',(0.,0.,1.));
#6423=DIRECTION('',(1.,0.,0.));
#6424=DIRECTION('',(0.,0.,-1.));
#6425=DIRECTION('',(1.,0.,0.));
#6426=DIRECTION('',(0.,0.,1.));
#6427=DIRECTION('',(1.,0.,0.));
#6428=DIRECTION('',(0.,0.,-1.));
#6429=DIRECTION('',(1.,0.,0.));
#6430=DIRECTION('',(0.,0.,1.));
#6431=DIRECTION('',(1.,0.,0.));
#6432=DIRECTION('center_axis',(1.,0.,0.));
#6433=DIRECTION('ref_axis',(0.,-0.707106781186551,0.707106781186544));
#6434=DIRECTION('',(-1.,0.,0.));
#6435=DIRECTION('center_axis',(-1.,0.,0.));
#6436=DIRECTION('ref_axis',(0.,-0.70710678118655,0.707106781186545));
#6437=DIRECTION('center_axis',(0.,0.,1.));
#6438=DIRECTION('ref_axis',(0.,-1.,0.));
#6439=DIRECTION('',(-1.,0.,0.));
#6440=DIRECTION('',(0.,1.,0.));
#6441=DIRECTION('center_axis',(0.,1.,0.));
#6442=DIRECTION('ref_axis',(0.,0.,1.));
#6443=DIRECTION('',(0.,0.,1.));
#6444=DIRECTION('',(1.,0.,0.));
#6445=DIRECTION('',(0.,0.,-1.));
#6446=DIRECTION('',(-1.,0.,0.));
#6447=DIRECTION('',(0.,0.,1.));
#6448=DIRECTION('',(-1.,0.,0.));
#6449=DIRECTION('',(0.,0.,-1.));
#6450=DIRECTION('',(-1.,0.,0.));
#6451=DIRECTION('',(0.,0.,1.));
#6452=DIRECTION('',(-1.,0.,0.));
#6453=DIRECTION('',(0.,0.,-1.));
#6454=DIRECTION('',(-1.,0.,0.));
#6455=DIRECTION('',(0.,0.,1.));
#6456=DIRECTION('',(-1.,0.,0.));
#6457=DIRECTION('',(0.,0.,-1.));
#6458=DIRECTION('',(-1.,0.,0.));
#6459=DIRECTION('',(0.,0.,1.));
#6460=DIRECTION('',(-1.,0.,0.));
#6461=DIRECTION('',(0.,0.,-1.));
#6462=DIRECTION('',(-1.,0.,0.));
#6463=DIRECTION('',(0.,0.,1.));
#6464=DIRECTION('',(-1.,0.,0.));
#6465=DIRECTION('',(0.,0.,-1.));
#6466=DIRECTION('',(-1.,0.,0.));
#6467=DIRECTION('',(0.,0.,1.));
#6468=DIRECTION('',(-1.,0.,0.));
#6469=DIRECTION('',(0.,0.,-1.));
#6470=DIRECTION('',(-1.,0.,0.));
#6471=DIRECTION('',(0.,0.,1.));
#6472=DIRECTION('',(-1.,0.,0.));
#6473=DIRECTION('',(0.,0.,-1.));
#6474=DIRECTION('',(-1.,0.,0.));
#6475=DIRECTION('',(0.,0.,1.));
#6476=DIRECTION('',(-1.,0.,0.));
#6477=DIRECTION('',(0.,0.,-1.));
#6478=DIRECTION('center_axis',(0.,0.,-1.));
#6479=DIRECTION('ref_axis',(-0.707106781186553,0.707106781186542,0.));
#6480=DIRECTION('center_axis',(0.,0.,1.));
#6481=DIRECTION('ref_axis',(-0.707106781186553,0.707106781186542,0.));
#6482=DIRECTION('',(0.,0.,1.));
#6483=DIRECTION('center_axis',(0.,0.,-1.));
#6484=DIRECTION('ref_axis',(-1.,0.,0.));
#6485=DIRECTION('center_axis',(0.,1.,0.));
#6486=DIRECTION('ref_axis',(-0.707106781186554,0.,0.707106781186541));
#6487=DIRECTION('center_axis',(0.,1.,0.));
#6488=DIRECTION('ref_axis',(-1.,0.,0.));
#6489=DIRECTION('',(0.,1.,0.));
#6490=DIRECTION('center_axis',(0.,-1.,-2.7755575615629E-16));
#6491=DIRECTION('ref_axis',(0.,-2.7755575615629E-16,1.));
#6492=DIRECTION('',(0.,-1.,0.));
#6493=DIRECTION('center_axis',(0.,0.,1.));
#6494=DIRECTION('ref_axis',(-0.707106781186551,-0.707106781186544,0.));
#6495=DIRECTION('center_axis',(0.,0.,1.));
#6496=DIRECTION('ref_axis',(-0.707106781186551,-0.707106781186544,0.));
#6497=DIRECTION('center_axis',(0.,0.,-1.));
#6498=DIRECTION('ref_axis',(0.,-1.,0.));
#6499=DIRECTION('',(0.,0.,-1.));
#6500=DIRECTION('center_axis',(-0.816496580927728,0.408248290463864,-0.408248290463857));
#6501=DIRECTION('ref_axis',(-0.577350269189623,-0.577350269189631,0.577350269189623));
#6502=DIRECTION('center_axis',(-1.,0.,0.));
#6503=DIRECTION('ref_axis',(0.,-0.70710678118655,0.707106781186545));
#6504=DIRECTION('center_axis',(-0.81649658092773,-0.408248290463861,-0.408248290463858));
#6505=DIRECTION('ref_axis',(-0.577350269189624,0.577350269189629,0.577350269189624));
#6506=DIRECTION('center_axis',(-1.,0.,0.));
#6507=DIRECTION('ref_axis',(0.,0.707106781186549,0.707106781186546));
#6508=DIRECTION('center_axis',(-1.,0.,0.));
#6509=DIRECTION('ref_axis',(0.,0.707106781186549,0.707106781186546));
#6510=DIRECTION('',(1.,0.,0.));
#6511=DIRECTION('center_axis',(1.,0.,0.));
#6512=DIRECTION('ref_axis',(0.,0.,1.));
#6513=DIRECTION('center_axis',(0.,0.,1.));
#6514=DIRECTION('ref_axis',(0.,-1.,0.));
#6515=DIRECTION('',(-1.,0.,0.));
#6516=DIRECTION('',(0.,-1.,0.));
#6517=DIRECTION('center_axis',(1.,0.,0.));
#6518=DIRECTION('ref_axis',(0.,-0.707106781186551,0.707106781186544));
#6519=DIRECTION('center_axis',(1.,0.,0.));
#6520=DIRECTION('ref_axis',(0.,-1.,0.));
#6521=DIRECTION('center_axis',(-0.816496580927725,0.408248290463865,0.408248290463863));
#6522=DIRECTION('ref_axis',(0.577350269189625,0.577350269189627,0.577350269189625));
#6523=DIRECTION('center_axis',(0.,0.,1.));
#6524=DIRECTION('ref_axis',(0.,1.,0.));
#6525=DIRECTION('center_axis',(1.,0.,0.));
#6526=DIRECTION('ref_axis',(0.,0.,1.));
#6527=DIRECTION('center_axis',(0.,1.,0.));
#6528=DIRECTION('ref_axis',(1.,0.,0.));
#6529=DIRECTION('center_axis',(-1.,0.,0.));
#6530=DIRECTION('ref_axis',(0.,0.707106781186549,0.707106781186546));
#6531=DIRECTION('center_axis',(1.,0.,0.));
#6532=DIRECTION('ref_axis',(0.,1.,0.));
#6533=DIRECTION('',(1.,0.,0.));
#6534=DIRECTION('center_axis',(-0.81649658092773,-0.408248290463861,-0.408248290463858));
#6535=DIRECTION('ref_axis',(-0.577350269189624,0.577350269189629,0.577350269189624));
#6536=DIRECTION('center_axis',(0.,0.,1.));
#6537=DIRECTION('ref_axis',(-0.707106781186546,0.707106781186549,0.));
#6538=DIRECTION('center_axis',(0.,1.,0.));
#6539=DIRECTION('ref_axis',(-0.707106781186548,0.,0.707106781186548));
#6540=DIRECTION('center_axis',(0.,1.,0.));
#6541=DIRECTION('ref_axis',(0.707106781186541,0.,0.707106781186554));
#6542=DIRECTION('center_axis',(0.,1.,0.));
#6543=DIRECTION('ref_axis',(0.,0.,1.));
#6544=DIRECTION('',(0.,1.,0.));
#6545=DIRECTION('',(0.,-1.,0.));
#6546=DIRECTION('center_axis',(0.,0.,-1.));
#6547=DIRECTION('ref_axis',(0.70710678118654,0.707106781186555,0.));
#6548=DIRECTION('',(0.,0.,-1.));
#6549=DIRECTION('center_axis',(-0.707106781186549,0.,0.707106781186546));
#6550=DIRECTION('ref_axis',(0.707106781186546,0.,0.707106781186549));
#6551=DIRECTION('center_axis',(0.,0.,1.));
#6552=DIRECTION('ref_axis',(-0.70710678118654,0.707106781186555,0.));
#6553=DIRECTION('',(0.,0.,1.));
#6554=DIRECTION('center_axis',(0.,0.707106781186546,-0.707106781186549));
#6555=DIRECTION('ref_axis',(0.,-0.707106781186549,-0.707106781186546));
#6556=DIRECTION('center_axis',(0.707106781186549,0.,0.707106781186546));
#6557=DIRECTION('ref_axis',(0.707106781186546,0.,-0.707106781186549));
#6558=DIRECTION('center_axis',(0.,-1.,0.));
#6559=DIRECTION('ref_axis',(-0.707106781186541,0.,0.707106781186554));
#6560=DIRECTION('',(0.,-1.,0.));
#6561=DIRECTION('center_axis',(0.,1.,0.));
#6562=DIRECTION('ref_axis',(-1.,0.,0.));
#6563=DIRECTION('center_axis',(1.,0.,0.));
#6564=DIRECTION('ref_axis',(0.,0.707106781186549,0.707106781186546));
#6565=DIRECTION('',(1.,0.,0.));
#6566=DIRECTION('center_axis',(0.,0.,1.));
#6567=DIRECTION('ref_axis',(0.707106781186541,-0.707106781186554,0.));
#6568=DIRECTION('',(0.,0.,1.));
#6569=DIRECTION('center_axis',(0.,0.,-1.));
#6570=DIRECTION('ref_axis',(1.,0.,0.));
#6571=DIRECTION('center_axis',(-0.707106781186549,0.,0.707106781186546));
#6572=DIRECTION('ref_axis',(-0.707106781186546,0.,-0.707106781186549));
#6573=DIRECTION('center_axis',(0.,0.,-1.));
#6574=DIRECTION('ref_axis',(-0.707106781186538,-0.707106781186557,0.));
#6575=DIRECTION('center_axis',(0.,0.,-1.));
#6576=DIRECTION('ref_axis',(0.,-1.,0.));
#6577=DIRECTION('',(0.,0.,-1.));
#6578=DIRECTION('center_axis',(0.707106781186549,0.,0.707106781186546));
#6579=DIRECTION('ref_axis',(-0.707106781186546,0.,0.707106781186549));
#6580=DIRECTION('center_axis',(-1.,0.,0.));
#6581=DIRECTION('ref_axis',(0.,-0.707106781186548,0.707106781186548));
#6582=DIRECTION('',(-1.,0.,0.));
#6583=DIRECTION('center_axis',(-0.816496580927728,0.408248290463864,-0.408248290463857));
#6584=DIRECTION('ref_axis',(-0.577350269189623,-0.577350269189631,0.577350269189623));
#6585=DIRECTION('center_axis',(-0.816496580927728,-0.408248290463864,0.408248290463857));
#6586=DIRECTION('ref_axis',(0.577350269189623,-0.577350269189631,0.577350269189623));
#6587=DIRECTION('center_axis',(1.,0.,0.));
#6588=DIRECTION('ref_axis',(0.,-0.70710678118655,0.707106781186545));
#6589=DIRECTION('center_axis',(1.,0.,0.));
#6590=DIRECTION('ref_axis',(0.,-1.,0.));
#6591=DIRECTION('',(0.,-1.,0.));
#6592=DIRECTION('center_axis',(0.,0.,-1.));
#6593=DIRECTION('ref_axis',(-1.,0.,0.));
#6594=DIRECTION('',(0.,1.,0.));
#6595=DIRECTION('center_axis',(0.,0.,-1.));
#6596=DIRECTION('ref_axis',(-1.,0.,0.));
#6597=DIRECTION('center_axis',(0.,1.,0.));
#6598=DIRECTION('ref_axis',(1.,0.,0.));
#6599=DIRECTION('',(1.,0.,0.));
#6600=DIRECTION('',(0.,0.,-1.));
#6601=DIRECTION('',(1.,0.,0.));
#6602=DIRECTION('',(0.,0.,-1.));
#6603=DIRECTION('center_axis',(-1.,0.,0.));
#6604=DIRECTION('ref_axis',(0.,1.,0.));
#6605=DIRECTION('',(0.,1.,0.));
#6606=DIRECTION('',(0.,0.,-1.));
#6607=DIRECTION('',(0.,1.,0.));
#6608=DIRECTION('center_axis',(0.,1.,0.));
#6609=DIRECTION('ref_axis',(1.,0.,0.));
#6610=DIRECTION('',(1.,0.,0.));
#6611=DIRECTION('',(0.,0.,-1.));
#6612=DIRECTION('',(1.,0.,0.));
#6613=DIRECTION('center_axis',(-1.,0.,0.));
#6614=DIRECTION('ref_axis',(0.,1.,0.));
#6615=DIRECTION('',(0.,1.,0.));
#6616=DIRECTION('',(0.,0.,-1.));
#6617=DIRECTION('',(0.,1.,0.));
#6618=DIRECTION('center_axis',(0.,-1.,0.));
#6619=DIRECTION('ref_axis',(-1.,0.,0.));
#6620=DIRECTION('',(-1.,0.,0.));
#6621=DIRECTION('',(0.,0.,-1.));
#6622=DIRECTION('',(-1.,0.,0.));
#6623=DIRECTION('center_axis',(-1.,0.,0.));
#6624=DIRECTION('ref_axis',(0.,1.,0.));
#6625=DIRECTION('',(0.,1.,0.));
#6626=DIRECTION('',(0.,0.,-1.));
#6627=DIRECTION('',(0.,1.,0.));
#6628=DIRECTION('center_axis',(2.77555756156292E-15,-1.,0.));
#6629=DIRECTION('ref_axis',(-1.,-2.77555756156292E-15,0.));
#6630=DIRECTION('',(-1.,-2.77555756156292E-15,0.));
#6631=DIRECTION('',(0.,0.,-1.));
#6632=DIRECTION('',(-1.,-2.77555756156292E-15,0.));
#6633=DIRECTION('center_axis',(1.,0.,0.));
#6634=DIRECTION('ref_axis',(0.,-1.,0.));
#6635=DIRECTION('',(0.,-1.,0.));
#6636=DIRECTION('',(0.,0.,-1.));
#6637=DIRECTION('',(0.,-1.,0.));
#6638=DIRECTION('center_axis',(0.,-1.,0.));
#6639=DIRECTION('ref_axis',(-1.,0.,0.));
#6640=DIRECTION('',(-1.,0.,0.));
#6641=DIRECTION('',(0.,0.,-1.));
#6642=DIRECTION('',(-1.,0.,0.));
#6643=DIRECTION('center_axis',(1.,0.,0.));
#6644=DIRECTION('ref_axis',(0.,-1.,0.));
#6645=DIRECTION('',(0.,-1.,0.));
#6646=DIRECTION('',(0.,0.,-1.));
#6647=DIRECTION('',(0.,-1.,0.));
#6648=DIRECTION('center_axis',(0.,1.,0.));
#6649=DIRECTION('ref_axis',(1.,0.,0.));
#6650=DIRECTION('',(1.,0.,0.));
#6651=DIRECTION('',(0.,0.,-1.));
#6652=DIRECTION('',(1.,0.,0.));
#6653=DIRECTION('center_axis',(1.,0.,0.));
#6654=DIRECTION('ref_axis',(0.,-1.,0.));
#6655=DIRECTION('',(0.,-1.,0.));
#6656=DIRECTION('',(0.,-1.,0.));
#6657=DIRECTION('center_axis',(0.,0.,-1.));
#6658=DIRECTION('ref_axis',(-1.,0.,0.));
#6659=DIRECTION('center_axis',(0.,0.,1.));
#6660=DIRECTION('ref_axis',(1.,0.,0.));
#6661=DIRECTION('center_axis',(0.,0.,-1.));
#6662=DIRECTION('ref_axis',(-1.,0.,0.));
#6663=DIRECTION('center_axis',(0.,-1.,0.));
#6664=DIRECTION('ref_axis',(-1.,0.,0.));
#6665=DIRECTION('center_axis',(0.,0.,1.));
#6666=DIRECTION('ref_axis',(-1.,0.,0.));
#6667=DIRECTION('center_axis',(0.,0.,1.));
#6668=DIRECTION('ref_axis',(-1.,0.,0.));
#6669=DIRECTION('center_axis',(0.,0.,1.));
#6670=DIRECTION('ref_axis',(-1.,0.,0.));
#6671=DIRECTION('',(0.,0.,-1.));
#6672=DIRECTION('center_axis',(0.,0.,1.));
#6673=DIRECTION('ref_axis',(-1.,0.,0.));
#6674=DIRECTION('center_axis',(-1.,0.,0.));
#6675=DIRECTION('ref_axis',(0.,1.,0.));
#6676=DIRECTION('center_axis',(1.,0.,0.));
#6677=DIRECTION('ref_axis',(0.,-0.707106781186551,0.707106781186544));
#6678=DIRECTION('',(-1.,0.,0.));
#6679=DIRECTION('center_axis',(-1.,0.,0.));
#6680=DIRECTION('ref_axis',(0.,-0.70710678118655,0.707106781186545));
#6681=DIRECTION('center_axis',(0.,0.,1.));
#6682=DIRECTION('ref_axis',(0.,-1.,0.));
#6683=DIRECTION('',(0.,1.,0.));
#6684=DIRECTION('center_axis',(0.,-1.,0.));
#6685=DIRECTION('ref_axis',(0.70710678118654,0.,-0.707106781186555));
#6686=DIRECTION('center_axis',(-5.84327907697452E-16,1.,0.));
#6687=DIRECTION('ref_axis',(0.70710678118654,0.,-0.707106781186555));
#6688=DIRECTION('',(0.,1.,0.));
#6689=DIRECTION('center_axis',(0.,-1.,0.));
#6690=DIRECTION('ref_axis',(0.70710678118654,0.,-0.707106781186555));
#6691=DIRECTION('',(0.,-1.,0.));
#6692=DIRECTION('center_axis',(0.,1.,0.));
#6693=DIRECTION('ref_axis',(1.,0.,0.));
#6694=DIRECTION('',(1.,0.,0.));
#6695=DIRECTION('center_axis',(0.,-1.,0.));
#6696=DIRECTION('ref_axis',(-0.70710678118654,0.,-0.707106781186555));
#6697=DIRECTION('',(0.,0.,-1.));
#6698=DIRECTION('',(-1.,0.,0.));
#6699=DIRECTION('',(0.,0.,-1.));
#6700=DIRECTION('center_axis',(0.,0.,-1.));
#6701=DIRECTION('ref_axis',(-1.,0.,0.));
#6702=DIRECTION('',(-1.,-5.84327907697452E-16,0.));
#6703=DIRECTION('',(0.,-1.,0.));
#6704=DIRECTION('center_axis',(0.,1.,0.));
#6705=DIRECTION('ref_axis',(-0.70710678118654,0.,-0.707106781186555));
#6706=DIRECTION('center_axis',(-5.84327907697452E-16,1.,0.));
#6707=DIRECTION('ref_axis',(-0.70710678118654,0.,-0.707106781186555));
#6708=DIRECTION('',(0.,1.,0.));
#6709=DIRECTION('center_axis',(-1.,0.,0.));
#6710=DIRECTION('ref_axis',(0.,1.,0.));
#6711=DIRECTION('',(0.,0.,-1.));
#6712=DIRECTION('',(0.,-1.,0.));
#6713=DIRECTION('center_axis',(5.84327907697452E-16,-1.,0.));
#6714=DIRECTION('ref_axis',(-1.,-5.84327907697452E-16,0.));
#6715=DIRECTION('',(0.,0.,-1.));
#6716=DIRECTION('',(1.,5.84327907697452E-16,0.));
#6717=DIRECTION('center_axis',(1.,0.,0.));
#6718=DIRECTION('ref_axis',(0.,-1.,0.));
#6719=DIRECTION('',(0.,1.,0.));
#6720=DIRECTION('center_axis',(-0.816496580927728,0.408248290463863,0.40824829046386));
#6721=DIRECTION('ref_axis',(0.577350269189625,0.577350269189627,0.577350269189625));
#6722=DIRECTION('center_axis',(0.,0.,1.));
#6723=DIRECTION('ref_axis',(0.,1.,0.));
#6724=DIRECTION('center_axis',(1.,0.,0.));
#6725=DIRECTION('ref_axis',(0.,0.,1.));
#6726=DIRECTION('center_axis',(0.,1.,0.));
#6727=DIRECTION('ref_axis',(1.,0.,0.));
#6728=DIRECTION('center_axis',(-1.,0.,0.));
#6729=DIRECTION('ref_axis',(0.,0.707106781186549,0.707106781186546));
#6730=DIRECTION('center_axis',(1.,0.,0.));
#6731=DIRECTION('ref_axis',(0.,1.,0.));
#6732=DIRECTION('',(1.,0.,0.));
#6733=DIRECTION('center_axis',(-0.816496580927727,-0.408248290463864,-0.40824829046386));
#6734=DIRECTION('ref_axis',(-0.577350269189624,0.577350269189629,0.577350269189624));
#6735=DIRECTION('center_axis',(0.,0.,1.));
#6736=DIRECTION('ref_axis',(-0.707106781186546,0.707106781186549,0.));
#6737=DIRECTION('center_axis',(0.,1.,0.));
#6738=DIRECTION('ref_axis',(-0.707106781186548,0.,0.707106781186548));
#6739=DIRECTION('center_axis',(0.,1.,0.));
#6740=DIRECTION('ref_axis',(0.707106781186548,0.,0.707106781186548));
#6741=DIRECTION('center_axis',(0.,1.,0.));
#6742=DIRECTION('ref_axis',(0.,0.,1.));
#6743=DIRECTION('',(0.,1.,0.));
#6744=DIRECTION('',(0.,-1.,0.));
#6745=DIRECTION('center_axis',(0.,0.,-1.));
#6746=DIRECTION('ref_axis',(0.707106781186546,0.707106781186549,0.));
#6747=DIRECTION('',(0.,0.,-1.));
#6748=DIRECTION('center_axis',(-0.707106781186549,0.,0.707106781186546));
#6749=DIRECTION('ref_axis',(0.707106781186546,0.,0.707106781186549));
#6750=DIRECTION('center_axis',(0.,0.,1.));
#6751=DIRECTION('ref_axis',(-0.707106781186546,0.707106781186549,0.));
#6752=DIRECTION('center_axis',(0.707106781186549,0.,0.707106781186546));
#6753=DIRECTION('ref_axis',(0.707106781186546,0.,-0.707106781186549));
#6754=DIRECTION('',(0.,0.,1.));
#6755=DIRECTION('center_axis',(0.,-1.,0.));
#6756=DIRECTION('ref_axis',(-0.707106781186548,0.,0.707106781186548));
#6757=DIRECTION('',(0.,-1.,0.));
#6758=DIRECTION('center_axis',(0.,1.,0.));
#6759=DIRECTION('ref_axis',(-1.,0.,0.));
#6760=DIRECTION('center_axis',(1.,0.,0.));
#6761=DIRECTION('ref_axis',(0.,0.707106781186549,0.707106781186546));
#6762=DIRECTION('',(1.,0.,0.));
#6763=DIRECTION('center_axis',(0.,0.,1.));
#6764=DIRECTION('ref_axis',(0.707106781186548,-0.707106781186548,0.));
#6765=DIRECTION('',(0.,0.,1.));
#6766=DIRECTION('center_axis',(0.,0.,-1.));
#6767=DIRECTION('ref_axis',(1.,0.,0.));
#6768=DIRECTION('center_axis',(-0.707106781186549,0.,0.707106781186546));
#6769=DIRECTION('ref_axis',(-0.707106781186546,0.,-0.707106781186549));
#6770=DIRECTION('center_axis',(0.,0.,-1.));
#6771=DIRECTION('ref_axis',(-0.707106781186544,-0.707106781186551,0.));
#6772=DIRECTION('center_axis',(0.,0.,-1.));
#6773=DIRECTION('ref_axis',(0.,-1.,0.));
#6774=DIRECTION('',(0.,0.,-1.));
#6775=DIRECTION('center_axis',(0.707106781186549,0.,0.707106781186546));
#6776=DIRECTION('ref_axis',(-0.707106781186546,0.,0.707106781186549));
#6777=DIRECTION('center_axis',(-1.,0.,0.));
#6778=DIRECTION('ref_axis',(0.,-0.707106781186548,0.707106781186548));
#6779=DIRECTION('',(-1.,0.,0.));
#6780=DIRECTION('center_axis',(-0.816496580927728,0.408248290463864,-0.408248290463857));
#6781=DIRECTION('ref_axis',(-0.577350269189623,-0.577350269189631,0.577350269189623));
#6782=DIRECTION('center_axis',(-0.816496580927726,-0.408248290463867,0.408248290463859));
#6783=DIRECTION('ref_axis',(0.577350269189623,-0.577350269189631,0.577350269189623));
#6784=DIRECTION('center_axis',(1.,0.,0.));
#6785=DIRECTION('ref_axis',(0.,-0.70710678118655,0.707106781186545));
#6786=DIRECTION('center_axis',(1.,0.,0.));
#6787=DIRECTION('ref_axis',(0.,-1.,0.));
#6788=DIRECTION('',(0.,-1.,0.));
#6789=DIRECTION('center_axis',(0.,0.,-1.));
#6790=DIRECTION('ref_axis',(-1.,0.,0.));
#6791=DIRECTION('',(0.,1.,0.));
#6792=DIRECTION('center_axis',(0.,0.,-1.));
#6793=DIRECTION('ref_axis',(-1.,0.,0.));
#6794=DIRECTION('center_axis',(0.,1.,0.));
#6795=DIRECTION('ref_axis',(1.,0.,0.));
#6796=DIRECTION('',(1.,0.,0.));
#6797=DIRECTION('',(0.,0.,-1.));
#6798=DIRECTION('',(1.,0.,0.));
#6799=DIRECTION('',(0.,0.,-1.));
#6800=DIRECTION('center_axis',(-1.,0.,0.));
#6801=DIRECTION('ref_axis',(0.,1.,0.));
#6802=DIRECTION('',(0.,1.,0.));
#6803=DIRECTION('',(0.,0.,-1.));
#6804=DIRECTION('',(0.,1.,0.));
#6805=DIRECTION('center_axis',(0.,1.,0.));
#6806=DIRECTION('ref_axis',(1.,0.,0.));
#6807=DIRECTION('',(1.,0.,0.));
#6808=DIRECTION('',(0.,0.,-1.));
#6809=DIRECTION('',(1.,0.,0.));
#6810=DIRECTION('center_axis',(-1.,0.,0.));
#6811=DIRECTION('ref_axis',(0.,1.,0.));
#6812=DIRECTION('',(0.,1.,0.));
#6813=DIRECTION('',(0.,0.,-1.));
#6814=DIRECTION('',(0.,1.,0.));
#6815=DIRECTION('center_axis',(0.,-1.,0.));
#6816=DIRECTION('ref_axis',(-1.,0.,0.));
#6817=DIRECTION('',(-1.,0.,0.));
#6818=DIRECTION('',(0.,0.,-1.));
#6819=DIRECTION('',(-1.,0.,0.));
#6820=DIRECTION('center_axis',(-1.,0.,0.));
#6821=DIRECTION('ref_axis',(0.,1.,0.));
#6822=DIRECTION('',(0.,1.,0.));
#6823=DIRECTION('',(0.,0.,-1.));
#6824=DIRECTION('',(0.,1.,0.));
#6825=DIRECTION('center_axis',(2.77555756156292E-15,-1.,0.));
#6826=DIRECTION('ref_axis',(-1.,-2.77555756156292E-15,0.));
#6827=DIRECTION('',(-1.,-2.77555756156292E-15,0.));
#6828=DIRECTION('',(0.,0.,-1.));
#6829=DIRECTION('',(-1.,-2.77555756156292E-15,0.));
#6830=DIRECTION('center_axis',(1.,0.,0.));
#6831=DIRECTION('ref_axis',(0.,-1.,0.));
#6832=DIRECTION('',(0.,-1.,0.));
#6833=DIRECTION('',(0.,0.,-1.));
#6834=DIRECTION('',(0.,-1.,0.));
#6835=DIRECTION('center_axis',(0.,-1.,0.));
#6836=DIRECTION('ref_axis',(-1.,0.,0.));
#6837=DIRECTION('',(-1.,0.,0.));
#6838=DIRECTION('',(0.,0.,-1.));
#6839=DIRECTION('',(-1.,0.,0.));
#6840=DIRECTION('center_axis',(1.,0.,0.));
#6841=DIRECTION('ref_axis',(0.,-1.,0.));
#6842=DIRECTION('',(0.,-1.,0.));
#6843=DIRECTION('',(0.,0.,-1.));
#6844=DIRECTION('',(0.,-1.,0.));
#6845=DIRECTION('center_axis',(0.,1.,0.));
#6846=DIRECTION('ref_axis',(1.,0.,0.));
#6847=DIRECTION('',(1.,0.,0.));
#6848=DIRECTION('',(0.,0.,-1.));
#6849=DIRECTION('',(1.,0.,0.));
#6850=DIRECTION('center_axis',(1.,0.,0.));
#6851=DIRECTION('ref_axis',(0.,-1.,0.));
#6852=DIRECTION('',(0.,-1.,0.));
#6853=DIRECTION('',(0.,-1.,0.));
#6854=DIRECTION('center_axis',(0.,0.,-1.));
#6855=DIRECTION('ref_axis',(-1.,0.,0.));
#6856=DIRECTION('center_axis',(0.,0.,1.));
#6857=DIRECTION('ref_axis',(1.,0.,0.));
#6858=DIRECTION('center_axis',(0.,0.,-1.));
#6859=DIRECTION('ref_axis',(-1.,0.,0.));
#6860=DIRECTION('center_axis',(0.,-1.,0.));
#6861=DIRECTION('ref_axis',(-1.,0.,0.));
#6862=DIRECTION('center_axis',(0.,0.,1.));
#6863=DIRECTION('ref_axis',(-1.,0.,0.));
#6864=DIRECTION('center_axis',(0.,0.,1.));
#6865=DIRECTION('ref_axis',(-1.,0.,0.));
#6866=DIRECTION('center_axis',(0.,0.,1.));
#6867=DIRECTION('ref_axis',(-1.,0.,0.));
#6868=DIRECTION('',(0.,0.,-1.));
#6869=DIRECTION('center_axis',(0.,0.,1.));
#6870=DIRECTION('ref_axis',(-1.,0.,0.));
#6871=DIRECTION('center_axis',(-1.,0.,0.));
#6872=DIRECTION('ref_axis',(0.,1.,0.));
#6873=DIRECTION('center_axis',(1.,0.,0.));
#6874=DIRECTION('ref_axis',(0.,-0.707106781186551,0.707106781186544));
#6875=DIRECTION('',(-1.,0.,0.));
#6876=DIRECTION('center_axis',(-1.,0.,0.));
#6877=DIRECTION('ref_axis',(0.,-0.70710678118655,0.707106781186545));
#6878=DIRECTION('center_axis',(0.,0.,1.));
#6879=DIRECTION('ref_axis',(0.,-1.,0.));
#6880=DIRECTION('',(0.,1.,0.));
#6881=DIRECTION('center_axis',(0.,-1.,0.));
#6882=DIRECTION('ref_axis',(0.707106781186546,0.,-0.707106781186549));
#6883=DIRECTION('center_axis',(-5.84327907697452E-16,1.,0.));
#6884=DIRECTION('ref_axis',(0.707106781186546,0.,-0.707106781186549));
#6885=DIRECTION('',(0.,1.,0.));
#6886=DIRECTION('center_axis',(0.,-1.,0.));
#6887=DIRECTION('ref_axis',(0.707106781186546,0.,-0.707106781186549));
#6888=DIRECTION('',(0.,-1.,0.));
#6889=DIRECTION('center_axis',(0.,1.,0.));
#6890=DIRECTION('ref_axis',(1.,0.,0.));
#6891=DIRECTION('',(1.,0.,0.));
#6892=DIRECTION('center_axis',(0.,-1.,0.));
#6893=DIRECTION('ref_axis',(-0.707106781186546,0.,-0.707106781186549));
#6894=DIRECTION('',(0.,0.,-1.));
#6895=DIRECTION('',(-1.,0.,0.));
#6896=DIRECTION('',(0.,0.,-1.));
#6897=DIRECTION('center_axis',(0.,0.,-1.));
#6898=DIRECTION('ref_axis',(-1.,0.,0.));
#6899=DIRECTION('',(-1.,-5.84327907697452E-16,0.));
#6900=DIRECTION('',(0.,-1.,0.));
#6901=DIRECTION('center_axis',(0.,1.,0.));
#6902=DIRECTION('ref_axis',(-0.707106781186546,0.,-0.707106781186549));
#6903=DIRECTION('center_axis',(-5.84327907697452E-16,1.,0.));
#6904=DIRECTION('ref_axis',(-0.707106781186546,0.,-0.707106781186549));
#6905=DIRECTION('',(0.,1.,0.));
#6906=DIRECTION('center_axis',(-1.,0.,0.));
#6907=DIRECTION('ref_axis',(0.,1.,0.));
#6908=DIRECTION('',(0.,0.,-1.));
#6909=DIRECTION('',(0.,-1.,0.));
#6910=DIRECTION('center_axis',(5.84327907697452E-16,-1.,0.));
#6911=DIRECTION('ref_axis',(-1.,-5.84327907697452E-16,0.));
#6912=DIRECTION('',(0.,0.,-1.));
#6913=DIRECTION('',(1.,5.84327907697452E-16,0.));
#6914=DIRECTION('center_axis',(1.,0.,0.));
#6915=DIRECTION('ref_axis',(0.,-1.,0.));
#6916=DIRECTION('',(0.,1.,0.));
#6917=DIRECTION('center_axis',(0.408248290463861,0.408248290463861,-0.816496580927728));
#6918=DIRECTION('ref_axis',(0.577350269189628,0.577350269189625,0.577350269189624));
#6919=DIRECTION('center_axis',(0.,0.,1.));
#6920=DIRECTION('ref_axis',(0.,1.,0.));
#6921=DIRECTION('center_axis',(1.,0.,0.));
#6922=DIRECTION('ref_axis',(0.,0.,1.));
#6923=DIRECTION('center_axis',(0.,1.,0.));
#6924=DIRECTION('ref_axis',(1.,0.,0.));
#6925=DIRECTION('center_axis',(-1.,0.,0.));
#6926=DIRECTION('ref_axis',(0.,0.707106781186549,0.707106781186546));
#6927=DIRECTION('center_axis',(1.,0.,0.));
#6928=DIRECTION('ref_axis',(0.,1.,0.));
#6929=DIRECTION('',(1.,0.,0.));
#6930=DIRECTION('center_axis',(-0.408248290463863,0.408248290463862,-0.816496580927726));
#6931=DIRECTION('ref_axis',(-0.577350269189627,0.577350269189627,0.577350269189623));
#6932=DIRECTION('center_axis',(0.,0.,1.));
#6933=DIRECTION('ref_axis',(-0.70710678118655,0.707106781186545,0.));
#6934=DIRECTION('center_axis',(0.,1.,0.));
#6935=DIRECTION('ref_axis',(-0.70710678118655,0.,0.707106781186545));
#6936=DIRECTION('center_axis',(0.,1.,0.));
#6937=DIRECTION('ref_axis',(0.707106781186551,0.,0.707106781186544));
#6938=DIRECTION('center_axis',(0.,1.,0.));
#6939=DIRECTION('ref_axis',(0.,0.,1.));
#6940=DIRECTION('',(0.,1.,0.));
#6941=DIRECTION('',(0.,-1.,0.));
#6942=DIRECTION('center_axis',(0.,0.,-1.));
#6943=DIRECTION('ref_axis',(0.707106781186549,0.707106781186546,0.));
#6944=DIRECTION('',(0.,0.,-1.));
#6945=DIRECTION('center_axis',(-0.707106781186548,0.,0.707106781186548));
#6946=DIRECTION('ref_axis',(0.707106781186548,0.,0.707106781186548));
#6947=DIRECTION('center_axis',(0.,0.,1.));
#6948=DIRECTION('ref_axis',(-0.707106781186546,0.707106781186549,0.));
#6949=DIRECTION('center_axis',(0.707106781186549,0.,0.707106781186546));
#6950=DIRECTION('ref_axis',(0.707106781186546,0.,-0.707106781186549));
#6951=DIRECTION('',(0.,0.,1.));
#6952=DIRECTION('center_axis',(0.,-1.,0.));
#6953=DIRECTION('ref_axis',(-0.707106781186548,0.,0.707106781186548));
#6954=DIRECTION('',(0.,-1.,0.));
#6955=DIRECTION('center_axis',(0.,1.,0.));
#6956=DIRECTION('ref_axis',(-1.,0.,0.));
#6957=DIRECTION('center_axis',(1.,0.,0.));
#6958=DIRECTION('ref_axis',(0.,0.707106781186549,0.707106781186546));
#6959=DIRECTION('',(1.,0.,0.));
#6960=DIRECTION('center_axis',(0.,0.,1.));
#6961=DIRECTION('ref_axis',(0.707106781186551,-0.707106781186544,0.));
#6962=DIRECTION('',(0.,0.,1.));
#6963=DIRECTION('center_axis',(0.,0.,-1.));
#6964=DIRECTION('ref_axis',(1.,0.,0.));
#6965=DIRECTION('center_axis',(-0.707106781186548,0.,0.707106781186548));
#6966=DIRECTION('ref_axis',(-0.707106781186547,0.,-0.707106781186547));
#6967=DIRECTION('center_axis',(0.,0.,-1.));
#6968=DIRECTION('ref_axis',(-0.707106781186544,-0.707106781186551,0.));
#6969=DIRECTION('center_axis',(0.,0.,-1.));
#6970=DIRECTION('ref_axis',(0.,-1.,0.));
#6971=DIRECTION('',(0.,0.,-1.));
#6972=DIRECTION('center_axis',(0.707106781186549,0.,0.707106781186546));
#6973=DIRECTION('ref_axis',(-0.707106781186546,0.,0.707106781186549));
#6974=DIRECTION('center_axis',(-1.,0.,0.));
#6975=DIRECTION('ref_axis',(0.,-0.707106781186548,0.707106781186548));
#6976=DIRECTION('',(-1.,0.,0.));
#6977=DIRECTION('center_axis',(-0.816496580927726,0.408248290463867,-0.408248290463859));
#6978=DIRECTION('ref_axis',(-0.577350269189623,-0.577350269189631,0.577350269189623));
#6979=DIRECTION('center_axis',(-0.816496580927726,-0.408248290463867,0.408248290463859));
#6980=DIRECTION('ref_axis',(0.577350269189626,-0.577350269189629,0.577350269189622));
#6981=DIRECTION('center_axis',(1.,0.,0.));
#6982=DIRECTION('ref_axis',(0.,-0.70710678118655,0.707106781186545));
#6983=DIRECTION('center_axis',(1.,0.,0.));
#6984=DIRECTION('ref_axis',(0.,-1.,0.));
#6985=DIRECTION('',(0.,-1.,0.));
#6986=DIRECTION('center_axis',(0.,0.,-1.));
#6987=DIRECTION('ref_axis',(-1.,0.,0.));
#6988=DIRECTION('',(0.,1.,0.));
#6989=DIRECTION('center_axis',(0.,0.,-1.));
#6990=DIRECTION('ref_axis',(-1.,0.,0.));
#6991=DIRECTION('center_axis',(0.,1.,0.));
#6992=DIRECTION('ref_axis',(1.,0.,0.));
#6993=DIRECTION('',(1.,0.,0.));
#6994=DIRECTION('',(0.,0.,-1.));
#6995=DIRECTION('',(1.,0.,0.));
#6996=DIRECTION('',(0.,0.,-1.));
#6997=DIRECTION('center_axis',(-1.,0.,0.));
#6998=DIRECTION('ref_axis',(0.,1.,0.));
#6999=DIRECTION('',(0.,1.,0.));
#7000=DIRECTION('',(0.,0.,-1.));
#7001=DIRECTION('',(0.,1.,0.));
#7002=DIRECTION('center_axis',(0.,1.,0.));
#7003=DIRECTION('ref_axis',(1.,0.,0.));
#7004=DIRECTION('',(1.,0.,0.));
#7005=DIRECTION('',(0.,0.,-1.));
#7006=DIRECTION('',(1.,0.,0.));
#7007=DIRECTION('center_axis',(-1.,0.,0.));
#7008=DIRECTION('ref_axis',(0.,1.,0.));
#7009=DIRECTION('',(0.,1.,0.));
#7010=DIRECTION('',(0.,0.,-1.));
#7011=DIRECTION('',(0.,1.,0.));
#7012=DIRECTION('center_axis',(0.,-1.,0.));
#7013=DIRECTION('ref_axis',(-1.,0.,0.));
#7014=DIRECTION('',(-1.,0.,0.));
#7015=DIRECTION('',(0.,0.,-1.));
#7016=DIRECTION('',(-1.,0.,0.));
#7017=DIRECTION('center_axis',(-1.,0.,0.));
#7018=DIRECTION('ref_axis',(0.,1.,0.));
#7019=DIRECTION('',(0.,1.,0.));
#7020=DIRECTION('',(0.,0.,-1.));
#7021=DIRECTION('',(0.,1.,0.));
#7022=DIRECTION('center_axis',(2.77555756156292E-15,-1.,0.));
#7023=DIRECTION('ref_axis',(-1.,-2.77555756156292E-15,0.));
#7024=DIRECTION('',(-1.,-2.77555756156292E-15,0.));
#7025=DIRECTION('',(0.,0.,-1.));
#7026=DIRECTION('',(-1.,-2.77555756156292E-15,0.));
#7027=DIRECTION('center_axis',(1.,0.,0.));
#7028=DIRECTION('ref_axis',(0.,-1.,0.));
#7029=DIRECTION('',(0.,-1.,0.));
#7030=DIRECTION('',(0.,0.,-1.));
#7031=DIRECTION('',(0.,-1.,0.));
#7032=DIRECTION('center_axis',(0.,-1.,0.));
#7033=DIRECTION('ref_axis',(-1.,0.,0.));
#7034=DIRECTION('',(-1.,0.,0.));
#7035=DIRECTION('',(0.,0.,-1.));
#7036=DIRECTION('',(-1.,0.,0.));
#7037=DIRECTION('center_axis',(1.,0.,0.));
#7038=DIRECTION('ref_axis',(0.,-1.,0.));
#7039=DIRECTION('',(0.,-1.,0.));
#7040=DIRECTION('',(0.,0.,-1.));
#7041=DIRECTION('',(0.,-1.,0.));
#7042=DIRECTION('center_axis',(0.,1.,0.));
#7043=DIRECTION('ref_axis',(1.,0.,0.));
#7044=DIRECTION('',(1.,0.,0.));
#7045=DIRECTION('',(0.,0.,-1.));
#7046=DIRECTION('',(1.,0.,0.));
#7047=DIRECTION('center_axis',(1.,0.,0.));
#7048=DIRECTION('ref_axis',(0.,-1.,0.));
#7049=DIRECTION('',(0.,-1.,0.));
#7050=DIRECTION('',(0.,-1.,0.));
#7051=DIRECTION('center_axis',(0.,0.,-1.));
#7052=DIRECTION('ref_axis',(-1.,0.,0.));
#7053=DIRECTION('center_axis',(0.,0.,1.));
#7054=DIRECTION('ref_axis',(1.,0.,0.));
#7055=DIRECTION('center_axis',(0.,0.,-1.));
#7056=DIRECTION('ref_axis',(-1.,0.,0.));
#7057=DIRECTION('center_axis',(0.,-1.,0.));
#7058=DIRECTION('ref_axis',(-1.,0.,0.));
#7059=DIRECTION('center_axis',(0.,0.,1.));
#7060=DIRECTION('ref_axis',(-1.,0.,0.));
#7061=DIRECTION('center_axis',(0.,0.,1.));
#7062=DIRECTION('ref_axis',(-1.,0.,0.));
#7063=DIRECTION('center_axis',(0.,0.,1.));
#7064=DIRECTION('ref_axis',(-1.,0.,0.));
#7065=DIRECTION('',(0.,0.,-1.));
#7066=DIRECTION('center_axis',(0.,0.,1.));
#7067=DIRECTION('ref_axis',(-1.,0.,0.));
#7068=DIRECTION('center_axis',(-1.,0.,0.));
#7069=DIRECTION('ref_axis',(0.,1.,0.));
#7070=DIRECTION('center_axis',(1.,0.,0.));
#7071=DIRECTION('ref_axis',(0.,-0.707106781186551,0.707106781186544));
#7072=DIRECTION('',(-1.,0.,0.));
#7073=DIRECTION('center_axis',(-1.,0.,0.));
#7074=DIRECTION('ref_axis',(0.,-0.70710678118655,0.707106781186545));
#7075=DIRECTION('center_axis',(0.,0.,1.));
#7076=DIRECTION('ref_axis',(0.,-1.,0.));
#7077=DIRECTION('',(0.,1.,0.));
#7078=DIRECTION('center_axis',(0.,-1.,0.));
#7079=DIRECTION('ref_axis',(0.707106781186549,0.,-0.707106781186546));
#7080=DIRECTION('center_axis',(-5.84327907697452E-16,1.,0.));
#7081=DIRECTION('ref_axis',(0.707106781186549,0.,-0.707106781186546));
#7082=DIRECTION('',(0.,1.,0.));
#7083=DIRECTION('center_axis',(0.,-1.,0.));
#7084=DIRECTION('ref_axis',(0.707106781186549,0.,-0.707106781186546));
#7085=DIRECTION('',(0.,-1.,0.));
#7086=DIRECTION('center_axis',(0.,1.,0.));
#7087=DIRECTION('ref_axis',(1.,0.,0.));
#7088=DIRECTION('',(1.,0.,0.));
#7089=DIRECTION('center_axis',(0.,-1.,0.));
#7090=DIRECTION('ref_axis',(-0.707106781186549,0.,-0.707106781186546));
#7091=DIRECTION('',(0.,0.,-1.));
#7092=DIRECTION('',(-1.,0.,0.));
#7093=DIRECTION('',(0.,0.,-1.));
#7094=DIRECTION('center_axis',(0.,0.,-1.));
#7095=DIRECTION('ref_axis',(-1.,0.,0.));
#7096=DIRECTION('',(-1.,-5.84327907697452E-16,0.));
#7097=DIRECTION('',(0.,-1.,0.));
#7098=DIRECTION('center_axis',(0.,1.,0.));
#7099=DIRECTION('ref_axis',(-0.707106781186549,0.,-0.707106781186546));
#7100=DIRECTION('center_axis',(-5.84327907697452E-16,1.,0.));
#7101=DIRECTION('ref_axis',(-0.707106781186549,0.,-0.707106781186546));
#7102=DIRECTION('',(0.,1.,0.));
#7103=DIRECTION('center_axis',(-1.,0.,0.));
#7104=DIRECTION('ref_axis',(0.,1.,0.));
#7105=DIRECTION('',(0.,0.,-1.));
#7106=DIRECTION('',(0.,-1.,0.));
#7107=DIRECTION('center_axis',(5.84327907697452E-16,-1.,0.));
#7108=DIRECTION('ref_axis',(-1.,-5.84327907697452E-16,0.));
#7109=DIRECTION('',(0.,0.,-1.));
#7110=DIRECTION('',(1.,5.84327907697452E-16,0.));
#7111=DIRECTION('center_axis',(1.,0.,0.));
#7112=DIRECTION('ref_axis',(0.,-1.,0.));
#7113=DIRECTION('',(0.,1.,0.));
#7114=DIRECTION('center_axis',(0.408248290463862,0.408248290463861,-0.816496580927728));
#7115=DIRECTION('ref_axis',(0.577350269189627,0.577350269189626,0.577350269189625));
#7116=DIRECTION('center_axis',(0.,0.,1.));
#7117=DIRECTION('ref_axis',(0.,1.,0.));
#7118=DIRECTION('center_axis',(1.,0.,0.));
#7119=DIRECTION('ref_axis',(0.,0.,1.));
#7120=DIRECTION('center_axis',(0.,1.,0.));
#7121=DIRECTION('ref_axis',(1.,0.,0.));
#7122=DIRECTION('center_axis',(-1.,0.,0.));
#7123=DIRECTION('ref_axis',(0.,0.707106781186549,0.707106781186546));
#7124=DIRECTION('center_axis',(1.,0.,0.));
#7125=DIRECTION('ref_axis',(0.,1.,0.));
#7126=DIRECTION('',(1.,0.,0.));
#7127=DIRECTION('center_axis',(-0.816496580927727,-0.408248290463865,-0.40824829046386));
#7128=DIRECTION('ref_axis',(-0.577350269189627,0.577350269189627,0.577350269189623));
#7129=DIRECTION('center_axis',(0.,0.,1.));
#7130=DIRECTION('ref_axis',(-0.707106781186548,0.707106781186548,0.));
#7131=DIRECTION('center_axis',(0.,1.,0.));
#7132=DIRECTION('ref_axis',(-0.707106781186549,0.,0.707106781186546));
#7133=DIRECTION('center_axis',(0.,1.,0.));
#7134=DIRECTION('ref_axis',(0.707106781186549,0.,0.707106781186546));
#7135=DIRECTION('center_axis',(0.,1.,0.));
#7136=DIRECTION('ref_axis',(0.,0.,1.));
#7137=DIRECTION('',(0.,1.,0.));
#7138=DIRECTION('',(0.,-1.,0.));
#7139=DIRECTION('center_axis',(0.,0.,-1.));
#7140=DIRECTION('ref_axis',(0.707106781186547,0.707106781186548,0.));
#7141=DIRECTION('',(0.,0.,-1.));
#7142=DIRECTION('center_axis',(-0.707106781186548,1.96261557335472E-16,
0.707106781186547));
#7143=DIRECTION('ref_axis',(0.707106781186547,-1.96261557335472E-16,0.707106781186548));
#7144=DIRECTION('center_axis',(0.,0.,1.));
#7145=DIRECTION('ref_axis',(-0.707106781186549,0.707106781186546,0.));
#7146=DIRECTION('center_axis',(0.707106781186548,0.,0.707106781186548));
#7147=DIRECTION('ref_axis',(0.707106781186547,0.,-0.707106781186547));
#7148=DIRECTION('',(0.,0.,1.));
#7149=DIRECTION('center_axis',(0.,-1.,0.));
#7150=DIRECTION('ref_axis',(-0.707106781186551,0.,0.707106781186544));
#7151=DIRECTION('',(0.,-1.,0.));
#7152=DIRECTION('center_axis',(0.,1.,0.));
#7153=DIRECTION('ref_axis',(-1.,0.,0.));
#7154=DIRECTION('center_axis',(1.,0.,0.));
#7155=DIRECTION('ref_axis',(0.,0.707106781186549,0.707106781186546));
#7156=DIRECTION('',(1.,0.,0.));
#7157=DIRECTION('center_axis',(0.,0.,1.));
#7158=DIRECTION('ref_axis',(0.707106781186549,-0.707106781186546,0.));
#7159=DIRECTION('',(0.,0.,1.));
#7160=DIRECTION('center_axis',(0.,0.,-1.));
#7161=DIRECTION('ref_axis',(1.,0.,0.));
#7162=DIRECTION('center_axis',(-0.707106781186548,-1.96261557335473E-16,
0.707106781186547));
#7163=DIRECTION('ref_axis',(-0.707106781186547,-1.96261557335473E-16,-0.707106781186548));
#7164=DIRECTION('center_axis',(0.,0.,-1.));
#7165=DIRECTION('ref_axis',(-0.707106781186548,-0.707106781186548,0.));
#7166=DIRECTION('center_axis',(0.,0.,-1.));
#7167=DIRECTION('ref_axis',(0.,-1.,0.));
#7168=DIRECTION('',(0.,0.,-1.));
#7169=DIRECTION('center_axis',(0.707106781186548,0.,0.707106781186548));
#7170=DIRECTION('ref_axis',(-0.707106781186548,0.,0.707106781186548));
#7171=DIRECTION('center_axis',(-1.,0.,0.));
#7172=DIRECTION('ref_axis',(0.,-0.707106781186548,0.707106781186548));
#7173=DIRECTION('',(-1.,0.,0.));
#7174=DIRECTION('center_axis',(-0.816496580927726,0.408248290463867,-0.408248290463859));
#7175=DIRECTION('ref_axis',(-0.577350269189626,-0.577350269189629,0.577350269189622));
#7176=DIRECTION('center_axis',(-0.816496580927726,-0.408248290463867,0.408248290463859));
#7177=DIRECTION('ref_axis',(0.577350269189625,-0.57735026918963,0.577350269189623));
#7178=DIRECTION('center_axis',(1.,0.,0.));
#7179=DIRECTION('ref_axis',(0.,-0.70710678118655,0.707106781186545));
#7180=DIRECTION('center_axis',(1.,0.,0.));
#7181=DIRECTION('ref_axis',(0.,-1.,0.));
#7182=DIRECTION('',(0.,-1.,0.));
#7183=DIRECTION('center_axis',(0.,0.,-1.));
#7184=DIRECTION('ref_axis',(-1.,0.,0.));
#7185=DIRECTION('',(0.,1.,0.));
#7186=DIRECTION('center_axis',(0.,0.,-1.));
#7187=DIRECTION('ref_axis',(-1.,0.,0.));
#7188=DIRECTION('center_axis',(0.,1.,0.));
#7189=DIRECTION('ref_axis',(1.,0.,0.));
#7190=DIRECTION('',(1.,0.,0.));
#7191=DIRECTION('',(0.,0.,-1.));
#7192=DIRECTION('',(1.,0.,0.));
#7193=DIRECTION('',(0.,0.,-1.));
#7194=DIRECTION('center_axis',(-1.,0.,0.));
#7195=DIRECTION('ref_axis',(0.,1.,0.));
#7196=DIRECTION('',(0.,1.,0.));
#7197=DIRECTION('',(0.,0.,-1.));
#7198=DIRECTION('',(0.,1.,0.));
#7199=DIRECTION('center_axis',(0.,1.,0.));
#7200=DIRECTION('ref_axis',(1.,0.,0.));
#7201=DIRECTION('',(1.,0.,0.));
#7202=DIRECTION('',(0.,0.,-1.));
#7203=DIRECTION('',(1.,0.,0.));
#7204=DIRECTION('center_axis',(-1.,0.,0.));
#7205=DIRECTION('ref_axis',(0.,1.,0.));
#7206=DIRECTION('',(0.,1.,0.));
#7207=DIRECTION('',(0.,0.,-1.));
#7208=DIRECTION('',(0.,1.,0.));
#7209=DIRECTION('center_axis',(0.,-1.,0.));
#7210=DIRECTION('ref_axis',(-1.,0.,0.));
#7211=DIRECTION('',(-1.,0.,0.));
#7212=DIRECTION('',(0.,0.,-1.));
#7213=DIRECTION('',(-1.,0.,0.));
#7214=DIRECTION('center_axis',(-1.,0.,0.));
#7215=DIRECTION('ref_axis',(0.,1.,0.));
#7216=DIRECTION('',(0.,1.,0.));
#7217=DIRECTION('',(0.,0.,-1.));
#7218=DIRECTION('',(0.,1.,0.));
#7219=DIRECTION('center_axis',(2.77555756156292E-15,-1.,0.));
#7220=DIRECTION('ref_axis',(-1.,-2.77555756156292E-15,0.));
#7221=DIRECTION('',(-1.,-2.77555756156292E-15,0.));
#7222=DIRECTION('',(0.,0.,-1.));
#7223=DIRECTION('',(-1.,-2.77555756156292E-15,0.));
#7224=DIRECTION('center_axis',(1.,0.,0.));
#7225=DIRECTION('ref_axis',(0.,-1.,0.));
#7226=DIRECTION('',(0.,-1.,0.));
#7227=DIRECTION('',(0.,0.,-1.));
#7228=DIRECTION('',(0.,-1.,0.));
#7229=DIRECTION('center_axis',(0.,-1.,0.));
#7230=DIRECTION('ref_axis',(-1.,0.,0.));
#7231=DIRECTION('',(-1.,0.,0.));
#7232=DIRECTION('',(0.,0.,-1.));
#7233=DIRECTION('',(-1.,0.,0.));
#7234=DIRECTION('center_axis',(1.,0.,0.));
#7235=DIRECTION('ref_axis',(0.,-1.,0.));
#7236=DIRECTION('',(0.,-1.,0.));
#7237=DIRECTION('',(0.,0.,-1.));
#7238=DIRECTION('',(0.,-1.,0.));
#7239=DIRECTION('center_axis',(0.,1.,0.));
#7240=DIRECTION('ref_axis',(1.,0.,0.));
#7241=DIRECTION('',(1.,0.,0.));
#7242=DIRECTION('',(0.,0.,-1.));
#7243=DIRECTION('',(1.,0.,0.));
#7244=DIRECTION('center_axis',(1.,0.,0.));
#7245=DIRECTION('ref_axis',(0.,-1.,0.));
#7246=DIRECTION('',(0.,-1.,0.));
#7247=DIRECTION('',(0.,-1.,0.));
#7248=DIRECTION('center_axis',(0.,0.,-1.));
#7249=DIRECTION('ref_axis',(-1.,0.,0.));
#7250=DIRECTION('center_axis',(0.,0.,1.));
#7251=DIRECTION('ref_axis',(1.,0.,0.));
#7252=DIRECTION('center_axis',(0.,0.,-1.));
#7253=DIRECTION('ref_axis',(-1.,0.,0.));
#7254=DIRECTION('center_axis',(0.,-1.,0.));
#7255=DIRECTION('ref_axis',(-1.,0.,0.));
#7256=DIRECTION('center_axis',(0.,0.,1.));
#7257=DIRECTION('ref_axis',(-1.,0.,0.));
#7258=DIRECTION('center_axis',(0.,0.,1.));
#7259=DIRECTION('ref_axis',(-1.,0.,0.));
#7260=DIRECTION('center_axis',(0.,0.,1.));
#7261=DIRECTION('ref_axis',(-1.,0.,0.));
#7262=DIRECTION('',(0.,0.,-1.));
#7263=DIRECTION('center_axis',(0.,0.,1.));
#7264=DIRECTION('ref_axis',(-1.,0.,0.));
#7265=DIRECTION('center_axis',(-1.,0.,0.));
#7266=DIRECTION('ref_axis',(0.,1.,0.));
#7267=DIRECTION('center_axis',(1.,0.,0.));
#7268=DIRECTION('ref_axis',(0.,-0.707106781186551,0.707106781186544));
#7269=DIRECTION('',(-1.,0.,0.));
#7270=DIRECTION('center_axis',(-1.,0.,0.));
#7271=DIRECTION('ref_axis',(0.,-0.70710678118655,0.707106781186545));
#7272=DIRECTION('center_axis',(0.,0.,1.));
#7273=DIRECTION('ref_axis',(0.,-1.,0.));
#7274=DIRECTION('',(0.,1.,0.));
#7275=DIRECTION('center_axis',(0.,-1.,0.));
#7276=DIRECTION('ref_axis',(0.707106781186548,0.,-0.707106781186548));
#7277=DIRECTION('center_axis',(-5.84327907697452E-16,1.,0.));
#7278=DIRECTION('ref_axis',(0.707106781186548,0.,-0.707106781186548));
#7279=DIRECTION('',(0.,1.,0.));
#7280=DIRECTION('center_axis',(0.,-1.,0.));
#7281=DIRECTION('ref_axis',(0.707106781186548,0.,-0.707106781186548));
#7282=DIRECTION('',(0.,-1.,0.));
#7283=DIRECTION('center_axis',(0.,1.,0.));
#7284=DIRECTION('ref_axis',(1.,0.,0.));
#7285=DIRECTION('',(1.,0.,0.));
#7286=DIRECTION('center_axis',(0.,-1.,0.));
#7287=DIRECTION('ref_axis',(-0.707106781186548,0.,-0.707106781186548));
#7288=DIRECTION('',(0.,0.,-1.));
#7289=DIRECTION('',(-1.,0.,0.));
#7290=DIRECTION('',(0.,0.,-1.));
#7291=DIRECTION('center_axis',(0.,0.,-1.));
#7292=DIRECTION('ref_axis',(-1.,0.,0.));
#7293=DIRECTION('',(-1.,-5.84327907697452E-16,0.));
#7294=DIRECTION('',(0.,-1.,0.));
#7295=DIRECTION('center_axis',(0.,1.,0.));
#7296=DIRECTION('ref_axis',(-0.707106781186548,0.,-0.707106781186548));
#7297=DIRECTION('center_axis',(-5.84327907697452E-16,1.,0.));
#7298=DIRECTION('ref_axis',(-0.707106781186548,0.,-0.707106781186548));
#7299=DIRECTION('',(0.,1.,0.));
#7300=DIRECTION('center_axis',(-1.,0.,0.));
#7301=DIRECTION('ref_axis',(0.,1.,0.));
#7302=DIRECTION('',(0.,0.,-1.));
#7303=DIRECTION('',(0.,-1.,0.));
#7304=DIRECTION('center_axis',(5.84327907697452E-16,-1.,0.));
#7305=DIRECTION('ref_axis',(-1.,-5.84327907697452E-16,0.));
#7306=DIRECTION('',(0.,0.,-1.));
#7307=DIRECTION('',(1.,5.84327907697452E-16,0.));
#7308=DIRECTION('center_axis',(1.,0.,0.));
#7309=DIRECTION('ref_axis',(0.,-1.,0.));
#7310=DIRECTION('',(0.,1.,0.));
#7311=DIRECTION('center_axis',(0.408248290463861,0.408248290463861,-0.816496580927728));
#7312=DIRECTION('ref_axis',(0.577350269189628,0.577350269189625,0.577350269189624));
#7313=DIRECTION('center_axis',(0.,0.,1.));
#7314=DIRECTION('ref_axis',(0.,1.,0.));
#7315=DIRECTION('center_axis',(1.,0.,0.));
#7316=DIRECTION('ref_axis',(0.,0.,1.));
#7317=DIRECTION('center_axis',(0.,1.,0.));
#7318=DIRECTION('ref_axis',(1.,0.,0.));
#7319=DIRECTION('center_axis',(-1.,0.,0.));
#7320=DIRECTION('ref_axis',(0.,0.707106781186549,0.707106781186546));
#7321=DIRECTION('center_axis',(1.,0.,0.));
#7322=DIRECTION('ref_axis',(0.,1.,0.));
#7323=DIRECTION('',(1.,0.,0.));
#7324=DIRECTION('center_axis',(-0.408248290463863,0.408248290463862,-0.816496580927726));
#7325=DIRECTION('ref_axis',(-0.577350269189627,0.577350269189627,0.577350269189623));
#7326=DIRECTION('center_axis',(0.,0.,1.));
#7327=DIRECTION('ref_axis',(-0.70710678118655,0.707106781186545,0.));
#7328=DIRECTION('center_axis',(0.,1.,0.));
#7329=DIRECTION('ref_axis',(-0.70710678118655,0.,0.707106781186545));
#7330=DIRECTION('center_axis',(0.,1.,0.));
#7331=DIRECTION('ref_axis',(0.707106781186551,0.,0.707106781186544));
#7332=DIRECTION('center_axis',(0.,1.,0.));
#7333=DIRECTION('ref_axis',(0.,0.,1.));
#7334=DIRECTION('',(0.,1.,0.));
#7335=DIRECTION('',(0.,-1.,0.));
#7336=DIRECTION('center_axis',(0.,0.,-1.));
#7337=DIRECTION('ref_axis',(0.707106781186549,0.707106781186546,0.));
#7338=DIRECTION('',(0.,0.,-1.));
#7339=DIRECTION('center_axis',(-0.707106781186548,0.,0.707106781186548));
#7340=DIRECTION('ref_axis',(0.707106781186548,0.,0.707106781186548));
#7341=DIRECTION('center_axis',(0.,0.,1.));
#7342=DIRECTION('ref_axis',(-0.707106781186548,0.707106781186547,0.));
#7343=DIRECTION('center_axis',(0.707106781186548,1.96261557335472E-16,0.707106781186547));
#7344=DIRECTION('ref_axis',(0.707106781186547,1.96261557335472E-16,-0.707106781186548));
#7345=DIRECTION('',(0.,0.,1.));
#7346=DIRECTION('center_axis',(0.,-1.,0.));
#7347=DIRECTION('ref_axis',(-0.707106781186549,0.,0.707106781186546));
#7348=DIRECTION('',(0.,-1.,0.));
#7349=DIRECTION('center_axis',(0.,1.,0.));
#7350=DIRECTION('ref_axis',(-1.,0.,0.));
#7351=DIRECTION('center_axis',(1.,0.,0.));
#7352=DIRECTION('ref_axis',(0.,0.707106781186549,0.707106781186546));
#7353=DIRECTION('',(1.,0.,0.));
#7354=DIRECTION('center_axis',(0.,0.,1.));
#7355=DIRECTION('ref_axis',(0.707106781186551,-0.707106781186544,0.));
#7356=DIRECTION('',(0.,0.,1.));
#7357=DIRECTION('center_axis',(0.,0.,-1.));
#7358=DIRECTION('ref_axis',(1.,0.,0.));
#7359=DIRECTION('center_axis',(-0.707106781186548,0.,0.707106781186548));
#7360=DIRECTION('ref_axis',(-0.707106781186547,0.,-0.707106781186547));
#7361=DIRECTION('center_axis',(0.,0.,-1.));
#7362=DIRECTION('ref_axis',(-0.707106781186546,-0.707106781186549,0.));
#7363=DIRECTION('center_axis',(0.,0.,-1.));
#7364=DIRECTION('ref_axis',(0.,-1.,0.));
#7365=DIRECTION('',(0.,0.,-1.));
#7366=DIRECTION('center_axis',(0.707106781186548,-1.96261557335472E-16,
0.707106781186547));
#7367=DIRECTION('ref_axis',(-0.707106781186547,1.96261557335472E-16,0.707106781186548));
#7368=DIRECTION('center_axis',(-1.,0.,0.));
#7369=DIRECTION('ref_axis',(0.,-0.707106781186548,0.707106781186548));
#7370=DIRECTION('',(-1.,0.,0.));
#7371=DIRECTION('center_axis',(-0.816496580927726,0.408248290463867,-0.40824829046386));
#7372=DIRECTION('ref_axis',(-0.577350269189626,-0.577350269189629,0.577350269189622));
#7373=DIRECTION('center_axis',(-0.816496580927726,-0.408248290463867,0.408248290463859));
#7374=DIRECTION('ref_axis',(0.577350269189626,-0.577350269189629,0.577350269189622));
#7375=DIRECTION('center_axis',(1.,0.,0.));
#7376=DIRECTION('ref_axis',(0.,-0.70710678118655,0.707106781186545));
#7377=DIRECTION('center_axis',(1.,0.,0.));
#7378=DIRECTION('ref_axis',(0.,-1.,0.));
#7379=DIRECTION('',(0.,-1.,0.));
#7380=DIRECTION('center_axis',(0.,0.,-1.));
#7381=DIRECTION('ref_axis',(-1.,0.,0.));
#7382=DIRECTION('',(0.,1.,0.));
#7383=DIRECTION('center_axis',(0.,0.,-1.));
#7384=DIRECTION('ref_axis',(-1.,0.,0.));
#7385=DIRECTION('center_axis',(0.,1.,0.));
#7386=DIRECTION('ref_axis',(1.,0.,0.));
#7387=DIRECTION('',(1.,0.,0.));
#7388=DIRECTION('',(0.,0.,-1.));
#7389=DIRECTION('',(1.,0.,0.));
#7390=DIRECTION('',(0.,0.,-1.));
#7391=DIRECTION('center_axis',(-1.,0.,0.));
#7392=DIRECTION('ref_axis',(0.,1.,0.));
#7393=DIRECTION('',(0.,1.,0.));
#7394=DIRECTION('',(0.,0.,-1.));
#7395=DIRECTION('',(0.,1.,0.));
#7396=DIRECTION('center_axis',(0.,1.,0.));
#7397=DIRECTION('ref_axis',(1.,0.,0.));
#7398=DIRECTION('',(1.,0.,0.));
#7399=DIRECTION('',(0.,0.,-1.));
#7400=DIRECTION('',(1.,0.,0.));
#7401=DIRECTION('center_axis',(-1.,0.,0.));
#7402=DIRECTION('ref_axis',(0.,1.,0.));
#7403=DIRECTION('',(0.,1.,0.));
#7404=DIRECTION('',(0.,0.,-1.));
#7405=DIRECTION('',(0.,1.,0.));
#7406=DIRECTION('center_axis',(0.,-1.,0.));
#7407=DIRECTION('ref_axis',(-1.,0.,0.));
#7408=DIRECTION('',(-1.,0.,0.));
#7409=DIRECTION('',(0.,0.,-1.));
#7410=DIRECTION('',(-1.,0.,0.));
#7411=DIRECTION('center_axis',(-1.,0.,0.));
#7412=DIRECTION('ref_axis',(0.,1.,0.));
#7413=DIRECTION('',(0.,1.,0.));
#7414=DIRECTION('',(0.,0.,-1.));
#7415=DIRECTION('',(0.,1.,0.));
#7416=DIRECTION('center_axis',(2.77555756156292E-15,-1.,0.));
#7417=DIRECTION('ref_axis',(-1.,-2.77555756156292E-15,0.));
#7418=DIRECTION('',(-1.,-2.77555756156292E-15,0.));
#7419=DIRECTION('',(0.,0.,-1.));
#7420=DIRECTION('',(-1.,-2.77555756156292E-15,0.));
#7421=DIRECTION('center_axis',(1.,0.,0.));
#7422=DIRECTION('ref_axis',(0.,-1.,0.));
#7423=DIRECTION('',(0.,-1.,0.));
#7424=DIRECTION('',(0.,0.,-1.));
#7425=DIRECTION('',(0.,-1.,0.));
#7426=DIRECTION('center_axis',(0.,-1.,0.));
#7427=DIRECTION('ref_axis',(-1.,0.,0.));
#7428=DIRECTION('',(-1.,0.,0.));
#7429=DIRECTION('',(0.,0.,-1.));
#7430=DIRECTION('',(-1.,0.,0.));
#7431=DIRECTION('center_axis',(1.,0.,0.));
#7432=DIRECTION('ref_axis',(0.,-1.,0.));
#7433=DIRECTION('',(0.,-1.,0.));
#7434=DIRECTION('',(0.,0.,-1.));
#7435=DIRECTION('',(0.,-1.,0.));
#7436=DIRECTION('center_axis',(0.,1.,0.));
#7437=DIRECTION('ref_axis',(1.,0.,0.));
#7438=DIRECTION('',(1.,0.,0.));
#7439=DIRECTION('',(0.,0.,-1.));
#7440=DIRECTION('',(1.,0.,0.));
#7441=DIRECTION('center_axis',(1.,0.,0.));
#7442=DIRECTION('ref_axis',(0.,-1.,0.));
#7443=DIRECTION('',(0.,-1.,0.));
#7444=DIRECTION('',(0.,-1.,0.));
#7445=DIRECTION('center_axis',(0.,0.,-1.));
#7446=DIRECTION('ref_axis',(-1.,0.,0.));
#7447=DIRECTION('center_axis',(0.,0.,1.));
#7448=DIRECTION('ref_axis',(1.,0.,0.));
#7449=DIRECTION('center_axis',(0.,0.,-1.));
#7450=DIRECTION('ref_axis',(-1.,0.,0.));
#7451=DIRECTION('center_axis',(0.,-1.,0.));
#7452=DIRECTION('ref_axis',(-1.,0.,0.));
#7453=DIRECTION('center_axis',(0.,0.,1.));
#7454=DIRECTION('ref_axis',(-1.,0.,0.));
#7455=DIRECTION('center_axis',(0.,0.,1.));
#7456=DIRECTION('ref_axis',(-1.,0.,0.));
#7457=DIRECTION('center_axis',(0.,0.,1.));
#7458=DIRECTION('ref_axis',(-1.,0.,0.));
#7459=DIRECTION('',(0.,0.,-1.));
#7460=DIRECTION('center_axis',(0.,0.,1.));
#7461=DIRECTION('ref_axis',(-1.,0.,0.));
#7462=DIRECTION('center_axis',(-1.,0.,0.));
#7463=DIRECTION('ref_axis',(0.,1.,0.));
#7464=DIRECTION('center_axis',(1.,0.,0.));
#7465=DIRECTION('ref_axis',(0.,-0.707106781186551,0.707106781186544));
#7466=DIRECTION('',(-1.,0.,0.));
#7467=DIRECTION('center_axis',(-1.,0.,0.));
#7468=DIRECTION('ref_axis',(0.,-0.70710678118655,0.707106781186545));
#7469=DIRECTION('center_axis',(0.,0.,1.));
#7470=DIRECTION('ref_axis',(0.,-1.,0.));
#7471=DIRECTION('',(0.,1.,0.));
#7472=DIRECTION('center_axis',(0.,-1.,0.));
#7473=DIRECTION('ref_axis',(0.707106781186548,0.,-0.707106781186548));
#7474=DIRECTION('center_axis',(-5.84327907697452E-16,1.,0.));
#7475=DIRECTION('ref_axis',(0.707106781186548,0.,-0.707106781186548));
#7476=DIRECTION('',(0.,1.,0.));
#7477=DIRECTION('center_axis',(0.,-1.,0.));
#7478=DIRECTION('ref_axis',(0.707106781186548,0.,-0.707106781186548));
#7479=DIRECTION('',(0.,-1.,0.));
#7480=DIRECTION('center_axis',(0.,1.,0.));
#7481=DIRECTION('ref_axis',(1.,0.,0.));
#7482=DIRECTION('',(1.,0.,0.));
#7483=DIRECTION('center_axis',(0.,-1.,0.));
#7484=DIRECTION('ref_axis',(-0.707106781186548,0.,-0.707106781186548));
#7485=DIRECTION('',(0.,0.,-1.));
#7486=DIRECTION('',(-1.,0.,0.));
#7487=DIRECTION('',(0.,0.,-1.));
#7488=DIRECTION('center_axis',(0.,0.,-1.));
#7489=DIRECTION('ref_axis',(-1.,0.,0.));
#7490=DIRECTION('',(-1.,-5.84327907697452E-16,0.));
#7491=DIRECTION('',(0.,-1.,0.));
#7492=DIRECTION('center_axis',(0.,1.,0.));
#7493=DIRECTION('ref_axis',(-0.707106781186548,0.,-0.707106781186548));
#7494=DIRECTION('center_axis',(-5.84327907697452E-16,1.,0.));
#7495=DIRECTION('ref_axis',(-0.707106781186548,0.,-0.707106781186548));
#7496=DIRECTION('',(0.,1.,0.));
#7497=DIRECTION('center_axis',(-1.,0.,0.));
#7498=DIRECTION('ref_axis',(0.,1.,0.));
#7499=DIRECTION('',(0.,0.,-1.));
#7500=DIRECTION('',(0.,-1.,0.));
#7501=DIRECTION('center_axis',(5.84327907697452E-16,-1.,0.));
#7502=DIRECTION('ref_axis',(-1.,-5.84327907697452E-16,0.));
#7503=DIRECTION('',(0.,0.,-1.));
#7504=DIRECTION('',(1.,5.84327907697452E-16,0.));
#7505=DIRECTION('center_axis',(1.,0.,0.));
#7506=DIRECTION('ref_axis',(0.,-1.,0.));
#7507=DIRECTION('',(0.,1.,0.));
#7508=DIRECTION('center_axis',(-0.816496580927728,0.408248290463863,0.40824829046386));
#7509=DIRECTION('ref_axis',(0.577350269189625,0.577350269189627,0.577350269189625));
#7510=DIRECTION('center_axis',(0.,0.,1.));
#7511=DIRECTION('ref_axis',(0.,1.,0.));
#7512=DIRECTION('center_axis',(1.,0.,0.));
#7513=DIRECTION('ref_axis',(0.,0.,1.));
#7514=DIRECTION('center_axis',(0.,1.,0.));
#7515=DIRECTION('ref_axis',(1.,0.,0.));
#7516=DIRECTION('center_axis',(-1.,0.,0.));
#7517=DIRECTION('ref_axis',(0.,0.707106781186549,0.707106781186546));
#7518=DIRECTION('center_axis',(1.,0.,0.));
#7519=DIRECTION('ref_axis',(0.,1.,0.));
#7520=DIRECTION('',(1.,0.,0.));
#7521=DIRECTION('center_axis',(-0.816496580927727,-0.408248290463864,-0.40824829046386));
#7522=DIRECTION('ref_axis',(-0.577350269189624,0.577350269189629,0.577350269189624));
#7523=DIRECTION('center_axis',(0.,0.,1.));
#7524=DIRECTION('ref_axis',(-0.707106781186546,0.707106781186549,0.));
#7525=DIRECTION('center_axis',(0.,1.,0.));
#7526=DIRECTION('ref_axis',(-0.707106781186548,0.,0.707106781186548));
#7527=DIRECTION('center_axis',(0.,1.,0.));
#7528=DIRECTION('ref_axis',(0.707106781186548,0.,0.707106781186548));
#7529=DIRECTION('center_axis',(0.,1.,0.));
#7530=DIRECTION('ref_axis',(0.,0.,1.));
#7531=DIRECTION('',(0.,1.,0.));
#7532=DIRECTION('',(0.,-1.,0.));
#7533=DIRECTION('center_axis',(0.,0.,-1.));
#7534=DIRECTION('ref_axis',(0.707106781186546,0.707106781186549,0.));
#7535=DIRECTION('',(0.,0.,-1.));
#7536=DIRECTION('center_axis',(-0.707106781186549,0.,0.707106781186546));
#7537=DIRECTION('ref_axis',(0.707106781186546,0.,0.707106781186549));
#7538=DIRECTION('center_axis',(0.,-1.,0.));
#7539=DIRECTION('ref_axis',(-0.707106781186551,0.,0.707106781186544));
#7540=DIRECTION('',(0.,-1.,0.));
#7541=DIRECTION('center_axis',(0.,1.,0.));
#7542=DIRECTION('ref_axis',(-1.,0.,0.));
#7543=DIRECTION('center_axis',(0.,0.,1.));
#7544=DIRECTION('ref_axis',(-0.707106781186549,0.707106781186546,0.));
#7545=DIRECTION('center_axis',(0.707106781186548,0.,0.707106781186548));
#7546=DIRECTION('ref_axis',(0.707106781186547,0.,-0.707106781186547));
#7547=DIRECTION('',(0.,0.,1.));
#7548=DIRECTION('center_axis',(1.,0.,0.));
#7549=DIRECTION('ref_axis',(0.,0.707106781186549,0.707106781186546));
#7550=DIRECTION('',(1.,0.,0.));
#7551=DIRECTION('center_axis',(0.,0.,1.));
#7552=DIRECTION('ref_axis',(0.707106781186548,-0.707106781186548,0.));
#7553=DIRECTION('',(0.,0.,1.));
#7554=DIRECTION('center_axis',(0.,0.,-1.));
#7555=DIRECTION('ref_axis',(1.,0.,0.));
#7556=DIRECTION('center_axis',(-0.707106781186549,0.,0.707106781186546));
#7557=DIRECTION('ref_axis',(-0.707106781186546,0.,-0.707106781186549));
#7558=DIRECTION('center_axis',(0.,0.,-1.));
#7559=DIRECTION('ref_axis',(-0.707106781186548,-0.707106781186548,0.));
#7560=DIRECTION('center_axis',(0.,0.,-1.));
#7561=DIRECTION('ref_axis',(0.,-1.,0.));
#7562=DIRECTION('',(0.,0.,-1.));
#7563=DIRECTION('center_axis',(0.707106781186548,0.,0.707106781186548));
#7564=DIRECTION('ref_axis',(-0.707106781186548,0.,0.707106781186548));
#7565=DIRECTION('center_axis',(-1.,0.,0.));
#7566=DIRECTION('ref_axis',(0.,-0.707106781186548,0.707106781186548));
#7567=DIRECTION('',(-1.,0.,0.));
#7568=DIRECTION('center_axis',(-0.816496580927726,0.408248290463867,-0.408248290463859));
#7569=DIRECTION('ref_axis',(-0.577350269189626,-0.577350269189629,0.577350269189622));
#7570=DIRECTION('center_axis',(-0.816496580927726,-0.408248290463867,0.408248290463859));
#7571=DIRECTION('ref_axis',(0.577350269189623,-0.577350269189631,0.577350269189623));
#7572=DIRECTION('center_axis',(1.,0.,0.));
#7573=DIRECTION('ref_axis',(0.,-0.70710678118655,0.707106781186545));
#7574=DIRECTION('center_axis',(0.,0.,-1.));
#7575=DIRECTION('ref_axis',(-1.,0.,0.));
#7576=DIRECTION('',(0.,-1.,0.));
#7577=DIRECTION('',(0.,1.,0.));
#7578=DIRECTION('center_axis',(0.,0.,-1.));
#7579=DIRECTION('ref_axis',(-1.,0.,0.));
#7580=DIRECTION('center_axis',(1.,0.,0.));
#7581=DIRECTION('ref_axis',(0.,-1.,0.));
#7582=DIRECTION('center_axis',(0.,1.,0.));
#7583=DIRECTION('ref_axis',(1.,0.,0.));
#7584=DIRECTION('',(1.,0.,0.));
#7585=DIRECTION('',(0.,0.,-1.));
#7586=DIRECTION('',(1.,0.,0.));
#7587=DIRECTION('',(0.,0.,-1.));
#7588=DIRECTION('center_axis',(-1.,0.,0.));
#7589=DIRECTION('ref_axis',(0.,1.,0.));
#7590=DIRECTION('',(0.,1.,0.));
#7591=DIRECTION('',(0.,0.,-1.));
#7592=DIRECTION('',(0.,1.,0.));
#7593=DIRECTION('center_axis',(0.,1.,0.));
#7594=DIRECTION('ref_axis',(1.,0.,0.));
#7595=DIRECTION('',(1.,0.,0.));
#7596=DIRECTION('',(0.,0.,-1.));
#7597=DIRECTION('',(1.,0.,0.));
#7598=DIRECTION('center_axis',(-1.,0.,0.));
#7599=DIRECTION('ref_axis',(0.,1.,0.));
#7600=DIRECTION('',(0.,1.,0.));
#7601=DIRECTION('',(0.,0.,-1.));
#7602=DIRECTION('',(0.,1.,0.));
#7603=DIRECTION('center_axis',(0.,-1.,0.));
#7604=DIRECTION('ref_axis',(-1.,0.,0.));
#7605=DIRECTION('',(-1.,0.,0.));
#7606=DIRECTION('',(0.,0.,-1.));
#7607=DIRECTION('',(-1.,0.,0.));
#7608=DIRECTION('center_axis',(-1.,0.,0.));
#7609=DIRECTION('ref_axis',(0.,1.,0.));
#7610=DIRECTION('',(0.,1.,0.));
#7611=DIRECTION('',(0.,0.,-1.));
#7612=DIRECTION('',(0.,1.,0.));
#7613=DIRECTION('center_axis',(2.77555756156292E-15,-1.,0.));
#7614=DIRECTION('ref_axis',(-1.,-2.77555756156292E-15,0.));
#7615=DIRECTION('',(-1.,-2.77555756156292E-15,0.));
#7616=DIRECTION('',(0.,0.,-1.));
#7617=DIRECTION('',(-1.,-2.77555756156292E-15,0.));
#7618=DIRECTION('center_axis',(1.,0.,0.));
#7619=DIRECTION('ref_axis',(0.,-1.,0.));
#7620=DIRECTION('',(0.,-1.,0.));
#7621=DIRECTION('',(0.,0.,-1.));
#7622=DIRECTION('',(0.,-1.,0.));
#7623=DIRECTION('center_axis',(0.,-1.,0.));
#7624=DIRECTION('ref_axis',(-1.,0.,0.));
#7625=DIRECTION('',(-1.,0.,0.));
#7626=DIRECTION('',(0.,0.,-1.));
#7627=DIRECTION('',(-1.,0.,0.));
#7628=DIRECTION('center_axis',(1.,0.,0.));
#7629=DIRECTION('ref_axis',(0.,-1.,0.));
#7630=DIRECTION('',(0.,-1.,0.));
#7631=DIRECTION('',(0.,0.,-1.));
#7632=DIRECTION('',(0.,-1.,0.));
#7633=DIRECTION('center_axis',(0.,1.,0.));
#7634=DIRECTION('ref_axis',(1.,0.,0.));
#7635=DIRECTION('',(1.,0.,0.));
#7636=DIRECTION('',(0.,0.,-1.));
#7637=DIRECTION('',(1.,0.,0.));
#7638=DIRECTION('center_axis',(1.,0.,0.));
#7639=DIRECTION('ref_axis',(0.,-1.,0.));
#7640=DIRECTION('',(0.,-1.,0.));
#7641=DIRECTION('',(0.,-1.,0.));
#7642=DIRECTION('center_axis',(0.,0.,-1.));
#7643=DIRECTION('ref_axis',(-1.,0.,0.));
#7644=DIRECTION('center_axis',(0.,0.,1.));
#7645=DIRECTION('ref_axis',(1.,0.,0.));
#7646=DIRECTION('center_axis',(0.,0.,-1.));
#7647=DIRECTION('ref_axis',(-1.,0.,0.));
#7648=DIRECTION('center_axis',(0.,-1.,0.));
#7649=DIRECTION('ref_axis',(-1.,0.,0.));
#7650=DIRECTION('center_axis',(0.,0.,1.));
#7651=DIRECTION('ref_axis',(-1.,0.,0.));
#7652=DIRECTION('center_axis',(0.,0.,1.));
#7653=DIRECTION('ref_axis',(-1.,0.,0.));
#7654=DIRECTION('center_axis',(0.,0.,1.));
#7655=DIRECTION('ref_axis',(-1.,0.,0.));
#7656=DIRECTION('',(0.,0.,-1.));
#7657=DIRECTION('center_axis',(0.,0.,1.));
#7658=DIRECTION('ref_axis',(-1.,0.,0.));
#7659=DIRECTION('center_axis',(-1.,0.,0.));
#7660=DIRECTION('ref_axis',(0.,1.,0.));
#7661=DIRECTION('center_axis',(0.,0.,1.));
#7662=DIRECTION('ref_axis',(0.,-1.,0.));
#7663=DIRECTION('',(0.,1.,0.));
#7664=DIRECTION('',(-1.,0.,0.));
#7665=DIRECTION('center_axis',(1.,0.,0.));
#7666=DIRECTION('ref_axis',(0.,-0.707106781186551,0.707106781186544));
#7667=DIRECTION('center_axis',(-1.,0.,0.));
#7668=DIRECTION('ref_axis',(0.,0.,1.));
#7669=DIRECTION('center_axis',(0.,-1.,0.));
#7670=DIRECTION('ref_axis',(0.707106781186549,0.,-0.707106781186546));
#7671=DIRECTION('center_axis',(-5.84327907697452E-16,1.,0.));
#7672=DIRECTION('ref_axis',(0.707106781186549,0.,-0.707106781186546));
#7673=DIRECTION('',(0.,1.,0.));
#7674=DIRECTION('center_axis',(0.,-1.,0.));
#7675=DIRECTION('ref_axis',(0.707106781186549,0.,-0.707106781186546));
#7676=DIRECTION('',(0.,-1.,0.));
#7677=DIRECTION('center_axis',(0.,1.,0.));
#7678=DIRECTION('ref_axis',(1.,0.,0.));
#7679=DIRECTION('',(1.,0.,0.));
#7680=DIRECTION('center_axis',(0.,-1.,0.));
#7681=DIRECTION('ref_axis',(-0.707106781186549,0.,-0.707106781186546));
#7682=DIRECTION('',(0.,0.,-1.));
#7683=DIRECTION('',(-1.,0.,0.));
#7684=DIRECTION('',(0.,0.,-1.));
#7685=DIRECTION('center_axis',(0.,0.,-1.));
#7686=DIRECTION('ref_axis',(-1.,0.,0.));
#7687=DIRECTION('',(-1.,-5.84327907697452E-16,0.));
#7688=DIRECTION('',(0.,-1.,0.));
#7689=DIRECTION('center_axis',(0.,1.,0.));
#7690=DIRECTION('ref_axis',(-0.707106781186549,0.,-0.707106781186546));
#7691=DIRECTION('center_axis',(-5.84327907697452E-16,1.,0.));
#7692=DIRECTION('ref_axis',(-0.707106781186549,0.,-0.707106781186546));
#7693=DIRECTION('',(0.,1.,0.));
#7694=DIRECTION('center_axis',(-1.,0.,0.));
#7695=DIRECTION('ref_axis',(0.,1.,0.));
#7696=DIRECTION('',(0.,0.,-1.));
#7697=DIRECTION('',(0.,-1.,0.));
#7698=DIRECTION('center_axis',(5.84327907697452E-16,-1.,0.));
#7699=DIRECTION('ref_axis',(-1.,-5.84327907697452E-16,0.));
#7700=DIRECTION('',(0.,0.,-1.));
#7701=DIRECTION('',(1.,5.84327907697452E-16,0.));
#7702=DIRECTION('center_axis',(1.,0.,0.));
#7703=DIRECTION('ref_axis',(0.,-1.,0.));
#7704=DIRECTION('',(0.,1.,0.));
#7705=DIRECTION('center_axis',(-0.816496580927726,-0.408248290463863,0.408248290463863));
#7706=DIRECTION('ref_axis',(0.577350269189623,-0.577350269189631,0.577350269189623));
#7707=DIRECTION('center_axis',(0.,0.,1.));
#7708=DIRECTION('ref_axis',(1.,0.,0.));
#7709=DIRECTION('center_axis',(-4.44089209850064E-15,-1.,0.));
#7710=DIRECTION('ref_axis',(0.,0.,1.));
#7711=DIRECTION('center_axis',(1.,0.,0.));
#7712=DIRECTION('ref_axis',(0.,-1.,0.));
#7713=DIRECTION('center_axis',(-0.816496580927725,0.408248290463865,0.408248290463863));
#7714=DIRECTION('ref_axis',(0.577350269189625,0.577350269189627,0.577350269189625));
#7715=DIRECTION('center_axis',(0.,0.,1.));
#7716=DIRECTION('ref_axis',(0.,1.,0.));
#7717=DIRECTION('center_axis',(1.,0.,0.));
#7718=DIRECTION('ref_axis',(0.,0.,1.));
#7719=DIRECTION('center_axis',(0.,1.,0.));
#7720=DIRECTION('ref_axis',(1.,0.,0.));
#7721=DIRECTION('center_axis',(-1.,0.,0.));
#7722=DIRECTION('ref_axis',(0.,0.707106781186549,0.707106781186546));
#7723=DIRECTION('center_axis',(1.,0.,0.));
#7724=DIRECTION('ref_axis',(0.,1.,0.));
#7725=DIRECTION('',(1.,0.,0.));
#7726=DIRECTION('center_axis',(-0.81649658092773,-0.408248290463861,-0.408248290463858));
#7727=DIRECTION('ref_axis',(-0.577350269189624,0.577350269189629,0.577350269189624));
#7728=DIRECTION('center_axis',(0.,0.,1.));
#7729=DIRECTION('ref_axis',(-0.707106781186543,0.707106781186552,0.));
#7730=DIRECTION('center_axis',(0.,1.,0.));
#7731=DIRECTION('ref_axis',(-0.707106781186543,0.,0.707106781186552));
#7732=DIRECTION('center_axis',(0.,1.,0.));
#7733=DIRECTION('ref_axis',(0.707106781186548,0.,0.707106781186548));
#7734=DIRECTION('',(0.,-1.,0.));
#7735=DIRECTION('',(0.,1.,0.));
#7736=DIRECTION('center_axis',(0.,0.,1.));
#7737=DIRECTION('ref_axis',(0.707106781186548,-0.707106781186548,0.));
#7738=DIRECTION('',(0.,0.,1.));
#7739=DIRECTION('center_axis',(-0.707106781186549,0.,0.707106781186546));
#7740=DIRECTION('ref_axis',(-0.707106781186546,0.,-0.707106781186549));
#7741=DIRECTION('center_axis',(0.,0.,-1.));
#7742=DIRECTION('ref_axis',(0.707106781186546,0.707106781186549,0.));
#7743=DIRECTION('',(0.,0.,-1.));
#7744=DIRECTION('center_axis',(-0.707106781186549,0.,0.707106781186546));
#7745=DIRECTION('ref_axis',(0.707106781186546,0.,0.707106781186549));
#7746=DIRECTION('center_axis',(-0.816496580927728,0.408248290463861,-0.408248290463861));
#7747=DIRECTION('ref_axis',(-0.577350269189626,-0.577350269189626,0.577350269189626));
#7748=DIRECTION('center_axis',(0.,0.,1.));
#7749=DIRECTION('ref_axis',(0.,-1.,0.));
#7750=DIRECTION('center_axis',(0.,-1.,0.));
#7751=DIRECTION('ref_axis',(-1.,0.,0.));
#7752=DIRECTION('center_axis',(0.,0.,1.));
#7753=DIRECTION('ref_axis',(-0.707106781186546,0.707106781186549,0.));
#7754=DIRECTION('center_axis',(0.707106781186549,0.,0.707106781186546));
#7755=DIRECTION('ref_axis',(0.707106781186546,0.,-0.707106781186549));
#7756=DIRECTION('',(0.,0.,1.));
#7757=DIRECTION('center_axis',(0.,-1.,0.));
#7758=DIRECTION('ref_axis',(-0.707106781186548,0.,0.707106781186548));
#7759=DIRECTION('',(0.,-1.,0.));
#7760=DIRECTION('center_axis',(0.,0.,-1.));
#7761=DIRECTION('ref_axis',(-0.707106781186544,-0.707106781186551,0.));
#7762=DIRECTION('',(0.,0.,-1.));
#7763=DIRECTION('center_axis',(0.707106781186549,0.,0.707106781186546));
#7764=DIRECTION('ref_axis',(-0.707106781186546,0.,0.707106781186549));
#7765=DIRECTION('center_axis',(1.,0.,0.));
#7766=DIRECTION('ref_axis',(0.,0.707106781186549,0.707106781186546));
#7767=DIRECTION('',(1.,0.,0.));
#7768=DIRECTION('center_axis',(-1.,0.,0.));
#7769=DIRECTION('ref_axis',(0.,-0.707106781186548,0.707106781186548));
#7770=DIRECTION('',(-1.,0.,0.));
#7771=DIRECTION('center_axis',(-0.816496580927728,0.408248290463864,-0.408248290463857));
#7772=DIRECTION('ref_axis',(-0.577350269189623,-0.577350269189631,0.577350269189623));
#7773=DIRECTION('center_axis',(-1.,0.,0.));
#7774=DIRECTION('ref_axis',(0.,-1.,0.));
#7775=DIRECTION('center_axis',(0.,-1.,0.));
#7776=DIRECTION('ref_axis',(-0.707106781186543,0.,0.707106781186552));
#7777=DIRECTION('center_axis',(0.,0.,1.));
#7778=DIRECTION('ref_axis',(-0.707106781186543,-0.707106781186552,0.));
#7779=DIRECTION('center_axis',(1.,0.,0.));
#7780=DIRECTION('ref_axis',(0.,-0.707106781186551,0.707106781186544));
#7781=DIRECTION('',(-1.,0.,0.));
#7782=DIRECTION('center_axis',(1.,0.,0.));
#7783=DIRECTION('ref_axis',(0.,-1.,0.));
#7784=DIRECTION('',(0.,-1.,0.));
#7785=DIRECTION('center_axis',(0.,0.,-1.));
#7786=DIRECTION('ref_axis',(-1.,0.,0.));
#7787=DIRECTION('',(0.,1.,0.));
#7788=DIRECTION('center_axis',(0.,0.,-1.));
#7789=DIRECTION('ref_axis',(-1.,0.,0.));
#7790=DIRECTION('center_axis',(1.,0.,0.));
#7791=DIRECTION('ref_axis',(0.,0.,-1.));
#7792=DIRECTION('',(0.,1.,0.));
#7793=DIRECTION('center_axis',(0.,0.,-1.));
#7794=DIRECTION('ref_axis',(-0.707106781186538,-0.707106781186557,0.));
#7795=DIRECTION('',(0.,0.,-1.));
#7796=DIRECTION('center_axis',(0.707106781186549,0.,0.707106781186546));
#7797=DIRECTION('ref_axis',(-0.707106781186546,0.,0.707106781186549));
#7798=DIRECTION('center_axis',(0.,1.,0.));
#7799=DIRECTION('ref_axis',(1.,0.,0.));
#7800=DIRECTION('',(1.,0.,0.));
#7801=DIRECTION('',(0.,0.,-1.));
#7802=DIRECTION('',(1.,0.,0.));
#7803=DIRECTION('',(0.,0.,-1.));
#7804=DIRECTION('center_axis',(-1.,0.,0.));
#7805=DIRECTION('ref_axis',(0.,1.,0.));
#7806=DIRECTION('',(0.,1.,0.));
#7807=DIRECTION('',(0.,0.,-1.));
#7808=DIRECTION('',(0.,1.,0.));
#7809=DIRECTION('center_axis',(0.,1.,0.));
#7810=DIRECTION('ref_axis',(1.,0.,0.));
#7811=DIRECTION('',(1.,0.,0.));
#7812=DIRECTION('',(0.,0.,-1.));
#7813=DIRECTION('',(1.,0.,0.));
#7814=DIRECTION('center_axis',(-1.,0.,0.));
#7815=DIRECTION('ref_axis',(0.,1.,0.));
#7816=DIRECTION('',(0.,1.,0.));
#7817=DIRECTION('',(0.,0.,-1.));
#7818=DIRECTION('',(0.,1.,0.));
#7819=DIRECTION('center_axis',(0.,-1.,0.));
#7820=DIRECTION('ref_axis',(-1.,0.,0.));
#7821=DIRECTION('',(-1.,0.,0.));
#7822=DIRECTION('',(0.,0.,-1.));
#7823=DIRECTION('',(-1.,0.,0.));
#7824=DIRECTION('center_axis',(-1.,0.,0.));
#7825=DIRECTION('ref_axis',(0.,1.,0.));
#7826=DIRECTION('',(0.,1.,0.));
#7827=DIRECTION('',(0.,0.,-1.));
#7828=DIRECTION('',(0.,1.,0.));
#7829=DIRECTION('center_axis',(2.77555756156292E-15,-1.,0.));
#7830=DIRECTION('ref_axis',(-1.,-2.77555756156292E-15,0.));
#7831=DIRECTION('',(-1.,-2.77555756156292E-15,0.));
#7832=DIRECTION('',(0.,0.,-1.));
#7833=DIRECTION('',(-1.,-2.77555756156292E-15,0.));
#7834=DIRECTION('center_axis',(1.,0.,0.));
#7835=DIRECTION('ref_axis',(0.,-1.,0.));
#7836=DIRECTION('',(0.,-1.,0.));
#7837=DIRECTION('',(0.,0.,-1.));
#7838=DIRECTION('',(0.,-1.,0.));
#7839=DIRECTION('center_axis',(0.,-1.,0.));
#7840=DIRECTION('ref_axis',(-1.,0.,0.));
#7841=DIRECTION('',(-1.,0.,0.));
#7842=DIRECTION('',(0.,0.,-1.));
#7843=DIRECTION('',(-1.,0.,0.));
#7844=DIRECTION('center_axis',(1.,0.,0.));
#7845=DIRECTION('ref_axis',(0.,-1.,0.));
#7846=DIRECTION('',(0.,-1.,0.));
#7847=DIRECTION('',(0.,0.,-1.));
#7848=DIRECTION('',(0.,-1.,0.));
#7849=DIRECTION('center_axis',(0.,1.,0.));
#7850=DIRECTION('ref_axis',(1.,0.,0.));
#7851=DIRECTION('',(1.,0.,0.));
#7852=DIRECTION('',(0.,0.,-1.));
#7853=DIRECTION('',(1.,0.,0.));
#7854=DIRECTION('center_axis',(1.,0.,0.));
#7855=DIRECTION('ref_axis',(0.,-1.,0.));
#7856=DIRECTION('',(0.,-1.,0.));
#7857=DIRECTION('',(0.,-1.,0.));
#7858=DIRECTION('center_axis',(0.,0.,-1.));
#7859=DIRECTION('ref_axis',(-1.,0.,0.));
#7860=DIRECTION('center_axis',(0.,0.,1.));
#7861=DIRECTION('ref_axis',(1.,0.,0.));
#7862=DIRECTION('center_axis',(0.,0.,-1.));
#7863=DIRECTION('ref_axis',(-1.,0.,0.));
#7864=DIRECTION('center_axis',(0.,-1.,0.));
#7865=DIRECTION('ref_axis',(-1.,0.,0.));
#7866=DIRECTION('center_axis',(0.,0.,1.));
#7867=DIRECTION('ref_axis',(-1.,0.,0.));
#7868=DIRECTION('center_axis',(0.,0.,1.));
#7869=DIRECTION('ref_axis',(-1.,0.,0.));
#7870=DIRECTION('center_axis',(0.,0.,1.));
#7871=DIRECTION('ref_axis',(-1.,0.,0.));
#7872=DIRECTION('',(0.,0.,-1.));
#7873=DIRECTION('center_axis',(0.,0.,1.));
#7874=DIRECTION('ref_axis',(-1.,0.,0.));
#7875=DIRECTION('center_axis',(-1.,0.,0.));
#7876=DIRECTION('ref_axis',(0.,1.,0.));
#7877=DIRECTION('center_axis',(0.,0.,1.));
#7878=DIRECTION('ref_axis',(0.,-1.,0.));
#7879=DIRECTION('',(0.,1.,0.));
#7880=DIRECTION('center_axis',(0.,-1.,0.));
#7881=DIRECTION('ref_axis',(0.707106781186546,0.,-0.707106781186549));
#7882=DIRECTION('center_axis',(-5.84327907697452E-16,1.,0.));
#7883=DIRECTION('ref_axis',(0.707106781186546,0.,-0.707106781186549));
#7884=DIRECTION('',(0.,1.,0.));
#7885=DIRECTION('center_axis',(0.,-1.,0.));
#7886=DIRECTION('ref_axis',(0.707106781186546,0.,-0.707106781186549));
#7887=DIRECTION('',(0.,-1.,0.));
#7888=DIRECTION('center_axis',(0.,1.,0.));
#7889=DIRECTION('ref_axis',(1.,0.,0.));
#7890=DIRECTION('',(1.,0.,0.));
#7891=DIRECTION('center_axis',(0.,-1.,0.));
#7892=DIRECTION('ref_axis',(-0.707106781186546,0.,-0.707106781186549));
#7893=DIRECTION('',(0.,0.,-1.));
#7894=DIRECTION('',(-1.,0.,0.));
#7895=DIRECTION('',(0.,0.,-1.));
#7896=DIRECTION('center_axis',(0.,0.,-1.));
#7897=DIRECTION('ref_axis',(-1.,0.,0.));
#7898=DIRECTION('',(-1.,-5.84327907697452E-16,0.));
#7899=DIRECTION('',(0.,-1.,0.));
#7900=DIRECTION('center_axis',(0.,1.,0.));
#7901=DIRECTION('ref_axis',(-0.707106781186546,0.,-0.707106781186549));
#7902=DIRECTION('center_axis',(-5.84327907697452E-16,1.,0.));
#7903=DIRECTION('ref_axis',(-0.707106781186546,0.,-0.707106781186549));
#7904=DIRECTION('',(0.,1.,0.));
#7905=DIRECTION('center_axis',(-1.,0.,0.));
#7906=DIRECTION('ref_axis',(0.,1.,0.));
#7907=DIRECTION('',(0.,0.,-1.));
#7908=DIRECTION('',(0.,-1.,0.));
#7909=DIRECTION('center_axis',(5.84327907697452E-16,-1.,0.));
#7910=DIRECTION('ref_axis',(-1.,-5.84327907697452E-16,0.));
#7911=DIRECTION('',(0.,0.,-1.));
#7912=DIRECTION('',(1.,5.84327907697452E-16,0.));
#7913=DIRECTION('center_axis',(1.,0.,0.));
#7914=DIRECTION('ref_axis',(0.,-1.,0.));
#7915=DIRECTION('',(0.,1.,0.));
#7916=DIRECTION('center_axis',(-0.408248290463861,-0.816496580927728,-0.408248290463861));
#7917=DIRECTION('ref_axis',(0.577350269189626,-0.577350269189626,0.577350269189626));
#7918=DIRECTION('center_axis',(0.,0.,1.));
#7919=DIRECTION('ref_axis',(1.,0.,0.));
#7920=DIRECTION('center_axis',(-4.44089209850064E-15,-1.,0.));
#7921=DIRECTION('ref_axis',(0.,0.,1.));
#7922=DIRECTION('center_axis',(-0.816496580927725,0.408248290463865,0.408248290463863));
#7923=DIRECTION('ref_axis',(0.577350269189625,0.577350269189627,0.577350269189625));
#7924=DIRECTION('center_axis',(0.,0.,1.));
#7925=DIRECTION('ref_axis',(0.,1.,0.));
#7926=DIRECTION('center_axis',(0.,1.,0.));
#7927=DIRECTION('ref_axis',(1.,0.,0.));
#7928=DIRECTION('center_axis',(0.,1.,0.));
#7929=DIRECTION('ref_axis',(0.707106781186541,0.,0.707106781186554));
#7930=DIRECTION('',(0.,1.,0.));
#7931=DIRECTION('center_axis',(0.,0.,1.));
#7932=DIRECTION('ref_axis',(0.707106781186541,-0.707106781186554,0.));
#7933=DIRECTION('',(0.,0.,1.));
#7934=DIRECTION('center_axis',(-0.707106781186549,0.,0.707106781186546));
#7935=DIRECTION('ref_axis',(-0.707106781186546,0.,-0.707106781186549));
#7936=DIRECTION('center_axis',(0.,0.,-1.));
#7937=DIRECTION('ref_axis',(0.70710678118654,0.707106781186555,0.));
#7938=DIRECTION('',(0.,0.,-1.));
#7939=DIRECTION('center_axis',(-0.707106781186549,0.,0.707106781186546));
#7940=DIRECTION('ref_axis',(0.707106781186546,0.,0.707106781186549));
#7941=DIRECTION('center_axis',(0.,-1.,0.));
#7942=DIRECTION('ref_axis',(-0.707106781186541,0.,0.707106781186554));
#7943=DIRECTION('',(0.,-1.,0.));
#7944=DIRECTION('center_axis',(0.,0.,1.));
#7945=DIRECTION('ref_axis',(-0.70710678118654,0.707106781186555,0.));
#7946=DIRECTION('center_axis',(0.707106781186549,0.,0.707106781186546));
#7947=DIRECTION('ref_axis',(0.707106781186546,0.,-0.707106781186549));
#7948=DIRECTION('',(0.,0.,1.));
#7949=DIRECTION('center_axis',(1.,0.,0.));
#7950=DIRECTION('ref_axis',(0.,0.707106781186549,0.707106781186546));
#7951=DIRECTION('',(1.,0.,0.));
#7952=DIRECTION('center_axis',(-1.,0.,0.));
#7953=DIRECTION('ref_axis',(0.,-0.707106781186548,0.707106781186548));
#7954=DIRECTION('',(-1.,0.,0.));
#7955=DIRECTION('center_axis',(0.,0.,-1.));
#7956=DIRECTION('ref_axis',(-1.,0.,0.));
#7957=DIRECTION('',(0.,-1.,0.));
#7958=DIRECTION('',(0.,1.,0.));
#7959=DIRECTION('center_axis',(0.,0.,-1.));
#7960=DIRECTION('ref_axis',(-1.,0.,0.));
#7961=DIRECTION('center_axis',(1.,0.,0.));
#7962=DIRECTION('ref_axis',(0.,-1.,0.));
#7963=DIRECTION('center_axis',(-1.,0.,0.));
#7964=DIRECTION('ref_axis',(0.,0.,1.));
#7965=DIRECTION('',(0.,-1.,0.));
#7966=DIRECTION('center_axis',(0.,1.,0.));
#7967=DIRECTION('ref_axis',(1.,0.,0.));
#7968=DIRECTION('',(1.,0.,0.));
#7969=DIRECTION('',(0.,0.,-1.));
#7970=DIRECTION('',(1.,0.,0.));
#7971=DIRECTION('',(0.,0.,-1.));
#7972=DIRECTION('center_axis',(-1.,0.,0.));
#7973=DIRECTION('ref_axis',(0.,1.,0.));
#7974=DIRECTION('',(0.,1.,0.));
#7975=DIRECTION('',(0.,0.,-1.));
#7976=DIRECTION('',(0.,1.,0.));
#7977=DIRECTION('center_axis',(0.,1.,0.));
#7978=DIRECTION('ref_axis',(1.,0.,0.));
#7979=DIRECTION('',(1.,0.,0.));
#7980=DIRECTION('',(0.,0.,-1.));
#7981=DIRECTION('',(1.,0.,0.));
#7982=DIRECTION('center_axis',(-1.,0.,0.));
#7983=DIRECTION('ref_axis',(0.,1.,0.));
#7984=DIRECTION('',(0.,1.,0.));
#7985=DIRECTION('',(0.,0.,-1.));
#7986=DIRECTION('',(0.,1.,0.));
#7987=DIRECTION('center_axis',(0.,-1.,0.));
#7988=DIRECTION('ref_axis',(-1.,0.,0.));
#7989=DIRECTION('',(-1.,0.,0.));
#7990=DIRECTION('',(0.,0.,-1.));
#7991=DIRECTION('',(-1.,0.,0.));
#7992=DIRECTION('center_axis',(-1.,0.,0.));
#7993=DIRECTION('ref_axis',(0.,1.,0.));
#7994=DIRECTION('',(0.,1.,0.));
#7995=DIRECTION('',(0.,0.,-1.));
#7996=DIRECTION('',(0.,1.,0.));
#7997=DIRECTION('center_axis',(2.77555756156292E-15,-1.,0.));
#7998=DIRECTION('ref_axis',(-1.,-2.77555756156292E-15,0.));
#7999=DIRECTION('',(-1.,-2.77555756156292E-15,0.));
#8000=DIRECTION('',(0.,0.,-1.));
#8001=DIRECTION('',(-1.,-2.77555756156292E-15,0.));
#8002=DIRECTION('center_axis',(1.,0.,0.));
#8003=DIRECTION('ref_axis',(0.,-1.,0.));
#8004=DIRECTION('',(0.,-1.,0.));
#8005=DIRECTION('',(0.,0.,-1.));
#8006=DIRECTION('',(0.,-1.,0.));
#8007=DIRECTION('center_axis',(0.,-1.,0.));
#8008=DIRECTION('ref_axis',(-1.,0.,0.));
#8009=DIRECTION('',(-1.,0.,0.));
#8010=DIRECTION('',(0.,0.,-1.));
#8011=DIRECTION('',(-1.,0.,0.));
#8012=DIRECTION('center_axis',(1.,0.,0.));
#8013=DIRECTION('ref_axis',(0.,-1.,0.));
#8014=DIRECTION('',(0.,-1.,0.));
#8015=DIRECTION('',(0.,0.,-1.));
#8016=DIRECTION('',(0.,-1.,0.));
#8017=DIRECTION('center_axis',(0.,1.,0.));
#8018=DIRECTION('ref_axis',(1.,0.,0.));
#8019=DIRECTION('',(1.,0.,0.));
#8020=DIRECTION('',(0.,0.,-1.));
#8021=DIRECTION('',(1.,0.,0.));
#8022=DIRECTION('center_axis',(1.,0.,0.));
#8023=DIRECTION('ref_axis',(0.,-1.,0.));
#8024=DIRECTION('',(0.,-1.,0.));
#8025=DIRECTION('',(0.,-1.,0.));
#8026=DIRECTION('center_axis',(0.,0.,-1.));
#8027=DIRECTION('ref_axis',(-1.,0.,0.));
#8028=DIRECTION('center_axis',(0.,0.,1.));
#8029=DIRECTION('ref_axis',(1.,0.,0.));
#8030=DIRECTION('center_axis',(0.,0.,-1.));
#8031=DIRECTION('ref_axis',(-1.,0.,0.));
#8032=DIRECTION('center_axis',(0.,-1.,0.));
#8033=DIRECTION('ref_axis',(-1.,0.,0.));
#8034=DIRECTION('center_axis',(0.,0.,1.));
#8035=DIRECTION('ref_axis',(-1.,0.,0.));
#8036=DIRECTION('center_axis',(0.,0.,1.));
#8037=DIRECTION('ref_axis',(-1.,0.,0.));
#8038=DIRECTION('center_axis',(0.,0.,1.));
#8039=DIRECTION('ref_axis',(-1.,0.,0.));
#8040=DIRECTION('',(0.,0.,-1.));
#8041=DIRECTION('center_axis',(0.,0.,1.));
#8042=DIRECTION('ref_axis',(-1.,0.,0.));
#8043=DIRECTION('center_axis',(-1.,0.,0.));
#8044=DIRECTION('ref_axis',(0.,1.,0.));
#8045=DIRECTION('center_axis',(0.,-1.,0.));
#8046=DIRECTION('ref_axis',(0.70710678118654,0.,-0.707106781186555));
#8047=DIRECTION('center_axis',(-5.84327907697452E-16,1.,0.));
#8048=DIRECTION('ref_axis',(0.70710678118654,0.,-0.707106781186555));
#8049=DIRECTION('',(0.,1.,0.));
#8050=DIRECTION('center_axis',(0.,-1.,0.));
#8051=DIRECTION('ref_axis',(0.70710678118654,0.,-0.707106781186555));
#8052=DIRECTION('',(0.,-1.,0.));
#8053=DIRECTION('center_axis',(0.,1.,0.));
#8054=DIRECTION('ref_axis',(1.,0.,0.));
#8055=DIRECTION('',(1.,0.,0.));
#8056=DIRECTION('center_axis',(0.,-1.,0.));
#8057=DIRECTION('ref_axis',(-0.70710678118654,0.,-0.707106781186555));
#8058=DIRECTION('',(0.,0.,-1.));
#8059=DIRECTION('',(-1.,0.,0.));
#8060=DIRECTION('',(0.,0.,-1.));
#8061=DIRECTION('center_axis',(0.,0.,-1.));
#8062=DIRECTION('ref_axis',(-1.,0.,0.));
#8063=DIRECTION('',(-1.,-5.84327907697452E-16,0.));
#8064=DIRECTION('',(0.,-1.,0.));
#8065=DIRECTION('center_axis',(0.,1.,0.));
#8066=DIRECTION('ref_axis',(-0.70710678118654,0.,-0.707106781186555));
#8067=DIRECTION('center_axis',(-5.84327907697452E-16,1.,0.));
#8068=DIRECTION('ref_axis',(-0.70710678118654,0.,-0.707106781186555));
#8069=DIRECTION('',(0.,1.,0.));
#8070=DIRECTION('center_axis',(-1.,0.,0.));
#8071=DIRECTION('ref_axis',(0.,1.,0.));
#8072=DIRECTION('',(0.,0.,-1.));
#8073=DIRECTION('',(0.,-1.,0.));
#8074=DIRECTION('center_axis',(5.84327907697452E-16,-1.,0.));
#8075=DIRECTION('ref_axis',(-1.,-5.84327907697452E-16,0.));
#8076=DIRECTION('',(0.,0.,-1.));
#8077=DIRECTION('',(1.,5.84327907697452E-16,0.));
#8078=DIRECTION('center_axis',(1.,0.,0.));
#8079=DIRECTION('ref_axis',(0.,-1.,0.));
#8080=DIRECTION('',(0.,1.,0.));
#8081=DIRECTION('center_axis',(0.,0.,-1.));
#8082=DIRECTION('ref_axis',(0.,1.,0.));
#8083=CARTESIAN_POINT('',(0.,0.,0.));
#8084=CARTESIAN_POINT('Origin',(53.,-17.7,16.3875));
#8085=CARTESIAN_POINT('',(53.,-18.2,0.));
#8086=CARTESIAN_POINT('',(53.5,-17.7,0.));
#8087=CARTESIAN_POINT('Origin',(53.,-17.7,0.));
#8088=CARTESIAN_POINT('',(53.5,-17.7,21.35));
#8089=CARTESIAN_POINT('',(53.5,-17.7,16.3875));
#8090=CARTESIAN_POINT('',(53.,-18.2,21.35));
#8091=CARTESIAN_POINT('Origin',(53.,-17.7,21.35));
#8092=CARTESIAN_POINT('',(53.,-18.2,16.3875));
#8093=CARTESIAN_POINT('Origin',(53.,-4.55,21.35));
#8094=CARTESIAN_POINT('',(53.5,0.,21.35));
#8095=CARTESIAN_POINT('',(53.,0.,21.85));
#8096=CARTESIAN_POINT('Origin',(53.,0.,21.35));
#8097=CARTESIAN_POINT('',(53.,-17.7,21.85));
#8098=CARTESIAN_POINT('',(53.,-4.55,21.85));
#8099=CARTESIAN_POINT('Origin',(53.,-17.7,21.35));
#8100=CARTESIAN_POINT('',(53.5,-4.55,21.35));
#8101=CARTESIAN_POINT('Origin',(53.,-17.7,21.35));
#8102=CARTESIAN_POINT('Origin',(53.,-17.7,21.35));
#8103=CARTESIAN_POINT('Origin',(0.,-18.2,21.85));
#8104=CARTESIAN_POINT('',(51.,-18.2,21.35));
#8105=CARTESIAN_POINT('',(0.,-18.2,21.35));
#8106=CARTESIAN_POINT('',(51.,-18.2,13.35));
#8107=CARTESIAN_POINT('',(51.,-18.2,21.85));
#8108=CARTESIAN_POINT('',(40.,-18.2,13.35));
#8109=CARTESIAN_POINT('',(22.75,-18.2,13.35));
#8110=CARTESIAN_POINT('',(40.,-18.2,21.35));
#8111=CARTESIAN_POINT('',(40.,-18.2,21.85));
#8112=CARTESIAN_POINT('',(38.,-18.2,21.35));
#8113=CARTESIAN_POINT('',(0.,-18.2,21.35));
#8114=CARTESIAN_POINT('',(38.,-18.2,13.35));
#8115=CARTESIAN_POINT('',(38.,-18.2,21.85));
#8116=CARTESIAN_POINT('',(27.,-18.2,13.35));
#8117=CARTESIAN_POINT('',(16.25,-18.2,13.35));
#8118=CARTESIAN_POINT('',(27.,-18.2,21.35));
#8119=CARTESIAN_POINT('',(27.,-18.2,21.85));
#8120=CARTESIAN_POINT('',(25.,-18.2,21.35));
#8121=CARTESIAN_POINT('',(0.,-18.2,21.35));
#8122=CARTESIAN_POINT('',(25.,-18.2,13.35));
#8123=CARTESIAN_POINT('',(25.,-18.2,21.85));
#8124=CARTESIAN_POINT('',(14.,-18.2,13.35));
#8125=CARTESIAN_POINT('',(9.75,-18.2,13.35));
#8126=CARTESIAN_POINT('',(14.,-18.2,21.35));
#8127=CARTESIAN_POINT('',(14.,-18.2,21.85));
#8128=CARTESIAN_POINT('',(12.,-18.2,21.35));
#8129=CARTESIAN_POINT('',(0.,-18.2,21.35));
#8130=CARTESIAN_POINT('',(12.,-18.2,13.35));
#8131=CARTESIAN_POINT('',(12.,-18.2,21.85));
#8132=CARTESIAN_POINT('',(0.999999999999995,-18.2,13.35));
#8133=CARTESIAN_POINT('',(3.25,-18.2,13.35));
#8134=CARTESIAN_POINT('',(0.999999999999995,-18.2,21.35));
#8135=CARTESIAN_POINT('',(0.999999999999995,-18.2,21.85));
#8136=CARTESIAN_POINT('',(-1.,-18.2,21.35));
#8137=CARTESIAN_POINT('',(0.,-18.2,21.35));
#8138=CARTESIAN_POINT('',(-1.,-18.2,13.35));
#8139=CARTESIAN_POINT('',(-1.,-18.2,21.85));
#8140=CARTESIAN_POINT('',(-12.,-18.2,13.35));
#8141=CARTESIAN_POINT('',(-3.25,-18.2,13.35));
#8142=CARTESIAN_POINT('',(-12.,-18.2,21.35));
#8143=CARTESIAN_POINT('',(-12.,-18.2,21.85));
#8144=CARTESIAN_POINT('',(-14.,-18.2,21.35));
#8145=CARTESIAN_POINT('',(0.,-18.2,21.35));
#8146=CARTESIAN_POINT('',(-14.,-18.2,13.35));
#8147=CARTESIAN_POINT('',(-14.,-18.2,21.85));
#8148=CARTESIAN_POINT('',(-25.,-18.2,13.35));
#8149=CARTESIAN_POINT('',(-9.75,-18.2,13.35));
#8150=CARTESIAN_POINT('',(-25.,-18.2,21.35));
#8151=CARTESIAN_POINT('',(-25.,-18.2,21.85));
#8152=CARTESIAN_POINT('',(-27.,-18.2,21.35));
#8153=CARTESIAN_POINT('',(0.,-18.2,21.35));
#8154=CARTESIAN_POINT('',(-27.,-18.2,13.35));
#8155=CARTESIAN_POINT('',(-27.,-18.2,21.85));
#8156=CARTESIAN_POINT('',(-38.,-18.2,13.35));
#8157=CARTESIAN_POINT('',(-16.25,-18.2,13.35));
#8158=CARTESIAN_POINT('',(-38.,-18.2,21.35));
#8159=CARTESIAN_POINT('',(-38.,-18.2,21.85));
#8160=CARTESIAN_POINT('',(-40.,-18.2,21.35));
#8161=CARTESIAN_POINT('',(0.,-18.2,21.35));
#8162=CARTESIAN_POINT('',(-40.,-18.2,13.35));
#8163=CARTESIAN_POINT('',(-40.,-18.2,21.85));
#8164=CARTESIAN_POINT('',(-51.,-18.2,13.35));
#8165=CARTESIAN_POINT('',(-22.75,-18.2,13.35));
#8166=CARTESIAN_POINT('',(-51.,-18.2,21.35));
#8167=CARTESIAN_POINT('',(-51.,-18.2,21.85));
#8168=CARTESIAN_POINT('',(-53.,-18.2,21.35));
#8169=CARTESIAN_POINT('',(0.,-18.2,21.35));
#8170=CARTESIAN_POINT('',(-53.,-18.2,0.));
#8171=CARTESIAN_POINT('',(-53.,-18.2,16.3875));
#8172=CARTESIAN_POINT('',(0.,-18.2,0.));
#8173=CARTESIAN_POINT('Origin',(0.,-17.7,21.35));
#8174=CARTESIAN_POINT('',(51.,-17.7,21.85));
#8175=CARTESIAN_POINT('',(0.,-17.7,21.85));
#8176=CARTESIAN_POINT('Origin',(51.,-17.7,21.35));
#8177=CARTESIAN_POINT('Origin',(0.,0.,21.85));
#8178=CARTESIAN_POINT('',(51.,0.,21.85));
#8179=CARTESIAN_POINT('',(0.,0.,21.85));
#8180=CARTESIAN_POINT('',(51.,-3.96741568543771E-31,21.85));
#8181=CARTESIAN_POINT('Origin',(0.,0.,0.));
#8182=CARTESIAN_POINT('',(53.5,0.,0.));
#8183=CARTESIAN_POINT('',(53.5,0.,21.85));
#8184=CARTESIAN_POINT('',(-53.,0.,0.));
#8185=CARTESIAN_POINT('',(0.,0.,0.));
#8186=CARTESIAN_POINT('',(-53.,0.,21.35));
#8187=CARTESIAN_POINT('',(-53.,0.,5.4625));
#8188=CARTESIAN_POINT('',(-51.,0.,21.35));
#8189=CARTESIAN_POINT('',(0.,0.,21.35));
#8190=CARTESIAN_POINT('',(-51.,0.,13.35));
#8191=CARTESIAN_POINT('',(-51.,0.,10.925));
#8192=CARTESIAN_POINT('',(-40.,0.,13.35));
#8193=CARTESIAN_POINT('',(-22.75,0.,13.35));
#8194=CARTESIAN_POINT('',(-40.,0.,21.35));
#8195=CARTESIAN_POINT('',(-40.,0.,10.925));
#8196=CARTESIAN_POINT('',(-38.,0.,21.35));
#8197=CARTESIAN_POINT('',(0.,0.,21.35));
#8198=CARTESIAN_POINT('',(-38.,0.,13.35));
#8199=CARTESIAN_POINT('',(-38.,0.,10.925));
#8200=CARTESIAN_POINT('',(-27.,0.,13.35));
#8201=CARTESIAN_POINT('',(-16.25,0.,13.35));
#8202=CARTESIAN_POINT('',(-27.,0.,21.35));
#8203=CARTESIAN_POINT('',(-27.,0.,10.925));
#8204=CARTESIAN_POINT('',(-25.,0.,21.35));
#8205=CARTESIAN_POINT('',(0.,0.,21.35));
#8206=CARTESIAN_POINT('',(-25.,0.,13.35));
#8207=CARTESIAN_POINT('',(-25.,0.,10.925));
#8208=CARTESIAN_POINT('',(-14.,0.,13.35));
#8209=CARTESIAN_POINT('',(-9.75,0.,13.35));
#8210=CARTESIAN_POINT('',(-14.,0.,21.35));
#8211=CARTESIAN_POINT('',(-14.,0.,10.925));
#8212=CARTESIAN_POINT('',(-12.,0.,21.35));
#8213=CARTESIAN_POINT('',(0.,0.,21.35));
#8214=CARTESIAN_POINT('',(-12.,0.,13.35));
#8215=CARTESIAN_POINT('',(-12.,0.,10.925));
#8216=CARTESIAN_POINT('',(-1.,0.,13.35));
#8217=CARTESIAN_POINT('',(-3.25,0.,13.35));
#8218=CARTESIAN_POINT('',(-1.,0.,21.35));
#8219=CARTESIAN_POINT('',(-1.,0.,10.925));
#8220=CARTESIAN_POINT('',(0.999999999999995,0.,21.35));
#8221=CARTESIAN_POINT('',(0.,0.,21.35));
#8222=CARTESIAN_POINT('',(0.999999999999995,0.,13.35));
#8223=CARTESIAN_POINT('',(0.999999999999995,0.,10.925));
#8224=CARTESIAN_POINT('',(12.,0.,13.35));
#8225=CARTESIAN_POINT('',(3.25,0.,13.35));
#8226=CARTESIAN_POINT('',(12.,0.,21.35));
#8227=CARTESIAN_POINT('',(12.,0.,10.925));
#8228=CARTESIAN_POINT('',(14.,0.,21.35));
#8229=CARTESIAN_POINT('',(0.,0.,21.35));
#8230=CARTESIAN_POINT('',(14.,0.,13.35));
#8231=CARTESIAN_POINT('',(14.,0.,10.925));
#8232=CARTESIAN_POINT('',(25.,0.,13.35));
#8233=CARTESIAN_POINT('',(9.75,0.,13.35));
#8234=CARTESIAN_POINT('',(25.,0.,21.35));
#8235=CARTESIAN_POINT('',(25.,0.,10.925));
#8236=CARTESIAN_POINT('',(27.,0.,21.35));
#8237=CARTESIAN_POINT('',(0.,0.,21.35));
#8238=CARTESIAN_POINT('',(27.,0.,13.35));
#8239=CARTESIAN_POINT('',(27.,0.,10.925));
#8240=CARTESIAN_POINT('',(38.,0.,13.35));
#8241=CARTESIAN_POINT('',(16.25,0.,13.35));
#8242=CARTESIAN_POINT('',(38.,0.,21.35));
#8243=CARTESIAN_POINT('',(38.,0.,10.925));
#8244=CARTESIAN_POINT('',(40.,0.,21.35));
#8245=CARTESIAN_POINT('',(0.,0.,21.35));
#8246=CARTESIAN_POINT('',(40.,0.,13.35));
#8247=CARTESIAN_POINT('',(40.,0.,10.925));
#8248=CARTESIAN_POINT('',(51.,0.,13.35));
#8249=CARTESIAN_POINT('',(22.75,0.,13.35));
#8250=CARTESIAN_POINT('',(51.,0.,10.925));
#8251=CARTESIAN_POINT('Origin',(-53.,-0.5,5.4625));
#8252=CARTESIAN_POINT('',(-53.5,-0.5,0.));
#8253=CARTESIAN_POINT('Origin',(-53.,-0.5,0.));
#8254=CARTESIAN_POINT('',(-53.5,-0.5,21.35));
#8255=CARTESIAN_POINT('',(-53.5,-0.5,5.4625));
#8256=CARTESIAN_POINT('Origin',(-53.,-0.5,21.35));
#8257=CARTESIAN_POINT('Origin',(-53.,-4.55,21.35));
#8258=CARTESIAN_POINT('',(-53.5,-17.7,21.35));
#8259=CARTESIAN_POINT('',(-53.,-17.7,21.85));
#8260=CARTESIAN_POINT('Origin',(-53.,-17.7,21.35));
#8261=CARTESIAN_POINT('',(-53.,-0.5,21.85));
#8262=CARTESIAN_POINT('',(-53.,-4.55,21.85));
#8263=CARTESIAN_POINT('Origin',(-53.,-0.5,21.35));
#8264=CARTESIAN_POINT('',(-53.5,-4.55,21.35));
#8265=CARTESIAN_POINT('Origin',(-53.,-17.7,16.3875));
#8266=CARTESIAN_POINT('',(-53.5,-17.7,0.));
#8267=CARTESIAN_POINT('Origin',(-53.,-17.7,0.));
#8268=CARTESIAN_POINT('Origin',(-53.,-17.7,21.35));
#8269=CARTESIAN_POINT('',(-53.5,-17.7,16.3875));
#8270=CARTESIAN_POINT('Origin',(-53.,-17.7,21.35));
#8271=CARTESIAN_POINT('Origin',(-53.,-17.7,21.35));
#8272=CARTESIAN_POINT('Origin',(-53.,-0.5,21.35));
#8273=CARTESIAN_POINT('Origin',(-53.,-0.5,21.35));
#8274=CARTESIAN_POINT('Origin',(0.,-0.5,21.35));
#8275=CARTESIAN_POINT('',(-51.,-0.5,21.85));
#8276=CARTESIAN_POINT('',(0.,-0.5,21.85));
#8277=CARTESIAN_POINT('Origin',(-51.,-0.5,21.35));
#8278=CARTESIAN_POINT('Origin',(0.,0.,21.85));
#8279=CARTESIAN_POINT('',(-51.,-17.7,21.85));
#8280=CARTESIAN_POINT('',(0.,-17.7,21.85));
#8281=CARTESIAN_POINT('',(-51.,-9.1,21.85));
#8282=CARTESIAN_POINT('Origin',(0.,-17.7,21.35));
#8283=CARTESIAN_POINT('Origin',(-51.,-17.7,21.35));
#8284=CARTESIAN_POINT('Origin',(40.,-0.5,21.35));
#8285=CARTESIAN_POINT('',(40.5,-0.5,21.35));
#8286=CARTESIAN_POINT('Origin',(40.,-0.5,21.35));
#8287=CARTESIAN_POINT('',(40.,-0.5,21.85));
#8288=CARTESIAN_POINT('Origin',(40.,-0.5,21.35));
#8289=CARTESIAN_POINT('Origin',(40.,-0.5,21.35));
#8290=CARTESIAN_POINT('Origin',(0.,-0.5,21.35));
#8291=CARTESIAN_POINT('',(38.,-0.5,21.85));
#8292=CARTESIAN_POINT('Origin',(38.,-0.5,21.35));
#8293=CARTESIAN_POINT('',(0.,-0.5,21.85));
#8294=CARTESIAN_POINT('Origin',(38.,-0.5,21.35));
#8295=CARTESIAN_POINT('',(37.5,-0.5,21.35));
#8296=CARTESIAN_POINT('Origin',(38.,-0.5,21.35));
#8297=CARTESIAN_POINT('Origin',(38.,-0.5,21.35));
#8298=CARTESIAN_POINT('Origin',(40.,-9.1,21.35));
#8299=CARTESIAN_POINT('',(40.,-17.7,21.85));
#8300=CARTESIAN_POINT('',(40.5,-17.7,21.35));
#8301=CARTESIAN_POINT('Origin',(40.,-17.7,21.35));
#8302=CARTESIAN_POINT('',(40.5,-9.1,21.35));
#8303=CARTESIAN_POINT('',(40.,-9.1,21.85));
#8304=CARTESIAN_POINT('Origin',(40.,-0.5,10.925));
#8305=CARTESIAN_POINT('',(40.5,-0.5,13.85));
#8306=CARTESIAN_POINT('',(40.5,-0.5,10.925));
#8307=CARTESIAN_POINT('Origin',(40.,-0.5,13.35));
#8308=CARTESIAN_POINT('Origin',(51.,-0.5,10.925));
#8309=CARTESIAN_POINT('',(50.5,-0.5,13.85));
#8310=CARTESIAN_POINT('',(50.5,-0.5,21.35));
#8311=CARTESIAN_POINT('',(50.5,-0.5,10.925));
#8312=CARTESIAN_POINT('Origin',(51.,-0.5,21.35));
#8313=CARTESIAN_POINT('Origin',(51.,-0.5,13.35));
#8314=CARTESIAN_POINT('Origin',(51.,-3.96741568543771E-31,21.35));
#8315=CARTESIAN_POINT('',(50.5,-17.7,21.35));
#8316=CARTESIAN_POINT('',(50.5,-3.96741568543771E-31,21.35));
#8317=CARTESIAN_POINT('Origin',(51.,-17.7,21.35));
#8318=CARTESIAN_POINT('Origin',(22.75,-0.5,13.35));
#8319=CARTESIAN_POINT('',(22.75,-0.5,13.85));
#8320=CARTESIAN_POINT('Origin',(40.,-17.7,21.85));
#8321=CARTESIAN_POINT('',(40.5,-17.7,13.85));
#8322=CARTESIAN_POINT('',(40.5,-17.7,21.85));
#8323=CARTESIAN_POINT('Origin',(40.,-17.7,21.35));
#8324=CARTESIAN_POINT('Origin',(40.,-17.7,13.35));
#8325=CARTESIAN_POINT('Origin',(51.,-17.7,21.85));
#8326=CARTESIAN_POINT('Origin',(51.,-17.7,21.35));
#8327=CARTESIAN_POINT('',(50.5,-17.7,13.85));
#8328=CARTESIAN_POINT('',(50.5,-17.7,21.85));
#8329=CARTESIAN_POINT('Origin',(51.,-17.7,13.35));
#8330=CARTESIAN_POINT('Origin',(22.75,-17.7,13.35));
#8331=CARTESIAN_POINT('',(22.75,-17.7,13.85));
#8332=CARTESIAN_POINT('Origin',(51.,-17.7,21.35));
#8333=CARTESIAN_POINT('Origin',(40.,-17.7,21.35));
#8334=CARTESIAN_POINT('Origin',(40.,-17.7,21.35));
#8335=CARTESIAN_POINT('Origin',(50.5,-7.93483137087541E-31,21.85));
#8336=CARTESIAN_POINT('',(50.5,-7.93483137087541E-31,13.85));
#8337=CARTESIAN_POINT('Origin',(45.5,-9.1,13.85));
#8338=CARTESIAN_POINT('',(40.5,-18.2,13.85));
#8339=CARTESIAN_POINT('',(49.5,-9.1,13.85));
#8340=CARTESIAN_POINT('Origin',(45.5,-9.1,13.85));
#8341=CARTESIAN_POINT('Origin',(45.1,-7.10000000000004,15.85));
#8342=CARTESIAN_POINT('',(45.1,-7.10000000000004,15.85));
#8343=CARTESIAN_POINT('',(45.9,-7.10000000000004,15.85));
#8344=CARTESIAN_POINT('',(45.3,-7.10000000000004,15.85));
#8345=CARTESIAN_POINT('',(45.1,-7.10000000000004,14.85));
#8346=CARTESIAN_POINT('',(45.1,-7.10000000000004,15.85));
#8347=CARTESIAN_POINT('',(45.9,-7.10000000000004,14.85));
#8348=CARTESIAN_POINT('',(45.9,-7.10000000000004,14.85));
#8349=CARTESIAN_POINT('',(45.9,-7.10000000000004,15.85));
#8350=CARTESIAN_POINT('Origin',(45.1,-8.7,15.85));
#8351=CARTESIAN_POINT('',(45.1,-8.7,15.85));
#8352=CARTESIAN_POINT('',(45.1,-8.9,15.85));
#8353=CARTESIAN_POINT('',(45.1,-8.7,14.85));
#8354=CARTESIAN_POINT('',(45.1,-8.7,15.85));
#8355=CARTESIAN_POINT('',(45.1,-7.10000000000004,14.85));
#8356=CARTESIAN_POINT('Origin',(43.5,-8.7,15.85));
#8357=CARTESIAN_POINT('',(43.5,-8.7,15.85));
#8358=CARTESIAN_POINT('',(44.5,-8.7,15.85));
#8359=CARTESIAN_POINT('',(43.5,-8.7,14.85));
#8360=CARTESIAN_POINT('',(43.5,-8.7,15.85));
#8361=CARTESIAN_POINT('',(43.5,-8.7,14.85));
#8362=CARTESIAN_POINT('Origin',(43.5,-9.5,15.85));
#8363=CARTESIAN_POINT('',(43.5,-9.5,15.85));
#8364=CARTESIAN_POINT('',(43.5,-9.3,15.85));
#8365=CARTESIAN_POINT('',(43.5,-9.5,14.85));
#8366=CARTESIAN_POINT('',(43.5,-9.5,15.85));
#8367=CARTESIAN_POINT('',(43.5,-9.5,14.85));
#8368=CARTESIAN_POINT('Origin',(45.1,-9.5,15.85));
#8369=CARTESIAN_POINT('',(45.1,-9.5,15.85));
#8370=CARTESIAN_POINT('',(45.3,-9.5,15.85));
#8371=CARTESIAN_POINT('',(45.1,-9.5,14.85));
#8372=CARTESIAN_POINT('',(45.1,-9.5,15.85));
#8373=CARTESIAN_POINT('',(47.5,-9.5,14.85));
#8374=CARTESIAN_POINT('Origin',(45.1,-11.1,15.85));
#8375=CARTESIAN_POINT('',(45.1,-11.1,15.85));
#8376=CARTESIAN_POINT('',(45.1,-10.1,15.85));
#8377=CARTESIAN_POINT('',(45.1,-11.1,14.85));
#8378=CARTESIAN_POINT('',(45.1,-11.1,15.85));
#8379=CARTESIAN_POINT('',(45.1,-7.10000000000004,14.85));
#8380=CARTESIAN_POINT('Origin',(45.9,-11.1,15.85));
#8381=CARTESIAN_POINT('',(45.9,-11.1,15.85));
#8382=CARTESIAN_POINT('',(45.7,-11.1,15.85));
#8383=CARTESIAN_POINT('',(45.9,-11.1,14.85));
#8384=CARTESIAN_POINT('',(45.9,-11.1,15.85));
#8385=CARTESIAN_POINT('',(45.1,-11.1,14.85));
#8386=CARTESIAN_POINT('Origin',(45.9,-9.5,15.85));
#8387=CARTESIAN_POINT('',(45.9,-9.5,15.85));
#8388=CARTESIAN_POINT('',(45.9,-9.3,15.85));
#8389=CARTESIAN_POINT('',(45.9,-9.5,14.85));
#8390=CARTESIAN_POINT('',(45.9,-9.5,15.85));
#8391=CARTESIAN_POINT('',(45.9,-11.1,14.85));
#8392=CARTESIAN_POINT('Origin',(47.5,-9.5,15.85));
#8393=CARTESIAN_POINT('',(47.5,-9.5,15.85));
#8394=CARTESIAN_POINT('',(46.5,-9.5,15.85));
#8395=CARTESIAN_POINT('',(47.5,-9.5,14.85));
#8396=CARTESIAN_POINT('',(47.5,-9.5,15.85));
#8397=CARTESIAN_POINT('',(47.5,-9.5,14.85));
#8398=CARTESIAN_POINT('Origin',(47.5,-8.7,15.85));
#8399=CARTESIAN_POINT('',(47.5,-8.7,15.85));
#8400=CARTESIAN_POINT('',(47.5,-8.9,15.85));
#8401=CARTESIAN_POINT('',(47.5,-8.7,14.85));
#8402=CARTESIAN_POINT('',(47.5,-8.7,15.85));
#8403=CARTESIAN_POINT('',(47.5,-8.7,14.85));
#8404=CARTESIAN_POINT('Origin',(45.9,-8.7,15.85));
#8405=CARTESIAN_POINT('',(45.9,-8.7,15.85));
#8406=CARTESIAN_POINT('',(45.7,-8.7,15.85));
#8407=CARTESIAN_POINT('',(45.9,-8.7,14.85));
#8408=CARTESIAN_POINT('',(45.9,-8.7,15.85));
#8409=CARTESIAN_POINT('',(43.5,-8.7,14.85));
#8410=CARTESIAN_POINT('Origin',(45.9,-7.10000000000004,15.85));
#8411=CARTESIAN_POINT('',(45.9,-8.10000000000002,15.85));
#8412=CARTESIAN_POINT('',(45.9,-11.1,14.85));
#8413=CARTESIAN_POINT('Origin',(45.5,-9.10000000000004,14.85));
#8414=CARTESIAN_POINT('Origin',(45.5,-9.1,14.85));
#8415=CARTESIAN_POINT('',(42.5,-9.1,15.85));
#8416=CARTESIAN_POINT('Origin',(45.5,-9.1,15.85));
#8417=CARTESIAN_POINT('',(41.5,-9.1,14.85));
#8418=CARTESIAN_POINT('Origin',(42.5,-9.1,14.85));
#8419=CARTESIAN_POINT('',(49.5,-9.1,14.85));
#8420=CARTESIAN_POINT('Origin',(45.5,-9.1,14.85));
#8421=CARTESIAN_POINT('Origin',(45.5,-9.1,14.85));
#8422=CARTESIAN_POINT('Origin',(45.5,-9.1,13.85));
#8423=CARTESIAN_POINT('',(49.5,-9.1,13.85));
#8424=CARTESIAN_POINT('Origin',(45.5,-9.1,15.85));
#8425=CARTESIAN_POINT('Origin',(40.5,-18.2,21.85));
#8426=CARTESIAN_POINT('Origin',(0.,-17.7,21.35));
#8427=CARTESIAN_POINT('',(38.,-17.7,21.85));
#8428=CARTESIAN_POINT('',(0.,-17.7,21.85));
#8429=CARTESIAN_POINT('Origin',(38.,-17.7,21.35));
#8430=CARTESIAN_POINT('Origin',(0.,0.,21.85));
#8431=CARTESIAN_POINT('',(38.,-3.96741568543771E-31,21.85));
#8432=CARTESIAN_POINT('Origin',(45.95,-4.32500000000001,-5.));
#8433=CARTESIAN_POINT('',(46.45,-5.,-5.));
#8434=CARTESIAN_POINT('',(45.95,-5.,-5.5));
#8435=CARTESIAN_POINT('Origin',(45.95,-5.,-5.));
#8436=CARTESIAN_POINT('',(45.95,-4.1,-5.5));
#8437=CARTESIAN_POINT('',(45.95,-4.32500000000001,-5.5));
#8438=CARTESIAN_POINT('',(46.45,-4.1,-5.));
#8439=CARTESIAN_POINT('Origin',(45.95,-4.1,-5.));
#8440=CARTESIAN_POINT('',(46.45,-4.32500000000001,-5.));
#8441=CARTESIAN_POINT('Origin',(44.55,-4.1,0.));
#8442=CARTESIAN_POINT('',(45.05,-4.1,-5.5));
#8443=CARTESIAN_POINT('',(44.55,-4.1,-5.5));
#8444=CARTESIAN_POINT('',(44.55,-4.1,-5.));
#8445=CARTESIAN_POINT('Origin',(45.05,-4.1,-5.));
#8446=CARTESIAN_POINT('',(44.55,-4.1,0.));
#8447=CARTESIAN_POINT('',(44.55,-4.1,0.));
#8448=CARTESIAN_POINT('',(46.45,-4.1,0.));
#8449=CARTESIAN_POINT('',(22.275,-4.10000000000001,0.));
#8450=CARTESIAN_POINT('',(46.45,-4.1,0.));
#8451=CARTESIAN_POINT('Origin',(45.5,-4.55000000000001,-5.5));
#8452=CARTESIAN_POINT('',(45.05,-5.00000000000001,-5.5));
#8453=CARTESIAN_POINT('',(46.45,-5.,-5.5));
#8454=CARTESIAN_POINT('',(45.05,-4.77500000000001,-5.5));
#8455=CARTESIAN_POINT('Origin',(45.05,-4.77500000000001,-5.));
#8456=CARTESIAN_POINT('',(44.55,-5.00000000000001,-5.));
#8457=CARTESIAN_POINT('Origin',(45.05,-5.,-5.));
#8458=CARTESIAN_POINT('',(44.55,-4.77500000000001,-5.));
#8459=CARTESIAN_POINT('Origin',(44.55,-5.00000000000001,0.));
#8460=CARTESIAN_POINT('',(44.55,-5.00000000000001,0.));
#8461=CARTESIAN_POINT('',(44.55,-5.00000000000001,0.));
#8462=CARTESIAN_POINT('',(44.55,-11.6,0.));
#8463=CARTESIAN_POINT('Origin',(46.45,-5.,0.));
#8464=CARTESIAN_POINT('',(46.45,-5.,0.));
#8465=CARTESIAN_POINT('',(46.45,-5.,0.));
#8466=CARTESIAN_POINT('',(23.225,-5.00000000000002,0.));
#8467=CARTESIAN_POINT('Origin',(46.45,-4.1,0.));
#8468=CARTESIAN_POINT('',(46.45,-11.15,0.));
#8469=CARTESIAN_POINT('Origin',(27.,-0.5,21.35));
#8470=CARTESIAN_POINT('',(27.5,-0.5,21.35));
#8471=CARTESIAN_POINT('Origin',(27.,-0.5,21.35));
#8472=CARTESIAN_POINT('',(27.,-0.5,21.85));
#8473=CARTESIAN_POINT('Origin',(27.,-0.5,21.35));
#8474=CARTESIAN_POINT('Origin',(27.,-0.5,21.35));
#8475=CARTESIAN_POINT('Origin',(0.,-0.5,21.35));
#8476=CARTESIAN_POINT('',(25.,-0.5,21.85));
#8477=CARTESIAN_POINT('Origin',(25.,-0.5,21.35));
#8478=CARTESIAN_POINT('',(0.,-0.5,21.85));
#8479=CARTESIAN_POINT('Origin',(25.,-0.5,21.35));
#8480=CARTESIAN_POINT('',(24.5,-0.5,21.35));
#8481=CARTESIAN_POINT('Origin',(25.,-0.5,21.35));
#8482=CARTESIAN_POINT('Origin',(25.,-0.5,21.35));
#8483=CARTESIAN_POINT('Origin',(27.,-9.1,21.35));
#8484=CARTESIAN_POINT('',(27.,-17.7,21.85));
#8485=CARTESIAN_POINT('',(27.5,-17.7,21.35));
#8486=CARTESIAN_POINT('Origin',(27.,-17.7,21.35));
#8487=CARTESIAN_POINT('',(27.5,-9.1,21.35));
#8488=CARTESIAN_POINT('',(27.,-9.1,21.85));
#8489=CARTESIAN_POINT('Origin',(27.,-0.5,10.925));
#8490=CARTESIAN_POINT('',(27.5,-0.5,13.85));
#8491=CARTESIAN_POINT('',(27.5,-0.5,10.925));
#8492=CARTESIAN_POINT('Origin',(27.,-0.5,13.35));
#8493=CARTESIAN_POINT('Origin',(38.,-0.5,10.925));
#8494=CARTESIAN_POINT('',(37.5,-0.5,13.85));
#8495=CARTESIAN_POINT('Origin',(38.,-0.5,13.35));
#8496=CARTESIAN_POINT('',(37.5,-0.5,10.925));
#8497=CARTESIAN_POINT('Origin',(38.,-3.96741568543771E-31,21.35));
#8498=CARTESIAN_POINT('',(37.5,-17.7,21.35));
#8499=CARTESIAN_POINT('',(37.5,-3.96741568543771E-31,21.35));
#8500=CARTESIAN_POINT('Origin',(38.,-17.7,21.35));
#8501=CARTESIAN_POINT('Origin',(16.25,-0.5,13.35));
#8502=CARTESIAN_POINT('',(16.25,-0.5,13.85));
#8503=CARTESIAN_POINT('Origin',(27.,-17.7,21.85));
#8504=CARTESIAN_POINT('',(27.5,-17.7,13.85));
#8505=CARTESIAN_POINT('',(27.5,-17.7,21.85));
#8506=CARTESIAN_POINT('Origin',(27.,-17.7,21.35));
#8507=CARTESIAN_POINT('Origin',(27.,-17.7,13.35));
#8508=CARTESIAN_POINT('Origin',(38.,-17.7,21.85));
#8509=CARTESIAN_POINT('Origin',(38.,-17.7,21.35));
#8510=CARTESIAN_POINT('',(37.5,-17.7,13.85));
#8511=CARTESIAN_POINT('',(37.5,-17.7,21.85));
#8512=CARTESIAN_POINT('Origin',(38.,-17.7,13.35));
#8513=CARTESIAN_POINT('Origin',(16.25,-17.7,13.35));
#8514=CARTESIAN_POINT('',(16.25,-17.7,13.85));
#8515=CARTESIAN_POINT('Origin',(38.,-17.7,21.35));
#8516=CARTESIAN_POINT('Origin',(27.,-17.7,21.35));
#8517=CARTESIAN_POINT('Origin',(27.,-17.7,21.35));
#8518=CARTESIAN_POINT('Origin',(37.5,-7.93483137087541E-31,21.85));
#8519=CARTESIAN_POINT('',(37.5,-7.93483137087541E-31,13.85));
#8520=CARTESIAN_POINT('Origin',(32.5,-9.1,13.85));
#8521=CARTESIAN_POINT('',(27.5,-18.2,13.85));
#8522=CARTESIAN_POINT('',(36.5,-9.1,13.85));
#8523=CARTESIAN_POINT('Origin',(32.5,-9.1,13.85));
#8524=CARTESIAN_POINT('Origin',(32.1,-7.10000000000004,15.85));
#8525=CARTESIAN_POINT('',(32.1,-7.10000000000004,15.85));
#8526=CARTESIAN_POINT('',(32.9,-7.10000000000004,15.85));
#8527=CARTESIAN_POINT('',(32.3,-7.10000000000004,15.85));
#8528=CARTESIAN_POINT('',(32.1,-7.10000000000004,14.85));
#8529=CARTESIAN_POINT('',(32.1,-7.10000000000004,15.85));
#8530=CARTESIAN_POINT('',(32.9,-7.10000000000004,14.85));
#8531=CARTESIAN_POINT('',(32.9,-7.10000000000004,14.85));
#8532=CARTESIAN_POINT('',(32.9,-7.10000000000004,15.85));
#8533=CARTESIAN_POINT('Origin',(32.1,-8.7,15.85));
#8534=CARTESIAN_POINT('',(32.1,-8.7,15.85));
#8535=CARTESIAN_POINT('',(32.1,-8.9,15.85));
#8536=CARTESIAN_POINT('',(32.1,-8.7,14.85));
#8537=CARTESIAN_POINT('',(32.1,-8.7,15.85));
#8538=CARTESIAN_POINT('',(32.1,-7.10000000000004,14.85));
#8539=CARTESIAN_POINT('Origin',(30.5,-8.7,15.85));
#8540=CARTESIAN_POINT('',(30.5,-8.7,15.85));
#8541=CARTESIAN_POINT('',(31.5,-8.7,15.85));
#8542=CARTESIAN_POINT('',(30.5,-8.7,14.85));
#8543=CARTESIAN_POINT('',(30.5,-8.7,15.85));
#8544=CARTESIAN_POINT('',(30.5,-8.7,14.85));
#8545=CARTESIAN_POINT('Origin',(30.5,-9.5,15.85));
#8546=CARTESIAN_POINT('',(30.5,-9.5,15.85));
#8547=CARTESIAN_POINT('',(30.5,-9.3,15.85));
#8548=CARTESIAN_POINT('',(30.5,-9.5,14.85));
#8549=CARTESIAN_POINT('',(30.5,-9.5,15.85));
#8550=CARTESIAN_POINT('',(30.5,-9.5,14.85));
#8551=CARTESIAN_POINT('Origin',(32.1,-9.5,15.85));
#8552=CARTESIAN_POINT('',(32.1,-9.5,15.85));
#8553=CARTESIAN_POINT('',(32.3,-9.5,15.85));
#8554=CARTESIAN_POINT('',(32.1,-9.5,14.85));
#8555=CARTESIAN_POINT('',(32.1,-9.5,15.85));
#8556=CARTESIAN_POINT('',(34.5,-9.5,14.85));
#8557=CARTESIAN_POINT('Origin',(32.1,-11.1,15.85));
#8558=CARTESIAN_POINT('',(32.1,-11.1,15.85));
#8559=CARTESIAN_POINT('',(32.1,-10.1,15.85));
#8560=CARTESIAN_POINT('',(32.1,-11.1,14.85));
#8561=CARTESIAN_POINT('',(32.1,-11.1,15.85));
#8562=CARTESIAN_POINT('',(32.1,-7.10000000000004,14.85));
#8563=CARTESIAN_POINT('Origin',(32.9,-11.1,15.85));
#8564=CARTESIAN_POINT('',(32.9,-11.1,15.85));
#8565=CARTESIAN_POINT('',(32.7,-11.1,15.85));
#8566=CARTESIAN_POINT('',(32.9,-11.1,14.85));
#8567=CARTESIAN_POINT('',(32.9,-11.1,15.85));
#8568=CARTESIAN_POINT('',(32.1,-11.1,14.85));
#8569=CARTESIAN_POINT('Origin',(32.9,-9.5,15.85));
#8570=CARTESIAN_POINT('',(32.9,-9.5,15.85));
#8571=CARTESIAN_POINT('',(32.9,-9.3,15.85));
#8572=CARTESIAN_POINT('',(32.9,-9.5,14.85));
#8573=CARTESIAN_POINT('',(32.9,-9.5,15.85));
#8574=CARTESIAN_POINT('',(32.9,-11.1,14.85));
#8575=CARTESIAN_POINT('Origin',(34.5,-9.5,15.85));
#8576=CARTESIAN_POINT('',(34.5,-9.5,15.85));
#8577=CARTESIAN_POINT('',(33.5,-9.5,15.85));
#8578=CARTESIAN_POINT('',(34.5,-9.5,14.85));
#8579=CARTESIAN_POINT('',(34.5,-9.5,15.85));
#8580=CARTESIAN_POINT('',(34.5,-9.5,14.85));
#8581=CARTESIAN_POINT('Origin',(34.5,-8.7,15.85));
#8582=CARTESIAN_POINT('',(34.5,-8.7,15.85));
#8583=CARTESIAN_POINT('',(34.5,-8.9,15.85));
#8584=CARTESIAN_POINT('',(34.5,-8.7,14.85));
#8585=CARTESIAN_POINT('',(34.5,-8.7,15.85));
#8586=CARTESIAN_POINT('',(34.5,-8.7,14.85));
#8587=CARTESIAN_POINT('Origin',(32.9,-8.7,15.85));
#8588=CARTESIAN_POINT('',(32.9,-8.7,15.85));
#8589=CARTESIAN_POINT('',(32.7,-8.7,15.85));
#8590=CARTESIAN_POINT('',(32.9,-8.7,14.85));
#8591=CARTESIAN_POINT('',(32.9,-8.7,15.85));
#8592=CARTESIAN_POINT('',(30.5,-8.7,14.85));
#8593=CARTESIAN_POINT('Origin',(32.9,-7.10000000000004,15.85));
#8594=CARTESIAN_POINT('',(32.9,-8.10000000000002,15.85));
#8595=CARTESIAN_POINT('',(32.9,-11.1,14.85));
#8596=CARTESIAN_POINT('Origin',(32.5,-9.10000000000004,14.85));
#8597=CARTESIAN_POINT('Origin',(32.5,-9.1,14.85));
#8598=CARTESIAN_POINT('',(29.5,-9.1,15.85));
#8599=CARTESIAN_POINT('Origin',(32.5,-9.1,15.85));
#8600=CARTESIAN_POINT('',(28.5,-9.1,14.85));
#8601=CARTESIAN_POINT('Origin',(29.5,-9.1,14.85));
#8602=CARTESIAN_POINT('',(36.5,-9.1,14.85));
#8603=CARTESIAN_POINT('Origin',(32.5,-9.1,14.85));
#8604=CARTESIAN_POINT('Origin',(32.5,-9.1,14.85));
#8605=CARTESIAN_POINT('Origin',(32.5,-9.1,13.85));
#8606=CARTESIAN_POINT('',(36.5,-9.1,13.85));
#8607=CARTESIAN_POINT('Origin',(32.5,-9.1,15.85));
#8608=CARTESIAN_POINT('Origin',(27.5,-18.2,21.85));
#8609=CARTESIAN_POINT('Origin',(0.,-17.7,21.35));
#8610=CARTESIAN_POINT('',(25.,-17.7,21.85));
#8611=CARTESIAN_POINT('',(0.,-17.7,21.85));
#8612=CARTESIAN_POINT('Origin',(25.,-17.7,21.35));
#8613=CARTESIAN_POINT('Origin',(0.,0.,21.85));
#8614=CARTESIAN_POINT('',(25.,-3.96741568543771E-31,21.85));
#8615=CARTESIAN_POINT('Origin',(32.95,-4.32500000000001,-5.));
#8616=CARTESIAN_POINT('',(33.45,-5.,-5.));
#8617=CARTESIAN_POINT('',(32.95,-5.,-5.5));
#8618=CARTESIAN_POINT('Origin',(32.95,-5.,-5.));
#8619=CARTESIAN_POINT('',(32.95,-4.1,-5.5));
#8620=CARTESIAN_POINT('',(32.95,-4.32500000000001,-5.5));
#8621=CARTESIAN_POINT('',(33.45,-4.1,-5.));
#8622=CARTESIAN_POINT('Origin',(32.95,-4.1,-5.));
#8623=CARTESIAN_POINT('',(33.45,-4.32500000000001,-5.));
#8624=CARTESIAN_POINT('Origin',(31.55,-4.1,0.));
#8625=CARTESIAN_POINT('',(32.05,-4.1,-5.5));
#8626=CARTESIAN_POINT('',(31.55,-4.1,-5.5));
#8627=CARTESIAN_POINT('',(31.55,-4.1,-5.));
#8628=CARTESIAN_POINT('Origin',(32.05,-4.1,-5.));
#8629=CARTESIAN_POINT('',(31.55,-4.1,0.));
#8630=CARTESIAN_POINT('',(31.55,-4.1,0.));
#8631=CARTESIAN_POINT('',(33.45,-4.1,0.));
#8632=CARTESIAN_POINT('',(15.775,-4.10000000000001,0.));
#8633=CARTESIAN_POINT('',(33.45,-4.1,0.));
#8634=CARTESIAN_POINT('Origin',(32.5,-4.55000000000001,-5.5));
#8635=CARTESIAN_POINT('',(32.05,-5.00000000000001,-5.5));
#8636=CARTESIAN_POINT('',(33.45,-5.,-5.5));
#8637=CARTESIAN_POINT('',(32.05,-4.77500000000001,-5.5));
#8638=CARTESIAN_POINT('Origin',(32.05,-4.77500000000001,-5.));
#8639=CARTESIAN_POINT('',(31.55,-5.00000000000001,-5.));
#8640=CARTESIAN_POINT('Origin',(32.05,-5.,-5.));
#8641=CARTESIAN_POINT('',(31.55,-4.77500000000001,-5.));
#8642=CARTESIAN_POINT('Origin',(31.55,-5.00000000000001,0.));
#8643=CARTESIAN_POINT('',(31.55,-5.00000000000001,0.));
#8644=CARTESIAN_POINT('',(31.55,-5.00000000000001,0.));
#8645=CARTESIAN_POINT('',(31.55,-11.6,0.));
#8646=CARTESIAN_POINT('Origin',(33.45,-5.,0.));
#8647=CARTESIAN_POINT('',(33.45,-5.,0.));
#8648=CARTESIAN_POINT('',(33.45,-5.,0.));
#8649=CARTESIAN_POINT('',(16.725,-5.00000000000001,0.));
#8650=CARTESIAN_POINT('Origin',(33.45,-4.1,0.));
#8651=CARTESIAN_POINT('',(33.45,-11.15,0.));
#8652=CARTESIAN_POINT('Origin',(14.,-0.5,21.35));
#8653=CARTESIAN_POINT('',(14.5,-0.5,21.35));
#8654=CARTESIAN_POINT('Origin',(14.,-0.5,21.35));
#8655=CARTESIAN_POINT('',(14.,-0.5,21.85));
#8656=CARTESIAN_POINT('Origin',(14.,-0.5,21.35));
#8657=CARTESIAN_POINT('Origin',(14.,-0.5,21.35));
#8658=CARTESIAN_POINT('Origin',(0.,-0.5,21.35));
#8659=CARTESIAN_POINT('',(12.,-0.5,21.85));
#8660=CARTESIAN_POINT('Origin',(12.,-0.5,21.35));
#8661=CARTESIAN_POINT('',(0.,-0.5,21.85));
#8662=CARTESIAN_POINT('Origin',(12.,-0.5,21.35));
#8663=CARTESIAN_POINT('',(11.5,-0.5,21.35));
#8664=CARTESIAN_POINT('Origin',(12.,-0.5,21.35));
#8665=CARTESIAN_POINT('Origin',(12.,-0.5,21.35));
#8666=CARTESIAN_POINT('Origin',(14.,-9.1,21.35));
#8667=CARTESIAN_POINT('',(14.,-17.7,21.85));
#8668=CARTESIAN_POINT('',(14.5,-17.7,21.35));
#8669=CARTESIAN_POINT('Origin',(14.,-17.7,21.35));
#8670=CARTESIAN_POINT('',(14.5,-9.1,21.35));
#8671=CARTESIAN_POINT('',(14.,-9.1,21.85));
#8672=CARTESIAN_POINT('Origin',(14.,-0.5,10.925));
#8673=CARTESIAN_POINT('',(14.5,-0.5,13.85));
#8674=CARTESIAN_POINT('',(14.5,-0.5,10.925));
#8675=CARTESIAN_POINT('Origin',(14.,-0.5,13.35));
#8676=CARTESIAN_POINT('Origin',(25.,-0.5,10.925));
#8677=CARTESIAN_POINT('',(24.5,-0.5,13.85));
#8678=CARTESIAN_POINT('Origin',(25.,-0.5,13.35));
#8679=CARTESIAN_POINT('',(24.5,-0.5,10.925));
#8680=CARTESIAN_POINT('Origin',(25.,-3.96741568543771E-31,21.35));
#8681=CARTESIAN_POINT('',(24.5,-17.7,21.35));
#8682=CARTESIAN_POINT('',(24.5,-3.96741568543771E-31,21.35));
#8683=CARTESIAN_POINT('Origin',(25.,-17.7,21.35));
#8684=CARTESIAN_POINT('Origin',(9.75,-0.5,13.35));
#8685=CARTESIAN_POINT('',(9.75,-0.5,13.85));
#8686=CARTESIAN_POINT('Origin',(14.,-17.7,21.85));
#8687=CARTESIAN_POINT('',(14.5,-17.7,13.85));
#8688=CARTESIAN_POINT('',(14.5,-17.7,21.85));
#8689=CARTESIAN_POINT('Origin',(14.,-17.7,21.35));
#8690=CARTESIAN_POINT('Origin',(14.,-17.7,13.35));
#8691=CARTESIAN_POINT('Origin',(25.,-17.7,21.85));
#8692=CARTESIAN_POINT('Origin',(25.,-17.7,21.35));
#8693=CARTESIAN_POINT('',(24.5,-17.7,13.85));
#8694=CARTESIAN_POINT('',(24.5,-17.7,21.85));
#8695=CARTESIAN_POINT('Origin',(25.,-17.7,13.35));
#8696=CARTESIAN_POINT('Origin',(9.75,-17.7,13.35));
#8697=CARTESIAN_POINT('',(9.75,-17.7,13.85));
#8698=CARTESIAN_POINT('Origin',(25.,-17.7,21.35));
#8699=CARTESIAN_POINT('Origin',(14.,-17.7,21.35));
#8700=CARTESIAN_POINT('Origin',(14.,-17.7,21.35));
#8701=CARTESIAN_POINT('Origin',(24.5,-7.93483137087541E-31,21.85));
#8702=CARTESIAN_POINT('',(24.5,-7.93483137087541E-31,13.85));
#8703=CARTESIAN_POINT('Origin',(19.5,-9.1,13.85));
#8704=CARTESIAN_POINT('',(14.5,-18.2,13.85));
#8705=CARTESIAN_POINT('',(23.5,-9.1,13.85));
#8706=CARTESIAN_POINT('Origin',(19.5,-9.1,13.85));
#8707=CARTESIAN_POINT('Origin',(19.1,-7.10000000000004,15.85));
#8708=CARTESIAN_POINT('',(19.1,-7.10000000000004,15.85));
#8709=CARTESIAN_POINT('',(19.9,-7.10000000000004,15.85));
#8710=CARTESIAN_POINT('',(19.3,-7.10000000000004,15.85));
#8711=CARTESIAN_POINT('',(19.1,-7.10000000000004,14.85));
#8712=CARTESIAN_POINT('',(19.1,-7.10000000000004,15.85));
#8713=CARTESIAN_POINT('',(19.9,-7.10000000000004,14.85));
#8714=CARTESIAN_POINT('',(19.9,-7.10000000000004,14.85));
#8715=CARTESIAN_POINT('',(19.9,-7.10000000000004,15.85));
#8716=CARTESIAN_POINT('Origin',(19.1,-8.7,15.85));
#8717=CARTESIAN_POINT('',(19.1,-8.7,15.85));
#8718=CARTESIAN_POINT('',(19.1,-8.9,15.85));
#8719=CARTESIAN_POINT('',(19.1,-8.7,14.85));
#8720=CARTESIAN_POINT('',(19.1,-8.7,15.85));
#8721=CARTESIAN_POINT('',(19.1,-7.10000000000004,14.85));
#8722=CARTESIAN_POINT('Origin',(17.5,-8.7,15.85));
#8723=CARTESIAN_POINT('',(17.5,-8.7,15.85));
#8724=CARTESIAN_POINT('',(18.5,-8.7,15.85));
#8725=CARTESIAN_POINT('',(17.5,-8.7,14.85));
#8726=CARTESIAN_POINT('',(17.5,-8.7,15.85));
#8727=CARTESIAN_POINT('',(17.5,-8.7,14.85));
#8728=CARTESIAN_POINT('Origin',(17.5,-9.5,15.85));
#8729=CARTESIAN_POINT('',(17.5,-9.5,15.85));
#8730=CARTESIAN_POINT('',(17.5,-9.3,15.85));
#8731=CARTESIAN_POINT('',(17.5,-9.5,14.85));
#8732=CARTESIAN_POINT('',(17.5,-9.5,15.85));
#8733=CARTESIAN_POINT('',(17.5,-9.5,14.85));
#8734=CARTESIAN_POINT('Origin',(19.1,-9.5,15.85));
#8735=CARTESIAN_POINT('',(19.1,-9.5,15.85));
#8736=CARTESIAN_POINT('',(19.3,-9.5,15.85));
#8737=CARTESIAN_POINT('',(19.1,-9.5,14.85));
#8738=CARTESIAN_POINT('',(19.1,-9.5,15.85));
#8739=CARTESIAN_POINT('',(21.5,-9.5,14.85));
#8740=CARTESIAN_POINT('Origin',(19.1,-11.1,15.85));
#8741=CARTESIAN_POINT('',(19.1,-11.1,15.85));
#8742=CARTESIAN_POINT('',(19.1,-10.1,15.85));
#8743=CARTESIAN_POINT('',(19.1,-11.1,14.85));
#8744=CARTESIAN_POINT('',(19.1,-11.1,15.85));
#8745=CARTESIAN_POINT('',(19.1,-7.10000000000004,14.85));
#8746=CARTESIAN_POINT('Origin',(19.9,-11.1,15.85));
#8747=CARTESIAN_POINT('',(19.9,-11.1,15.85));
#8748=CARTESIAN_POINT('',(19.7,-11.1,15.85));
#8749=CARTESIAN_POINT('',(19.9,-11.1,14.85));
#8750=CARTESIAN_POINT('',(19.9,-11.1,15.85));
#8751=CARTESIAN_POINT('',(19.1,-11.1,14.85));
#8752=CARTESIAN_POINT('Origin',(19.9,-9.5,15.85));
#8753=CARTESIAN_POINT('',(19.9,-9.5,15.85));
#8754=CARTESIAN_POINT('',(19.9,-9.3,15.85));
#8755=CARTESIAN_POINT('',(19.9,-9.5,14.85));
#8756=CARTESIAN_POINT('',(19.9,-9.5,15.85));
#8757=CARTESIAN_POINT('',(19.9,-11.1,14.85));
#8758=CARTESIAN_POINT('Origin',(21.5,-9.5,15.85));
#8759=CARTESIAN_POINT('',(21.5,-9.5,15.85));
#8760=CARTESIAN_POINT('',(20.5,-9.5,15.85));
#8761=CARTESIAN_POINT('',(21.5,-9.5,14.85));
#8762=CARTESIAN_POINT('',(21.5,-9.5,15.85));
#8763=CARTESIAN_POINT('',(21.5,-9.5,14.85));
#8764=CARTESIAN_POINT('Origin',(21.5,-8.7,15.85));
#8765=CARTESIAN_POINT('',(21.5,-8.7,15.85));
#8766=CARTESIAN_POINT('',(21.5,-8.9,15.85));
#8767=CARTESIAN_POINT('',(21.5,-8.7,14.85));
#8768=CARTESIAN_POINT('',(21.5,-8.7,15.85));
#8769=CARTESIAN_POINT('',(21.5,-8.7,14.85));
#8770=CARTESIAN_POINT('Origin',(19.9,-8.7,15.85));
#8771=CARTESIAN_POINT('',(19.9,-8.7,15.85));
#8772=CARTESIAN_POINT('',(19.7,-8.7,15.85));
#8773=CARTESIAN_POINT('',(19.9,-8.7,14.85));
#8774=CARTESIAN_POINT('',(19.9,-8.7,15.85));
#8775=CARTESIAN_POINT('',(17.5,-8.7,14.85));
#8776=CARTESIAN_POINT('Origin',(19.9,-7.10000000000004,15.85));
#8777=CARTESIAN_POINT('',(19.9,-8.10000000000002,15.85));
#8778=CARTESIAN_POINT('',(19.9,-11.1,14.85));
#8779=CARTESIAN_POINT('Origin',(19.5,-9.10000000000004,14.85));
#8780=CARTESIAN_POINT('Origin',(19.5,-9.1,14.85));
#8781=CARTESIAN_POINT('',(16.5,-9.1,15.85));
#8782=CARTESIAN_POINT('Origin',(19.5,-9.1,15.85));
#8783=CARTESIAN_POINT('',(15.5,-9.1,14.85));
#8784=CARTESIAN_POINT('Origin',(16.5,-9.1,14.85));
#8785=CARTESIAN_POINT('',(23.5,-9.1,14.85));
#8786=CARTESIAN_POINT('Origin',(19.5,-9.1,14.85));
#8787=CARTESIAN_POINT('Origin',(19.5,-9.1,14.85));
#8788=CARTESIAN_POINT('Origin',(19.5,-9.1,13.85));
#8789=CARTESIAN_POINT('',(23.5,-9.1,13.85));
#8790=CARTESIAN_POINT('Origin',(19.5,-9.1,15.85));
#8791=CARTESIAN_POINT('Origin',(14.5,-18.2,21.85));
#8792=CARTESIAN_POINT('Origin',(0.,-17.7,21.35));
#8793=CARTESIAN_POINT('',(12.,-17.7,21.85));
#8794=CARTESIAN_POINT('',(0.,-17.7,21.85));
#8795=CARTESIAN_POINT('Origin',(12.,-17.7,21.35));
#8796=CARTESIAN_POINT('Origin',(0.,0.,21.85));
#8797=CARTESIAN_POINT('',(12.,-3.96741568543771E-31,21.85));
#8798=CARTESIAN_POINT('Origin',(19.95,-4.32500000000001,-5.));
#8799=CARTESIAN_POINT('',(20.45,-5.,-5.));
#8800=CARTESIAN_POINT('',(19.95,-5.,-5.5));
#8801=CARTESIAN_POINT('Origin',(19.95,-5.,-5.));
#8802=CARTESIAN_POINT('',(19.95,-4.1,-5.5));
#8803=CARTESIAN_POINT('',(19.95,-4.32500000000001,-5.5));
#8804=CARTESIAN_POINT('',(20.45,-4.1,-5.));
#8805=CARTESIAN_POINT('Origin',(19.95,-4.1,-5.));
#8806=CARTESIAN_POINT('',(20.45,-4.32500000000001,-5.));
#8807=CARTESIAN_POINT('Origin',(18.55,-4.1,0.));
#8808=CARTESIAN_POINT('',(19.05,-4.1,-5.5));
#8809=CARTESIAN_POINT('',(18.55,-4.1,-5.5));
#8810=CARTESIAN_POINT('',(18.55,-4.1,-5.));
#8811=CARTESIAN_POINT('Origin',(19.05,-4.1,-5.));
#8812=CARTESIAN_POINT('',(18.55,-4.1,0.));
#8813=CARTESIAN_POINT('',(18.55,-4.1,0.));
#8814=CARTESIAN_POINT('',(20.45,-4.1,0.));
#8815=CARTESIAN_POINT('',(9.27499999999999,-4.10000000000001,0.));
#8816=CARTESIAN_POINT('',(20.45,-4.1,0.));
#8817=CARTESIAN_POINT('Origin',(19.5,-4.55000000000001,-5.5));
#8818=CARTESIAN_POINT('',(19.05,-5.00000000000001,-5.5));
#8819=CARTESIAN_POINT('',(20.45,-5.,-5.5));
#8820=CARTESIAN_POINT('',(19.05,-4.77500000000001,-5.5));
#8821=CARTESIAN_POINT('Origin',(19.05,-4.77500000000001,-5.));
#8822=CARTESIAN_POINT('',(18.55,-5.00000000000001,-5.));
#8823=CARTESIAN_POINT('Origin',(19.05,-5.,-5.));
#8824=CARTESIAN_POINT('',(18.55,-4.77500000000001,-5.));
#8825=CARTESIAN_POINT('Origin',(18.55,-5.00000000000001,0.));
#8826=CARTESIAN_POINT('',(18.55,-5.00000000000001,0.));
#8827=CARTESIAN_POINT('',(18.55,-5.00000000000001,0.));
#8828=CARTESIAN_POINT('',(18.55,-11.6,0.));
#8829=CARTESIAN_POINT('Origin',(20.45,-5.,0.));
#8830=CARTESIAN_POINT('',(20.45,-5.,0.));
#8831=CARTESIAN_POINT('',(20.45,-5.,0.));
#8832=CARTESIAN_POINT('',(10.225,-5.00000000000001,0.));
#8833=CARTESIAN_POINT('Origin',(20.45,-4.1,0.));
#8834=CARTESIAN_POINT('',(20.45,-11.15,0.));
#8835=CARTESIAN_POINT('Origin',(0.999999999999995,-0.5,21.35));
#8836=CARTESIAN_POINT('',(1.49999999999999,-0.5,21.35));
#8837=CARTESIAN_POINT('Origin',(0.999999999999995,-0.5,21.35));
#8838=CARTESIAN_POINT('',(0.999999999999995,-0.5,21.85));
#8839=CARTESIAN_POINT('Origin',(0.999999999999995,-0.5,21.35));
#8840=CARTESIAN_POINT('Origin',(0.999999999999995,-0.5,21.35));
#8841=CARTESIAN_POINT('Origin',(0.,-0.5,21.35));
#8842=CARTESIAN_POINT('',(-1.,-0.5,21.85));
#8843=CARTESIAN_POINT('Origin',(-1.,-0.5,21.35));
#8844=CARTESIAN_POINT('',(0.,-0.5,21.85));
#8845=CARTESIAN_POINT('Origin',(-1.,-0.5,21.35));
#8846=CARTESIAN_POINT('',(-1.5,-0.5,21.35));
#8847=CARTESIAN_POINT('Origin',(-1.,-0.5,21.35));
#8848=CARTESIAN_POINT('Origin',(-1.,-0.5,21.35));
#8849=CARTESIAN_POINT('Origin',(0.999999999999995,-9.1,21.35));
#8850=CARTESIAN_POINT('',(0.999999999999995,-17.7,21.85));
#8851=CARTESIAN_POINT('',(1.49999999999999,-17.7,21.35));
#8852=CARTESIAN_POINT('Origin',(0.999999999999995,-17.7,21.35));
#8853=CARTESIAN_POINT('',(1.49999999999999,-9.1,21.35));
#8854=CARTESIAN_POINT('',(0.999999999999995,-9.1,21.85));
#8855=CARTESIAN_POINT('Origin',(0.999999999999995,-0.5,10.925));
#8856=CARTESIAN_POINT('',(1.49999999999999,-0.5,13.85));
#8857=CARTESIAN_POINT('',(1.49999999999999,-0.5,10.925));
#8858=CARTESIAN_POINT('Origin',(0.999999999999995,-0.5,13.35));
#8859=CARTESIAN_POINT('Origin',(12.,-0.5,10.925));
#8860=CARTESIAN_POINT('',(11.5,-0.5,13.85));
#8861=CARTESIAN_POINT('Origin',(12.,-0.5,13.35));
#8862=CARTESIAN_POINT('',(11.5,-0.5,10.925));
#8863=CARTESIAN_POINT('Origin',(12.,-3.96741568543771E-31,21.35));
#8864=CARTESIAN_POINT('',(11.5,-17.7,21.35));
#8865=CARTESIAN_POINT('',(11.5,-3.96741568543771E-31,21.35));
#8866=CARTESIAN_POINT('Origin',(12.,-17.7,21.35));
#8867=CARTESIAN_POINT('Origin',(3.25,-0.5,13.35));
#8868=CARTESIAN_POINT('',(3.25,-0.5,13.85));
#8869=CARTESIAN_POINT('Origin',(0.999999999999995,-17.7,21.85));
#8870=CARTESIAN_POINT('',(1.49999999999999,-17.7,13.85));
#8871=CARTESIAN_POINT('',(1.49999999999999,-17.7,21.85));
#8872=CARTESIAN_POINT('Origin',(0.999999999999995,-17.7,21.35));
#8873=CARTESIAN_POINT('Origin',(0.999999999999995,-17.7,13.35));
#8874=CARTESIAN_POINT('Origin',(12.,-17.7,21.85));
#8875=CARTESIAN_POINT('Origin',(12.,-17.7,21.35));
#8876=CARTESIAN_POINT('',(11.5,-17.7,13.85));
#8877=CARTESIAN_POINT('',(11.5,-17.7,21.85));
#8878=CARTESIAN_POINT('Origin',(12.,-17.7,13.35));
#8879=CARTESIAN_POINT('Origin',(3.25,-17.7,13.35));
#8880=CARTESIAN_POINT('',(3.25,-17.7,13.85));
#8881=CARTESIAN_POINT('Origin',(12.,-17.7,21.35));
#8882=CARTESIAN_POINT('Origin',(0.999999999999995,-17.7,21.35));
#8883=CARTESIAN_POINT('Origin',(0.999999999999995,-17.7,21.35));
#8884=CARTESIAN_POINT('Origin',(11.5,-7.93483137087541E-31,21.85));
#8885=CARTESIAN_POINT('',(11.5,-7.93483137087541E-31,13.85));
#8886=CARTESIAN_POINT('Origin',(6.49999999999999,-9.1,13.85));
#8887=CARTESIAN_POINT('',(1.49999999999999,-18.2,13.85));
#8888=CARTESIAN_POINT('',(10.5,-9.1,13.85));
#8889=CARTESIAN_POINT('Origin',(6.49999999999999,-9.1,13.85));
#8890=CARTESIAN_POINT('Origin',(6.1,-7.10000000000004,15.85));
#8891=CARTESIAN_POINT('',(6.1,-7.10000000000004,15.85));
#8892=CARTESIAN_POINT('',(6.9,-7.10000000000004,15.85));
#8893=CARTESIAN_POINT('',(6.3,-7.10000000000004,15.85));
#8894=CARTESIAN_POINT('',(6.1,-7.10000000000004,14.85));
#8895=CARTESIAN_POINT('',(6.1,-7.10000000000004,15.85));
#8896=CARTESIAN_POINT('',(6.9,-7.10000000000004,14.85));
#8897=CARTESIAN_POINT('',(6.9,-7.10000000000004,14.85));
#8898=CARTESIAN_POINT('',(6.9,-7.10000000000004,15.85));
#8899=CARTESIAN_POINT('Origin',(6.1,-8.7,15.85));
#8900=CARTESIAN_POINT('',(6.1,-8.7,15.85));
#8901=CARTESIAN_POINT('',(6.1,-8.9,15.85));
#8902=CARTESIAN_POINT('',(6.1,-8.7,14.85));
#8903=CARTESIAN_POINT('',(6.1,-8.7,15.85));
#8904=CARTESIAN_POINT('',(6.1,-7.10000000000004,14.85));
#8905=CARTESIAN_POINT('Origin',(4.49999999999999,-8.7,15.85));
#8906=CARTESIAN_POINT('',(4.49999999999999,-8.7,15.85));
#8907=CARTESIAN_POINT('',(5.49999999999999,-8.7,15.85));
#8908=CARTESIAN_POINT('',(4.49999999999999,-8.7,14.85));
#8909=CARTESIAN_POINT('',(4.49999999999999,-8.7,15.85));
#8910=CARTESIAN_POINT('',(4.49999999999999,-8.7,14.85));
#8911=CARTESIAN_POINT('Origin',(4.49999999999999,-9.5,15.85));
#8912=CARTESIAN_POINT('',(4.49999999999999,-9.5,15.85));
#8913=CARTESIAN_POINT('',(4.49999999999999,-9.3,15.85));
#8914=CARTESIAN_POINT('',(4.49999999999999,-9.5,14.85));
#8915=CARTESIAN_POINT('',(4.49999999999999,-9.5,15.85));
#8916=CARTESIAN_POINT('',(4.49999999999999,-9.5,14.85));
#8917=CARTESIAN_POINT('Origin',(6.1,-9.5,15.85));
#8918=CARTESIAN_POINT('',(6.1,-9.5,15.85));
#8919=CARTESIAN_POINT('',(6.3,-9.5,15.85));
#8920=CARTESIAN_POINT('',(6.1,-9.5,14.85));
#8921=CARTESIAN_POINT('',(6.1,-9.5,15.85));
#8922=CARTESIAN_POINT('',(8.5,-9.5,14.85));
#8923=CARTESIAN_POINT('Origin',(6.1,-11.1,15.85));
#8924=CARTESIAN_POINT('',(6.1,-11.1,15.85));
#8925=CARTESIAN_POINT('',(6.1,-10.1,15.85));
#8926=CARTESIAN_POINT('',(6.1,-11.1,14.85));
#8927=CARTESIAN_POINT('',(6.1,-11.1,15.85));
#8928=CARTESIAN_POINT('',(6.1,-7.10000000000004,14.85));
#8929=CARTESIAN_POINT('Origin',(6.9,-11.1,15.85));
#8930=CARTESIAN_POINT('',(6.9,-11.1,15.85));
#8931=CARTESIAN_POINT('',(6.7,-11.1,15.85));
#8932=CARTESIAN_POINT('',(6.9,-11.1,14.85));
#8933=CARTESIAN_POINT('',(6.9,-11.1,15.85));
#8934=CARTESIAN_POINT('',(6.1,-11.1,14.85));
#8935=CARTESIAN_POINT('Origin',(6.9,-9.5,15.85));
#8936=CARTESIAN_POINT('',(6.9,-9.5,15.85));
#8937=CARTESIAN_POINT('',(6.9,-9.3,15.85));
#8938=CARTESIAN_POINT('',(6.9,-9.5,14.85));
#8939=CARTESIAN_POINT('',(6.9,-9.5,15.85));
#8940=CARTESIAN_POINT('',(6.9,-11.1,14.85));
#8941=CARTESIAN_POINT('Origin',(8.5,-9.5,15.85));
#8942=CARTESIAN_POINT('',(8.5,-9.5,15.85));
#8943=CARTESIAN_POINT('',(7.5,-9.5,15.85));
#8944=CARTESIAN_POINT('',(8.5,-9.5,14.85));
#8945=CARTESIAN_POINT('',(8.5,-9.5,15.85));
#8946=CARTESIAN_POINT('',(8.5,-9.5,14.85));
#8947=CARTESIAN_POINT('Origin',(8.5,-8.7,15.85));
#8948=CARTESIAN_POINT('',(8.5,-8.7,15.85));
#8949=CARTESIAN_POINT('',(8.5,-8.9,15.85));
#8950=CARTESIAN_POINT('',(8.5,-8.7,14.85));
#8951=CARTESIAN_POINT('',(8.5,-8.7,15.85));
#8952=CARTESIAN_POINT('',(8.5,-8.7,14.85));
#8953=CARTESIAN_POINT('Origin',(6.9,-8.7,15.85));
#8954=CARTESIAN_POINT('',(6.9,-8.7,15.85));
#8955=CARTESIAN_POINT('',(6.69999999999999,-8.7,15.85));
#8956=CARTESIAN_POINT('',(6.9,-8.7,14.85));
#8957=CARTESIAN_POINT('',(6.9,-8.7,15.85));
#8958=CARTESIAN_POINT('',(4.49999999999999,-8.7,14.85));
#8959=CARTESIAN_POINT('Origin',(6.9,-7.10000000000004,15.85));
#8960=CARTESIAN_POINT('',(6.9,-8.10000000000002,15.85));
#8961=CARTESIAN_POINT('',(6.9,-11.1,14.85));
#8962=CARTESIAN_POINT('Origin',(6.49999999999999,-9.10000000000004,14.85));
#8963=CARTESIAN_POINT('Origin',(6.49999999999999,-9.1,14.85));
#8964=CARTESIAN_POINT('',(3.49999999999999,-9.1,15.85));
#8965=CARTESIAN_POINT('Origin',(6.49999999999999,-9.1,15.85));
#8966=CARTESIAN_POINT('',(2.49999999999999,-9.1,14.85));
#8967=CARTESIAN_POINT('Origin',(3.49999999999999,-9.1,14.85));
#8968=CARTESIAN_POINT('',(10.5,-9.1,14.85));
#8969=CARTESIAN_POINT('Origin',(6.49999999999999,-9.1,14.85));
#8970=CARTESIAN_POINT('Origin',(6.49999999999999,-9.1,14.85));
#8971=CARTESIAN_POINT('Origin',(6.49999999999999,-9.1,13.85));
#8972=CARTESIAN_POINT('',(10.5,-9.1,13.85));
#8973=CARTESIAN_POINT('Origin',(6.49999999999999,-9.1,15.85));
#8974=CARTESIAN_POINT('Origin',(1.49999999999999,-18.2,21.85));
#8975=CARTESIAN_POINT('Origin',(0.,-17.7,21.35));
#8976=CARTESIAN_POINT('',(-1.,-17.7,21.85));
#8977=CARTESIAN_POINT('',(0.,-17.7,21.85));
#8978=CARTESIAN_POINT('Origin',(-1.,-17.7,21.35));
#8979=CARTESIAN_POINT('Origin',(0.,0.,21.85));
#8980=CARTESIAN_POINT('',(-1.,-3.96741568543771E-31,21.85));
#8981=CARTESIAN_POINT('Origin',(6.94999999999998,-4.32500000000001,-5.));
#8982=CARTESIAN_POINT('',(7.44999999999998,-5.,-5.));
#8983=CARTESIAN_POINT('',(6.94999999999998,-5.,-5.5));
#8984=CARTESIAN_POINT('Origin',(6.94999999999998,-5.,-5.));
#8985=CARTESIAN_POINT('',(6.94999999999998,-4.1,-5.5));
#8986=CARTESIAN_POINT('',(6.94999999999998,-4.32500000000001,-5.5));
#8987=CARTESIAN_POINT('',(7.44999999999998,-4.1,-5.));
#8988=CARTESIAN_POINT('Origin',(6.94999999999998,-4.1,-5.));
#8989=CARTESIAN_POINT('',(7.44999999999998,-4.32500000000001,-5.));
#8990=CARTESIAN_POINT('Origin',(5.54999999999999,-4.1,0.));
#8991=CARTESIAN_POINT('',(6.04999999999999,-4.1,-5.5));
#8992=CARTESIAN_POINT('',(5.54999999999999,-4.1,-5.5));
#8993=CARTESIAN_POINT('',(5.54999999999999,-4.1,-5.));
#8994=CARTESIAN_POINT('Origin',(6.04999999999999,-4.1,-5.));
#8995=CARTESIAN_POINT('',(5.54999999999999,-4.1,0.));
#8996=CARTESIAN_POINT('',(5.54999999999999,-4.1,0.));
#8997=CARTESIAN_POINT('',(7.44999999999998,-4.1,0.));
#8998=CARTESIAN_POINT('',(2.77499999999999,-4.10000000000001,0.));
#8999=CARTESIAN_POINT('',(7.44999999999998,-4.1,0.));
#9000=CARTESIAN_POINT('Origin',(6.49999999999999,-4.55000000000001,-5.5));
#9001=CARTESIAN_POINT('',(6.04999999999999,-5.00000000000001,-5.5));
#9002=CARTESIAN_POINT('',(7.44999999999998,-5.,-5.5));
#9003=CARTESIAN_POINT('',(6.04999999999999,-4.77500000000001,-5.5));
#9004=CARTESIAN_POINT('Origin',(6.04999999999999,-4.77500000000001,-5.));
#9005=CARTESIAN_POINT('',(5.54999999999999,-5.00000000000001,-5.));
#9006=CARTESIAN_POINT('Origin',(6.04999999999999,-5.,-5.));
#9007=CARTESIAN_POINT('',(5.54999999999999,-4.77500000000001,-5.));
#9008=CARTESIAN_POINT('Origin',(5.54999999999999,-5.00000000000001,0.));
#9009=CARTESIAN_POINT('',(5.54999999999999,-5.00000000000001,0.));
#9010=CARTESIAN_POINT('',(5.54999999999999,-5.00000000000001,0.));
#9011=CARTESIAN_POINT('',(5.54999999999999,-11.6,0.));
#9012=CARTESIAN_POINT('Origin',(7.44999999999998,-5.,0.));
#9013=CARTESIAN_POINT('',(7.44999999999998,-5.,0.));
#9014=CARTESIAN_POINT('',(7.44999999999998,-5.,0.));
#9015=CARTESIAN_POINT('',(3.72499999999999,-5.00000000000001,0.));
#9016=CARTESIAN_POINT('Origin',(7.44999999999998,-4.1,0.));
#9017=CARTESIAN_POINT('',(7.44999999999998,-11.15,0.));
#9018=CARTESIAN_POINT('Origin',(-12.,-0.5,21.35));
#9019=CARTESIAN_POINT('',(-11.5,-0.5,21.35));
#9020=CARTESIAN_POINT('Origin',(-12.,-0.5,21.35));
#9021=CARTESIAN_POINT('',(-12.,-0.5,21.85));
#9022=CARTESIAN_POINT('Origin',(-12.,-0.5,21.35));
#9023=CARTESIAN_POINT('Origin',(-12.,-0.5,21.35));
#9024=CARTESIAN_POINT('Origin',(0.,-0.5,21.35));
#9025=CARTESIAN_POINT('',(-14.,-0.5,21.85));
#9026=CARTESIAN_POINT('Origin',(-14.,-0.5,21.35));
#9027=CARTESIAN_POINT('',(0.,-0.5,21.85));
#9028=CARTESIAN_POINT('Origin',(-14.,-0.5,21.35));
#9029=CARTESIAN_POINT('',(-14.5,-0.5,21.35));
#9030=CARTESIAN_POINT('Origin',(-14.,-0.5,21.35));
#9031=CARTESIAN_POINT('Origin',(-14.,-0.5,21.35));
#9032=CARTESIAN_POINT('Origin',(-12.,-9.1,21.35));
#9033=CARTESIAN_POINT('',(-12.,-17.7,21.85));
#9034=CARTESIAN_POINT('',(-11.5,-17.7,21.35));
#9035=CARTESIAN_POINT('Origin',(-12.,-17.7,21.35));
#9036=CARTESIAN_POINT('',(-11.5,-9.1,21.35));
#9037=CARTESIAN_POINT('',(-12.,-9.1,21.85));
#9038=CARTESIAN_POINT('Origin',(-12.,-0.5,10.925));
#9039=CARTESIAN_POINT('',(-11.5,-0.5,13.85));
#9040=CARTESIAN_POINT('',(-11.5,-0.5,10.925));
#9041=CARTESIAN_POINT('Origin',(-12.,-0.5,13.35));
#9042=CARTESIAN_POINT('Origin',(-1.,-0.5,10.925));
#9043=CARTESIAN_POINT('',(-1.5,-0.5,13.85));
#9044=CARTESIAN_POINT('Origin',(-1.,-0.5,13.35));
#9045=CARTESIAN_POINT('',(-1.5,-0.5,10.925));
#9046=CARTESIAN_POINT('Origin',(-1.,-3.96741568543771E-31,21.35));
#9047=CARTESIAN_POINT('',(-1.5,-17.7,21.35));
#9048=CARTESIAN_POINT('',(-1.5,-3.96741568543771E-31,21.35));
#9049=CARTESIAN_POINT('Origin',(-1.,-17.7,21.35));
#9050=CARTESIAN_POINT('Origin',(-3.25,-0.5,13.35));
#9051=CARTESIAN_POINT('',(-3.25,-0.5,13.85));
#9052=CARTESIAN_POINT('Origin',(-12.,-17.7,21.85));
#9053=CARTESIAN_POINT('',(-11.5,-17.7,13.85));
#9054=CARTESIAN_POINT('',(-11.5,-17.7,21.85));
#9055=CARTESIAN_POINT('Origin',(-12.,-17.7,21.35));
#9056=CARTESIAN_POINT('Origin',(-12.,-17.7,13.35));
#9057=CARTESIAN_POINT('Origin',(-1.,-17.7,21.85));
#9058=CARTESIAN_POINT('Origin',(-1.,-17.7,21.35));
#9059=CARTESIAN_POINT('',(-1.5,-17.7,13.85));
#9060=CARTESIAN_POINT('',(-1.5,-17.7,21.85));
#9061=CARTESIAN_POINT('Origin',(-1.,-17.7,13.35));
#9062=CARTESIAN_POINT('Origin',(-3.25,-17.7,13.35));
#9063=CARTESIAN_POINT('',(-3.25,-17.7,13.85));
#9064=CARTESIAN_POINT('Origin',(-1.,-17.7,21.35));
#9065=CARTESIAN_POINT('Origin',(-12.,-17.7,21.35));
#9066=CARTESIAN_POINT('Origin',(-12.,-17.7,21.35));
#9067=CARTESIAN_POINT('Origin',(-1.5,-7.93483137087541E-31,21.85));
#9068=CARTESIAN_POINT('',(-1.5,-7.93483137087541E-31,13.85));
#9069=CARTESIAN_POINT('Origin',(-6.5,-9.1,13.85));
#9070=CARTESIAN_POINT('',(-11.5,-18.2,13.85));
#9071=CARTESIAN_POINT('',(-2.5,-9.1,13.85));
#9072=CARTESIAN_POINT('Origin',(-6.5,-9.1,13.85));
#9073=CARTESIAN_POINT('Origin',(-6.9,-7.10000000000004,15.85));
#9074=CARTESIAN_POINT('',(-6.9,-7.10000000000004,15.85));
#9075=CARTESIAN_POINT('',(-6.1,-7.10000000000004,15.85));
#9076=CARTESIAN_POINT('',(-6.7,-7.10000000000004,15.85));
#9077=CARTESIAN_POINT('',(-6.9,-7.10000000000004,14.85));
#9078=CARTESIAN_POINT('',(-6.9,-7.10000000000004,15.85));
#9079=CARTESIAN_POINT('',(-6.1,-7.10000000000004,14.85));
#9080=CARTESIAN_POINT('',(-6.1,-7.10000000000004,14.85));
#9081=CARTESIAN_POINT('',(-6.1,-7.10000000000004,15.85));
#9082=CARTESIAN_POINT('Origin',(-6.9,-8.7,15.85));
#9083=CARTESIAN_POINT('',(-6.9,-8.7,15.85));
#9084=CARTESIAN_POINT('',(-6.9,-8.9,15.85));
#9085=CARTESIAN_POINT('',(-6.9,-8.7,14.85));
#9086=CARTESIAN_POINT('',(-6.9,-8.7,15.85));
#9087=CARTESIAN_POINT('',(-6.9,-7.10000000000004,14.85));
#9088=CARTESIAN_POINT('Origin',(-8.50000000000001,-8.7,15.85));
#9089=CARTESIAN_POINT('',(-8.50000000000001,-8.7,15.85));
#9090=CARTESIAN_POINT('',(-7.5,-8.7,15.85));
#9091=CARTESIAN_POINT('',(-8.50000000000001,-8.7,14.85));
#9092=CARTESIAN_POINT('',(-8.50000000000001,-8.7,15.85));
#9093=CARTESIAN_POINT('',(-8.50000000000001,-8.7,14.85));
#9094=CARTESIAN_POINT('Origin',(-8.50000000000001,-9.5,15.85));
#9095=CARTESIAN_POINT('',(-8.50000000000001,-9.5,15.85));
#9096=CARTESIAN_POINT('',(-8.50000000000001,-9.3,15.85));
#9097=CARTESIAN_POINT('',(-8.50000000000001,-9.5,14.85));
#9098=CARTESIAN_POINT('',(-8.50000000000001,-9.5,15.85));
#9099=CARTESIAN_POINT('',(-8.50000000000001,-9.5,14.85));
#9100=CARTESIAN_POINT('Origin',(-6.9,-9.5,15.85));
#9101=CARTESIAN_POINT('',(-6.9,-9.5,15.85));
#9102=CARTESIAN_POINT('',(-6.7,-9.5,15.85));
#9103=CARTESIAN_POINT('',(-6.9,-9.5,14.85));
#9104=CARTESIAN_POINT('',(-6.9,-9.5,15.85));
#9105=CARTESIAN_POINT('',(-4.5,-9.5,14.85));
#9106=CARTESIAN_POINT('Origin',(-6.9,-11.1,15.85));
#9107=CARTESIAN_POINT('',(-6.9,-11.1,15.85));
#9108=CARTESIAN_POINT('',(-6.9,-10.1,15.85));
#9109=CARTESIAN_POINT('',(-6.9,-11.1,14.85));
#9110=CARTESIAN_POINT('',(-6.9,-11.1,15.85));
#9111=CARTESIAN_POINT('',(-6.9,-7.10000000000004,14.85));
#9112=CARTESIAN_POINT('Origin',(-6.1,-11.1,15.85));
#9113=CARTESIAN_POINT('',(-6.1,-11.1,15.85));
#9114=CARTESIAN_POINT('',(-6.3,-11.1,15.85));
#9115=CARTESIAN_POINT('',(-6.1,-11.1,14.85));
#9116=CARTESIAN_POINT('',(-6.1,-11.1,15.85));
#9117=CARTESIAN_POINT('',(-6.9,-11.1,14.85));
#9118=CARTESIAN_POINT('Origin',(-6.1,-9.5,15.85));
#9119=CARTESIAN_POINT('',(-6.1,-9.5,15.85));
#9120=CARTESIAN_POINT('',(-6.1,-9.3,15.85));
#9121=CARTESIAN_POINT('',(-6.1,-9.5,14.85));
#9122=CARTESIAN_POINT('',(-6.1,-9.5,15.85));
#9123=CARTESIAN_POINT('',(-6.1,-11.1,14.85));
#9124=CARTESIAN_POINT('Origin',(-4.5,-9.5,15.85));
#9125=CARTESIAN_POINT('',(-4.5,-9.5,15.85));
#9126=CARTESIAN_POINT('',(-5.5,-9.5,15.85));
#9127=CARTESIAN_POINT('',(-4.5,-9.5,14.85));
#9128=CARTESIAN_POINT('',(-4.5,-9.5,15.85));
#9129=CARTESIAN_POINT('',(-4.5,-9.5,14.85));
#9130=CARTESIAN_POINT('Origin',(-4.5,-8.7,15.85));
#9131=CARTESIAN_POINT('',(-4.5,-8.7,15.85));
#9132=CARTESIAN_POINT('',(-4.5,-8.9,15.85));
#9133=CARTESIAN_POINT('',(-4.5,-8.7,14.85));
#9134=CARTESIAN_POINT('',(-4.5,-8.7,15.85));
#9135=CARTESIAN_POINT('',(-4.5,-8.7,14.85));
#9136=CARTESIAN_POINT('Origin',(-6.1,-8.7,15.85));
#9137=CARTESIAN_POINT('',(-6.1,-8.7,15.85));
#9138=CARTESIAN_POINT('',(-6.3,-8.7,15.85));
#9139=CARTESIAN_POINT('',(-6.1,-8.7,14.85));
#9140=CARTESIAN_POINT('',(-6.1,-8.7,15.85));
#9141=CARTESIAN_POINT('',(-8.50000000000001,-8.7,14.85));
#9142=CARTESIAN_POINT('Origin',(-6.1,-7.10000000000004,15.85));
#9143=CARTESIAN_POINT('',(-6.1,-8.10000000000002,15.85));
#9144=CARTESIAN_POINT('',(-6.1,-11.1,14.85));
#9145=CARTESIAN_POINT('Origin',(-6.5,-9.10000000000004,14.85));
#9146=CARTESIAN_POINT('Origin',(-6.5,-9.1,14.85));
#9147=CARTESIAN_POINT('',(-9.50000000000001,-9.1,15.85));
#9148=CARTESIAN_POINT('Origin',(-6.5,-9.1,15.85));
#9149=CARTESIAN_POINT('',(-10.5,-9.1,14.85));
#9150=CARTESIAN_POINT('Origin',(-9.50000000000001,-9.1,14.85));
#9151=CARTESIAN_POINT('',(-2.5,-9.1,14.85));
#9152=CARTESIAN_POINT('Origin',(-6.5,-9.1,14.85));
#9153=CARTESIAN_POINT('Origin',(-6.5,-9.1,14.85));
#9154=CARTESIAN_POINT('Origin',(-6.5,-9.1,13.85));
#9155=CARTESIAN_POINT('',(-2.5,-9.1,13.85));
#9156=CARTESIAN_POINT('Origin',(-6.5,-9.1,15.85));
#9157=CARTESIAN_POINT('Origin',(-11.5,-18.2,21.85));
#9158=CARTESIAN_POINT('Origin',(0.,-17.7,21.35));
#9159=CARTESIAN_POINT('',(-14.,-17.7,21.85));
#9160=CARTESIAN_POINT('',(0.,-17.7,21.85));
#9161=CARTESIAN_POINT('Origin',(-14.,-17.7,21.35));
#9162=CARTESIAN_POINT('Origin',(0.,0.,21.85));
#9163=CARTESIAN_POINT('',(-14.,-3.96741568543771E-31,21.85));
#9164=CARTESIAN_POINT('Origin',(-6.05000000000001,-4.32500000000001,-5.));
#9165=CARTESIAN_POINT('',(-5.55000000000001,-5.,-5.));
#9166=CARTESIAN_POINT('',(-6.05000000000001,-5.,-5.5));
#9167=CARTESIAN_POINT('Origin',(-6.05000000000001,-5.,-5.));
#9168=CARTESIAN_POINT('',(-6.05000000000001,-4.1,-5.5));
#9169=CARTESIAN_POINT('',(-6.05000000000001,-4.32500000000001,-5.5));
#9170=CARTESIAN_POINT('',(-5.55000000000001,-4.1,-5.));
#9171=CARTESIAN_POINT('Origin',(-6.05000000000001,-4.1,-5.));
#9172=CARTESIAN_POINT('',(-5.55000000000001,-4.32500000000001,-5.));
#9173=CARTESIAN_POINT('Origin',(-7.45000000000001,-4.1,0.));
#9174=CARTESIAN_POINT('',(-6.95000000000001,-4.1,-5.5));
#9175=CARTESIAN_POINT('',(-7.45000000000001,-4.1,-5.5));
#9176=CARTESIAN_POINT('',(-7.45000000000001,-4.1,-5.));
#9177=CARTESIAN_POINT('Origin',(-6.95000000000001,-4.1,-5.));
#9178=CARTESIAN_POINT('',(-7.45000000000001,-4.1,0.));
#9179=CARTESIAN_POINT('',(-7.45000000000001,-4.1,0.));
#9180=CARTESIAN_POINT('',(-5.55000000000001,-4.1,0.));
#9181=CARTESIAN_POINT('',(-3.725,-4.10000000000001,0.));
#9182=CARTESIAN_POINT('',(-5.55000000000001,-4.1,0.));
#9183=CARTESIAN_POINT('Origin',(-6.50000000000001,-4.55000000000001,-5.5));
#9184=CARTESIAN_POINT('',(-6.95000000000001,-5.00000000000001,-5.5));
#9185=CARTESIAN_POINT('',(-5.55000000000001,-5.,-5.5));
#9186=CARTESIAN_POINT('',(-6.95000000000001,-4.77500000000001,-5.5));
#9187=CARTESIAN_POINT('Origin',(-6.95000000000001,-4.77500000000001,-5.));
#9188=CARTESIAN_POINT('',(-7.45000000000001,-5.00000000000001,-5.));
#9189=CARTESIAN_POINT('Origin',(-6.95000000000001,-5.,-5.));
#9190=CARTESIAN_POINT('',(-7.45000000000001,-4.77500000000001,-5.));
#9191=CARTESIAN_POINT('Origin',(-7.45000000000001,-5.00000000000001,0.));
#9192=CARTESIAN_POINT('',(-7.45000000000001,-5.00000000000001,0.));
#9193=CARTESIAN_POINT('',(-7.45000000000001,-5.00000000000001,0.));
#9194=CARTESIAN_POINT('',(-7.45000000000001,-11.6,0.));
#9195=CARTESIAN_POINT('Origin',(-5.55000000000001,-5.,0.));
#9196=CARTESIAN_POINT('',(-5.55000000000001,-5.,0.));
#9197=CARTESIAN_POINT('',(-5.55000000000001,-5.,0.));
#9198=CARTESIAN_POINT('',(-2.77500000000001,-5.,0.));
#9199=CARTESIAN_POINT('Origin',(-5.55000000000001,-4.1,0.));
#9200=CARTESIAN_POINT('',(-5.55000000000001,-11.15,0.));
#9201=CARTESIAN_POINT('Origin',(-25.,-0.5,21.35));
#9202=CARTESIAN_POINT('',(-24.5,-0.5,21.35));
#9203=CARTESIAN_POINT('Origin',(-25.,-0.5,21.35));
#9204=CARTESIAN_POINT('',(-25.,-0.5,21.85));
#9205=CARTESIAN_POINT('Origin',(-25.,-0.5,21.35));
#9206=CARTESIAN_POINT('Origin',(-25.,-0.5,21.35));
#9207=CARTESIAN_POINT('Origin',(0.,-0.5,21.35));
#9208=CARTESIAN_POINT('',(-27.,-0.5,21.85));
#9209=CARTESIAN_POINT('Origin',(-27.,-0.5,21.35));
#9210=CARTESIAN_POINT('',(0.,-0.5,21.85));
#9211=CARTESIAN_POINT('Origin',(-27.,-0.5,21.35));
#9212=CARTESIAN_POINT('',(-27.5,-0.5,21.35));
#9213=CARTESIAN_POINT('Origin',(-27.,-0.5,21.35));
#9214=CARTESIAN_POINT('Origin',(-27.,-0.5,21.35));
#9215=CARTESIAN_POINT('Origin',(-25.,-9.1,21.35));
#9216=CARTESIAN_POINT('',(-25.,-17.7,21.85));
#9217=CARTESIAN_POINT('',(-24.5,-17.7,21.35));
#9218=CARTESIAN_POINT('Origin',(-25.,-17.7,21.35));
#9219=CARTESIAN_POINT('',(-24.5,-9.1,21.35));
#9220=CARTESIAN_POINT('',(-25.,-9.1,21.85));
#9221=CARTESIAN_POINT('Origin',(-25.,-0.5,10.925));
#9222=CARTESIAN_POINT('',(-24.5,-0.5,13.85));
#9223=CARTESIAN_POINT('',(-24.5,-0.5,10.925));
#9224=CARTESIAN_POINT('Origin',(-25.,-0.5,13.35));
#9225=CARTESIAN_POINT('Origin',(-14.,-3.96741568543771E-31,21.35));
#9226=CARTESIAN_POINT('',(-14.5,-17.7,21.35));
#9227=CARTESIAN_POINT('',(-14.5,-3.96741568543771E-31,21.35));
#9228=CARTESIAN_POINT('Origin',(-14.,-17.7,21.35));
#9229=CARTESIAN_POINT('Origin',(-14.,-0.5,10.925));
#9230=CARTESIAN_POINT('',(-14.5,-0.5,13.85));
#9231=CARTESIAN_POINT('Origin',(-14.,-0.5,13.35));
#9232=CARTESIAN_POINT('',(-14.5,-0.5,10.925));
#9233=CARTESIAN_POINT('Origin',(-9.75,-0.5,13.35));
#9234=CARTESIAN_POINT('',(-9.75,-0.5,13.85));
#9235=CARTESIAN_POINT('Origin',(-25.,-17.7,21.85));
#9236=CARTESIAN_POINT('',(-24.5,-17.7,13.85));
#9237=CARTESIAN_POINT('',(-24.5,-17.7,21.85));
#9238=CARTESIAN_POINT('Origin',(-25.,-17.7,21.35));
#9239=CARTESIAN_POINT('Origin',(-25.,-17.7,13.35));
#9240=CARTESIAN_POINT('Origin',(-14.,-17.7,21.85));
#9241=CARTESIAN_POINT('Origin',(-14.,-17.7,21.35));
#9242=CARTESIAN_POINT('',(-14.5,-17.7,13.85));
#9243=CARTESIAN_POINT('',(-14.5,-17.7,21.85));
#9244=CARTESIAN_POINT('Origin',(-14.,-17.7,13.35));
#9245=CARTESIAN_POINT('Origin',(-9.75,-17.7,13.35));
#9246=CARTESIAN_POINT('',(-9.75,-17.7,13.85));
#9247=CARTESIAN_POINT('Origin',(-14.,-17.7,21.35));
#9248=CARTESIAN_POINT('Origin',(-25.,-17.7,21.35));
#9249=CARTESIAN_POINT('Origin',(-25.,-17.7,21.35));
#9250=CARTESIAN_POINT('Origin',(-19.5,-9.1,13.85));
#9251=CARTESIAN_POINT('',(-14.5,-7.93483137087541E-31,13.85));
#9252=CARTESIAN_POINT('',(-24.5,-18.2,13.85));
#9253=CARTESIAN_POINT('',(-15.5,-9.1,13.85));
#9254=CARTESIAN_POINT('Origin',(-19.5,-9.1,13.85));
#9255=CARTESIAN_POINT('Origin',(-14.5,-7.93483137087541E-31,21.85));
#9256=CARTESIAN_POINT('Origin',(-19.9,-7.10000000000004,15.85));
#9257=CARTESIAN_POINT('',(-19.9,-7.10000000000004,15.85));
#9258=CARTESIAN_POINT('',(-19.1,-7.10000000000004,15.85));
#9259=CARTESIAN_POINT('',(-19.7,-7.10000000000004,15.85));
#9260=CARTESIAN_POINT('',(-19.9,-7.10000000000004,14.85));
#9261=CARTESIAN_POINT('',(-19.9,-7.10000000000004,15.85));
#9262=CARTESIAN_POINT('',(-19.1,-7.10000000000004,14.85));
#9263=CARTESIAN_POINT('',(-19.1,-7.10000000000004,14.85));
#9264=CARTESIAN_POINT('',(-19.1,-7.10000000000004,15.85));
#9265=CARTESIAN_POINT('Origin',(-19.9,-8.7,15.85));
#9266=CARTESIAN_POINT('',(-19.9,-8.7,15.85));
#9267=CARTESIAN_POINT('',(-19.9,-8.9,15.85));
#9268=CARTESIAN_POINT('',(-19.9,-8.7,14.85));
#9269=CARTESIAN_POINT('',(-19.9,-8.7,15.85));
#9270=CARTESIAN_POINT('',(-19.9,-7.10000000000004,14.85));
#9271=CARTESIAN_POINT('Origin',(-21.5,-8.7,15.85));
#9272=CARTESIAN_POINT('',(-21.5,-8.7,15.85));
#9273=CARTESIAN_POINT('',(-20.5,-8.7,15.85));
#9274=CARTESIAN_POINT('',(-21.5,-8.7,14.85));
#9275=CARTESIAN_POINT('',(-21.5,-8.7,15.85));
#9276=CARTESIAN_POINT('',(-21.5,-8.7,14.85));
#9277=CARTESIAN_POINT('Origin',(-21.5,-9.5,15.85));
#9278=CARTESIAN_POINT('',(-21.5,-9.5,15.85));
#9279=CARTESIAN_POINT('',(-21.5,-9.3,15.85));
#9280=CARTESIAN_POINT('',(-21.5,-9.5,14.85));
#9281=CARTESIAN_POINT('',(-21.5,-9.5,15.85));
#9282=CARTESIAN_POINT('',(-21.5,-9.5,14.85));
#9283=CARTESIAN_POINT('Origin',(-19.9,-9.5,15.85));
#9284=CARTESIAN_POINT('',(-19.9,-9.5,15.85));
#9285=CARTESIAN_POINT('',(-19.7,-9.5,15.85));
#9286=CARTESIAN_POINT('',(-19.9,-9.5,14.85));
#9287=CARTESIAN_POINT('',(-19.9,-9.5,15.85));
#9288=CARTESIAN_POINT('',(-17.5,-9.5,14.85));
#9289=CARTESIAN_POINT('Origin',(-19.9,-11.1,15.85));
#9290=CARTESIAN_POINT('',(-19.9,-11.1,15.85));
#9291=CARTESIAN_POINT('',(-19.9,-10.1,15.85));
#9292=CARTESIAN_POINT('',(-19.9,-11.1,14.85));
#9293=CARTESIAN_POINT('',(-19.9,-11.1,15.85));
#9294=CARTESIAN_POINT('',(-19.9,-7.10000000000004,14.85));
#9295=CARTESIAN_POINT('Origin',(-19.1,-11.1,15.85));
#9296=CARTESIAN_POINT('',(-19.1,-11.1,15.85));
#9297=CARTESIAN_POINT('',(-19.3,-11.1,15.85));
#9298=CARTESIAN_POINT('',(-19.1,-11.1,14.85));
#9299=CARTESIAN_POINT('',(-19.1,-11.1,15.85));
#9300=CARTESIAN_POINT('',(-19.9,-11.1,14.85));
#9301=CARTESIAN_POINT('Origin',(-19.1,-9.5,15.85));
#9302=CARTESIAN_POINT('',(-19.1,-9.5,15.85));
#9303=CARTESIAN_POINT('',(-19.1,-9.3,15.85));
#9304=CARTESIAN_POINT('',(-19.1,-9.5,14.85));
#9305=CARTESIAN_POINT('',(-19.1,-9.5,15.85));
#9306=CARTESIAN_POINT('',(-19.1,-11.1,14.85));
#9307=CARTESIAN_POINT('Origin',(-17.5,-9.5,15.85));
#9308=CARTESIAN_POINT('',(-17.5,-9.5,15.85));
#9309=CARTESIAN_POINT('',(-18.5,-9.5,15.85));
#9310=CARTESIAN_POINT('',(-17.5,-9.5,14.85));
#9311=CARTESIAN_POINT('',(-17.5,-9.5,15.85));
#9312=CARTESIAN_POINT('',(-17.5,-9.5,14.85));
#9313=CARTESIAN_POINT('Origin',(-17.5,-8.7,15.85));
#9314=CARTESIAN_POINT('',(-17.5,-8.7,15.85));
#9315=CARTESIAN_POINT('',(-17.5,-8.9,15.85));
#9316=CARTESIAN_POINT('',(-17.5,-8.7,14.85));
#9317=CARTESIAN_POINT('',(-17.5,-8.7,15.85));
#9318=CARTESIAN_POINT('',(-17.5,-8.7,14.85));
#9319=CARTESIAN_POINT('Origin',(-19.1,-8.7,15.85));
#9320=CARTESIAN_POINT('',(-19.1,-8.7,15.85));
#9321=CARTESIAN_POINT('',(-19.3,-8.7,15.85));
#9322=CARTESIAN_POINT('',(-19.1,-8.7,14.85));
#9323=CARTESIAN_POINT('',(-19.1,-8.7,15.85));
#9324=CARTESIAN_POINT('',(-21.5,-8.7,14.85));
#9325=CARTESIAN_POINT('Origin',(-19.1,-7.10000000000004,15.85));
#9326=CARTESIAN_POINT('',(-19.1,-8.10000000000002,15.85));
#9327=CARTESIAN_POINT('',(-19.1,-11.1,14.85));
#9328=CARTESIAN_POINT('Origin',(-19.5,-9.10000000000004,14.85));
#9329=CARTESIAN_POINT('Origin',(-19.5,-9.1,14.85));
#9330=CARTESIAN_POINT('',(-22.5,-9.1,15.85));
#9331=CARTESIAN_POINT('Origin',(-19.5,-9.1,15.85));
#9332=CARTESIAN_POINT('',(-23.5,-9.1,14.85));
#9333=CARTESIAN_POINT('Origin',(-22.5,-9.1,14.85));
#9334=CARTESIAN_POINT('',(-15.5,-9.1,14.85));
#9335=CARTESIAN_POINT('Origin',(-19.5,-9.1,14.85));
#9336=CARTESIAN_POINT('Origin',(-19.5,-9.1,14.85));
#9337=CARTESIAN_POINT('Origin',(-19.5,-9.1,13.85));
#9338=CARTESIAN_POINT('',(-15.5,-9.1,13.85));
#9339=CARTESIAN_POINT('Origin',(-19.5,-9.1,15.85));
#9340=CARTESIAN_POINT('Origin',(-24.5,-18.2,21.85));
#9341=CARTESIAN_POINT('Origin',(0.,0.,21.85));
#9342=CARTESIAN_POINT('',(-27.,-17.7,21.85));
#9343=CARTESIAN_POINT('',(-27.,-3.96741568543771E-31,21.85));
#9344=CARTESIAN_POINT('',(0.,-17.7,21.85));
#9345=CARTESIAN_POINT('Origin',(0.,-17.7,21.35));
#9346=CARTESIAN_POINT('Origin',(-27.,-17.7,21.35));
#9347=CARTESIAN_POINT('Origin',(-19.05,-4.32500000000001,-5.));
#9348=CARTESIAN_POINT('',(-18.55,-5.,-5.));
#9349=CARTESIAN_POINT('',(-19.05,-5.,-5.5));
#9350=CARTESIAN_POINT('Origin',(-19.05,-5.,-5.));
#9351=CARTESIAN_POINT('',(-19.05,-4.1,-5.5));
#9352=CARTESIAN_POINT('',(-19.05,-4.32500000000001,-5.5));
#9353=CARTESIAN_POINT('',(-18.55,-4.1,-5.));
#9354=CARTESIAN_POINT('Origin',(-19.05,-4.1,-5.));
#9355=CARTESIAN_POINT('',(-18.55,-4.32500000000001,-5.));
#9356=CARTESIAN_POINT('Origin',(-20.45,-4.1,0.));
#9357=CARTESIAN_POINT('',(-19.95,-4.1,-5.5));
#9358=CARTESIAN_POINT('',(-20.45,-4.1,-5.5));
#9359=CARTESIAN_POINT('',(-20.45,-4.1,-5.));
#9360=CARTESIAN_POINT('Origin',(-19.95,-4.1,-5.));
#9361=CARTESIAN_POINT('',(-20.45,-4.1,0.));
#9362=CARTESIAN_POINT('',(-20.45,-4.1,0.));
#9363=CARTESIAN_POINT('',(-18.55,-4.1,0.));
#9364=CARTESIAN_POINT('',(-10.225,-4.10000000000001,0.));
#9365=CARTESIAN_POINT('',(-18.55,-4.1,0.));
#9366=CARTESIAN_POINT('Origin',(-19.5,-4.55000000000001,-5.5));
#9367=CARTESIAN_POINT('',(-19.95,-5.00000000000001,-5.5));
#9368=CARTESIAN_POINT('',(-18.55,-5.,-5.5));
#9369=CARTESIAN_POINT('',(-19.95,-4.77500000000001,-5.5));
#9370=CARTESIAN_POINT('Origin',(-19.95,-4.77500000000001,-5.));
#9371=CARTESIAN_POINT('',(-20.45,-5.00000000000001,-5.));
#9372=CARTESIAN_POINT('Origin',(-19.95,-5.,-5.));
#9373=CARTESIAN_POINT('',(-20.45,-4.77500000000001,-5.));
#9374=CARTESIAN_POINT('Origin',(-20.45,-5.00000000000001,0.));
#9375=CARTESIAN_POINT('',(-20.45,-5.00000000000001,0.));
#9376=CARTESIAN_POINT('',(-20.45,-5.00000000000001,0.));
#9377=CARTESIAN_POINT('',(-20.45,-11.6,0.));
#9378=CARTESIAN_POINT('Origin',(-18.55,-5.,0.));
#9379=CARTESIAN_POINT('',(-18.55,-5.,0.));
#9380=CARTESIAN_POINT('',(-18.55,-5.,0.));
#9381=CARTESIAN_POINT('',(-9.27500000000001,-5.,0.));
#9382=CARTESIAN_POINT('Origin',(-18.55,-4.1,0.));
#9383=CARTESIAN_POINT('',(-18.55,-11.15,0.));
#9384=CARTESIAN_POINT('Origin',(-38.,-17.7,21.35));
#9385=CARTESIAN_POINT('',(-37.5,-17.7,21.35));
#9386=CARTESIAN_POINT('Origin',(-38.,-17.7,21.35));
#9387=CARTESIAN_POINT('',(-38.,-17.7,21.85));
#9388=CARTESIAN_POINT('Origin',(-38.,-17.7,21.35));
#9389=CARTESIAN_POINT('Origin',(-38.,-17.7,21.35));
#9390=CARTESIAN_POINT('Origin',(-38.,-0.5,21.35));
#9391=CARTESIAN_POINT('',(-37.5,-0.5,21.35));
#9392=CARTESIAN_POINT('Origin',(-38.,-0.5,21.35));
#9393=CARTESIAN_POINT('',(-38.,-0.5,21.85));
#9394=CARTESIAN_POINT('Origin',(-38.,-0.5,21.35));
#9395=CARTESIAN_POINT('Origin',(-38.,-0.5,21.35));
#9396=CARTESIAN_POINT('Origin',(0.,-0.5,21.35));
#9397=CARTESIAN_POINT('',(-40.,-0.5,21.85));
#9398=CARTESIAN_POINT('Origin',(-40.,-0.5,21.35));
#9399=CARTESIAN_POINT('',(0.,-0.5,21.85));
#9400=CARTESIAN_POINT('Origin',(-40.,-0.5,21.35));
#9401=CARTESIAN_POINT('',(-40.5,-0.5,21.35));
#9402=CARTESIAN_POINT('Origin',(-40.,-0.5,21.35));
#9403=CARTESIAN_POINT('Origin',(-40.,-0.5,21.35));
#9404=CARTESIAN_POINT('Origin',(-38.,-9.1,21.35));
#9405=CARTESIAN_POINT('',(-38.,-9.1,21.85));
#9406=CARTESIAN_POINT('',(-37.5,-9.1,21.35));
#9407=CARTESIAN_POINT('Origin',(-38.,-17.7,21.85));
#9408=CARTESIAN_POINT('',(-37.5,-17.7,13.85));
#9409=CARTESIAN_POINT('',(-37.5,-17.7,21.85));
#9410=CARTESIAN_POINT('Origin',(-38.,-17.7,13.35));
#9411=CARTESIAN_POINT('Origin',(-38.,-0.5,10.925));
#9412=CARTESIAN_POINT('',(-37.5,-0.5,13.85));
#9413=CARTESIAN_POINT('',(-37.5,-0.5,10.925));
#9414=CARTESIAN_POINT('Origin',(-38.,-0.5,13.35));
#9415=CARTESIAN_POINT('Origin',(-27.,-17.7,21.35));
#9416=CARTESIAN_POINT('',(-27.5,-17.7,21.35));
#9417=CARTESIAN_POINT('Origin',(-27.,-17.7,21.35));
#9418=CARTESIAN_POINT('Origin',(-27.,-17.7,21.35));
#9419=CARTESIAN_POINT('Origin',(-27.,-0.5,10.925));
#9420=CARTESIAN_POINT('',(-27.5,-0.5,13.85));
#9421=CARTESIAN_POINT('Origin',(-27.,-0.5,13.35));
#9422=CARTESIAN_POINT('',(-27.5,-0.5,10.925));
#9423=CARTESIAN_POINT('Origin',(-27.,-3.96741568543771E-31,21.35));
#9424=CARTESIAN_POINT('',(-27.5,-3.96741568543771E-31,21.35));
#9425=CARTESIAN_POINT('Origin',(-27.,-17.7,21.85));
#9426=CARTESIAN_POINT('',(-27.5,-17.7,13.85));
#9427=CARTESIAN_POINT('',(-27.5,-17.7,21.85));
#9428=CARTESIAN_POINT('Origin',(-27.,-17.7,13.35));
#9429=CARTESIAN_POINT('Origin',(-16.25,-0.5,13.35));
#9430=CARTESIAN_POINT('',(-16.25,-0.5,13.85));
#9431=CARTESIAN_POINT('Origin',(-16.25,-17.7,13.35));
#9432=CARTESIAN_POINT('',(-16.25,-17.7,13.85));
#9433=CARTESIAN_POINT('Origin',(-40.,-17.7,21.35));
#9434=CARTESIAN_POINT('',(-40.,-17.7,21.85));
#9435=CARTESIAN_POINT('Origin',(-40.,-17.7,21.35));
#9436=CARTESIAN_POINT('',(-40.5,-17.7,21.35));
#9437=CARTESIAN_POINT('Origin',(-40.,-17.7,21.35));
#9438=CARTESIAN_POINT('Origin',(-40.,-17.7,21.35));
#9439=CARTESIAN_POINT('Origin',(0.,-17.7,21.35));
#9440=CARTESIAN_POINT('',(0.,-17.7,21.85));
#9441=CARTESIAN_POINT('Origin',(-27.5,-7.93483137087541E-31,21.85));
#9442=CARTESIAN_POINT('',(-27.5,-7.93483137087541E-31,13.85));
#9443=CARTESIAN_POINT('Origin',(-32.5,-9.1,13.85));
#9444=CARTESIAN_POINT('',(-37.5,-18.2,13.85));
#9445=CARTESIAN_POINT('',(-28.5,-9.1,13.85));
#9446=CARTESIAN_POINT('Origin',(-32.5,-9.1,13.85));
#9447=CARTESIAN_POINT('Origin',(53.5,-9.1,10.925));
#9448=CARTESIAN_POINT('',(53.5,0.,0.));
#9449=CARTESIAN_POINT('Origin',(-40.,-17.7,21.85));
#9450=CARTESIAN_POINT('',(-40.5,-17.7,13.85));
#9451=CARTESIAN_POINT('',(-40.5,-17.7,21.85));
#9452=CARTESIAN_POINT('Origin',(-40.,-17.7,13.35));
#9453=CARTESIAN_POINT('Origin',(-32.9,-7.10000000000004,15.85));
#9454=CARTESIAN_POINT('',(-32.9,-7.10000000000004,15.85));
#9455=CARTESIAN_POINT('',(-32.1,-7.10000000000004,15.85));
#9456=CARTESIAN_POINT('',(-32.7,-7.10000000000004,15.85));
#9457=CARTESIAN_POINT('',(-32.9,-7.10000000000004,14.85));
#9458=CARTESIAN_POINT('',(-32.9,-7.10000000000004,15.85));
#9459=CARTESIAN_POINT('',(-32.1,-7.10000000000004,14.85));
#9460=CARTESIAN_POINT('',(-32.1,-7.10000000000004,14.85));
#9461=CARTESIAN_POINT('',(-32.1,-7.10000000000004,15.85));
#9462=CARTESIAN_POINT('Origin',(-32.9,-8.7,15.85));
#9463=CARTESIAN_POINT('',(-32.9,-8.7,15.85));
#9464=CARTESIAN_POINT('',(-32.9,-8.9,15.85));
#9465=CARTESIAN_POINT('',(-32.9,-8.7,14.85));
#9466=CARTESIAN_POINT('',(-32.9,-8.7,15.85));
#9467=CARTESIAN_POINT('',(-32.9,-7.10000000000004,14.85));
#9468=CARTESIAN_POINT('Origin',(-34.5,-8.7,15.85));
#9469=CARTESIAN_POINT('',(-34.5,-8.7,15.85));
#9470=CARTESIAN_POINT('',(-33.5,-8.7,15.85));
#9471=CARTESIAN_POINT('',(-34.5,-8.7,14.85));
#9472=CARTESIAN_POINT('',(-34.5,-8.7,15.85));
#9473=CARTESIAN_POINT('',(-34.5,-8.7,14.85));
#9474=CARTESIAN_POINT('Origin',(-34.5,-9.5,15.85));
#9475=CARTESIAN_POINT('',(-34.5,-9.5,15.85));
#9476=CARTESIAN_POINT('',(-34.5,-9.3,15.85));
#9477=CARTESIAN_POINT('',(-34.5,-9.5,14.85));
#9478=CARTESIAN_POINT('',(-34.5,-9.5,15.85));
#9479=CARTESIAN_POINT('',(-34.5,-9.5,14.85));
#9480=CARTESIAN_POINT('Origin',(-32.9,-9.5,15.85));
#9481=CARTESIAN_POINT('',(-32.9,-9.5,15.85));
#9482=CARTESIAN_POINT('',(-32.7,-9.5,15.85));
#9483=CARTESIAN_POINT('',(-32.9,-9.5,14.85));
#9484=CARTESIAN_POINT('',(-32.9,-9.5,15.85));
#9485=CARTESIAN_POINT('',(-30.5,-9.5,14.85));
#9486=CARTESIAN_POINT('Origin',(-32.9,-11.1,15.85));
#9487=CARTESIAN_POINT('',(-32.9,-11.1,15.85));
#9488=CARTESIAN_POINT('',(-32.9,-10.1,15.85));
#9489=CARTESIAN_POINT('',(-32.9,-11.1,14.85));
#9490=CARTESIAN_POINT('',(-32.9,-11.1,15.85));
#9491=CARTESIAN_POINT('',(-32.9,-7.10000000000004,14.85));
#9492=CARTESIAN_POINT('Origin',(-32.1,-11.1,15.85));
#9493=CARTESIAN_POINT('',(-32.1,-11.1,15.85));
#9494=CARTESIAN_POINT('',(-32.3,-11.1,15.85));
#9495=CARTESIAN_POINT('',(-32.1,-11.1,14.85));
#9496=CARTESIAN_POINT('',(-32.1,-11.1,15.85));
#9497=CARTESIAN_POINT('',(-32.9,-11.1,14.85));
#9498=CARTESIAN_POINT('Origin',(-32.1,-9.5,15.85));
#9499=CARTESIAN_POINT('',(-32.1,-9.5,15.85));
#9500=CARTESIAN_POINT('',(-32.1,-9.3,15.85));
#9501=CARTESIAN_POINT('',(-32.1,-9.5,14.85));
#9502=CARTESIAN_POINT('',(-32.1,-9.5,15.85));
#9503=CARTESIAN_POINT('',(-32.1,-11.1,14.85));
#9504=CARTESIAN_POINT('Origin',(-30.5,-9.5,15.85));
#9505=CARTESIAN_POINT('',(-30.5,-9.5,15.85));
#9506=CARTESIAN_POINT('',(-31.5,-9.5,15.85));
#9507=CARTESIAN_POINT('',(-30.5,-9.5,14.85));
#9508=CARTESIAN_POINT('',(-30.5,-9.5,15.85));
#9509=CARTESIAN_POINT('',(-30.5,-9.5,14.85));
#9510=CARTESIAN_POINT('Origin',(-30.5,-8.7,15.85));
#9511=CARTESIAN_POINT('',(-30.5,-8.7,15.85));
#9512=CARTESIAN_POINT('',(-30.5,-8.9,15.85));
#9513=CARTESIAN_POINT('',(-30.5,-8.7,14.85));
#9514=CARTESIAN_POINT('',(-30.5,-8.7,15.85));
#9515=CARTESIAN_POINT('',(-30.5,-8.7,14.85));
#9516=CARTESIAN_POINT('Origin',(-32.1,-8.7,15.85));
#9517=CARTESIAN_POINT('',(-32.1,-8.7,15.85));
#9518=CARTESIAN_POINT('',(-32.3,-8.7,15.85));
#9519=CARTESIAN_POINT('',(-32.1,-8.7,14.85));
#9520=CARTESIAN_POINT('',(-32.1,-8.7,15.85));
#9521=CARTESIAN_POINT('',(-34.5,-8.7,14.85));
#9522=CARTESIAN_POINT('Origin',(-32.1,-7.10000000000004,15.85));
#9523=CARTESIAN_POINT('',(-32.1,-8.10000000000002,15.85));
#9524=CARTESIAN_POINT('',(-32.1,-11.1,14.85));
#9525=CARTESIAN_POINT('Origin',(-32.5,-9.10000000000004,14.85));
#9526=CARTESIAN_POINT('Origin',(-32.5,-9.1,14.85));
#9527=CARTESIAN_POINT('',(-35.5,-9.1,15.85));
#9528=CARTESIAN_POINT('Origin',(-32.5,-9.1,15.85));
#9529=CARTESIAN_POINT('',(-36.5,-9.1,14.85));
#9530=CARTESIAN_POINT('Origin',(-35.5,-9.1,14.85));
#9531=CARTESIAN_POINT('',(-28.5,-9.1,14.85));
#9532=CARTESIAN_POINT('Origin',(-32.5,-9.1,14.85));
#9533=CARTESIAN_POINT('Origin',(-32.5,-9.1,14.85));
#9534=CARTESIAN_POINT('Origin',(-32.5,-9.1,13.85));
#9535=CARTESIAN_POINT('',(-28.5,-9.1,13.85));
#9536=CARTESIAN_POINT('Origin',(-32.5,-9.1,15.85));
#9537=CARTESIAN_POINT('Origin',(-37.5,-18.2,21.85));
#9538=CARTESIAN_POINT('Origin',(0.,0.,21.85));
#9539=CARTESIAN_POINT('',(-40.,-3.96741568543771E-31,21.85));
#9540=CARTESIAN_POINT('Origin',(-32.05,-4.32500000000001,-5.));
#9541=CARTESIAN_POINT('',(-31.55,-5.,-5.));
#9542=CARTESIAN_POINT('',(-32.05,-5.,-5.5));
#9543=CARTESIAN_POINT('Origin',(-32.05,-5.,-5.));
#9544=CARTESIAN_POINT('',(-32.05,-4.1,-5.5));
#9545=CARTESIAN_POINT('',(-32.05,-4.32500000000001,-5.5));
#9546=CARTESIAN_POINT('',(-31.55,-4.1,-5.));
#9547=CARTESIAN_POINT('Origin',(-32.05,-4.1,-5.));
#9548=CARTESIAN_POINT('',(-31.55,-4.32500000000001,-5.));
#9549=CARTESIAN_POINT('Origin',(-33.45,-4.1,0.));
#9550=CARTESIAN_POINT('',(-32.95,-4.1,-5.5));
#9551=CARTESIAN_POINT('',(-33.45,-4.1,-5.5));
#9552=CARTESIAN_POINT('',(-33.45,-4.1,-5.));
#9553=CARTESIAN_POINT('Origin',(-32.95,-4.1,-5.));
#9554=CARTESIAN_POINT('',(-33.45,-4.1,0.));
#9555=CARTESIAN_POINT('',(-33.45,-4.1,0.));
#9556=CARTESIAN_POINT('',(-31.55,-4.1,0.));
#9557=CARTESIAN_POINT('',(-16.725,-4.10000000000001,0.));
#9558=CARTESIAN_POINT('',(-31.55,-4.1,0.));
#9559=CARTESIAN_POINT('Origin',(-32.5,-4.55000000000001,-5.5));
#9560=CARTESIAN_POINT('',(-32.95,-5.00000000000001,-5.5));
#9561=CARTESIAN_POINT('',(-31.55,-5.,-5.5));
#9562=CARTESIAN_POINT('',(-32.95,-4.77500000000001,-5.5));
#9563=CARTESIAN_POINT('Origin',(-32.95,-4.77500000000001,-5.));
#9564=CARTESIAN_POINT('',(-33.45,-5.00000000000001,-5.));
#9565=CARTESIAN_POINT('Origin',(-32.95,-5.,-5.));
#9566=CARTESIAN_POINT('',(-33.45,-4.77500000000001,-5.));
#9567=CARTESIAN_POINT('Origin',(-33.45,-5.00000000000001,0.));
#9568=CARTESIAN_POINT('',(-33.45,-5.00000000000001,0.));
#9569=CARTESIAN_POINT('',(-33.45,-5.00000000000001,0.));
#9570=CARTESIAN_POINT('',(-33.45,-11.6,0.));
#9571=CARTESIAN_POINT('Origin',(-31.55,-5.,0.));
#9572=CARTESIAN_POINT('',(-31.55,-5.,0.));
#9573=CARTESIAN_POINT('',(-31.55,-5.,0.));
#9574=CARTESIAN_POINT('',(-15.775,-5.,0.));
#9575=CARTESIAN_POINT('Origin',(-31.55,-4.1,0.));
#9576=CARTESIAN_POINT('',(-31.55,-11.15,0.));
#9577=CARTESIAN_POINT('Origin',(-51.,-17.7,21.35));
#9578=CARTESIAN_POINT('',(-50.5,-17.7,21.35));
#9579=CARTESIAN_POINT('Origin',(-51.,-17.7,21.35));
#9580=CARTESIAN_POINT('Origin',(-51.,-17.7,21.35));
#9581=CARTESIAN_POINT('Origin',(-51.,-0.5,21.35));
#9582=CARTESIAN_POINT('',(-50.5,-0.5,21.35));
#9583=CARTESIAN_POINT('Origin',(-51.,-0.5,21.35));
#9584=CARTESIAN_POINT('Origin',(-51.,-0.5,21.35));
#9585=CARTESIAN_POINT('Origin',(-51.,-9.1,21.35));
#9586=CARTESIAN_POINT('',(-50.5,-9.1,21.35));
#9587=CARTESIAN_POINT('Origin',(-51.,-17.7,21.85));
#9588=CARTESIAN_POINT('',(-50.5,-17.7,13.85));
#9589=CARTESIAN_POINT('',(-50.5,-17.7,21.85));
#9590=CARTESIAN_POINT('Origin',(-51.,-17.7,13.35));
#9591=CARTESIAN_POINT('Origin',(-51.,-0.5,10.925));
#9592=CARTESIAN_POINT('',(-50.5,-0.5,13.85));
#9593=CARTESIAN_POINT('',(-50.5,-0.5,10.925));
#9594=CARTESIAN_POINT('Origin',(-51.,-0.5,13.35));
#9595=CARTESIAN_POINT('Origin',(-40.,-3.96741568543771E-31,21.35));
#9596=CARTESIAN_POINT('',(-40.5,-3.96741568543771E-31,21.35));
#9597=CARTESIAN_POINT('Origin',(-40.,-0.5,10.925));
#9598=CARTESIAN_POINT('',(-40.5,-0.5,13.85));
#9599=CARTESIAN_POINT('Origin',(-40.,-0.5,13.35));
#9600=CARTESIAN_POINT('',(-40.5,-0.5,10.925));
#9601=CARTESIAN_POINT('Origin',(-22.75,-0.5,13.35));
#9602=CARTESIAN_POINT('',(-22.75,-0.5,13.85));
#9603=CARTESIAN_POINT('Origin',(-22.75,-17.7,13.35));
#9604=CARTESIAN_POINT('',(-22.75,-17.7,13.85));
#9605=CARTESIAN_POINT('Origin',(-45.5,-9.1,13.85));
#9606=CARTESIAN_POINT('',(-40.5,-7.93483137087541E-31,13.85));
#9607=CARTESIAN_POINT('',(-50.5,-18.2,13.85));
#9608=CARTESIAN_POINT('',(-41.5,-9.1,13.85));
#9609=CARTESIAN_POINT('Origin',(-45.5,-9.1,13.85));
#9610=CARTESIAN_POINT('Origin',(-40.5,-7.93483137087541E-31,21.85));
#9611=CARTESIAN_POINT('Origin',(-53.5,-9.1,10.925));
#9612=CARTESIAN_POINT('',(-53.5,0.,0.));
#9613=CARTESIAN_POINT('Origin',(-45.9,-7.10000000000004,15.85));
#9614=CARTESIAN_POINT('',(-45.9,-7.10000000000004,15.85));
#9615=CARTESIAN_POINT('',(-45.1,-7.10000000000004,15.85));
#9616=CARTESIAN_POINT('',(-45.7,-7.10000000000004,15.85));
#9617=CARTESIAN_POINT('',(-45.9,-7.10000000000004,14.85));
#9618=CARTESIAN_POINT('',(-45.9,-7.10000000000004,15.85));
#9619=CARTESIAN_POINT('',(-45.1,-7.10000000000004,14.85));
#9620=CARTESIAN_POINT('',(-45.1,-7.10000000000004,14.85));
#9621=CARTESIAN_POINT('',(-45.1,-7.10000000000004,15.85));
#9622=CARTESIAN_POINT('Origin',(-45.9,-8.7,15.85));
#9623=CARTESIAN_POINT('',(-45.9,-8.7,15.85));
#9624=CARTESIAN_POINT('',(-45.9,-8.9,15.85));
#9625=CARTESIAN_POINT('',(-45.9,-8.7,14.85));
#9626=CARTESIAN_POINT('',(-45.9,-8.7,15.85));
#9627=CARTESIAN_POINT('',(-45.9,-7.10000000000004,14.85));
#9628=CARTESIAN_POINT('Origin',(-47.5,-8.7,15.85));
#9629=CARTESIAN_POINT('',(-47.5,-8.7,15.85));
#9630=CARTESIAN_POINT('',(-46.5,-8.7,15.85));
#9631=CARTESIAN_POINT('',(-47.5,-8.7,14.85));
#9632=CARTESIAN_POINT('',(-47.5,-8.7,15.85));
#9633=CARTESIAN_POINT('',(-47.5,-8.7,14.85));
#9634=CARTESIAN_POINT('Origin',(-47.5,-9.5,15.85));
#9635=CARTESIAN_POINT('',(-47.5,-9.5,15.85));
#9636=CARTESIAN_POINT('',(-47.5,-9.3,15.85));
#9637=CARTESIAN_POINT('',(-47.5,-9.5,14.85));
#9638=CARTESIAN_POINT('',(-47.5,-9.5,15.85));
#9639=CARTESIAN_POINT('',(-47.5,-9.5,14.85));
#9640=CARTESIAN_POINT('Origin',(-45.9,-9.5,15.85));
#9641=CARTESIAN_POINT('',(-45.9,-9.5,15.85));
#9642=CARTESIAN_POINT('',(-45.7,-9.5,15.85));
#9643=CARTESIAN_POINT('',(-45.9,-9.5,14.85));
#9644=CARTESIAN_POINT('',(-45.9,-9.5,15.85));
#9645=CARTESIAN_POINT('',(-43.5,-9.5,14.85));
#9646=CARTESIAN_POINT('Origin',(-45.9,-11.1,15.85));
#9647=CARTESIAN_POINT('',(-45.9,-11.1,15.85));
#9648=CARTESIAN_POINT('',(-45.9,-10.1,15.85));
#9649=CARTESIAN_POINT('',(-45.9,-11.1,14.85));
#9650=CARTESIAN_POINT('',(-45.9,-11.1,15.85));
#9651=CARTESIAN_POINT('',(-45.9,-7.10000000000004,14.85));
#9652=CARTESIAN_POINT('Origin',(-45.1,-11.1,15.85));
#9653=CARTESIAN_POINT('',(-45.1,-11.1,15.85));
#9654=CARTESIAN_POINT('',(-45.3,-11.1,15.85));
#9655=CARTESIAN_POINT('',(-45.1,-11.1,14.85));
#9656=CARTESIAN_POINT('',(-45.1,-11.1,15.85));
#9657=CARTESIAN_POINT('',(-45.9,-11.1,14.85));
#9658=CARTESIAN_POINT('Origin',(-45.1,-9.5,15.85));
#9659=CARTESIAN_POINT('',(-45.1,-9.5,15.85));
#9660=CARTESIAN_POINT('',(-45.1,-9.3,15.85));
#9661=CARTESIAN_POINT('',(-45.1,-9.5,14.85));
#9662=CARTESIAN_POINT('',(-45.1,-9.5,15.85));
#9663=CARTESIAN_POINT('',(-45.1,-11.1,14.85));
#9664=CARTESIAN_POINT('Origin',(-43.5,-9.5,15.85));
#9665=CARTESIAN_POINT('',(-43.5,-9.5,15.85));
#9666=CARTESIAN_POINT('',(-44.5,-9.5,15.85));
#9667=CARTESIAN_POINT('',(-43.5,-9.5,14.85));
#9668=CARTESIAN_POINT('',(-43.5,-9.5,15.85));
#9669=CARTESIAN_POINT('',(-43.5,-9.5,14.85));
#9670=CARTESIAN_POINT('Origin',(-43.5,-8.7,15.85));
#9671=CARTESIAN_POINT('',(-43.5,-8.7,15.85));
#9672=CARTESIAN_POINT('',(-43.5,-8.9,15.85));
#9673=CARTESIAN_POINT('',(-43.5,-8.7,14.85));
#9674=CARTESIAN_POINT('',(-43.5,-8.7,15.85));
#9675=CARTESIAN_POINT('',(-43.5,-8.7,14.85));
#9676=CARTESIAN_POINT('Origin',(-45.1,-8.7,15.85));
#9677=CARTESIAN_POINT('',(-45.1,-8.7,15.85));
#9678=CARTESIAN_POINT('',(-45.3,-8.7,15.85));
#9679=CARTESIAN_POINT('',(-45.1,-8.7,14.85));
#9680=CARTESIAN_POINT('',(-45.1,-8.7,15.85));
#9681=CARTESIAN_POINT('',(-47.5,-8.7,14.85));
#9682=CARTESIAN_POINT('Origin',(-45.1,-7.10000000000004,15.85));
#9683=CARTESIAN_POINT('',(-45.1,-8.10000000000002,15.85));
#9684=CARTESIAN_POINT('',(-45.1,-11.1,14.85));
#9685=CARTESIAN_POINT('Origin',(-45.5,-9.10000000000004,14.85));
#9686=CARTESIAN_POINT('Origin',(-45.5,-9.1,14.85));
#9687=CARTESIAN_POINT('',(-48.5,-9.1,15.85));
#9688=CARTESIAN_POINT('Origin',(-45.5,-9.1,15.85));
#9689=CARTESIAN_POINT('',(-49.5,-9.1,14.85));
#9690=CARTESIAN_POINT('Origin',(-48.5,-9.1,14.85));
#9691=CARTESIAN_POINT('',(-41.5,-9.1,14.85));
#9692=CARTESIAN_POINT('Origin',(-45.5,-9.1,14.85));
#9693=CARTESIAN_POINT('Origin',(-45.5,-9.1,14.85));
#9694=CARTESIAN_POINT('Origin',(-45.5,-9.1,13.85));
#9695=CARTESIAN_POINT('',(-41.5,-9.1,13.85));
#9696=CARTESIAN_POINT('Origin',(-45.5,-9.1,15.85));
#9697=CARTESIAN_POINT('Origin',(-50.5,-18.2,21.85));
#9698=CARTESIAN_POINT('Origin',(-45.05,-4.32500000000001,-5.));
#9699=CARTESIAN_POINT('',(-44.55,-5.,-5.));
#9700=CARTESIAN_POINT('',(-45.05,-5.,-5.5));
#9701=CARTESIAN_POINT('Origin',(-45.05,-5.,-5.));
#9702=CARTESIAN_POINT('',(-45.05,-4.1,-5.5));
#9703=CARTESIAN_POINT('',(-45.05,-4.32500000000001,-5.5));
#9704=CARTESIAN_POINT('',(-44.55,-4.1,-5.));
#9705=CARTESIAN_POINT('Origin',(-45.05,-4.1,-5.));
#9706=CARTESIAN_POINT('',(-44.55,-4.32500000000001,-5.));
#9707=CARTESIAN_POINT('Origin',(-46.45,-4.1,0.));
#9708=CARTESIAN_POINT('',(-45.95,-4.1,-5.5));
#9709=CARTESIAN_POINT('',(-46.45,-4.1,-5.5));
#9710=CARTESIAN_POINT('',(-46.45,-4.1,-5.));
#9711=CARTESIAN_POINT('Origin',(-45.95,-4.1,-5.));
#9712=CARTESIAN_POINT('',(-46.45,-4.1,0.));
#9713=CARTESIAN_POINT('',(-46.45,-4.1,0.));
#9714=CARTESIAN_POINT('',(-44.55,-4.1,0.));
#9715=CARTESIAN_POINT('',(-23.225,-4.10000000000001,0.));
#9716=CARTESIAN_POINT('',(-44.55,-4.1,0.));
#9717=CARTESIAN_POINT('Origin',(-45.5,-4.55000000000001,-5.5));
#9718=CARTESIAN_POINT('',(-45.95,-5.00000000000001,-5.5));
#9719=CARTESIAN_POINT('',(-44.55,-5.,-5.5));
#9720=CARTESIAN_POINT('',(-45.95,-4.77500000000001,-5.5));
#9721=CARTESIAN_POINT('Origin',(-45.95,-4.77500000000001,-5.));
#9722=CARTESIAN_POINT('',(-46.45,-5.00000000000001,-5.));
#9723=CARTESIAN_POINT('Origin',(-45.95,-5.,-5.));
#9724=CARTESIAN_POINT('',(-46.45,-4.77500000000001,-5.));
#9725=CARTESIAN_POINT('Origin',(-46.45,-5.00000000000001,0.));
#9726=CARTESIAN_POINT('',(-46.45,-5.00000000000001,0.));
#9727=CARTESIAN_POINT('',(-46.45,-5.00000000000001,0.));
#9728=CARTESIAN_POINT('',(-46.45,-11.6,0.));
#9729=CARTESIAN_POINT('Origin',(-44.55,-5.,0.));
#9730=CARTESIAN_POINT('',(-44.55,-5.,0.));
#9731=CARTESIAN_POINT('',(-44.55,-5.,0.));
#9732=CARTESIAN_POINT('',(-22.275,-4.99999999999999,0.));
#9733=CARTESIAN_POINT('Origin',(-44.55,-4.1,0.));
#9734=CARTESIAN_POINT('',(-44.55,-11.15,0.));
#9735=CARTESIAN_POINT('Origin',(0.,-18.2,0.));
#9736=UNCERTAINTY_MEASURE_WITH_UNIT(LENGTH_MEASURE(0.01),#9740,
'DISTANCE_ACCURACY_VALUE',
'Maximum model space distance between geometric entities at asserted c
onnectivities');
#9737=UNCERTAINTY_MEASURE_WITH_UNIT(LENGTH_MEASURE(0.01),#9740,
'DISTANCE_ACCURACY_VALUE',
'Maximum model space distance between geometric entities at asserted c
onnectivities');
#9738=(
GEOMETRIC_REPRESENTATION_CONTEXT(3)
GLOBAL_UNCERTAINTY_ASSIGNED_CONTEXT((#9736))
GLOBAL_UNIT_ASSIGNED_CONTEXT((#9740,#9742,#9743))
REPRESENTATION_CONTEXT('','3D')
);
#9739=(
GEOMETRIC_REPRESENTATION_CONTEXT(3)
GLOBAL_UNCERTAINTY_ASSIGNED_CONTEXT((#9737))
GLOBAL_UNIT_ASSIGNED_CONTEXT((#9740,#9742,#9743))
REPRESENTATION_CONTEXT('','3D')
);
#9740=(
LENGTH_UNIT()
NAMED_UNIT(*)
SI_UNIT(.MILLI.,.METRE.)
);
#9741=(
LENGTH_UNIT()
NAMED_UNIT(*)
SI_UNIT($,.METRE.)
);
#9742=(
NAMED_UNIT(*)
PLANE_ANGLE_UNIT()
SI_UNIT($,.RADIAN.)
);
#9743=(
NAMED_UNIT(*)
SI_UNIT($,.STERADIAN.)
SOLID_ANGLE_UNIT()
);
#9744=SHAPE_DEFINITION_REPRESENTATION(#9745,#9746);
#9745=PRODUCT_DEFINITION_SHAPE('',$,#9748);
#9746=SHAPE_REPRESENTATION('',(#5819),#9738);
#9747=PRODUCT_DEFINITION_CONTEXT('part definition',#9752,'design');
#9748=PRODUCT_DEFINITION('KF78S-13.0-8P','KF78S-13.0-8P v2',#9749,#9747);
#9749=PRODUCT_DEFINITION_FORMATION('',$,#9754);
#9750=PRODUCT_RELATED_PRODUCT_CATEGORY('KF78S-13.0-8P v2',
'KF78S-13.0-8P v2',(#9754));
#9751=APPLICATION_PROTOCOL_DEFINITION('international standard',
'automotive_design',2009,#9752);
#9752=APPLICATION_CONTEXT(
'Core Data for Automotive Mechanical Design Process');
#9753=PRODUCT_CONTEXT('part definition',#9752,'mechanical');
#9754=PRODUCT('KF78S-13.0-8P','KF78S-13.0-8P v2',$,(#9753));
#9755=PRESENTATION_STYLE_ASSIGNMENT((#9758));
#9756=PRESENTATION_STYLE_ASSIGNMENT((#9759));
#9757=PRESENTATION_STYLE_ASSIGNMENT((#9760));
#9758=SURFACE_STYLE_USAGE(.BOTH.,#9761);
#9759=SURFACE_STYLE_USAGE(.BOTH.,#9762);
#9760=SURFACE_STYLE_USAGE(.BOTH.,#9763);
#9761=SURFACE_SIDE_STYLE('',(#9764));
#9762=SURFACE_SIDE_STYLE('',(#9765));
#9763=SURFACE_SIDE_STYLE('',(#9766));
#9764=SURFACE_STYLE_FILL_AREA(#9767);
#9765=SURFACE_STYLE_FILL_AREA(#9768);
#9766=SURFACE_STYLE_FILL_AREA(#9769);
#9767=FILL_AREA_STYLE('Steel - Satin',(#9770));
#9768=FILL_AREA_STYLE('ABS (White)',(#9771));
#9769=FILL_AREA_STYLE('Stainless Steel - Satin',(#9772));
#9770=FILL_AREA_STYLE_COLOUR('Steel - Satin',#9773);
#9771=FILL_AREA_STYLE_COLOUR('ABS (White)',#9774);
#9772=FILL_AREA_STYLE_COLOUR('Stainless Steel - Satin',#9775);
#9773=COLOUR_RGB('Steel - Satin',0.627450980392157,0.627450980392157,0.627450980392157);
#9774=COLOUR_RGB('ABS (White)',0.250980392156863,0.250980392156863,0.247058823529412);
#9775=COLOUR_RGB('Stainless Steel - Satin',0.796078431372549,0.796078431372549,
0.796078431372549);
ENDSEC;
END-ISO-10303-21;
