ISO-10303-21;
HEADER;
/* Generated by software containing ST-Developer
 * from STEP Tools, Inc. (www.steptools.com) 
 */

FILE_DESCRIPTION(
/* description */ (''),
/* implementation_level */ '2;1');

FILE_NAME(
/* name */ 'XFCN XF-508P-A-B v1.step',
/* time_stamp */ '2025-09-29T15:08:47-10:00',
/* author */ (''),
/* organization */ (''),
/* preprocessor_version */ 'ST-DEVELOPER v20.1',
/* originating_system */ 'Autodesk Translation Framework v14.17.0.0',
/* authorisation */ '');

FILE_SCHEMA (('AUTOMOTIVE_DESIGN { 1 0 10303 214 3 1 1 }'));
ENDSEC;

DATA;
#10=MECHANICAL_DESIGN_GEOMETRIC_PRESENTATION_REPRESENTATION('',(#13,#14,
#15,#16,#17),#2645);
#11=SHAPE_REPRESENTATION_RELATIONSHIP('SRR','None',#2652,#12);
#12=ADVANCED_BREP_SHAPE_REPRESENTATION('',(#18,#19,#20,#21,#22),#2644);
#13=STYLED_ITEM('',(#2662),#18);
#14=STYLED_ITEM('',(#2663),#19);
#15=STYLED_ITEM('',(#2663),#20);
#16=STYLED_ITEM('',(#2663),#21);
#17=STYLED_ITEM('',(#2663),#22);
#18=MANIFOLD_SOLID_BREP('Body1',#1593);
#19=MANIFOLD_SOLID_BREP('Body2',#1594);
#20=MANIFOLD_SOLID_BREP('Body3',#1595);
#21=MANIFOLD_SOLID_BREP('Body4',#1596);
#22=MANIFOLD_SOLID_BREP('Body5',#1597);
#23=CIRCLE('',#1663,0.3);
#24=CIRCLE('',#1664,0.3);
#25=CIRCLE('',#1665,0.3);
#26=CIRCLE('',#1667,0.3);
#27=CIRCLE('',#1669,0.3);
#28=CIRCLE('',#1670,0.3);
#29=CIRCLE('',#1671,0.3);
#30=CIRCLE('',#1673,0.3);
#31=CIRCLE('',#1676,0.3);
#32=CIRCLE('',#1677,0.3);
#33=CIRCLE('',#1678,0.3);
#34=CIRCLE('',#1680,0.3);
#35=CIRCLE('',#1682,0.3);
#36=CIRCLE('',#1683,0.3);
#37=CIRCLE('',#1684,0.3);
#38=CIRCLE('',#1686,0.3);
#39=SPHERICAL_SURFACE('',#1662,0.3);
#40=SPHERICAL_SURFACE('',#1668,0.3);
#41=SPHERICAL_SURFACE('',#1675,0.3);
#42=SPHERICAL_SURFACE('',#1681,0.3);
#43=FACE_BOUND('',#241,.T.);
#44=PLANE('',#1651);
#45=PLANE('',#1652);
#46=PLANE('',#1653);
#47=PLANE('',#1654);
#48=PLANE('',#1655);
#49=PLANE('',#1656);
#50=PLANE('',#1657);
#51=PLANE('',#1658);
#52=PLANE('',#1659);
#53=PLANE('',#1660);
#54=PLANE('',#1661);
#55=PLANE('',#1690);
#56=PLANE('',#1691);
#57=PLANE('',#1692);
#58=PLANE('',#1693);
#59=PLANE('',#1694);
#60=PLANE('',#1695);
#61=PLANE('',#1696);
#62=PLANE('',#1697);
#63=PLANE('',#1698);
#64=PLANE('',#1699);
#65=PLANE('',#1700);
#66=PLANE('',#1701);
#67=PLANE('',#1702);
#68=PLANE('',#1703);
#69=PLANE('',#1704);
#70=PLANE('',#1705);
#71=PLANE('',#1706);
#72=PLANE('',#1707);
#73=PLANE('',#1708);
#74=PLANE('',#1709);
#75=PLANE('',#1710);
#76=PLANE('',#1711);
#77=PLANE('',#1712);
#78=PLANE('',#1713);
#79=PLANE('',#1714);
#80=PLANE('',#1715);
#81=PLANE('',#1716);
#82=PLANE('',#1717);
#83=PLANE('',#1718);
#84=PLANE('',#1719);
#85=PLANE('',#1720);
#86=PLANE('',#1721);
#87=PLANE('',#1722);
#88=PLANE('',#1723);
#89=PLANE('',#1724);
#90=PLANE('',#1725);
#91=PLANE('',#1726);
#92=PLANE('',#1727);
#93=PLANE('',#1728);
#94=PLANE('',#1729);
#95=PLANE('',#1730);
#96=PLANE('',#1731);
#97=PLANE('',#1732);
#98=PLANE('',#1733);
#99=PLANE('',#1734);
#100=PLANE('',#1735);
#101=PLANE('',#1736);
#102=PLANE('',#1737);
#103=PLANE('',#1738);
#104=PLANE('',#1739);
#105=PLANE('',#1740);
#106=PLANE('',#1741);
#107=PLANE('',#1742);
#108=PLANE('',#1743);
#109=PLANE('',#1744);
#110=PLANE('',#1745);
#111=FACE_OUTER_BOUND('',#210,.T.);
#112=FACE_OUTER_BOUND('',#211,.T.);
#113=FACE_OUTER_BOUND('',#212,.T.);
#114=FACE_OUTER_BOUND('',#213,.T.);
#115=FACE_OUTER_BOUND('',#214,.T.);
#116=FACE_OUTER_BOUND('',#215,.T.);
#117=FACE_OUTER_BOUND('',#216,.T.);
#118=FACE_OUTER_BOUND('',#217,.T.);
#119=FACE_OUTER_BOUND('',#218,.T.);
#120=FACE_OUTER_BOUND('',#219,.T.);
#121=FACE_OUTER_BOUND('',#220,.T.);
#122=FACE_OUTER_BOUND('',#221,.T.);
#123=FACE_OUTER_BOUND('',#222,.T.);
#124=FACE_OUTER_BOUND('',#223,.T.);
#125=FACE_OUTER_BOUND('',#224,.T.);
#126=FACE_OUTER_BOUND('',#225,.T.);
#127=FACE_OUTER_BOUND('',#226,.T.);
#128=FACE_OUTER_BOUND('',#227,.T.);
#129=FACE_OUTER_BOUND('',#228,.T.);
#130=FACE_OUTER_BOUND('',#229,.T.);
#131=FACE_OUTER_BOUND('',#230,.T.);
#132=FACE_OUTER_BOUND('',#231,.T.);
#133=FACE_OUTER_BOUND('',#232,.T.);
#134=FACE_OUTER_BOUND('',#233,.T.);
#135=FACE_OUTER_BOUND('',#234,.T.);
#136=FACE_OUTER_BOUND('',#235,.T.);
#137=FACE_OUTER_BOUND('',#236,.T.);
#138=FACE_OUTER_BOUND('',#237,.T.);
#139=FACE_OUTER_BOUND('',#238,.T.);
#140=FACE_OUTER_BOUND('',#239,.T.);
#141=FACE_OUTER_BOUND('',#240,.T.);
#142=FACE_OUTER_BOUND('',#242,.T.);
#143=FACE_OUTER_BOUND('',#243,.T.);
#144=FACE_OUTER_BOUND('',#244,.T.);
#145=FACE_OUTER_BOUND('',#245,.T.);
#146=FACE_OUTER_BOUND('',#246,.T.);
#147=FACE_OUTER_BOUND('',#247,.T.);
#148=FACE_OUTER_BOUND('',#248,.T.);
#149=FACE_OUTER_BOUND('',#249,.T.);
#150=FACE_OUTER_BOUND('',#250,.T.);
#151=FACE_OUTER_BOUND('',#251,.T.);
#152=FACE_OUTER_BOUND('',#252,.T.);
#153=FACE_OUTER_BOUND('',#253,.T.);
#154=FACE_OUTER_BOUND('',#254,.T.);
#155=FACE_OUTER_BOUND('',#255,.T.);
#156=FACE_OUTER_BOUND('',#256,.T.);
#157=FACE_OUTER_BOUND('',#257,.T.);
#158=FACE_OUTER_BOUND('',#258,.T.);
#159=FACE_OUTER_BOUND('',#259,.T.);
#160=FACE_OUTER_BOUND('',#260,.T.);
#161=FACE_OUTER_BOUND('',#261,.T.);
#162=FACE_OUTER_BOUND('',#262,.T.);
#163=FACE_OUTER_BOUND('',#263,.T.);
#164=FACE_OUTER_BOUND('',#264,.T.);
#165=FACE_OUTER_BOUND('',#265,.T.);
#166=FACE_OUTER_BOUND('',#266,.T.);
#167=FACE_OUTER_BOUND('',#267,.T.);
#168=FACE_OUTER_BOUND('',#268,.T.);
#169=FACE_OUTER_BOUND('',#269,.T.);
#170=FACE_OUTER_BOUND('',#270,.T.);
#171=FACE_OUTER_BOUND('',#271,.T.);
#172=FACE_OUTER_BOUND('',#272,.T.);
#173=FACE_OUTER_BOUND('',#273,.T.);
#174=FACE_OUTER_BOUND('',#274,.T.);
#175=FACE_OUTER_BOUND('',#275,.T.);
#176=FACE_OUTER_BOUND('',#276,.T.);
#177=FACE_OUTER_BOUND('',#277,.T.);
#178=FACE_OUTER_BOUND('',#278,.T.);
#179=FACE_OUTER_BOUND('',#279,.T.);
#180=FACE_OUTER_BOUND('',#280,.T.);
#181=FACE_OUTER_BOUND('',#281,.T.);
#182=FACE_OUTER_BOUND('',#282,.T.);
#183=FACE_OUTER_BOUND('',#283,.T.);
#184=FACE_OUTER_BOUND('',#284,.T.);
#185=FACE_OUTER_BOUND('',#285,.T.);
#186=FACE_OUTER_BOUND('',#286,.T.);
#187=FACE_OUTER_BOUND('',#287,.T.);
#188=FACE_OUTER_BOUND('',#288,.T.);
#189=FACE_OUTER_BOUND('',#289,.T.);
#190=FACE_OUTER_BOUND('',#290,.T.);
#191=FACE_OUTER_BOUND('',#291,.T.);
#192=FACE_OUTER_BOUND('',#292,.T.);
#193=FACE_OUTER_BOUND('',#293,.T.);
#194=FACE_OUTER_BOUND('',#294,.T.);
#195=FACE_OUTER_BOUND('',#295,.T.);
#196=FACE_OUTER_BOUND('',#296,.T.);
#197=FACE_OUTER_BOUND('',#297,.T.);
#198=FACE_OUTER_BOUND('',#298,.T.);
#199=FACE_OUTER_BOUND('',#299,.T.);
#200=FACE_OUTER_BOUND('',#300,.T.);
#201=FACE_OUTER_BOUND('',#301,.T.);
#202=FACE_OUTER_BOUND('',#302,.T.);
#203=FACE_OUTER_BOUND('',#303,.T.);
#204=FACE_OUTER_BOUND('',#304,.T.);
#205=FACE_OUTER_BOUND('',#305,.T.);
#206=FACE_OUTER_BOUND('',#306,.T.);
#207=FACE_OUTER_BOUND('',#307,.T.);
#208=FACE_OUTER_BOUND('',#308,.T.);
#209=FACE_OUTER_BOUND('',#309,.T.);
#210=EDGE_LOOP('',(#1034,#1035,#1036,#1037));
#211=EDGE_LOOP('',(#1038,#1039,#1040,#1041));
#212=EDGE_LOOP('',(#1042,#1043,#1044,#1045));
#213=EDGE_LOOP('',(#1046,#1047,#1048,#1049));
#214=EDGE_LOOP('',(#1050,#1051,#1052,#1053));
#215=EDGE_LOOP('',(#1054,#1055,#1056,#1057));
#216=EDGE_LOOP('',(#1058,#1059,#1060,#1061));
#217=EDGE_LOOP('',(#1062,#1063,#1064,#1065));
#218=EDGE_LOOP('',(#1066,#1067,#1068,#1069));
#219=EDGE_LOOP('',(#1070,#1071,#1072,#1073));
#220=EDGE_LOOP('',(#1074,#1075,#1076,#1077));
#221=EDGE_LOOP('',(#1078,#1079,#1080,#1081));
#222=EDGE_LOOP('',(#1082,#1083,#1084,#1085));
#223=EDGE_LOOP('',(#1086,#1087,#1088,#1089));
#224=EDGE_LOOP('',(#1090,#1091,#1092,#1093));
#225=EDGE_LOOP('',(#1094,#1095,#1096,#1097));
#226=EDGE_LOOP('',(#1098,#1099,#1100,#1101));
#227=EDGE_LOOP('',(#1102,#1103,#1104,#1105));
#228=EDGE_LOOP('',(#1106,#1107,#1108,#1109));
#229=EDGE_LOOP('',(#1110,#1111,#1112,#1113));
#230=EDGE_LOOP('',(#1114,#1115,#1116,#1117));
#231=EDGE_LOOP('',(#1118,#1119,#1120,#1121));
#232=EDGE_LOOP('',(#1122,#1123,#1124,#1125));
#233=EDGE_LOOP('',(#1126,#1127,#1128,#1129));
#234=EDGE_LOOP('',(#1130,#1131,#1132,#1133));
#235=EDGE_LOOP('',(#1134,#1135,#1136,#1137));
#236=EDGE_LOOP('',(#1138,#1139,#1140,#1141));
#237=EDGE_LOOP('',(#1142,#1143,#1144,#1145));
#238=EDGE_LOOP('',(#1146,#1147,#1148,#1149));
#239=EDGE_LOOP('',(#1150,#1151,#1152,#1153));
#240=EDGE_LOOP('',(#1154,#1155,#1156,#1157));
#241=EDGE_LOOP('',(#1158,#1159,#1160,#1161,#1162,#1163,#1164,#1165,#1166,
#1167,#1168,#1169,#1170,#1171,#1172,#1173,#1174,#1175,#1176,#1177));
#242=EDGE_LOOP('',(#1178,#1179,#1180));
#243=EDGE_LOOP('',(#1181,#1182,#1183,#1184));
#244=EDGE_LOOP('',(#1185,#1186,#1187));
#245=EDGE_LOOP('',(#1188,#1189,#1190,#1191));
#246=EDGE_LOOP('',(#1192,#1193,#1194,#1195));
#247=EDGE_LOOP('',(#1196,#1197,#1198));
#248=EDGE_LOOP('',(#1199,#1200,#1201,#1202));
#249=EDGE_LOOP('',(#1203,#1204,#1205));
#250=EDGE_LOOP('',(#1206,#1207,#1208,#1209));
#251=EDGE_LOOP('',(#1210,#1211,#1212,#1213));
#252=EDGE_LOOP('',(#1214,#1215,#1216,#1217));
#253=EDGE_LOOP('',(#1218,#1219,#1220,#1221));
#254=EDGE_LOOP('',(#1222,#1223,#1224,#1225));
#255=EDGE_LOOP('',(#1226,#1227,#1228,#1229));
#256=EDGE_LOOP('',(#1230,#1231,#1232,#1233));
#257=EDGE_LOOP('',(#1234,#1235,#1236,#1237));
#258=EDGE_LOOP('',(#1238,#1239,#1240,#1241));
#259=EDGE_LOOP('',(#1242,#1243,#1244,#1245));
#260=EDGE_LOOP('',(#1246,#1247,#1248,#1249));
#261=EDGE_LOOP('',(#1250,#1251,#1252,#1253));
#262=EDGE_LOOP('',(#1254,#1255,#1256,#1257));
#263=EDGE_LOOP('',(#1258,#1259,#1260,#1261));
#264=EDGE_LOOP('',(#1262,#1263,#1264,#1265));
#265=EDGE_LOOP('',(#1266,#1267,#1268,#1269));
#266=EDGE_LOOP('',(#1270,#1271,#1272,#1273,#1274,#1275,#1276,#1277,#1278,
#1279,#1280,#1281,#1282,#1283,#1284,#1285,#1286,#1287,#1288,#1289));
#267=EDGE_LOOP('',(#1290,#1291,#1292,#1293));
#268=EDGE_LOOP('',(#1294,#1295,#1296,#1297));
#269=EDGE_LOOP('',(#1298,#1299,#1300,#1301,#1302,#1303,#1304,#1305));
#270=EDGE_LOOP('',(#1306,#1307,#1308,#1309));
#271=EDGE_LOOP('',(#1310,#1311,#1312,#1313));
#272=EDGE_LOOP('',(#1314,#1315,#1316,#1317));
#273=EDGE_LOOP('',(#1318,#1319,#1320,#1321));
#274=EDGE_LOOP('',(#1322,#1323,#1324,#1325));
#275=EDGE_LOOP('',(#1326,#1327,#1328,#1329));
#276=EDGE_LOOP('',(#1330,#1331,#1332,#1333));
#277=EDGE_LOOP('',(#1334,#1335,#1336,#1337));
#278=EDGE_LOOP('',(#1338,#1339,#1340,#1341));
#279=EDGE_LOOP('',(#1342,#1343,#1344,#1345));
#280=EDGE_LOOP('',(#1346,#1347,#1348,#1349));
#281=EDGE_LOOP('',(#1350,#1351,#1352,#1353));
#282=EDGE_LOOP('',(#1354,#1355,#1356,#1357));
#283=EDGE_LOOP('',(#1358,#1359,#1360,#1361));
#284=EDGE_LOOP('',(#1362,#1363,#1364,#1365));
#285=EDGE_LOOP('',(#1366,#1367,#1368,#1369));
#286=EDGE_LOOP('',(#1370,#1371,#1372,#1373));
#287=EDGE_LOOP('',(#1374,#1375,#1376,#1377));
#288=EDGE_LOOP('',(#1378,#1379,#1380,#1381));
#289=EDGE_LOOP('',(#1382,#1383,#1384,#1385));
#290=EDGE_LOOP('',(#1386,#1387,#1388,#1389));
#291=EDGE_LOOP('',(#1390,#1391,#1392,#1393));
#292=EDGE_LOOP('',(#1394,#1395,#1396,#1397));
#293=EDGE_LOOP('',(#1398,#1399,#1400,#1401));
#294=EDGE_LOOP('',(#1402,#1403,#1404,#1405));
#295=EDGE_LOOP('',(#1406,#1407,#1408,#1409));
#296=EDGE_LOOP('',(#1410,#1411,#1412,#1413));
#297=EDGE_LOOP('',(#1414,#1415,#1416,#1417));
#298=EDGE_LOOP('',(#1418,#1419,#1420,#1421));
#299=EDGE_LOOP('',(#1422,#1423,#1424,#1425));
#300=EDGE_LOOP('',(#1426,#1427,#1428,#1429));
#301=EDGE_LOOP('',(#1430,#1431,#1432,#1433));
#302=EDGE_LOOP('',(#1434,#1435,#1436,#1437));
#303=EDGE_LOOP('',(#1438,#1439,#1440,#1441));
#304=EDGE_LOOP('',(#1442,#1443,#1444,#1445));
#305=EDGE_LOOP('',(#1446,#1447,#1448,#1449));
#306=EDGE_LOOP('',(#1450,#1451,#1452,#1453));
#307=EDGE_LOOP('',(#1454,#1455,#1456,#1457));
#308=EDGE_LOOP('',(#1458,#1459,#1460,#1461));
#309=EDGE_LOOP('',(#1462,#1463,#1464,#1465));
#310=ELLIPSE('',#1612,0.424264068711929,0.3);
#311=ELLIPSE('',#1613,0.424264068711928,0.3);
#312=ELLIPSE('',#1615,0.424264068711928,0.3);
#313=ELLIPSE('',#1617,0.424264068711929,0.3);
#314=ELLIPSE('',#1619,0.424264068711929,0.3);
#315=ELLIPSE('',#1621,0.424264068711929,0.3);
#316=ELLIPSE('',#1623,0.424264068711928,0.3);
#317=ELLIPSE('',#1625,0.424264068711929,0.3);
#318=ELLIPSE('',#1627,0.424264068711928,0.3);
#319=ELLIPSE('',#1629,0.424264068711929,0.3);
#320=ELLIPSE('',#1631,0.424264068711928,0.3);
#321=ELLIPSE('',#1632,0.424264068711929,0.3);
#322=ELLIPSE('',#1634,0.424264068711929,0.3);
#323=ELLIPSE('',#1637,0.424264068711928,0.3);
#324=ELLIPSE('',#1639,0.424264068711929,0.3);
#325=ELLIPSE('',#1641,0.424264068711929,0.3);
#326=ELLIPSE('',#1643,0.424264068711928,0.3);
#327=ELLIPSE('',#1645,0.424264068711929,0.3);
#328=ELLIPSE('',#1647,0.424264068711928,0.3);
#329=ELLIPSE('',#1649,0.424264068711929,0.3);
#330=LINE('',#2202,#510);
#331=LINE('',#2206,#511);
#332=LINE('',#2210,#512);
#333=LINE('',#2213,#513);
#334=LINE('',#2216,#514);
#335=LINE('',#2219,#515);
#336=LINE('',#2222,#516);
#337=LINE('',#2225,#517);
#338=LINE('',#2228,#518);
#339=LINE('',#2231,#519);
#340=LINE('',#2234,#520);
#341=LINE('',#2237,#521);
#342=LINE('',#2240,#522);
#343=LINE('',#2243,#523);
#344=LINE('',#2246,#524);
#345=LINE('',#2249,#525);
#346=LINE('',#2252,#526);
#347=LINE('',#2255,#527);
#348=LINE('',#2259,#528);
#349=LINE('',#2263,#529);
#350=LINE('',#2267,#530);
#351=LINE('',#2269,#531);
#352=LINE('',#2272,#532);
#353=LINE('',#2273,#533);
#354=LINE('',#2276,#534);
#355=LINE('',#2278,#535);
#356=LINE('',#2282,#536);
#357=LINE('',#2284,#537);
#358=LINE('',#2288,#538);
#359=LINE('',#2290,#539);
#360=LINE('',#2294,#540);
#361=LINE('',#2296,#541);
#362=LINE('',#2300,#542);
#363=LINE('',#2302,#543);
#364=LINE('',#2306,#544);
#365=LINE('',#2308,#545);
#366=LINE('',#2312,#546);
#367=LINE('',#2314,#547);
#368=LINE('',#2317,#548);
#369=LINE('',#2318,#549);
#370=LINE('',#2321,#550);
#371=LINE('',#2323,#551);
#372=LINE('',#2324,#552);
#373=LINE('',#2327,#553);
#374=LINE('',#2328,#554);
#375=LINE('',#2331,#555);
#376=LINE('',#2332,#556);
#377=LINE('',#2335,#557);
#378=LINE('',#2336,#558);
#379=LINE('',#2339,#559);
#380=LINE('',#2340,#560);
#381=LINE('',#2343,#561);
#382=LINE('',#2344,#562);
#383=LINE('',#2347,#563);
#384=LINE('',#2348,#564);
#385=LINE('',#2351,#565);
#386=LINE('',#2352,#566);
#387=LINE('',#2355,#567);
#388=LINE('',#2356,#568);
#389=LINE('',#2359,#569);
#390=LINE('',#2360,#570);
#391=LINE('',#2364,#571);
#392=LINE('',#2366,#572);
#393=LINE('',#2368,#573);
#394=LINE('',#2369,#574);
#395=LINE('',#2380,#575);
#396=LINE('',#2381,#576);
#397=LINE('',#2392,#577);
#398=LINE('',#2393,#578);
#399=LINE('',#2395,#579);
#400=LINE('',#2406,#580);
#401=LINE('',#2407,#581);
#402=LINE('',#2418,#582);
#403=LINE('',#2419,#583);
#404=LINE('',#2421,#584);
#405=LINE('',#2423,#585);
#406=LINE('',#2425,#586);
#407=LINE('',#2427,#587);
#408=LINE('',#2429,#588);
#409=LINE('',#2432,#589);
#410=LINE('',#2433,#590);
#411=LINE('',#2436,#591);
#412=LINE('',#2437,#592);
#413=LINE('',#2440,#593);
#414=LINE('',#2441,#594);
#415=LINE('',#2444,#595);
#416=LINE('',#2445,#596);
#417=LINE('',#2448,#597);
#418=LINE('',#2449,#598);
#419=LINE('',#2452,#599);
#420=LINE('',#2453,#600);
#421=LINE('',#2456,#601);
#422=LINE('',#2457,#602);
#423=LINE('',#2460,#603);
#424=LINE('',#2461,#604);
#425=LINE('',#2464,#605);
#426=LINE('',#2465,#606);
#427=LINE('',#2467,#607);
#428=LINE('',#2470,#608);
#429=LINE('',#2472,#609);
#430=LINE('',#2477,#610);
#431=LINE('',#2479,#611);
#432=LINE('',#2481,#612);
#433=LINE('',#2482,#613);
#434=LINE('',#2485,#614);
#435=LINE('',#2487,#615);
#436=LINE('',#2488,#616);
#437=LINE('',#2491,#617);
#438=LINE('',#2493,#618);
#439=LINE('',#2494,#619);
#440=LINE('',#2496,#620);
#441=LINE('',#2497,#621);
#442=LINE('',#2500,#622);
#443=LINE('',#2502,#623);
#444=LINE('',#2503,#624);
#445=LINE('',#2506,#625);
#446=LINE('',#2507,#626);
#447=LINE('',#2511,#627);
#448=LINE('',#2512,#628);
#449=LINE('',#2514,#629);
#450=LINE('',#2519,#630);
#451=LINE('',#2521,#631);
#452=LINE('',#2523,#632);
#453=LINE('',#2524,#633);
#454=LINE('',#2527,#634);
#455=LINE('',#2529,#635);
#456=LINE('',#2530,#636);
#457=LINE('',#2533,#637);
#458=LINE('',#2535,#638);
#459=LINE('',#2536,#639);
#460=LINE('',#2538,#640);
#461=LINE('',#2539,#641);
#462=LINE('',#2542,#642);
#463=LINE('',#2544,#643);
#464=LINE('',#2545,#644);
#465=LINE('',#2548,#645);
#466=LINE('',#2549,#646);
#467=LINE('',#2553,#647);
#468=LINE('',#2554,#648);
#469=LINE('',#2556,#649);
#470=LINE('',#2561,#650);
#471=LINE('',#2563,#651);
#472=LINE('',#2565,#652);
#473=LINE('',#2566,#653);
#474=LINE('',#2569,#654);
#475=LINE('',#2571,#655);
#476=LINE('',#2572,#656);
#477=LINE('',#2575,#657);
#478=LINE('',#2577,#658);
#479=LINE('',#2578,#659);
#480=LINE('',#2580,#660);
#481=LINE('',#2581,#661);
#482=LINE('',#2584,#662);
#483=LINE('',#2586,#663);
#484=LINE('',#2587,#664);
#485=LINE('',#2590,#665);
#486=LINE('',#2591,#666);
#487=LINE('',#2595,#667);
#488=LINE('',#2596,#668);
#489=LINE('',#2598,#669);
#490=LINE('',#2603,#670);
#491=LINE('',#2605,#671);
#492=LINE('',#2607,#672);
#493=LINE('',#2608,#673);
#494=LINE('',#2611,#674);
#495=LINE('',#2613,#675);
#496=LINE('',#2614,#676);
#497=LINE('',#2617,#677);
#498=LINE('',#2619,#678);
#499=LINE('',#2620,#679);
#500=LINE('',#2622,#680);
#501=LINE('',#2623,#681);
#502=LINE('',#2626,#682);
#503=LINE('',#2628,#683);
#504=LINE('',#2629,#684);
#505=LINE('',#2632,#685);
#506=LINE('',#2633,#686);
#507=LINE('',#2637,#687);
#508=LINE('',#2638,#688);
#509=LINE('',#2640,#689);
#510=VECTOR('',#1750,10.);
#511=VECTOR('',#1753,10.);
#512=VECTOR('',#1758,10.);
#513=VECTOR('',#1761,10.);
#514=VECTOR('',#1764,10.);
#515=VECTOR('',#1767,10.);
#516=VECTOR('',#1770,10.);
#517=VECTOR('',#1773,10.);
#518=VECTOR('',#1776,10.);
#519=VECTOR('',#1779,10.);
#520=VECTOR('',#1782,10.);
#521=VECTOR('',#1785,10.);
#522=VECTOR('',#1788,10.);
#523=VECTOR('',#1791,10.);
#524=VECTOR('',#1794,10.);
#525=VECTOR('',#1797,10.);
#526=VECTOR('',#1800,10.);
#527=VECTOR('',#1803,10.);
#528=VECTOR('',#1806,10.);
#529=VECTOR('',#1809,10.);
#530=VECTOR('',#1814,10.);
#531=VECTOR('',#1815,10.);
#532=VECTOR('',#1820,10.);
#533=VECTOR('',#1821,10.);
#534=VECTOR('',#1824,10.);
#535=VECTOR('',#1825,10.);
#536=VECTOR('',#1830,10.);
#537=VECTOR('',#1831,10.);
#538=VECTOR('',#1836,10.);
#539=VECTOR('',#1837,10.);
#540=VECTOR('',#1842,10.);
#541=VECTOR('',#1843,10.);
#542=VECTOR('',#1848,10.);
#543=VECTOR('',#1849,10.);
#544=VECTOR('',#1854,10.);
#545=VECTOR('',#1855,10.);
#546=VECTOR('',#1860,10.);
#547=VECTOR('',#1861,10.);
#548=VECTOR('',#1866,10.);
#549=VECTOR('',#1867,10.);
#550=VECTOR('',#1870,10.);
#551=VECTOR('',#1871,10.);
#552=VECTOR('',#1872,10.);
#553=VECTOR('',#1875,10.);
#554=VECTOR('',#1876,10.);
#555=VECTOR('',#1879,10.);
#556=VECTOR('',#1880,10.);
#557=VECTOR('',#1883,10.);
#558=VECTOR('',#1884,10.);
#559=VECTOR('',#1887,10.);
#560=VECTOR('',#1888,10.);
#561=VECTOR('',#1891,10.);
#562=VECTOR('',#1892,10.);
#563=VECTOR('',#1895,10.);
#564=VECTOR('',#1896,10.);
#565=VECTOR('',#1899,10.);
#566=VECTOR('',#1900,10.);
#567=VECTOR('',#1903,10.);
#568=VECTOR('',#1904,10.);
#569=VECTOR('',#1907,10.);
#570=VECTOR('',#1908,10.);
#571=VECTOR('',#1911,10.);
#572=VECTOR('',#1912,10.);
#573=VECTOR('',#1913,10.);
#574=VECTOR('',#1914,10.);
#575=VECTOR('',#1927,10.);
#576=VECTOR('',#1928,10.);
#577=VECTOR('',#1941,10.);
#578=VECTOR('',#1942,10.);
#579=VECTOR('',#1945,10.);
#580=VECTOR('',#1958,10.);
#581=VECTOR('',#1959,10.);
#582=VECTOR('',#1972,10.);
#583=VECTOR('',#1973,10.);
#584=VECTOR('',#1976,10.);
#585=VECTOR('',#1979,10.);
#586=VECTOR('',#1982,10.);
#587=VECTOR('',#1985,10.);
#588=VECTOR('',#1988,10.);
#589=VECTOR('',#1991,10.);
#590=VECTOR('',#1992,10.);
#591=VECTOR('',#1995,10.);
#592=VECTOR('',#1996,10.);
#593=VECTOR('',#1999,10.);
#594=VECTOR('',#2000,10.);
#595=VECTOR('',#2003,10.);
#596=VECTOR('',#2004,10.);
#597=VECTOR('',#2007,10.);
#598=VECTOR('',#2008,10.);
#599=VECTOR('',#2011,10.);
#600=VECTOR('',#2012,10.);
#601=VECTOR('',#2015,10.);
#602=VECTOR('',#2016,10.);
#603=VECTOR('',#2019,10.);
#604=VECTOR('',#2020,10.);
#605=VECTOR('',#2023,10.);
#606=VECTOR('',#2024,10.);
#607=VECTOR('',#2027,10.);
#608=VECTOR('',#2032,10.);
#609=VECTOR('',#2035,10.);
#610=VECTOR('',#2040,10.);
#611=VECTOR('',#2041,10.);
#612=VECTOR('',#2042,10.);
#613=VECTOR('',#2043,10.);
#614=VECTOR('',#2046,10.);
#615=VECTOR('',#2047,10.);
#616=VECTOR('',#2048,10.);
#617=VECTOR('',#2051,10.);
#618=VECTOR('',#2052,10.);
#619=VECTOR('',#2053,10.);
#620=VECTOR('',#2056,10.);
#621=VECTOR('',#2057,10.);
#622=VECTOR('',#2060,10.);
#623=VECTOR('',#2061,10.);
#624=VECTOR('',#2062,10.);
#625=VECTOR('',#2065,10.);
#626=VECTOR('',#2066,10.);
#627=VECTOR('',#2071,10.);
#628=VECTOR('',#2072,10.);
#629=VECTOR('',#2075,10.);
#630=VECTOR('',#2080,10.);
#631=VECTOR('',#2081,10.);
#632=VECTOR('',#2082,10.);
#633=VECTOR('',#2083,10.);
#634=VECTOR('',#2086,10.);
#635=VECTOR('',#2087,10.);
#636=VECTOR('',#2088,10.);
#637=VECTOR('',#2091,10.);
#638=VECTOR('',#2092,10.);
#639=VECTOR('',#2093,10.);
#640=VECTOR('',#2096,10.);
#641=VECTOR('',#2097,10.);
#642=VECTOR('',#2100,10.);
#643=VECTOR('',#2101,10.);
#644=VECTOR('',#2102,10.);
#645=VECTOR('',#2105,10.);
#646=VECTOR('',#2106,10.);
#647=VECTOR('',#2111,10.);
#648=VECTOR('',#2112,10.);
#649=VECTOR('',#2115,10.);
#650=VECTOR('',#2120,10.);
#651=VECTOR('',#2121,10.);
#652=VECTOR('',#2122,10.);
#653=VECTOR('',#2123,10.);
#654=VECTOR('',#2126,10.);
#655=VECTOR('',#2127,10.);
#656=VECTOR('',#2128,10.);
#657=VECTOR('',#2131,10.);
#658=VECTOR('',#2132,10.);
#659=VECTOR('',#2133,10.);
#660=VECTOR('',#2136,10.);
#661=VECTOR('',#2137,10.);
#662=VECTOR('',#2140,10.);
#663=VECTOR('',#2141,10.);
#664=VECTOR('',#2142,10.);
#665=VECTOR('',#2145,10.);
#666=VECTOR('',#2146,10.);
#667=VECTOR('',#2151,10.);
#668=VECTOR('',#2152,10.);
#669=VECTOR('',#2155,10.);
#670=VECTOR('',#2160,10.);
#671=VECTOR('',#2161,10.);
#672=VECTOR('',#2162,10.);
#673=VECTOR('',#2163,10.);
#674=VECTOR('',#2166,10.);
#675=VECTOR('',#2167,10.);
#676=VECTOR('',#2168,10.);
#677=VECTOR('',#2171,10.);
#678=VECTOR('',#2172,10.);
#679=VECTOR('',#2173,10.);
#680=VECTOR('',#2176,10.);
#681=VECTOR('',#2177,10.);
#682=VECTOR('',#2180,10.);
#683=VECTOR('',#2181,10.);
#684=VECTOR('',#2182,10.);
#685=VECTOR('',#2185,10.);
#686=VECTOR('',#2186,10.);
#687=VECTOR('',#2191,10.);
#688=VECTOR('',#2192,10.);
#689=VECTOR('',#2195,10.);
#690=VERTEX_POINT('',#2200);
#691=VERTEX_POINT('',#2201);
#692=VERTEX_POINT('',#2203);
#693=VERTEX_POINT('',#2205);
#694=VERTEX_POINT('',#2209);
#695=VERTEX_POINT('',#2211);
#696=VERTEX_POINT('',#2215);
#697=VERTEX_POINT('',#2217);
#698=VERTEX_POINT('',#2221);
#699=VERTEX_POINT('',#2223);
#700=VERTEX_POINT('',#2227);
#701=VERTEX_POINT('',#2229);
#702=VERTEX_POINT('',#2233);
#703=VERTEX_POINT('',#2235);
#704=VERTEX_POINT('',#2239);
#705=VERTEX_POINT('',#2241);
#706=VERTEX_POINT('',#2245);
#707=VERTEX_POINT('',#2247);
#708=VERTEX_POINT('',#2251);
#709=VERTEX_POINT('',#2253);
#710=VERTEX_POINT('',#2257);
#711=VERTEX_POINT('',#2258);
#712=VERTEX_POINT('',#2260);
#713=VERTEX_POINT('',#2262);
#714=VERTEX_POINT('',#2266);
#715=VERTEX_POINT('',#2268);
#716=VERTEX_POINT('',#2275);
#717=VERTEX_POINT('',#2277);
#718=VERTEX_POINT('',#2281);
#719=VERTEX_POINT('',#2283);
#720=VERTEX_POINT('',#2287);
#721=VERTEX_POINT('',#2289);
#722=VERTEX_POINT('',#2293);
#723=VERTEX_POINT('',#2295);
#724=VERTEX_POINT('',#2299);
#725=VERTEX_POINT('',#2301);
#726=VERTEX_POINT('',#2305);
#727=VERTEX_POINT('',#2307);
#728=VERTEX_POINT('',#2311);
#729=VERTEX_POINT('',#2313);
#730=VERTEX_POINT('',#2320);
#731=VERTEX_POINT('',#2322);
#732=VERTEX_POINT('',#2326);
#733=VERTEX_POINT('',#2330);
#734=VERTEX_POINT('',#2334);
#735=VERTEX_POINT('',#2338);
#736=VERTEX_POINT('',#2342);
#737=VERTEX_POINT('',#2346);
#738=VERTEX_POINT('',#2350);
#739=VERTEX_POINT('',#2354);
#740=VERTEX_POINT('',#2358);
#741=VERTEX_POINT('',#2362);
#742=VERTEX_POINT('',#2363);
#743=VERTEX_POINT('',#2365);
#744=VERTEX_POINT('',#2367);
#745=VERTEX_POINT('',#2371);
#746=VERTEX_POINT('',#2373);
#747=VERTEX_POINT('',#2377);
#748=VERTEX_POINT('',#2378);
#749=VERTEX_POINT('',#2383);
#750=VERTEX_POINT('',#2385);
#751=VERTEX_POINT('',#2389);
#752=VERTEX_POINT('',#2390);
#753=VERTEX_POINT('',#2397);
#754=VERTEX_POINT('',#2399);
#755=VERTEX_POINT('',#2403);
#756=VERTEX_POINT('',#2404);
#757=VERTEX_POINT('',#2409);
#758=VERTEX_POINT('',#2411);
#759=VERTEX_POINT('',#2415);
#760=VERTEX_POINT('',#2416);
#761=VERTEX_POINT('',#2431);
#762=VERTEX_POINT('',#2435);
#763=VERTEX_POINT('',#2439);
#764=VERTEX_POINT('',#2443);
#765=VERTEX_POINT('',#2447);
#766=VERTEX_POINT('',#2451);
#767=VERTEX_POINT('',#2455);
#768=VERTEX_POINT('',#2459);
#769=VERTEX_POINT('',#2463);
#770=VERTEX_POINT('',#2475);
#771=VERTEX_POINT('',#2476);
#772=VERTEX_POINT('',#2478);
#773=VERTEX_POINT('',#2480);
#774=VERTEX_POINT('',#2484);
#775=VERTEX_POINT('',#2486);
#776=VERTEX_POINT('',#2490);
#777=VERTEX_POINT('',#2492);
#778=VERTEX_POINT('',#2499);
#779=VERTEX_POINT('',#2501);
#780=VERTEX_POINT('',#2505);
#781=VERTEX_POINT('',#2510);
#782=VERTEX_POINT('',#2517);
#783=VERTEX_POINT('',#2518);
#784=VERTEX_POINT('',#2520);
#785=VERTEX_POINT('',#2522);
#786=VERTEX_POINT('',#2526);
#787=VERTEX_POINT('',#2528);
#788=VERTEX_POINT('',#2532);
#789=VERTEX_POINT('',#2534);
#790=VERTEX_POINT('',#2541);
#791=VERTEX_POINT('',#2543);
#792=VERTEX_POINT('',#2547);
#793=VERTEX_POINT('',#2552);
#794=VERTEX_POINT('',#2559);
#795=VERTEX_POINT('',#2560);
#796=VERTEX_POINT('',#2562);
#797=VERTEX_POINT('',#2564);
#798=VERTEX_POINT('',#2568);
#799=VERTEX_POINT('',#2570);
#800=VERTEX_POINT('',#2574);
#801=VERTEX_POINT('',#2576);
#802=VERTEX_POINT('',#2583);
#803=VERTEX_POINT('',#2585);
#804=VERTEX_POINT('',#2589);
#805=VERTEX_POINT('',#2594);
#806=VERTEX_POINT('',#2601);
#807=VERTEX_POINT('',#2602);
#808=VERTEX_POINT('',#2604);
#809=VERTEX_POINT('',#2606);
#810=VERTEX_POINT('',#2610);
#811=VERTEX_POINT('',#2612);
#812=VERTEX_POINT('',#2616);
#813=VERTEX_POINT('',#2618);
#814=VERTEX_POINT('',#2625);
#815=VERTEX_POINT('',#2627);
#816=VERTEX_POINT('',#2631);
#817=VERTEX_POINT('',#2636);
#818=EDGE_CURVE('',#690,#691,#330,.T.);
#819=EDGE_CURVE('',#691,#692,#310,.T.);
#820=EDGE_CURVE('',#692,#693,#331,.T.);
#821=EDGE_CURVE('',#690,#693,#311,.T.);
#822=EDGE_CURVE('',#691,#694,#332,.T.);
#823=EDGE_CURVE('',#694,#695,#312,.T.);
#824=EDGE_CURVE('',#695,#692,#333,.T.);
#825=EDGE_CURVE('',#694,#696,#334,.T.);
#826=EDGE_CURVE('',#696,#697,#313,.T.);
#827=EDGE_CURVE('',#697,#695,#335,.T.);
#828=EDGE_CURVE('',#696,#698,#336,.T.);
#829=EDGE_CURVE('',#698,#699,#314,.T.);
#830=EDGE_CURVE('',#699,#697,#337,.T.);
#831=EDGE_CURVE('',#698,#700,#338,.T.);
#832=EDGE_CURVE('',#700,#701,#315,.T.);
#833=EDGE_CURVE('',#701,#699,#339,.T.);
#834=EDGE_CURVE('',#700,#702,#340,.T.);
#835=EDGE_CURVE('',#702,#703,#316,.T.);
#836=EDGE_CURVE('',#703,#701,#341,.T.);
#837=EDGE_CURVE('',#702,#704,#342,.T.);
#838=EDGE_CURVE('',#704,#705,#317,.T.);
#839=EDGE_CURVE('',#705,#703,#343,.T.);
#840=EDGE_CURVE('',#704,#706,#344,.T.);
#841=EDGE_CURVE('',#706,#707,#318,.T.);
#842=EDGE_CURVE('',#707,#705,#345,.T.);
#843=EDGE_CURVE('',#706,#708,#346,.T.);
#844=EDGE_CURVE('',#708,#709,#319,.T.);
#845=EDGE_CURVE('',#709,#707,#347,.T.);
#846=EDGE_CURVE('',#710,#711,#348,.T.);
#847=EDGE_CURVE('',#711,#712,#320,.T.);
#848=EDGE_CURVE('',#712,#713,#349,.T.);
#849=EDGE_CURVE('',#713,#710,#321,.T.);
#850=EDGE_CURVE('',#714,#712,#350,.T.);
#851=EDGE_CURVE('',#711,#715,#351,.T.);
#852=EDGE_CURVE('',#715,#714,#322,.T.);
#853=EDGE_CURVE('',#708,#710,#352,.T.);
#854=EDGE_CURVE('',#713,#709,#353,.T.);
#855=EDGE_CURVE('',#716,#714,#354,.T.);
#856=EDGE_CURVE('',#715,#717,#355,.T.);
#857=EDGE_CURVE('',#717,#716,#323,.T.);
#858=EDGE_CURVE('',#718,#716,#356,.T.);
#859=EDGE_CURVE('',#717,#719,#357,.T.);
#860=EDGE_CURVE('',#719,#718,#324,.T.);
#861=EDGE_CURVE('',#720,#718,#358,.T.);
#862=EDGE_CURVE('',#719,#721,#359,.T.);
#863=EDGE_CURVE('',#721,#720,#325,.T.);
#864=EDGE_CURVE('',#722,#720,#360,.T.);
#865=EDGE_CURVE('',#721,#723,#361,.T.);
#866=EDGE_CURVE('',#723,#722,#326,.T.);
#867=EDGE_CURVE('',#724,#722,#362,.T.);
#868=EDGE_CURVE('',#723,#725,#363,.T.);
#869=EDGE_CURVE('',#725,#724,#327,.T.);
#870=EDGE_CURVE('',#726,#724,#364,.T.);
#871=EDGE_CURVE('',#725,#727,#365,.T.);
#872=EDGE_CURVE('',#727,#726,#328,.T.);
#873=EDGE_CURVE('',#728,#726,#366,.T.);
#874=EDGE_CURVE('',#727,#729,#367,.T.);
#875=EDGE_CURVE('',#729,#728,#329,.T.);
#876=EDGE_CURVE('',#693,#728,#368,.T.);
#877=EDGE_CURVE('',#729,#690,#369,.T.);
#878=EDGE_CURVE('',#695,#730,#370,.T.);
#879=EDGE_CURVE('',#730,#731,#371,.T.);
#880=EDGE_CURVE('',#692,#731,#372,.T.);
#881=EDGE_CURVE('',#697,#732,#373,.T.);
#882=EDGE_CURVE('',#732,#730,#374,.T.);
#883=EDGE_CURVE('',#699,#733,#375,.T.);
#884=EDGE_CURVE('',#733,#732,#376,.T.);
#885=EDGE_CURVE('',#701,#734,#377,.T.);
#886=EDGE_CURVE('',#734,#733,#378,.T.);
#887=EDGE_CURVE('',#703,#735,#379,.T.);
#888=EDGE_CURVE('',#735,#734,#380,.T.);
#889=EDGE_CURVE('',#705,#736,#381,.T.);
#890=EDGE_CURVE('',#736,#735,#382,.T.);
#891=EDGE_CURVE('',#707,#737,#383,.T.);
#892=EDGE_CURVE('',#737,#736,#384,.T.);
#893=EDGE_CURVE('',#709,#738,#385,.T.);
#894=EDGE_CURVE('',#738,#737,#386,.T.);
#895=EDGE_CURVE('',#713,#739,#387,.T.);
#896=EDGE_CURVE('',#739,#738,#388,.T.);
#897=EDGE_CURVE('',#712,#740,#389,.T.);
#898=EDGE_CURVE('',#740,#739,#390,.T.);
#899=EDGE_CURVE('',#741,#742,#391,.T.);
#900=EDGE_CURVE('',#743,#741,#392,.T.);
#901=EDGE_CURVE('',#744,#743,#393,.T.);
#902=EDGE_CURVE('',#742,#744,#394,.T.);
#903=EDGE_CURVE('',#745,#741,#23,.F.);
#904=EDGE_CURVE('',#746,#745,#24,.F.);
#905=EDGE_CURVE('',#741,#746,#25,.F.);
#906=EDGE_CURVE('',#747,#748,#26,.T.);
#907=EDGE_CURVE('',#748,#746,#395,.T.);
#908=EDGE_CURVE('',#745,#747,#396,.T.);
#909=EDGE_CURVE('',#749,#742,#27,.F.);
#910=EDGE_CURVE('',#750,#749,#28,.F.);
#911=EDGE_CURVE('',#742,#750,#29,.F.);
#912=EDGE_CURVE('',#751,#752,#30,.T.);
#913=EDGE_CURVE('',#752,#750,#397,.T.);
#914=EDGE_CURVE('',#749,#751,#398,.T.);
#915=EDGE_CURVE('',#750,#745,#399,.T.);
#916=EDGE_CURVE('',#753,#743,#31,.F.);
#917=EDGE_CURVE('',#754,#753,#32,.F.);
#918=EDGE_CURVE('',#743,#754,#33,.F.);
#919=EDGE_CURVE('',#755,#756,#34,.T.);
#920=EDGE_CURVE('',#756,#754,#400,.T.);
#921=EDGE_CURVE('',#753,#755,#401,.T.);
#922=EDGE_CURVE('',#757,#744,#35,.F.);
#923=EDGE_CURVE('',#758,#757,#36,.F.);
#924=EDGE_CURVE('',#744,#758,#37,.F.);
#925=EDGE_CURVE('',#759,#760,#38,.T.);
#926=EDGE_CURVE('',#760,#758,#402,.T.);
#927=EDGE_CURVE('',#757,#759,#403,.T.);
#928=EDGE_CURVE('',#758,#749,#404,.T.);
#929=EDGE_CURVE('',#754,#757,#405,.T.);
#930=EDGE_CURVE('',#746,#753,#406,.T.);
#931=EDGE_CURVE('',#752,#747,#407,.T.);
#932=EDGE_CURVE('',#760,#751,#408,.T.);
#933=EDGE_CURVE('',#714,#761,#409,.T.);
#934=EDGE_CURVE('',#761,#740,#410,.T.);
#935=EDGE_CURVE('',#716,#762,#411,.T.);
#936=EDGE_CURVE('',#762,#761,#412,.T.);
#937=EDGE_CURVE('',#718,#763,#413,.T.);
#938=EDGE_CURVE('',#763,#762,#414,.T.);
#939=EDGE_CURVE('',#720,#764,#415,.T.);
#940=EDGE_CURVE('',#764,#763,#416,.T.);
#941=EDGE_CURVE('',#722,#765,#417,.T.);
#942=EDGE_CURVE('',#765,#764,#418,.T.);
#943=EDGE_CURVE('',#724,#766,#419,.T.);
#944=EDGE_CURVE('',#766,#765,#420,.T.);
#945=EDGE_CURVE('',#726,#767,#421,.T.);
#946=EDGE_CURVE('',#767,#766,#422,.T.);
#947=EDGE_CURVE('',#728,#768,#423,.T.);
#948=EDGE_CURVE('',#768,#767,#424,.T.);
#949=EDGE_CURVE('',#693,#769,#425,.T.);
#950=EDGE_CURVE('',#769,#768,#426,.T.);
#951=EDGE_CURVE('',#731,#769,#427,.T.);
#952=EDGE_CURVE('',#756,#759,#428,.T.);
#953=EDGE_CURVE('',#748,#755,#429,.T.);
#954=EDGE_CURVE('',#770,#771,#430,.T.);
#955=EDGE_CURVE('',#771,#772,#431,.T.);
#956=EDGE_CURVE('',#772,#773,#432,.T.);
#957=EDGE_CURVE('',#770,#773,#433,.T.);
#958=EDGE_CURVE('',#771,#774,#434,.T.);
#959=EDGE_CURVE('',#774,#775,#435,.T.);
#960=EDGE_CURVE('',#775,#772,#436,.T.);
#961=EDGE_CURVE('',#774,#776,#437,.T.);
#962=EDGE_CURVE('',#776,#777,#438,.T.);
#963=EDGE_CURVE('',#777,#775,#439,.T.);
#964=EDGE_CURVE('',#773,#777,#440,.T.);
#965=EDGE_CURVE('',#776,#770,#441,.T.);
#966=EDGE_CURVE('',#778,#773,#442,.T.);
#967=EDGE_CURVE('',#778,#779,#443,.T.);
#968=EDGE_CURVE('',#779,#777,#444,.T.);
#969=EDGE_CURVE('',#780,#772,#445,.T.);
#970=EDGE_CURVE('',#780,#778,#446,.T.);
#971=EDGE_CURVE('',#781,#775,#447,.T.);
#972=EDGE_CURVE('',#781,#780,#448,.T.);
#973=EDGE_CURVE('',#779,#781,#449,.T.);
#974=EDGE_CURVE('',#782,#783,#450,.T.);
#975=EDGE_CURVE('',#783,#784,#451,.T.);
#976=EDGE_CURVE('',#784,#785,#452,.T.);
#977=EDGE_CURVE('',#782,#785,#453,.T.);
#978=EDGE_CURVE('',#783,#786,#454,.T.);
#979=EDGE_CURVE('',#786,#787,#455,.T.);
#980=EDGE_CURVE('',#787,#784,#456,.T.);
#981=EDGE_CURVE('',#786,#788,#457,.T.);
#982=EDGE_CURVE('',#788,#789,#458,.T.);
#983=EDGE_CURVE('',#789,#787,#459,.T.);
#984=EDGE_CURVE('',#785,#789,#460,.T.);
#985=EDGE_CURVE('',#788,#782,#461,.T.);
#986=EDGE_CURVE('',#790,#785,#462,.T.);
#987=EDGE_CURVE('',#790,#791,#463,.T.);
#988=EDGE_CURVE('',#791,#789,#464,.T.);
#989=EDGE_CURVE('',#792,#784,#465,.T.);
#990=EDGE_CURVE('',#792,#790,#466,.T.);
#991=EDGE_CURVE('',#793,#787,#467,.T.);
#992=EDGE_CURVE('',#793,#792,#468,.T.);
#993=EDGE_CURVE('',#791,#793,#469,.T.);
#994=EDGE_CURVE('',#794,#795,#470,.T.);
#995=EDGE_CURVE('',#795,#796,#471,.T.);
#996=EDGE_CURVE('',#796,#797,#472,.T.);
#997=EDGE_CURVE('',#794,#797,#473,.T.);
#998=EDGE_CURVE('',#795,#798,#474,.T.);
#999=EDGE_CURVE('',#798,#799,#475,.T.);
#1000=EDGE_CURVE('',#799,#796,#476,.T.);
#1001=EDGE_CURVE('',#798,#800,#477,.T.);
#1002=EDGE_CURVE('',#800,#801,#478,.T.);
#1003=EDGE_CURVE('',#801,#799,#479,.T.);
#1004=EDGE_CURVE('',#797,#801,#480,.T.);
#1005=EDGE_CURVE('',#800,#794,#481,.T.);
#1006=EDGE_CURVE('',#802,#797,#482,.T.);
#1007=EDGE_CURVE('',#802,#803,#483,.T.);
#1008=EDGE_CURVE('',#803,#801,#484,.T.);
#1009=EDGE_CURVE('',#804,#796,#485,.T.);
#1010=EDGE_CURVE('',#804,#802,#486,.T.);
#1011=EDGE_CURVE('',#805,#799,#487,.T.);
#1012=EDGE_CURVE('',#805,#804,#488,.T.);
#1013=EDGE_CURVE('',#803,#805,#489,.T.);
#1014=EDGE_CURVE('',#806,#807,#490,.T.);
#1015=EDGE_CURVE('',#807,#808,#491,.T.);
#1016=EDGE_CURVE('',#808,#809,#492,.T.);
#1017=EDGE_CURVE('',#806,#809,#493,.T.);
#1018=EDGE_CURVE('',#807,#810,#494,.T.);
#1019=EDGE_CURVE('',#810,#811,#495,.T.);
#1020=EDGE_CURVE('',#811,#808,#496,.T.);
#1021=EDGE_CURVE('',#810,#812,#497,.T.);
#1022=EDGE_CURVE('',#812,#813,#498,.T.);
#1023=EDGE_CURVE('',#813,#811,#499,.T.);
#1024=EDGE_CURVE('',#809,#813,#500,.T.);
#1025=EDGE_CURVE('',#812,#806,#501,.T.);
#1026=EDGE_CURVE('',#814,#809,#502,.T.);
#1027=EDGE_CURVE('',#814,#815,#503,.T.);
#1028=EDGE_CURVE('',#815,#813,#504,.T.);
#1029=EDGE_CURVE('',#816,#808,#505,.T.);
#1030=EDGE_CURVE('',#816,#814,#506,.T.);
#1031=EDGE_CURVE('',#817,#811,#507,.T.);
#1032=EDGE_CURVE('',#817,#816,#508,.T.);
#1033=EDGE_CURVE('',#815,#817,#509,.T.);
#1034=ORIENTED_EDGE('',*,*,#818,.T.);
#1035=ORIENTED_EDGE('',*,*,#819,.T.);
#1036=ORIENTED_EDGE('',*,*,#820,.T.);
#1037=ORIENTED_EDGE('',*,*,#821,.F.);
#1038=ORIENTED_EDGE('',*,*,#822,.T.);
#1039=ORIENTED_EDGE('',*,*,#823,.T.);
#1040=ORIENTED_EDGE('',*,*,#824,.T.);
#1041=ORIENTED_EDGE('',*,*,#819,.F.);
#1042=ORIENTED_EDGE('',*,*,#825,.T.);
#1043=ORIENTED_EDGE('',*,*,#826,.T.);
#1044=ORIENTED_EDGE('',*,*,#827,.T.);
#1045=ORIENTED_EDGE('',*,*,#823,.F.);
#1046=ORIENTED_EDGE('',*,*,#828,.T.);
#1047=ORIENTED_EDGE('',*,*,#829,.T.);
#1048=ORIENTED_EDGE('',*,*,#830,.T.);
#1049=ORIENTED_EDGE('',*,*,#826,.F.);
#1050=ORIENTED_EDGE('',*,*,#831,.T.);
#1051=ORIENTED_EDGE('',*,*,#832,.T.);
#1052=ORIENTED_EDGE('',*,*,#833,.T.);
#1053=ORIENTED_EDGE('',*,*,#829,.F.);
#1054=ORIENTED_EDGE('',*,*,#834,.T.);
#1055=ORIENTED_EDGE('',*,*,#835,.T.);
#1056=ORIENTED_EDGE('',*,*,#836,.T.);
#1057=ORIENTED_EDGE('',*,*,#832,.F.);
#1058=ORIENTED_EDGE('',*,*,#837,.T.);
#1059=ORIENTED_EDGE('',*,*,#838,.T.);
#1060=ORIENTED_EDGE('',*,*,#839,.T.);
#1061=ORIENTED_EDGE('',*,*,#835,.F.);
#1062=ORIENTED_EDGE('',*,*,#840,.T.);
#1063=ORIENTED_EDGE('',*,*,#841,.T.);
#1064=ORIENTED_EDGE('',*,*,#842,.T.);
#1065=ORIENTED_EDGE('',*,*,#838,.F.);
#1066=ORIENTED_EDGE('',*,*,#843,.T.);
#1067=ORIENTED_EDGE('',*,*,#844,.T.);
#1068=ORIENTED_EDGE('',*,*,#845,.T.);
#1069=ORIENTED_EDGE('',*,*,#841,.F.);
#1070=ORIENTED_EDGE('',*,*,#846,.T.);
#1071=ORIENTED_EDGE('',*,*,#847,.T.);
#1072=ORIENTED_EDGE('',*,*,#848,.T.);
#1073=ORIENTED_EDGE('',*,*,#849,.T.);
#1074=ORIENTED_EDGE('',*,*,#850,.T.);
#1075=ORIENTED_EDGE('',*,*,#847,.F.);
#1076=ORIENTED_EDGE('',*,*,#851,.T.);
#1077=ORIENTED_EDGE('',*,*,#852,.T.);
#1078=ORIENTED_EDGE('',*,*,#853,.T.);
#1079=ORIENTED_EDGE('',*,*,#849,.F.);
#1080=ORIENTED_EDGE('',*,*,#854,.T.);
#1081=ORIENTED_EDGE('',*,*,#844,.F.);
#1082=ORIENTED_EDGE('',*,*,#855,.T.);
#1083=ORIENTED_EDGE('',*,*,#852,.F.);
#1084=ORIENTED_EDGE('',*,*,#856,.T.);
#1085=ORIENTED_EDGE('',*,*,#857,.T.);
#1086=ORIENTED_EDGE('',*,*,#858,.T.);
#1087=ORIENTED_EDGE('',*,*,#857,.F.);
#1088=ORIENTED_EDGE('',*,*,#859,.T.);
#1089=ORIENTED_EDGE('',*,*,#860,.T.);
#1090=ORIENTED_EDGE('',*,*,#861,.T.);
#1091=ORIENTED_EDGE('',*,*,#860,.F.);
#1092=ORIENTED_EDGE('',*,*,#862,.T.);
#1093=ORIENTED_EDGE('',*,*,#863,.T.);
#1094=ORIENTED_EDGE('',*,*,#864,.T.);
#1095=ORIENTED_EDGE('',*,*,#863,.F.);
#1096=ORIENTED_EDGE('',*,*,#865,.T.);
#1097=ORIENTED_EDGE('',*,*,#866,.T.);
#1098=ORIENTED_EDGE('',*,*,#867,.T.);
#1099=ORIENTED_EDGE('',*,*,#866,.F.);
#1100=ORIENTED_EDGE('',*,*,#868,.T.);
#1101=ORIENTED_EDGE('',*,*,#869,.T.);
#1102=ORIENTED_EDGE('',*,*,#870,.T.);
#1103=ORIENTED_EDGE('',*,*,#869,.F.);
#1104=ORIENTED_EDGE('',*,*,#871,.T.);
#1105=ORIENTED_EDGE('',*,*,#872,.T.);
#1106=ORIENTED_EDGE('',*,*,#873,.T.);
#1107=ORIENTED_EDGE('',*,*,#872,.F.);
#1108=ORIENTED_EDGE('',*,*,#874,.T.);
#1109=ORIENTED_EDGE('',*,*,#875,.T.);
#1110=ORIENTED_EDGE('',*,*,#876,.T.);
#1111=ORIENTED_EDGE('',*,*,#875,.F.);
#1112=ORIENTED_EDGE('',*,*,#877,.T.);
#1113=ORIENTED_EDGE('',*,*,#821,.T.);
#1114=ORIENTED_EDGE('',*,*,#824,.F.);
#1115=ORIENTED_EDGE('',*,*,#878,.T.);
#1116=ORIENTED_EDGE('',*,*,#879,.T.);
#1117=ORIENTED_EDGE('',*,*,#880,.F.);
#1118=ORIENTED_EDGE('',*,*,#827,.F.);
#1119=ORIENTED_EDGE('',*,*,#881,.T.);
#1120=ORIENTED_EDGE('',*,*,#882,.T.);
#1121=ORIENTED_EDGE('',*,*,#878,.F.);
#1122=ORIENTED_EDGE('',*,*,#830,.F.);
#1123=ORIENTED_EDGE('',*,*,#883,.T.);
#1124=ORIENTED_EDGE('',*,*,#884,.T.);
#1125=ORIENTED_EDGE('',*,*,#881,.F.);
#1126=ORIENTED_EDGE('',*,*,#833,.F.);
#1127=ORIENTED_EDGE('',*,*,#885,.T.);
#1128=ORIENTED_EDGE('',*,*,#886,.T.);
#1129=ORIENTED_EDGE('',*,*,#883,.F.);
#1130=ORIENTED_EDGE('',*,*,#836,.F.);
#1131=ORIENTED_EDGE('',*,*,#887,.T.);
#1132=ORIENTED_EDGE('',*,*,#888,.T.);
#1133=ORIENTED_EDGE('',*,*,#885,.F.);
#1134=ORIENTED_EDGE('',*,*,#839,.F.);
#1135=ORIENTED_EDGE('',*,*,#889,.T.);
#1136=ORIENTED_EDGE('',*,*,#890,.T.);
#1137=ORIENTED_EDGE('',*,*,#887,.F.);
#1138=ORIENTED_EDGE('',*,*,#842,.F.);
#1139=ORIENTED_EDGE('',*,*,#891,.T.);
#1140=ORIENTED_EDGE('',*,*,#892,.T.);
#1141=ORIENTED_EDGE('',*,*,#889,.F.);
#1142=ORIENTED_EDGE('',*,*,#845,.F.);
#1143=ORIENTED_EDGE('',*,*,#893,.T.);
#1144=ORIENTED_EDGE('',*,*,#894,.T.);
#1145=ORIENTED_EDGE('',*,*,#891,.F.);
#1146=ORIENTED_EDGE('',*,*,#854,.F.);
#1147=ORIENTED_EDGE('',*,*,#895,.T.);
#1148=ORIENTED_EDGE('',*,*,#896,.T.);
#1149=ORIENTED_EDGE('',*,*,#893,.F.);
#1150=ORIENTED_EDGE('',*,*,#848,.F.);
#1151=ORIENTED_EDGE('',*,*,#897,.T.);
#1152=ORIENTED_EDGE('',*,*,#898,.T.);
#1153=ORIENTED_EDGE('',*,*,#895,.F.);
#1154=ORIENTED_EDGE('',*,*,#899,.F.);
#1155=ORIENTED_EDGE('',*,*,#900,.F.);
#1156=ORIENTED_EDGE('',*,*,#901,.F.);
#1157=ORIENTED_EDGE('',*,*,#902,.F.);
#1158=ORIENTED_EDGE('',*,*,#846,.F.);
#1159=ORIENTED_EDGE('',*,*,#853,.F.);
#1160=ORIENTED_EDGE('',*,*,#843,.F.);
#1161=ORIENTED_EDGE('',*,*,#840,.F.);
#1162=ORIENTED_EDGE('',*,*,#837,.F.);
#1163=ORIENTED_EDGE('',*,*,#834,.F.);
#1164=ORIENTED_EDGE('',*,*,#831,.F.);
#1165=ORIENTED_EDGE('',*,*,#828,.F.);
#1166=ORIENTED_EDGE('',*,*,#825,.F.);
#1167=ORIENTED_EDGE('',*,*,#822,.F.);
#1168=ORIENTED_EDGE('',*,*,#818,.F.);
#1169=ORIENTED_EDGE('',*,*,#877,.F.);
#1170=ORIENTED_EDGE('',*,*,#874,.F.);
#1171=ORIENTED_EDGE('',*,*,#871,.F.);
#1172=ORIENTED_EDGE('',*,*,#868,.F.);
#1173=ORIENTED_EDGE('',*,*,#865,.F.);
#1174=ORIENTED_EDGE('',*,*,#862,.F.);
#1175=ORIENTED_EDGE('',*,*,#859,.F.);
#1176=ORIENTED_EDGE('',*,*,#856,.F.);
#1177=ORIENTED_EDGE('',*,*,#851,.F.);
#1178=ORIENTED_EDGE('',*,*,#903,.F.);
#1179=ORIENTED_EDGE('',*,*,#904,.F.);
#1180=ORIENTED_EDGE('',*,*,#905,.F.);
#1181=ORIENTED_EDGE('',*,*,#906,.T.);
#1182=ORIENTED_EDGE('',*,*,#907,.T.);
#1183=ORIENTED_EDGE('',*,*,#904,.T.);
#1184=ORIENTED_EDGE('',*,*,#908,.T.);
#1185=ORIENTED_EDGE('',*,*,#909,.F.);
#1186=ORIENTED_EDGE('',*,*,#910,.F.);
#1187=ORIENTED_EDGE('',*,*,#911,.F.);
#1188=ORIENTED_EDGE('',*,*,#912,.T.);
#1189=ORIENTED_EDGE('',*,*,#913,.T.);
#1190=ORIENTED_EDGE('',*,*,#910,.T.);
#1191=ORIENTED_EDGE('',*,*,#914,.T.);
#1192=ORIENTED_EDGE('',*,*,#903,.T.);
#1193=ORIENTED_EDGE('',*,*,#899,.T.);
#1194=ORIENTED_EDGE('',*,*,#911,.T.);
#1195=ORIENTED_EDGE('',*,*,#915,.T.);
#1196=ORIENTED_EDGE('',*,*,#916,.F.);
#1197=ORIENTED_EDGE('',*,*,#917,.F.);
#1198=ORIENTED_EDGE('',*,*,#918,.F.);
#1199=ORIENTED_EDGE('',*,*,#919,.T.);
#1200=ORIENTED_EDGE('',*,*,#920,.T.);
#1201=ORIENTED_EDGE('',*,*,#917,.T.);
#1202=ORIENTED_EDGE('',*,*,#921,.T.);
#1203=ORIENTED_EDGE('',*,*,#922,.F.);
#1204=ORIENTED_EDGE('',*,*,#923,.F.);
#1205=ORIENTED_EDGE('',*,*,#924,.F.);
#1206=ORIENTED_EDGE('',*,*,#925,.T.);
#1207=ORIENTED_EDGE('',*,*,#926,.T.);
#1208=ORIENTED_EDGE('',*,*,#923,.T.);
#1209=ORIENTED_EDGE('',*,*,#927,.T.);
#1210=ORIENTED_EDGE('',*,*,#909,.T.);
#1211=ORIENTED_EDGE('',*,*,#902,.T.);
#1212=ORIENTED_EDGE('',*,*,#924,.T.);
#1213=ORIENTED_EDGE('',*,*,#928,.T.);
#1214=ORIENTED_EDGE('',*,*,#922,.T.);
#1215=ORIENTED_EDGE('',*,*,#901,.T.);
#1216=ORIENTED_EDGE('',*,*,#918,.T.);
#1217=ORIENTED_EDGE('',*,*,#929,.T.);
#1218=ORIENTED_EDGE('',*,*,#916,.T.);
#1219=ORIENTED_EDGE('',*,*,#900,.T.);
#1220=ORIENTED_EDGE('',*,*,#905,.T.);
#1221=ORIENTED_EDGE('',*,*,#930,.T.);
#1222=ORIENTED_EDGE('',*,*,#908,.F.);
#1223=ORIENTED_EDGE('',*,*,#915,.F.);
#1224=ORIENTED_EDGE('',*,*,#913,.F.);
#1225=ORIENTED_EDGE('',*,*,#931,.T.);
#1226=ORIENTED_EDGE('',*,*,#914,.F.);
#1227=ORIENTED_EDGE('',*,*,#928,.F.);
#1228=ORIENTED_EDGE('',*,*,#926,.F.);
#1229=ORIENTED_EDGE('',*,*,#932,.T.);
#1230=ORIENTED_EDGE('',*,*,#850,.F.);
#1231=ORIENTED_EDGE('',*,*,#933,.T.);
#1232=ORIENTED_EDGE('',*,*,#934,.T.);
#1233=ORIENTED_EDGE('',*,*,#897,.F.);
#1234=ORIENTED_EDGE('',*,*,#855,.F.);
#1235=ORIENTED_EDGE('',*,*,#935,.T.);
#1236=ORIENTED_EDGE('',*,*,#936,.T.);
#1237=ORIENTED_EDGE('',*,*,#933,.F.);
#1238=ORIENTED_EDGE('',*,*,#858,.F.);
#1239=ORIENTED_EDGE('',*,*,#937,.T.);
#1240=ORIENTED_EDGE('',*,*,#938,.T.);
#1241=ORIENTED_EDGE('',*,*,#935,.F.);
#1242=ORIENTED_EDGE('',*,*,#861,.F.);
#1243=ORIENTED_EDGE('',*,*,#939,.T.);
#1244=ORIENTED_EDGE('',*,*,#940,.T.);
#1245=ORIENTED_EDGE('',*,*,#937,.F.);
#1246=ORIENTED_EDGE('',*,*,#864,.F.);
#1247=ORIENTED_EDGE('',*,*,#941,.T.);
#1248=ORIENTED_EDGE('',*,*,#942,.T.);
#1249=ORIENTED_EDGE('',*,*,#939,.F.);
#1250=ORIENTED_EDGE('',*,*,#867,.F.);
#1251=ORIENTED_EDGE('',*,*,#943,.T.);
#1252=ORIENTED_EDGE('',*,*,#944,.T.);
#1253=ORIENTED_EDGE('',*,*,#941,.F.);
#1254=ORIENTED_EDGE('',*,*,#870,.F.);
#1255=ORIENTED_EDGE('',*,*,#945,.T.);
#1256=ORIENTED_EDGE('',*,*,#946,.T.);
#1257=ORIENTED_EDGE('',*,*,#943,.F.);
#1258=ORIENTED_EDGE('',*,*,#873,.F.);
#1259=ORIENTED_EDGE('',*,*,#947,.T.);
#1260=ORIENTED_EDGE('',*,*,#948,.T.);
#1261=ORIENTED_EDGE('',*,*,#945,.F.);
#1262=ORIENTED_EDGE('',*,*,#876,.F.);
#1263=ORIENTED_EDGE('',*,*,#949,.T.);
#1264=ORIENTED_EDGE('',*,*,#950,.T.);
#1265=ORIENTED_EDGE('',*,*,#947,.F.);
#1266=ORIENTED_EDGE('',*,*,#820,.F.);
#1267=ORIENTED_EDGE('',*,*,#880,.T.);
#1268=ORIENTED_EDGE('',*,*,#951,.T.);
#1269=ORIENTED_EDGE('',*,*,#949,.F.);
#1270=ORIENTED_EDGE('',*,*,#896,.F.);
#1271=ORIENTED_EDGE('',*,*,#898,.F.);
#1272=ORIENTED_EDGE('',*,*,#934,.F.);
#1273=ORIENTED_EDGE('',*,*,#936,.F.);
#1274=ORIENTED_EDGE('',*,*,#938,.F.);
#1275=ORIENTED_EDGE('',*,*,#940,.F.);
#1276=ORIENTED_EDGE('',*,*,#942,.F.);
#1277=ORIENTED_EDGE('',*,*,#944,.F.);
#1278=ORIENTED_EDGE('',*,*,#946,.F.);
#1279=ORIENTED_EDGE('',*,*,#948,.F.);
#1280=ORIENTED_EDGE('',*,*,#950,.F.);
#1281=ORIENTED_EDGE('',*,*,#951,.F.);
#1282=ORIENTED_EDGE('',*,*,#879,.F.);
#1283=ORIENTED_EDGE('',*,*,#882,.F.);
#1284=ORIENTED_EDGE('',*,*,#884,.F.);
#1285=ORIENTED_EDGE('',*,*,#886,.F.);
#1286=ORIENTED_EDGE('',*,*,#888,.F.);
#1287=ORIENTED_EDGE('',*,*,#890,.F.);
#1288=ORIENTED_EDGE('',*,*,#892,.F.);
#1289=ORIENTED_EDGE('',*,*,#894,.F.);
#1290=ORIENTED_EDGE('',*,*,#920,.F.);
#1291=ORIENTED_EDGE('',*,*,#952,.T.);
#1292=ORIENTED_EDGE('',*,*,#927,.F.);
#1293=ORIENTED_EDGE('',*,*,#929,.F.);
#1294=ORIENTED_EDGE('',*,*,#907,.F.);
#1295=ORIENTED_EDGE('',*,*,#953,.T.);
#1296=ORIENTED_EDGE('',*,*,#921,.F.);
#1297=ORIENTED_EDGE('',*,*,#930,.F.);
#1298=ORIENTED_EDGE('',*,*,#906,.F.);
#1299=ORIENTED_EDGE('',*,*,#931,.F.);
#1300=ORIENTED_EDGE('',*,*,#912,.F.);
#1301=ORIENTED_EDGE('',*,*,#932,.F.);
#1302=ORIENTED_EDGE('',*,*,#925,.F.);
#1303=ORIENTED_EDGE('',*,*,#952,.F.);
#1304=ORIENTED_EDGE('',*,*,#919,.F.);
#1305=ORIENTED_EDGE('',*,*,#953,.F.);
#1306=ORIENTED_EDGE('',*,*,#954,.T.);
#1307=ORIENTED_EDGE('',*,*,#955,.T.);
#1308=ORIENTED_EDGE('',*,*,#956,.T.);
#1309=ORIENTED_EDGE('',*,*,#957,.F.);
#1310=ORIENTED_EDGE('',*,*,#958,.T.);
#1311=ORIENTED_EDGE('',*,*,#959,.T.);
#1312=ORIENTED_EDGE('',*,*,#960,.T.);
#1313=ORIENTED_EDGE('',*,*,#955,.F.);
#1314=ORIENTED_EDGE('',*,*,#961,.T.);
#1315=ORIENTED_EDGE('',*,*,#962,.T.);
#1316=ORIENTED_EDGE('',*,*,#963,.T.);
#1317=ORIENTED_EDGE('',*,*,#959,.F.);
#1318=ORIENTED_EDGE('',*,*,#964,.T.);
#1319=ORIENTED_EDGE('',*,*,#962,.F.);
#1320=ORIENTED_EDGE('',*,*,#965,.T.);
#1321=ORIENTED_EDGE('',*,*,#957,.T.);
#1322=ORIENTED_EDGE('',*,*,#964,.F.);
#1323=ORIENTED_EDGE('',*,*,#966,.F.);
#1324=ORIENTED_EDGE('',*,*,#967,.T.);
#1325=ORIENTED_EDGE('',*,*,#968,.T.);
#1326=ORIENTED_EDGE('',*,*,#956,.F.);
#1327=ORIENTED_EDGE('',*,*,#969,.F.);
#1328=ORIENTED_EDGE('',*,*,#970,.T.);
#1329=ORIENTED_EDGE('',*,*,#966,.T.);
#1330=ORIENTED_EDGE('',*,*,#954,.F.);
#1331=ORIENTED_EDGE('',*,*,#965,.F.);
#1332=ORIENTED_EDGE('',*,*,#961,.F.);
#1333=ORIENTED_EDGE('',*,*,#958,.F.);
#1334=ORIENTED_EDGE('',*,*,#960,.F.);
#1335=ORIENTED_EDGE('',*,*,#971,.F.);
#1336=ORIENTED_EDGE('',*,*,#972,.T.);
#1337=ORIENTED_EDGE('',*,*,#969,.T.);
#1338=ORIENTED_EDGE('',*,*,#963,.F.);
#1339=ORIENTED_EDGE('',*,*,#968,.F.);
#1340=ORIENTED_EDGE('',*,*,#973,.T.);
#1341=ORIENTED_EDGE('',*,*,#971,.T.);
#1342=ORIENTED_EDGE('',*,*,#973,.F.);
#1343=ORIENTED_EDGE('',*,*,#967,.F.);
#1344=ORIENTED_EDGE('',*,*,#970,.F.);
#1345=ORIENTED_EDGE('',*,*,#972,.F.);
#1346=ORIENTED_EDGE('',*,*,#974,.T.);
#1347=ORIENTED_EDGE('',*,*,#975,.T.);
#1348=ORIENTED_EDGE('',*,*,#976,.T.);
#1349=ORIENTED_EDGE('',*,*,#977,.F.);
#1350=ORIENTED_EDGE('',*,*,#978,.T.);
#1351=ORIENTED_EDGE('',*,*,#979,.T.);
#1352=ORIENTED_EDGE('',*,*,#980,.T.);
#1353=ORIENTED_EDGE('',*,*,#975,.F.);
#1354=ORIENTED_EDGE('',*,*,#981,.T.);
#1355=ORIENTED_EDGE('',*,*,#982,.T.);
#1356=ORIENTED_EDGE('',*,*,#983,.T.);
#1357=ORIENTED_EDGE('',*,*,#979,.F.);
#1358=ORIENTED_EDGE('',*,*,#984,.T.);
#1359=ORIENTED_EDGE('',*,*,#982,.F.);
#1360=ORIENTED_EDGE('',*,*,#985,.T.);
#1361=ORIENTED_EDGE('',*,*,#977,.T.);
#1362=ORIENTED_EDGE('',*,*,#984,.F.);
#1363=ORIENTED_EDGE('',*,*,#986,.F.);
#1364=ORIENTED_EDGE('',*,*,#987,.T.);
#1365=ORIENTED_EDGE('',*,*,#988,.T.);
#1366=ORIENTED_EDGE('',*,*,#976,.F.);
#1367=ORIENTED_EDGE('',*,*,#989,.F.);
#1368=ORIENTED_EDGE('',*,*,#990,.T.);
#1369=ORIENTED_EDGE('',*,*,#986,.T.);
#1370=ORIENTED_EDGE('',*,*,#974,.F.);
#1371=ORIENTED_EDGE('',*,*,#985,.F.);
#1372=ORIENTED_EDGE('',*,*,#981,.F.);
#1373=ORIENTED_EDGE('',*,*,#978,.F.);
#1374=ORIENTED_EDGE('',*,*,#980,.F.);
#1375=ORIENTED_EDGE('',*,*,#991,.F.);
#1376=ORIENTED_EDGE('',*,*,#992,.T.);
#1377=ORIENTED_EDGE('',*,*,#989,.T.);
#1378=ORIENTED_EDGE('',*,*,#983,.F.);
#1379=ORIENTED_EDGE('',*,*,#988,.F.);
#1380=ORIENTED_EDGE('',*,*,#993,.T.);
#1381=ORIENTED_EDGE('',*,*,#991,.T.);
#1382=ORIENTED_EDGE('',*,*,#993,.F.);
#1383=ORIENTED_EDGE('',*,*,#987,.F.);
#1384=ORIENTED_EDGE('',*,*,#990,.F.);
#1385=ORIENTED_EDGE('',*,*,#992,.F.);
#1386=ORIENTED_EDGE('',*,*,#994,.T.);
#1387=ORIENTED_EDGE('',*,*,#995,.T.);
#1388=ORIENTED_EDGE('',*,*,#996,.T.);
#1389=ORIENTED_EDGE('',*,*,#997,.F.);
#1390=ORIENTED_EDGE('',*,*,#998,.T.);
#1391=ORIENTED_EDGE('',*,*,#999,.T.);
#1392=ORIENTED_EDGE('',*,*,#1000,.T.);
#1393=ORIENTED_EDGE('',*,*,#995,.F.);
#1394=ORIENTED_EDGE('',*,*,#1001,.T.);
#1395=ORIENTED_EDGE('',*,*,#1002,.T.);
#1396=ORIENTED_EDGE('',*,*,#1003,.T.);
#1397=ORIENTED_EDGE('',*,*,#999,.F.);
#1398=ORIENTED_EDGE('',*,*,#1004,.T.);
#1399=ORIENTED_EDGE('',*,*,#1002,.F.);
#1400=ORIENTED_EDGE('',*,*,#1005,.T.);
#1401=ORIENTED_EDGE('',*,*,#997,.T.);
#1402=ORIENTED_EDGE('',*,*,#1004,.F.);
#1403=ORIENTED_EDGE('',*,*,#1006,.F.);
#1404=ORIENTED_EDGE('',*,*,#1007,.T.);
#1405=ORIENTED_EDGE('',*,*,#1008,.T.);
#1406=ORIENTED_EDGE('',*,*,#996,.F.);
#1407=ORIENTED_EDGE('',*,*,#1009,.F.);
#1408=ORIENTED_EDGE('',*,*,#1010,.T.);
#1409=ORIENTED_EDGE('',*,*,#1006,.T.);
#1410=ORIENTED_EDGE('',*,*,#994,.F.);
#1411=ORIENTED_EDGE('',*,*,#1005,.F.);
#1412=ORIENTED_EDGE('',*,*,#1001,.F.);
#1413=ORIENTED_EDGE('',*,*,#998,.F.);
#1414=ORIENTED_EDGE('',*,*,#1000,.F.);
#1415=ORIENTED_EDGE('',*,*,#1011,.F.);
#1416=ORIENTED_EDGE('',*,*,#1012,.T.);
#1417=ORIENTED_EDGE('',*,*,#1009,.T.);
#1418=ORIENTED_EDGE('',*,*,#1003,.F.);
#1419=ORIENTED_EDGE('',*,*,#1008,.F.);
#1420=ORIENTED_EDGE('',*,*,#1013,.T.);
#1421=ORIENTED_EDGE('',*,*,#1011,.T.);
#1422=ORIENTED_EDGE('',*,*,#1013,.F.);
#1423=ORIENTED_EDGE('',*,*,#1007,.F.);
#1424=ORIENTED_EDGE('',*,*,#1010,.F.);
#1425=ORIENTED_EDGE('',*,*,#1012,.F.);
#1426=ORIENTED_EDGE('',*,*,#1014,.T.);
#1427=ORIENTED_EDGE('',*,*,#1015,.T.);
#1428=ORIENTED_EDGE('',*,*,#1016,.T.);
#1429=ORIENTED_EDGE('',*,*,#1017,.F.);
#1430=ORIENTED_EDGE('',*,*,#1018,.T.);
#1431=ORIENTED_EDGE('',*,*,#1019,.T.);
#1432=ORIENTED_EDGE('',*,*,#1020,.T.);
#1433=ORIENTED_EDGE('',*,*,#1015,.F.);
#1434=ORIENTED_EDGE('',*,*,#1021,.T.);
#1435=ORIENTED_EDGE('',*,*,#1022,.T.);
#1436=ORIENTED_EDGE('',*,*,#1023,.T.);
#1437=ORIENTED_EDGE('',*,*,#1019,.F.);
#1438=ORIENTED_EDGE('',*,*,#1024,.T.);
#1439=ORIENTED_EDGE('',*,*,#1022,.F.);
#1440=ORIENTED_EDGE('',*,*,#1025,.T.);
#1441=ORIENTED_EDGE('',*,*,#1017,.T.);
#1442=ORIENTED_EDGE('',*,*,#1024,.F.);
#1443=ORIENTED_EDGE('',*,*,#1026,.F.);
#1444=ORIENTED_EDGE('',*,*,#1027,.T.);
#1445=ORIENTED_EDGE('',*,*,#1028,.T.);
#1446=ORIENTED_EDGE('',*,*,#1016,.F.);
#1447=ORIENTED_EDGE('',*,*,#1029,.F.);
#1448=ORIENTED_EDGE('',*,*,#1030,.T.);
#1449=ORIENTED_EDGE('',*,*,#1026,.T.);
#1450=ORIENTED_EDGE('',*,*,#1014,.F.);
#1451=ORIENTED_EDGE('',*,*,#1025,.F.);
#1452=ORIENTED_EDGE('',*,*,#1021,.F.);
#1453=ORIENTED_EDGE('',*,*,#1018,.F.);
#1454=ORIENTED_EDGE('',*,*,#1020,.F.);
#1455=ORIENTED_EDGE('',*,*,#1031,.F.);
#1456=ORIENTED_EDGE('',*,*,#1032,.T.);
#1457=ORIENTED_EDGE('',*,*,#1029,.T.);
#1458=ORIENTED_EDGE('',*,*,#1023,.F.);
#1459=ORIENTED_EDGE('',*,*,#1028,.F.);
#1460=ORIENTED_EDGE('',*,*,#1033,.T.);
#1461=ORIENTED_EDGE('',*,*,#1031,.T.);
#1462=ORIENTED_EDGE('',*,*,#1033,.F.);
#1463=ORIENTED_EDGE('',*,*,#1027,.F.);
#1464=ORIENTED_EDGE('',*,*,#1030,.F.);
#1465=ORIENTED_EDGE('',*,*,#1032,.F.);
#1466=CYLINDRICAL_SURFACE('',#1611,0.3);
#1467=CYLINDRICAL_SURFACE('',#1614,0.3);
#1468=CYLINDRICAL_SURFACE('',#1616,0.3);
#1469=CYLINDRICAL_SURFACE('',#1618,0.3);
#1470=CYLINDRICAL_SURFACE('',#1620,0.3);
#1471=CYLINDRICAL_SURFACE('',#1622,0.3);
#1472=CYLINDRICAL_SURFACE('',#1624,0.3);
#1473=CYLINDRICAL_SURFACE('',#1626,0.3);
#1474=CYLINDRICAL_SURFACE('',#1628,0.3);
#1475=CYLINDRICAL_SURFACE('',#1630,0.3);
#1476=CYLINDRICAL_SURFACE('',#1633,0.3);
#1477=CYLINDRICAL_SURFACE('',#1635,0.3);
#1478=CYLINDRICAL_SURFACE('',#1636,0.3);
#1479=CYLINDRICAL_SURFACE('',#1638,0.3);
#1480=CYLINDRICAL_SURFACE('',#1640,0.3);
#1481=CYLINDRICAL_SURFACE('',#1642,0.3);
#1482=CYLINDRICAL_SURFACE('',#1644,0.3);
#1483=CYLINDRICAL_SURFACE('',#1646,0.3);
#1484=CYLINDRICAL_SURFACE('',#1648,0.3);
#1485=CYLINDRICAL_SURFACE('',#1650,0.3);
#1486=CYLINDRICAL_SURFACE('',#1666,0.3);
#1487=CYLINDRICAL_SURFACE('',#1672,0.3);
#1488=CYLINDRICAL_SURFACE('',#1674,0.3);
#1489=CYLINDRICAL_SURFACE('',#1679,0.3);
#1490=CYLINDRICAL_SURFACE('',#1685,0.3);
#1491=CYLINDRICAL_SURFACE('',#1687,0.3);
#1492=CYLINDRICAL_SURFACE('',#1688,0.3);
#1493=CYLINDRICAL_SURFACE('',#1689,0.3);
#1494=ADVANCED_FACE('',(#111),#1466,.T.);
#1495=ADVANCED_FACE('',(#112),#1467,.T.);
#1496=ADVANCED_FACE('',(#113),#1468,.T.);
#1497=ADVANCED_FACE('',(#114),#1469,.T.);
#1498=ADVANCED_FACE('',(#115),#1470,.T.);
#1499=ADVANCED_FACE('',(#116),#1471,.T.);
#1500=ADVANCED_FACE('',(#117),#1472,.T.);
#1501=ADVANCED_FACE('',(#118),#1473,.T.);
#1502=ADVANCED_FACE('',(#119),#1474,.T.);
#1503=ADVANCED_FACE('',(#120),#1475,.T.);
#1504=ADVANCED_FACE('',(#121),#1476,.T.);
#1505=ADVANCED_FACE('',(#122),#1477,.T.);
#1506=ADVANCED_FACE('',(#123),#1478,.T.);
#1507=ADVANCED_FACE('',(#124),#1479,.T.);
#1508=ADVANCED_FACE('',(#125),#1480,.T.);
#1509=ADVANCED_FACE('',(#126),#1481,.T.);
#1510=ADVANCED_FACE('',(#127),#1482,.T.);
#1511=ADVANCED_FACE('',(#128),#1483,.T.);
#1512=ADVANCED_FACE('',(#129),#1484,.T.);
#1513=ADVANCED_FACE('',(#130),#1485,.T.);
#1514=ADVANCED_FACE('',(#131),#44,.F.);
#1515=ADVANCED_FACE('',(#132),#45,.F.);
#1516=ADVANCED_FACE('',(#133),#46,.F.);
#1517=ADVANCED_FACE('',(#134),#47,.F.);
#1518=ADVANCED_FACE('',(#135),#48,.F.);
#1519=ADVANCED_FACE('',(#136),#49,.F.);
#1520=ADVANCED_FACE('',(#137),#50,.F.);
#1521=ADVANCED_FACE('',(#138),#51,.F.);
#1522=ADVANCED_FACE('',(#139),#52,.F.);
#1523=ADVANCED_FACE('',(#140),#53,.F.);
#1524=ADVANCED_FACE('',(#141,#43),#54,.T.);
#1525=ADVANCED_FACE('',(#142),#39,.T.);
#1526=ADVANCED_FACE('',(#143),#1486,.T.);
#1527=ADVANCED_FACE('',(#144),#40,.T.);
#1528=ADVANCED_FACE('',(#145),#1487,.T.);
#1529=ADVANCED_FACE('',(#146),#1488,.T.);
#1530=ADVANCED_FACE('',(#147),#41,.T.);
#1531=ADVANCED_FACE('',(#148),#1489,.T.);
#1532=ADVANCED_FACE('',(#149),#42,.T.);
#1533=ADVANCED_FACE('',(#150),#1490,.T.);
#1534=ADVANCED_FACE('',(#151),#1491,.T.);
#1535=ADVANCED_FACE('',(#152),#1492,.T.);
#1536=ADVANCED_FACE('',(#153),#1493,.T.);
#1537=ADVANCED_FACE('',(#154),#55,.T.);
#1538=ADVANCED_FACE('',(#155),#56,.T.);
#1539=ADVANCED_FACE('',(#156),#57,.F.);
#1540=ADVANCED_FACE('',(#157),#58,.F.);
#1541=ADVANCED_FACE('',(#158),#59,.F.);
#1542=ADVANCED_FACE('',(#159),#60,.F.);
#1543=ADVANCED_FACE('',(#160),#61,.F.);
#1544=ADVANCED_FACE('',(#161),#62,.F.);
#1545=ADVANCED_FACE('',(#162),#63,.F.);
#1546=ADVANCED_FACE('',(#163),#64,.F.);
#1547=ADVANCED_FACE('',(#164),#65,.F.);
#1548=ADVANCED_FACE('',(#165),#66,.F.);
#1549=ADVANCED_FACE('',(#166),#67,.F.);
#1550=ADVANCED_FACE('',(#167),#68,.T.);
#1551=ADVANCED_FACE('',(#168),#69,.T.);
#1552=ADVANCED_FACE('',(#169),#70,.F.);
#1553=ADVANCED_FACE('',(#170),#71,.T.);
#1554=ADVANCED_FACE('',(#171),#72,.T.);
#1555=ADVANCED_FACE('',(#172),#73,.T.);
#1556=ADVANCED_FACE('',(#173),#74,.T.);
#1557=ADVANCED_FACE('',(#174),#75,.T.);
#1558=ADVANCED_FACE('',(#175),#76,.T.);
#1559=ADVANCED_FACE('',(#176),#77,.T.);
#1560=ADVANCED_FACE('',(#177),#78,.T.);
#1561=ADVANCED_FACE('',(#178),#79,.T.);
#1562=ADVANCED_FACE('',(#179),#80,.F.);
#1563=ADVANCED_FACE('',(#180),#81,.T.);
#1564=ADVANCED_FACE('',(#181),#82,.T.);
#1565=ADVANCED_FACE('',(#182),#83,.T.);
#1566=ADVANCED_FACE('',(#183),#84,.T.);
#1567=ADVANCED_FACE('',(#184),#85,.T.);
#1568=ADVANCED_FACE('',(#185),#86,.T.);
#1569=ADVANCED_FACE('',(#186),#87,.T.);
#1570=ADVANCED_FACE('',(#187),#88,.T.);
#1571=ADVANCED_FACE('',(#188),#89,.T.);
#1572=ADVANCED_FACE('',(#189),#90,.F.);
#1573=ADVANCED_FACE('',(#190),#91,.T.);
#1574=ADVANCED_FACE('',(#191),#92,.T.);
#1575=ADVANCED_FACE('',(#192),#93,.T.);
#1576=ADVANCED_FACE('',(#193),#94,.T.);
#1577=ADVANCED_FACE('',(#194),#95,.T.);
#1578=ADVANCED_FACE('',(#195),#96,.T.);
#1579=ADVANCED_FACE('',(#196),#97,.T.);
#1580=ADVANCED_FACE('',(#197),#98,.T.);
#1581=ADVANCED_FACE('',(#198),#99,.T.);
#1582=ADVANCED_FACE('',(#199),#100,.F.);
#1583=ADVANCED_FACE('',(#200),#101,.T.);
#1584=ADVANCED_FACE('',(#201),#102,.T.);
#1585=ADVANCED_FACE('',(#202),#103,.T.);
#1586=ADVANCED_FACE('',(#203),#104,.T.);
#1587=ADVANCED_FACE('',(#204),#105,.T.);
#1588=ADVANCED_FACE('',(#205),#106,.T.);
#1589=ADVANCED_FACE('',(#206),#107,.T.);
#1590=ADVANCED_FACE('',(#207),#108,.T.);
#1591=ADVANCED_FACE('',(#208),#109,.T.);
#1592=ADVANCED_FACE('',(#209),#110,.F.);
#1593=CLOSED_SHELL('',(#1494,#1495,#1496,#1497,#1498,#1499,#1500,#1501,
#1502,#1503,#1504,#1505,#1506,#1507,#1508,#1509,#1510,#1511,#1512,#1513,
#1514,#1515,#1516,#1517,#1518,#1519,#1520,#1521,#1522,#1523,#1524,#1525,
#1526,#1527,#1528,#1529,#1530,#1531,#1532,#1533,#1534,#1535,#1536,#1537,
#1538,#1539,#1540,#1541,#1542,#1543,#1544,#1545,#1546,#1547,#1548,#1549,
#1550,#1551,#1552));
#1594=CLOSED_SHELL('',(#1553,#1554,#1555,#1556,#1557,#1558,#1559,#1560,
#1561,#1562));
#1595=CLOSED_SHELL('',(#1563,#1564,#1565,#1566,#1567,#1568,#1569,#1570,
#1571,#1572));
#1596=CLOSED_SHELL('',(#1573,#1574,#1575,#1576,#1577,#1578,#1579,#1580,
#1581,#1582));
#1597=CLOSED_SHELL('',(#1583,#1584,#1585,#1586,#1587,#1588,#1589,#1590,
#1591,#1592));
#1598=DERIVED_UNIT_ELEMENT(#1600,1.);
#1599=DERIVED_UNIT_ELEMENT(#2647,-3.);
#1600=(
MASS_UNIT()
NAMED_UNIT(*)
SI_UNIT(.KILO.,.GRAM.)
);
#1601=DERIVED_UNIT((#1598,#1599));
#1602=MEASURE_REPRESENTATION_ITEM('density measure',
POSITIVE_RATIO_MEASURE(7850.),#1601);
#1603=PROPERTY_DEFINITION_REPRESENTATION(#1608,#1605);
#1604=PROPERTY_DEFINITION_REPRESENTATION(#1609,#1606);
#1605=REPRESENTATION('material name',(#1607),#2644);
#1606=REPRESENTATION('density',(#1602),#2644);
#1607=DESCRIPTIVE_REPRESENTATION_ITEM('Steel','Steel');
#1608=PROPERTY_DEFINITION('material property','material name',#2654);
#1609=PROPERTY_DEFINITION('material property','density of part',#2654);
#1610=AXIS2_PLACEMENT_3D('',#2198,#1746,#1747);
#1611=AXIS2_PLACEMENT_3D('',#2199,#1748,#1749);
#1612=AXIS2_PLACEMENT_3D('',#2204,#1751,#1752);
#1613=AXIS2_PLACEMENT_3D('',#2207,#1754,#1755);
#1614=AXIS2_PLACEMENT_3D('',#2208,#1756,#1757);
#1615=AXIS2_PLACEMENT_3D('',#2212,#1759,#1760);
#1616=AXIS2_PLACEMENT_3D('',#2214,#1762,#1763);
#1617=AXIS2_PLACEMENT_3D('',#2218,#1765,#1766);
#1618=AXIS2_PLACEMENT_3D('',#2220,#1768,#1769);
#1619=AXIS2_PLACEMENT_3D('',#2224,#1771,#1772);
#1620=AXIS2_PLACEMENT_3D('',#2226,#1774,#1775);
#1621=AXIS2_PLACEMENT_3D('',#2230,#1777,#1778);
#1622=AXIS2_PLACEMENT_3D('',#2232,#1780,#1781);
#1623=AXIS2_PLACEMENT_3D('',#2236,#1783,#1784);
#1624=AXIS2_PLACEMENT_3D('',#2238,#1786,#1787);
#1625=AXIS2_PLACEMENT_3D('',#2242,#1789,#1790);
#1626=AXIS2_PLACEMENT_3D('',#2244,#1792,#1793);
#1627=AXIS2_PLACEMENT_3D('',#2248,#1795,#1796);
#1628=AXIS2_PLACEMENT_3D('',#2250,#1798,#1799);
#1629=AXIS2_PLACEMENT_3D('',#2254,#1801,#1802);
#1630=AXIS2_PLACEMENT_3D('',#2256,#1804,#1805);
#1631=AXIS2_PLACEMENT_3D('',#2261,#1807,#1808);
#1632=AXIS2_PLACEMENT_3D('',#2264,#1810,#1811);
#1633=AXIS2_PLACEMENT_3D('',#2265,#1812,#1813);
#1634=AXIS2_PLACEMENT_3D('',#2270,#1816,#1817);
#1635=AXIS2_PLACEMENT_3D('',#2271,#1818,#1819);
#1636=AXIS2_PLACEMENT_3D('',#2274,#1822,#1823);
#1637=AXIS2_PLACEMENT_3D('',#2279,#1826,#1827);
#1638=AXIS2_PLACEMENT_3D('',#2280,#1828,#1829);
#1639=AXIS2_PLACEMENT_3D('',#2285,#1832,#1833);
#1640=AXIS2_PLACEMENT_3D('',#2286,#1834,#1835);
#1641=AXIS2_PLACEMENT_3D('',#2291,#1838,#1839);
#1642=AXIS2_PLACEMENT_3D('',#2292,#1840,#1841);
#1643=AXIS2_PLACEMENT_3D('',#2297,#1844,#1845);
#1644=AXIS2_PLACEMENT_3D('',#2298,#1846,#1847);
#1645=AXIS2_PLACEMENT_3D('',#2303,#1850,#1851);
#1646=AXIS2_PLACEMENT_3D('',#2304,#1852,#1853);
#1647=AXIS2_PLACEMENT_3D('',#2309,#1856,#1857);
#1648=AXIS2_PLACEMENT_3D('',#2310,#1858,#1859);
#1649=AXIS2_PLACEMENT_3D('',#2315,#1862,#1863);
#1650=AXIS2_PLACEMENT_3D('',#2316,#1864,#1865);
#1651=AXIS2_PLACEMENT_3D('',#2319,#1868,#1869);
#1652=AXIS2_PLACEMENT_3D('',#2325,#1873,#1874);
#1653=AXIS2_PLACEMENT_3D('',#2329,#1877,#1878);
#1654=AXIS2_PLACEMENT_3D('',#2333,#1881,#1882);
#1655=AXIS2_PLACEMENT_3D('',#2337,#1885,#1886);
#1656=AXIS2_PLACEMENT_3D('',#2341,#1889,#1890);
#1657=AXIS2_PLACEMENT_3D('',#2345,#1893,#1894);
#1658=AXIS2_PLACEMENT_3D('',#2349,#1897,#1898);
#1659=AXIS2_PLACEMENT_3D('',#2353,#1901,#1902);
#1660=AXIS2_PLACEMENT_3D('',#2357,#1905,#1906);
#1661=AXIS2_PLACEMENT_3D('',#2361,#1909,#1910);
#1662=AXIS2_PLACEMENT_3D('',#2370,#1915,#1916);
#1663=AXIS2_PLACEMENT_3D('',#2372,#1917,#1918);
#1664=AXIS2_PLACEMENT_3D('',#2374,#1919,#1920);
#1665=AXIS2_PLACEMENT_3D('',#2375,#1921,#1922);
#1666=AXIS2_PLACEMENT_3D('',#2376,#1923,#1924);
#1667=AXIS2_PLACEMENT_3D('',#2379,#1925,#1926);
#1668=AXIS2_PLACEMENT_3D('',#2382,#1929,#1930);
#1669=AXIS2_PLACEMENT_3D('',#2384,#1931,#1932);
#1670=AXIS2_PLACEMENT_3D('',#2386,#1933,#1934);
#1671=AXIS2_PLACEMENT_3D('',#2387,#1935,#1936);
#1672=AXIS2_PLACEMENT_3D('',#2388,#1937,#1938);
#1673=AXIS2_PLACEMENT_3D('',#2391,#1939,#1940);
#1674=AXIS2_PLACEMENT_3D('',#2394,#1943,#1944);
#1675=AXIS2_PLACEMENT_3D('',#2396,#1946,#1947);
#1676=AXIS2_PLACEMENT_3D('',#2398,#1948,#1949);
#1677=AXIS2_PLACEMENT_3D('',#2400,#1950,#1951);
#1678=AXIS2_PLACEMENT_3D('',#2401,#1952,#1953);
#1679=AXIS2_PLACEMENT_3D('',#2402,#1954,#1955);
#1680=AXIS2_PLACEMENT_3D('',#2405,#1956,#1957);
#1681=AXIS2_PLACEMENT_3D('',#2408,#1960,#1961);
#1682=AXIS2_PLACEMENT_3D('',#2410,#1962,#1963);
#1683=AXIS2_PLACEMENT_3D('',#2412,#1964,#1965);
#1684=AXIS2_PLACEMENT_3D('',#2413,#1966,#1967);
#1685=AXIS2_PLACEMENT_3D('',#2414,#1968,#1969);
#1686=AXIS2_PLACEMENT_3D('',#2417,#1970,#1971);
#1687=AXIS2_PLACEMENT_3D('',#2420,#1974,#1975);
#1688=AXIS2_PLACEMENT_3D('',#2422,#1977,#1978);
#1689=AXIS2_PLACEMENT_3D('',#2424,#1980,#1981);
#1690=AXIS2_PLACEMENT_3D('',#2426,#1983,#1984);
#1691=AXIS2_PLACEMENT_3D('',#2428,#1986,#1987);
#1692=AXIS2_PLACEMENT_3D('',#2430,#1989,#1990);
#1693=AXIS2_PLACEMENT_3D('',#2434,#1993,#1994);
#1694=AXIS2_PLACEMENT_3D('',#2438,#1997,#1998);
#1695=AXIS2_PLACEMENT_3D('',#2442,#2001,#2002);
#1696=AXIS2_PLACEMENT_3D('',#2446,#2005,#2006);
#1697=AXIS2_PLACEMENT_3D('',#2450,#2009,#2010);
#1698=AXIS2_PLACEMENT_3D('',#2454,#2013,#2014);
#1699=AXIS2_PLACEMENT_3D('',#2458,#2017,#2018);
#1700=AXIS2_PLACEMENT_3D('',#2462,#2021,#2022);
#1701=AXIS2_PLACEMENT_3D('',#2466,#2025,#2026);
#1702=AXIS2_PLACEMENT_3D('',#2468,#2028,#2029);
#1703=AXIS2_PLACEMENT_3D('',#2469,#2030,#2031);
#1704=AXIS2_PLACEMENT_3D('',#2471,#2033,#2034);
#1705=AXIS2_PLACEMENT_3D('',#2473,#2036,#2037);
#1706=AXIS2_PLACEMENT_3D('',#2474,#2038,#2039);
#1707=AXIS2_PLACEMENT_3D('',#2483,#2044,#2045);
#1708=AXIS2_PLACEMENT_3D('',#2489,#2049,#2050);
#1709=AXIS2_PLACEMENT_3D('',#2495,#2054,#2055);
#1710=AXIS2_PLACEMENT_3D('',#2498,#2058,#2059);
#1711=AXIS2_PLACEMENT_3D('',#2504,#2063,#2064);
#1712=AXIS2_PLACEMENT_3D('',#2508,#2067,#2068);
#1713=AXIS2_PLACEMENT_3D('',#2509,#2069,#2070);
#1714=AXIS2_PLACEMENT_3D('',#2513,#2073,#2074);
#1715=AXIS2_PLACEMENT_3D('',#2515,#2076,#2077);
#1716=AXIS2_PLACEMENT_3D('',#2516,#2078,#2079);
#1717=AXIS2_PLACEMENT_3D('',#2525,#2084,#2085);
#1718=AXIS2_PLACEMENT_3D('',#2531,#2089,#2090);
#1719=AXIS2_PLACEMENT_3D('',#2537,#2094,#2095);
#1720=AXIS2_PLACEMENT_3D('',#2540,#2098,#2099);
#1721=AXIS2_PLACEMENT_3D('',#2546,#2103,#2104);
#1722=AXIS2_PLACEMENT_3D('',#2550,#2107,#2108);
#1723=AXIS2_PLACEMENT_3D('',#2551,#2109,#2110);
#1724=AXIS2_PLACEMENT_3D('',#2555,#2113,#2114);
#1725=AXIS2_PLACEMENT_3D('',#2557,#2116,#2117);
#1726=AXIS2_PLACEMENT_3D('',#2558,#2118,#2119);
#1727=AXIS2_PLACEMENT_3D('',#2567,#2124,#2125);
#1728=AXIS2_PLACEMENT_3D('',#2573,#2129,#2130);
#1729=AXIS2_PLACEMENT_3D('',#2579,#2134,#2135);
#1730=AXIS2_PLACEMENT_3D('',#2582,#2138,#2139);
#1731=AXIS2_PLACEMENT_3D('',#2588,#2143,#2144);
#1732=AXIS2_PLACEMENT_3D('',#2592,#2147,#2148);
#1733=AXIS2_PLACEMENT_3D('',#2593,#2149,#2150);
#1734=AXIS2_PLACEMENT_3D('',#2597,#2153,#2154);
#1735=AXIS2_PLACEMENT_3D('',#2599,#2156,#2157);
#1736=AXIS2_PLACEMENT_3D('',#2600,#2158,#2159);
#1737=AXIS2_PLACEMENT_3D('',#2609,#2164,#2165);
#1738=AXIS2_PLACEMENT_3D('',#2615,#2169,#2170);
#1739=AXIS2_PLACEMENT_3D('',#2621,#2174,#2175);
#1740=AXIS2_PLACEMENT_3D('',#2624,#2178,#2179);
#1741=AXIS2_PLACEMENT_3D('',#2630,#2183,#2184);
#1742=AXIS2_PLACEMENT_3D('',#2634,#2187,#2188);
#1743=AXIS2_PLACEMENT_3D('',#2635,#2189,#2190);
#1744=AXIS2_PLACEMENT_3D('',#2639,#2193,#2194);
#1745=AXIS2_PLACEMENT_3D('',#2641,#2196,#2197);
#1746=DIRECTION('axis',(0.,0.,1.));
#1747=DIRECTION('refdir',(1.,0.,0.));
#1748=DIRECTION('center_axis',(1.,0.,0.));
#1749=DIRECTION('ref_axis',(0.,-0.707106781186547,0.707106781186548));
#1750=DIRECTION('',(-1.,0.,0.));
#1751=DIRECTION('center_axis',(0.707106781186547,0.707106781186548,6.54205191118239E-16));
#1752=DIRECTION('ref_axis',(-0.707106781186548,0.707106781186547,6.54205191118239E-16));
#1753=DIRECTION('',(1.,0.,0.));
#1754=DIRECTION('center_axis',(0.707106781186547,-0.707106781186548,0.));
#1755=DIRECTION('ref_axis',(0.707106781186548,0.707106781186547,0.));
#1756=DIRECTION('center_axis',(0.,1.,0.));
#1757=DIRECTION('ref_axis',(0.707106781186547,0.,0.707106781186547));
#1758=DIRECTION('',(0.,-1.,0.));
#1759=DIRECTION('center_axis',(-0.707106781186547,0.707106781186548,2.61682076447296E-15));
#1760=DIRECTION('ref_axis',(-0.707106781186548,-0.707106781186547,2.61682076447296E-15));
#1761=DIRECTION('',(0.,1.,0.));
#1762=DIRECTION('center_axis',(-1.,0.,0.));
#1763=DIRECTION('ref_axis',(0.,0.707106781186547,0.707106781186548));
#1764=DIRECTION('',(1.,0.,0.));
#1765=DIRECTION('center_axis',(-0.707106781186547,-0.707106781186548,0.));
#1766=DIRECTION('ref_axis',(0.707106781186548,-0.707106781186547,0.));
#1767=DIRECTION('',(-1.,0.,0.));
#1768=DIRECTION('center_axis',(0.,-1.,0.));
#1769=DIRECTION('ref_axis',(-0.707106781186547,0.,0.707106781186547));
#1770=DIRECTION('',(0.,1.,0.));
#1771=DIRECTION('center_axis',(-0.707106781186548,-0.707106781186547,0.));
#1772=DIRECTION('ref_axis',(-0.707106781186546,0.707106781186548,0.));
#1773=DIRECTION('',(0.,-1.,0.));
#1774=DIRECTION('center_axis',(-1.,0.,0.));
#1775=DIRECTION('ref_axis',(0.,0.707106781186547,0.707106781186548));
#1776=DIRECTION('',(1.,0.,0.));
#1777=DIRECTION('center_axis',(-0.707106781186547,0.707106781186548,0.));
#1778=DIRECTION('ref_axis',(0.707106781186548,0.707106781186547,0.));
#1779=DIRECTION('',(-1.,0.,0.));
#1780=DIRECTION('center_axis',(0.,1.,0.));
#1781=DIRECTION('ref_axis',(0.707106781186547,0.,0.707106781186547));
#1782=DIRECTION('',(0.,-1.,0.));
#1783=DIRECTION('center_axis',(-0.707106781186547,0.707106781186548,1.30841038223648E-15));
#1784=DIRECTION('ref_axis',(-0.707106781186548,-0.707106781186547,1.30841038223648E-15));
#1785=DIRECTION('',(0.,1.,0.));
#1786=DIRECTION('center_axis',(-1.,0.,0.));
#1787=DIRECTION('ref_axis',(0.,0.707106781186547,0.707106781186548));
#1788=DIRECTION('',(1.,0.,0.));
#1789=DIRECTION('center_axis',(-0.707106781186547,-0.707106781186548,0.));
#1790=DIRECTION('ref_axis',(0.707106781186548,-0.707106781186547,0.));
#1791=DIRECTION('',(-1.,0.,0.));
#1792=DIRECTION('center_axis',(0.,-1.,0.));
#1793=DIRECTION('ref_axis',(-0.707106781186547,0.,0.707106781186547));
#1794=DIRECTION('',(0.,1.,0.));
#1795=DIRECTION('center_axis',(-0.707106781186547,-0.707106781186548,0.));
#1796=DIRECTION('ref_axis',(-0.707106781186548,0.707106781186547,0.));
#1797=DIRECTION('',(0.,-1.,0.));
#1798=DIRECTION('center_axis',(-1.,0.,0.));
#1799=DIRECTION('ref_axis',(0.,0.707106781186547,0.707106781186548));
#1800=DIRECTION('',(1.,0.,0.));
#1801=DIRECTION('center_axis',(-0.707106781186547,0.707106781186548,0.));
#1802=DIRECTION('ref_axis',(0.707106781186548,0.707106781186547,0.));
#1803=DIRECTION('',(-1.,0.,0.));
#1804=DIRECTION('center_axis',(-1.,5.82443375539251E-16,0.));
#1805=DIRECTION('ref_axis',(0.,0.707106781186547,0.707106781186547));
#1806=DIRECTION('',(1.,-5.82443375539251E-16,0.));
#1807=DIRECTION('center_axis',(-0.707106781186549,-0.707106781186546,0.));
#1808=DIRECTION('ref_axis',(0.707106781186546,-0.707106781186549,0.));
#1809=DIRECTION('',(-1.,5.82443375539251E-16,0.));
#1810=DIRECTION('center_axis',(0.707106781186547,-0.707106781186548,0.));
#1811=DIRECTION('ref_axis',(0.707106781186548,0.707106781186547,0.));
#1812=DIRECTION('center_axis',(-5.08931104840122E-16,-1.,0.));
#1813=DIRECTION('ref_axis',(-0.707106781186547,6.54205191118239E-16,0.707106781186547));
#1814=DIRECTION('',(-5.08931104840122E-16,-1.,0.));
#1815=DIRECTION('',(5.08931104840122E-16,1.,0.));
#1816=DIRECTION('center_axis',(0.707106781186548,-0.707106781186548,-6.54205191118239E-16));
#1817=DIRECTION('ref_axis',(0.707106781186548,0.707106781186548,-6.54205191118239E-16));
#1818=DIRECTION('center_axis',(5.08931104840122E-16,1.,0.));
#1819=DIRECTION('ref_axis',(0.707106781186547,-6.54205191118239E-16,0.707106781186547));
#1820=DIRECTION('',(-5.08931104840122E-16,-1.,0.));
#1821=DIRECTION('',(5.08931104840122E-16,1.,0.));
#1822=DIRECTION('center_axis',(1.,-2.91221687769626E-16,0.));
#1823=DIRECTION('ref_axis',(0.,-0.707106781186547,0.707106781186547));
#1824=DIRECTION('',(1.,-2.91221687769626E-16,0.));
#1825=DIRECTION('',(-1.,2.91221687769626E-16,0.));
#1826=DIRECTION('center_axis',(0.707106781186549,0.707106781186546,0.));
#1827=DIRECTION('ref_axis',(-0.707106781186546,0.707106781186549,0.));
#1828=DIRECTION('center_axis',(5.08931104840122E-16,1.,0.));
#1829=DIRECTION('ref_axis',(0.707106781186547,-3.27102595559119E-16,0.707106781186547));
#1830=DIRECTION('',(5.08931104840122E-16,1.,0.));
#1831=DIRECTION('',(-5.08931104840122E-16,-1.,0.));
#1832=DIRECTION('center_axis',(0.707106781186548,0.707106781186547,0.));
#1833=DIRECTION('ref_axis',(0.707106781186547,-0.707106781186549,0.));
#1834=DIRECTION('center_axis',(1.,0.,0.));
#1835=DIRECTION('ref_axis',(0.,-0.707106781186547,0.707106781186548));
#1836=DIRECTION('',(1.,0.,0.));
#1837=DIRECTION('',(-1.,0.,0.));
#1838=DIRECTION('center_axis',(0.707106781186547,-0.707106781186548,0.));
#1839=DIRECTION('ref_axis',(-0.707106781186548,-0.707106781186547,0.));
#1840=DIRECTION('center_axis',(0.,-1.,0.));
#1841=DIRECTION('ref_axis',(-0.707106781186547,0.,0.707106781186547));
#1842=DIRECTION('',(0.,-1.,0.));
#1843=DIRECTION('',(0.,1.,0.));
#1844=DIRECTION('center_axis',(0.707106781186547,-0.707106781186548,-1.30841038223648E-15));
#1845=DIRECTION('ref_axis',(0.707106781186548,0.707106781186547,-1.30841038223648E-15));
#1846=DIRECTION('center_axis',(1.,0.,0.));
#1847=DIRECTION('ref_axis',(0.,-0.707106781186547,0.707106781186548));
#1848=DIRECTION('',(1.,0.,0.));
#1849=DIRECTION('',(-1.,0.,0.));
#1850=DIRECTION('center_axis',(0.707106781186547,0.707106781186548,0.));
#1851=DIRECTION('ref_axis',(-0.707106781186548,0.707106781186547,0.));
#1852=DIRECTION('center_axis',(0.,1.,0.));
#1853=DIRECTION('ref_axis',(0.707106781186547,0.,0.707106781186547));
#1854=DIRECTION('',(0.,1.,0.));
#1855=DIRECTION('',(0.,-1.,0.));
#1856=DIRECTION('center_axis',(0.707106781186547,0.707106781186548,0.));
#1857=DIRECTION('ref_axis',(0.707106781186548,-0.707106781186547,0.));
#1858=DIRECTION('center_axis',(1.,0.,0.));
#1859=DIRECTION('ref_axis',(0.,-0.707106781186547,0.707106781186548));
#1860=DIRECTION('',(1.,0.,0.));
#1861=DIRECTION('',(-1.,0.,0.));
#1862=DIRECTION('center_axis',(0.707106781186547,-0.707106781186548,0.));
#1863=DIRECTION('ref_axis',(-0.707106781186548,-0.707106781186547,0.));
#1864=DIRECTION('center_axis',(0.,-1.,0.));
#1865=DIRECTION('ref_axis',(-0.707106781186547,0.,0.707106781186547));
#1866=DIRECTION('',(0.,-1.,0.));
#1867=DIRECTION('',(0.,1.,0.));
#1868=DIRECTION('center_axis',(-1.,0.,0.));
#1869=DIRECTION('ref_axis',(0.,1.,0.));
#1870=DIRECTION('',(0.,0.,-1.));
#1871=DIRECTION('',(0.,1.,0.));
#1872=DIRECTION('',(0.,0.,-1.));
#1873=DIRECTION('center_axis',(0.,-1.,0.));
#1874=DIRECTION('ref_axis',(-1.,0.,0.));
#1875=DIRECTION('',(0.,0.,-1.));
#1876=DIRECTION('',(-1.,0.,0.));
#1877=DIRECTION('center_axis',(1.,0.,0.));
#1878=DIRECTION('ref_axis',(0.,-1.,0.));
#1879=DIRECTION('',(0.,0.,-1.));
#1880=DIRECTION('',(0.,-1.,0.));
#1881=DIRECTION('center_axis',(0.,-1.,0.));
#1882=DIRECTION('ref_axis',(-1.,0.,0.));
#1883=DIRECTION('',(0.,0.,-1.));
#1884=DIRECTION('',(-1.,0.,0.));
#1885=DIRECTION('center_axis',(-1.,0.,0.));
#1886=DIRECTION('ref_axis',(0.,1.,0.));
#1887=DIRECTION('',(0.,0.,-1.));
#1888=DIRECTION('',(0.,1.,0.));
#1889=DIRECTION('center_axis',(0.,-1.,0.));
#1890=DIRECTION('ref_axis',(-1.,0.,0.));
#1891=DIRECTION('',(0.,0.,-1.));
#1892=DIRECTION('',(-1.,0.,0.));
#1893=DIRECTION('center_axis',(1.,0.,0.));
#1894=DIRECTION('ref_axis',(0.,-1.,0.));
#1895=DIRECTION('',(0.,0.,-1.));
#1896=DIRECTION('',(0.,-1.,0.));
#1897=DIRECTION('center_axis',(0.,-1.,0.));
#1898=DIRECTION('ref_axis',(-1.,0.,0.));
#1899=DIRECTION('',(0.,0.,-1.));
#1900=DIRECTION('',(-1.,0.,0.));
#1901=DIRECTION('center_axis',(-1.,5.08931104840122E-16,0.));
#1902=DIRECTION('ref_axis',(5.08931104840122E-16,1.,0.));
#1903=DIRECTION('',(0.,0.,-1.));
#1904=DIRECTION('',(5.08931104840122E-16,1.,0.));
#1905=DIRECTION('center_axis',(-5.82443375539251E-16,-1.,0.));
#1906=DIRECTION('ref_axis',(-1.,5.82443375539251E-16,0.));
#1907=DIRECTION('',(0.,0.,-1.));
#1908=DIRECTION('',(-1.,5.82443375539251E-16,0.));
#1909=DIRECTION('center_axis',(0.,0.,1.));
#1910=DIRECTION('ref_axis',(1.,0.,0.));
#1911=DIRECTION('',(0.,-1.,0.));
#1912=DIRECTION('',(1.,0.,0.));
#1913=DIRECTION('',(1.65704929048531E-16,1.,0.));
#1914=DIRECTION('',(-1.,2.80359349652817E-17,0.));
#1915=DIRECTION('center_axis',(0.408248290463861,-0.816496580927727,0.408248290463864));
#1916=DIRECTION('ref_axis',(0.577350269189624,0.577350269189626,0.577350269189627));
#1917=DIRECTION('center_axis',(0.,1.,0.));
#1918=DIRECTION('ref_axis',(1.,0.,0.));
#1919=DIRECTION('center_axis',(0.,0.,1.));
#1920=DIRECTION('ref_axis',(0.,1.,0.));
#1921=DIRECTION('center_axis',(1.,0.,0.));
#1922=DIRECTION('ref_axis',(0.,0.,1.));
#1923=DIRECTION('center_axis',(0.,0.,1.));
#1924=DIRECTION('ref_axis',(0.707106781186547,0.707106781186547,0.));
#1925=DIRECTION('center_axis',(0.,0.,1.));
#1926=DIRECTION('ref_axis',(0.707106781186547,0.707106781186547,0.));
#1927=DIRECTION('',(0.,0.,1.));
#1928=DIRECTION('',(0.,0.,-1.));
#1929=DIRECTION('center_axis',(-0.816496580927728,-0.408248290463861,0.408248290463861));
#1930=DIRECTION('ref_axis',(0.577350269189623,-0.577350269189629,0.577350269189626));
#1931=DIRECTION('center_axis',(1.,0.,0.));
#1932=DIRECTION('ref_axis',(0.,-1.,0.));
#1933=DIRECTION('center_axis',(0.,0.,1.));
#1934=DIRECTION('ref_axis',(1.,0.,0.));
#1935=DIRECTION('center_axis',(0.,-1.,0.));
#1936=DIRECTION('ref_axis',(0.,0.,1.));
#1937=DIRECTION('center_axis',(0.,0.,1.));
#1938=DIRECTION('ref_axis',(0.707106781186547,-0.707106781186547,0.));
#1939=DIRECTION('center_axis',(0.,0.,1.));
#1940=DIRECTION('ref_axis',(0.707106781186547,-0.707106781186547,0.));
#1941=DIRECTION('',(0.,0.,1.));
#1942=DIRECTION('',(0.,0.,-1.));
#1943=DIRECTION('center_axis',(0.,1.,0.));
#1944=DIRECTION('ref_axis',(0.707106781186547,0.,0.707106781186547));
#1945=DIRECTION('',(0.,1.,0.));
#1946=DIRECTION('center_axis',(-0.408248290463865,-0.816496580927726,0.408248290463862));
#1947=DIRECTION('ref_axis',(-0.577350269189628,0.577350269189625,0.577350269189625));
#1948=DIRECTION('center_axis',(-1.,0.,0.));
#1949=DIRECTION('ref_axis',(0.,1.,0.));
#1950=DIRECTION('center_axis',(0.,0.,1.));
#1951=DIRECTION('ref_axis',(-1.,0.,0.));
#1952=DIRECTION('center_axis',(0.,1.,0.));
#1953=DIRECTION('ref_axis',(0.,0.,1.));
#1954=DIRECTION('center_axis',(0.,0.,1.));
#1955=DIRECTION('ref_axis',(-0.707106781186547,0.707106781186547,0.));
#1956=DIRECTION('center_axis',(0.,0.,1.));
#1957=DIRECTION('ref_axis',(-0.707106781186547,0.707106781186547,0.));
#1958=DIRECTION('',(0.,0.,1.));
#1959=DIRECTION('',(0.,0.,-1.));
#1960=DIRECTION('center_axis',(0.408248290463865,-0.816496580927726,-0.408248290463862));
#1961=DIRECTION('ref_axis',(-0.577350269189628,-0.577350269189625,0.577350269189625));
#1962=DIRECTION('center_axis',(0.,-1.,0.));
#1963=DIRECTION('ref_axis',(-1.,0.,0.));
#1964=DIRECTION('center_axis',(0.,0.,1.));
#1965=DIRECTION('ref_axis',(0.,-1.,0.));
#1966=DIRECTION('center_axis',(-1.,3.70074341541718E-15,0.));
#1967=DIRECTION('ref_axis',(0.,0.,1.));
#1968=DIRECTION('center_axis',(0.,0.,1.));
#1969=DIRECTION('ref_axis',(-0.707106781186547,-0.707106781186547,0.));
#1970=DIRECTION('center_axis',(0.,0.,1.));
#1971=DIRECTION('ref_axis',(-0.707106781186547,-0.707106781186547,0.));
#1972=DIRECTION('',(0.,0.,1.));
#1973=DIRECTION('',(0.,0.,-1.));
#1974=DIRECTION('center_axis',(1.,-2.80359349652817E-17,0.));
#1975=DIRECTION('ref_axis',(0.,-0.707106781186547,0.707106781186547));
#1976=DIRECTION('',(1.,-2.80359349652817E-17,0.));
#1977=DIRECTION('center_axis',(-1.65704929048531E-16,-1.,0.));
#1978=DIRECTION('ref_axis',(-0.707106781186547,0.,0.707106781186547));
#1979=DIRECTION('',(-1.65704929048531E-16,-1.,0.));
#1980=DIRECTION('center_axis',(-1.,0.,0.));
#1981=DIRECTION('ref_axis',(0.,0.707106781186547,0.707106781186547));
#1982=DIRECTION('',(-1.,0.,0.));
#1983=DIRECTION('center_axis',(1.,0.,0.));
#1984=DIRECTION('ref_axis',(0.,1.,0.));
#1985=DIRECTION('',(0.,1.,0.));
#1986=DIRECTION('center_axis',(-2.80359349652817E-17,-1.,0.));
#1987=DIRECTION('ref_axis',(1.,-2.80359349652817E-17,0.));
#1988=DIRECTION('',(1.,-2.80359349652817E-17,0.));
#1989=DIRECTION('center_axis',(1.,-5.08931104840122E-16,0.));
#1990=DIRECTION('ref_axis',(-5.08931104840122E-16,-1.,0.));
#1991=DIRECTION('',(0.,0.,-1.));
#1992=DIRECTION('',(-5.08931104840122E-16,-1.,0.));
#1993=DIRECTION('center_axis',(2.91221687769626E-16,1.,0.));
#1994=DIRECTION('ref_axis',(1.,-2.91221687769626E-16,0.));
#1995=DIRECTION('',(0.,0.,-1.));
#1996=DIRECTION('',(1.,-2.91221687769626E-16,0.));
#1997=DIRECTION('center_axis',(-1.,5.08931104840122E-16,0.));
#1998=DIRECTION('ref_axis',(5.08931104840122E-16,1.,0.));
#1999=DIRECTION('',(0.,0.,-1.));
#2000=DIRECTION('',(5.08931104840122E-16,1.,0.));
#2001=DIRECTION('center_axis',(0.,1.,0.));
#2002=DIRECTION('ref_axis',(1.,0.,0.));
#2003=DIRECTION('',(0.,0.,-1.));
#2004=DIRECTION('',(1.,0.,0.));
#2005=DIRECTION('center_axis',(1.,0.,0.));
#2006=DIRECTION('ref_axis',(0.,-1.,0.));
#2007=DIRECTION('',(0.,0.,-1.));
#2008=DIRECTION('',(0.,-1.,0.));
#2009=DIRECTION('center_axis',(0.,1.,0.));
#2010=DIRECTION('ref_axis',(1.,0.,0.));
#2011=DIRECTION('',(0.,0.,-1.));
#2012=DIRECTION('',(1.,0.,0.));
#2013=DIRECTION('center_axis',(-1.,0.,0.));
#2014=DIRECTION('ref_axis',(0.,1.,0.));
#2015=DIRECTION('',(0.,0.,-1.));
#2016=DIRECTION('',(0.,1.,0.));
#2017=DIRECTION('center_axis',(0.,1.,0.));
#2018=DIRECTION('ref_axis',(1.,0.,0.));
#2019=DIRECTION('',(0.,0.,-1.));
#2020=DIRECTION('',(1.,0.,0.));
#2021=DIRECTION('center_axis',(1.,0.,0.));
#2022=DIRECTION('ref_axis',(0.,-1.,0.));
#2023=DIRECTION('',(0.,0.,-1.));
#2024=DIRECTION('',(0.,-1.,0.));
#2025=DIRECTION('center_axis',(0.,1.,0.));
#2026=DIRECTION('ref_axis',(1.,0.,0.));
#2027=DIRECTION('',(1.,0.,0.));
#2028=DIRECTION('center_axis',(0.,0.,-1.));
#2029=DIRECTION('ref_axis',(-1.,0.,0.));
#2030=DIRECTION('center_axis',(-1.,1.65704929048531E-16,0.));
#2031=DIRECTION('ref_axis',(-1.65704929048531E-16,-1.,0.));
#2032=DIRECTION('',(-1.65704929048531E-16,-1.,0.));
#2033=DIRECTION('center_axis',(0.,1.,0.));
#2034=DIRECTION('ref_axis',(-1.,0.,0.));
#2035=DIRECTION('',(-1.,0.,0.));
#2036=DIRECTION('center_axis',(0.,0.,1.));
#2037=DIRECTION('ref_axis',(1.,0.,0.));
#2038=DIRECTION('center_axis',(-0.707106781186548,0.,-0.707106781186548));
#2039=DIRECTION('ref_axis',(-0.707106781186548,0.,0.707106781186548));
#2040=DIRECTION('',(0.,-1.,0.));
#2041=DIRECTION('',(-0.577350269189626,-0.577350269189626,0.577350269189626));
#2042=DIRECTION('',(0.,1.,0.));
#2043=DIRECTION('',(-0.577350269189626,0.577350269189625,0.577350269189626));
#2044=DIRECTION('center_axis',(-1.38777878078145E-16,-0.707106781186548,
-0.707106781186548));
#2045=DIRECTION('ref_axis',(-1.,0.,1.96261557335472E-16));
#2046=DIRECTION('',(1.,-1.96261557335472E-16,0.));
#2047=DIRECTION('',(0.577350269189628,-0.577350269189625,0.577350269189625));
#2048=DIRECTION('',(-1.,1.96261557335472E-16,0.));
#2049=DIRECTION('center_axis',(0.707106781186548,1.57009245868377E-15,-0.707106781186548));
#2050=DIRECTION('ref_axis',(-0.707106781186548,0.,-0.707106781186548));
#2051=DIRECTION('',(-2.22044604925031E-15,1.,0.));
#2052=DIRECTION('',(0.577350269189626,0.577350269189625,0.577350269189626));
#2053=DIRECTION('',(2.22044604925031E-15,-1.,0.));
#2054=DIRECTION('center_axis',(-1.38777878078145E-16,0.707106781186548,
-0.707106781186547));
#2055=DIRECTION('ref_axis',(-1.,0.,1.96261557335472E-16));
#2056=DIRECTION('',(1.,1.96261557335472E-16,0.));
#2057=DIRECTION('',(-1.,-1.96261557335472E-16,0.));
#2058=DIRECTION('center_axis',(-1.96261557335472E-16,1.,0.));
#2059=DIRECTION('ref_axis',(1.,1.96261557335472E-16,0.));
#2060=DIRECTION('',(0.,0.,-1.));
#2061=DIRECTION('',(1.,1.96261557335472E-16,0.));
#2062=DIRECTION('',(0.,0.,-1.));
#2063=DIRECTION('center_axis',(-1.,0.,0.));
#2064=DIRECTION('ref_axis',(0.,1.,0.));
#2065=DIRECTION('',(0.,0.,-1.));
#2066=DIRECTION('',(0.,1.,0.));
#2067=DIRECTION('center_axis',(0.,0.,-1.));
#2068=DIRECTION('ref_axis',(-1.,0.,0.));
#2069=DIRECTION('center_axis',(-1.96261557335472E-16,-1.,0.));
#2070=DIRECTION('ref_axis',(-1.,1.96261557335472E-16,0.));
#2071=DIRECTION('',(0.,0.,-1.));
#2072=DIRECTION('',(-1.,1.96261557335472E-16,0.));
#2073=DIRECTION('center_axis',(1.,2.22044604925031E-15,0.));
#2074=DIRECTION('ref_axis',(2.22044604925031E-15,-1.,0.));
#2075=DIRECTION('',(2.22044604925031E-15,-1.,0.));
#2076=DIRECTION('center_axis',(0.,0.,-1.));
#2077=DIRECTION('ref_axis',(1.,0.,0.));
#2078=DIRECTION('center_axis',(-0.707106781186548,0.,-0.707106781186548));
#2079=DIRECTION('ref_axis',(-0.707106781186548,0.,0.707106781186548));
#2080=DIRECTION('',(0.,-1.,0.));
#2081=DIRECTION('',(-0.577350269189626,-0.577350269189625,0.577350269189626));
#2082=DIRECTION('',(0.,1.,0.));
#2083=DIRECTION('',(-0.577350269189626,0.577350269189625,0.577350269189626));
#2084=DIRECTION('center_axis',(0.,-0.707106781186548,-0.707106781186547));
#2085=DIRECTION('ref_axis',(-1.,0.,0.));
#2086=DIRECTION('',(1.,0.,0.));
#2087=DIRECTION('',(0.577350269189626,-0.577350269189625,0.577350269189626));
#2088=DIRECTION('',(-1.,0.,0.));
#2089=DIRECTION('center_axis',(0.707106781186548,0.,-0.707106781186548));
#2090=DIRECTION('ref_axis',(-0.707106781186548,0.,-0.707106781186548));
#2091=DIRECTION('',(0.,1.,0.));
#2092=DIRECTION('',(0.577350269189626,0.577350269189625,0.577350269189626));
#2093=DIRECTION('',(0.,-1.,0.));
#2094=DIRECTION('center_axis',(0.,0.707106781186548,-0.707106781186547));
#2095=DIRECTION('ref_axis',(-1.,0.,0.));
#2096=DIRECTION('',(1.,0.,0.));
#2097=DIRECTION('',(-1.,0.,0.));
#2098=DIRECTION('center_axis',(0.,1.,0.));
#2099=DIRECTION('ref_axis',(1.,0.,0.));
#2100=DIRECTION('',(0.,0.,-1.));
#2101=DIRECTION('',(1.,0.,0.));
#2102=DIRECTION('',(0.,0.,-1.));
#2103=DIRECTION('center_axis',(-1.,0.,0.));
#2104=DIRECTION('ref_axis',(0.,1.,0.));
#2105=DIRECTION('',(0.,0.,-1.));
#2106=DIRECTION('',(0.,1.,0.));
#2107=DIRECTION('center_axis',(0.,0.,-1.));
#2108=DIRECTION('ref_axis',(-1.,0.,0.));
#2109=DIRECTION('center_axis',(0.,-1.,0.));
#2110=DIRECTION('ref_axis',(-1.,0.,0.));
#2111=DIRECTION('',(0.,0.,-1.));
#2112=DIRECTION('',(-1.,0.,0.));
#2113=DIRECTION('center_axis',(1.,0.,0.));
#2114=DIRECTION('ref_axis',(0.,-1.,0.));
#2115=DIRECTION('',(0.,-1.,0.));
#2116=DIRECTION('center_axis',(0.,0.,-1.));
#2117=DIRECTION('ref_axis',(1.,0.,0.));
#2118=DIRECTION('center_axis',(-0.707106781186548,0.,-0.707106781186548));
#2119=DIRECTION('ref_axis',(-0.707106781186548,0.,0.707106781186548));
#2120=DIRECTION('',(0.,-1.,0.));
#2121=DIRECTION('',(-0.577350269189626,-0.577350269189626,0.577350269189626));
#2122=DIRECTION('',(0.,1.,0.));
#2123=DIRECTION('',(-0.577350269189626,0.577350269189626,0.577350269189626));
#2124=DIRECTION('center_axis',(0.,-0.707106781186548,-0.707106781186548));
#2125=DIRECTION('ref_axis',(-1.,0.,0.));
#2126=DIRECTION('',(1.,0.,0.));
#2127=DIRECTION('',(0.577350269189628,-0.577350269189625,0.577350269189625));
#2128=DIRECTION('',(-1.,0.,0.));
#2129=DIRECTION('center_axis',(0.707106781186548,1.57009245868378E-15,-0.707106781186548));
#2130=DIRECTION('ref_axis',(-0.707106781186548,0.,-0.707106781186548));
#2131=DIRECTION('',(-2.22044604925031E-15,1.,0.));
#2132=DIRECTION('',(0.577350269189626,0.577350269189626,0.577350269189626));
#2133=DIRECTION('',(2.22044604925031E-15,-1.,0.));
#2134=DIRECTION('center_axis',(1.30841038223648E-16,0.707106781186548,-0.707106781186548));
#2135=DIRECTION('ref_axis',(-1.,0.,-1.8503717077086E-16));
#2136=DIRECTION('',(1.,-1.8503717077086E-16,0.));
#2137=DIRECTION('',(-1.,1.8503717077086E-16,0.));
#2138=DIRECTION('center_axis',(1.8503717077086E-16,1.,0.));
#2139=DIRECTION('ref_axis',(1.,-1.8503717077086E-16,0.));
#2140=DIRECTION('',(0.,0.,-1.));
#2141=DIRECTION('',(1.,-1.8503717077086E-16,0.));
#2142=DIRECTION('',(0.,0.,-1.));
#2143=DIRECTION('center_axis',(-1.,0.,0.));
#2144=DIRECTION('ref_axis',(0.,1.,0.));
#2145=DIRECTION('',(0.,0.,-1.));
#2146=DIRECTION('',(0.,1.,0.));
#2147=DIRECTION('center_axis',(0.,0.,-1.));
#2148=DIRECTION('ref_axis',(-1.,0.,0.));
#2149=DIRECTION('center_axis',(0.,-1.,0.));
#2150=DIRECTION('ref_axis',(-1.,0.,0.));
#2151=DIRECTION('',(0.,0.,-1.));
#2152=DIRECTION('',(-1.,0.,0.));
#2153=DIRECTION('center_axis',(1.,2.22044604925031E-15,0.));
#2154=DIRECTION('ref_axis',(2.22044604925031E-15,-1.,0.));
#2155=DIRECTION('',(2.22044604925031E-15,-1.,0.));
#2156=DIRECTION('center_axis',(0.,0.,-1.));
#2157=DIRECTION('ref_axis',(1.,0.,0.));
#2158=DIRECTION('center_axis',(-0.707106781186548,-1.57009245868377E-15,
-0.707106781186548));
#2159=DIRECTION('ref_axis',(-0.707106781186548,0.,0.707106781186548));
#2160=DIRECTION('',(2.22044604925031E-15,-1.,0.));
#2161=DIRECTION('',(-0.577350269189626,-0.577350269189626,0.577350269189626));
#2162=DIRECTION('',(-2.22044604925031E-15,1.,0.));
#2163=DIRECTION('',(-0.577350269189628,0.577350269189624,0.577350269189625));
#2164=DIRECTION('center_axis',(-1.30841038223648E-16,-0.707106781186548,
-0.707106781186548));
#2165=DIRECTION('ref_axis',(-1.,0.,1.8503717077086E-16));
#2166=DIRECTION('',(1.,-1.8503717077086E-16,0.));
#2167=DIRECTION('',(0.577350269189626,-0.577350269189626,0.577350269189626));
#2168=DIRECTION('',(-1.,1.8503717077086E-16,0.));
#2169=DIRECTION('center_axis',(0.707106781186548,0.,-0.707106781186548));
#2170=DIRECTION('ref_axis',(-0.707106781186548,0.,-0.707106781186548));
#2171=DIRECTION('',(0.,1.,0.));
#2172=DIRECTION('',(0.577350269189626,0.577350269189625,0.577350269189626));
#2173=DIRECTION('',(0.,-1.,0.));
#2174=DIRECTION('center_axis',(0.,0.707106781186548,-0.707106781186547));
#2175=DIRECTION('ref_axis',(-1.,0.,0.));
#2176=DIRECTION('',(1.,0.,0.));
#2177=DIRECTION('',(-1.,0.,0.));
#2178=DIRECTION('center_axis',(0.,1.,0.));
#2179=DIRECTION('ref_axis',(1.,0.,0.));
#2180=DIRECTION('',(0.,0.,-1.));
#2181=DIRECTION('',(1.,0.,0.));
#2182=DIRECTION('',(0.,0.,-1.));
#2183=DIRECTION('center_axis',(-1.,-2.22044604925031E-15,0.));
#2184=DIRECTION('ref_axis',(-2.22044604925031E-15,1.,0.));
#2185=DIRECTION('',(0.,0.,-1.));
#2186=DIRECTION('',(-2.22044604925031E-15,1.,0.));
#2187=DIRECTION('center_axis',(0.,0.,-1.));
#2188=DIRECTION('ref_axis',(-1.,0.,0.));
#2189=DIRECTION('center_axis',(-1.8503717077086E-16,-1.,0.));
#2190=DIRECTION('ref_axis',(-1.,1.8503717077086E-16,0.));
#2191=DIRECTION('',(0.,0.,-1.));
#2192=DIRECTION('',(-1.,1.8503717077086E-16,0.));
#2193=DIRECTION('center_axis',(1.,0.,0.));
#2194=DIRECTION('ref_axis',(0.,-1.,0.));
#2195=DIRECTION('',(0.,-1.,0.));
#2196=DIRECTION('center_axis',(0.,0.,-1.));
#2197=DIRECTION('ref_axis',(1.,0.,0.));
#2198=CARTESIAN_POINT('',(0.,0.,0.));
#2199=CARTESIAN_POINT('Origin',(-4.24647319638122,2.4814799961459,7.05));
#2200=CARTESIAN_POINT('',(-4.38065125386643,2.4814799961459,7.35));
#2201=CARTESIAN_POINT('',(-8.79294639276217,2.48147999614589,7.35));
#2202=CARTESIAN_POINT('',(-4.24647319638122,2.4814799961459,7.35));
#2203=CARTESIAN_POINT('',(-8.49294639276217,2.1814799961459,7.05));
#2204=CARTESIAN_POINT('Origin',(-8.79294639276217,2.4814799961459,7.05));
#2205=CARTESIAN_POINT('',(-4.68065125386643,2.1814799961459,7.05));
#2206=CARTESIAN_POINT('',(-4.24647319638122,2.1814799961459,7.05));
#2207=CARTESIAN_POINT('Origin',(-4.38065125386643,2.4814799961459,7.05));
#2208=CARTESIAN_POINT('Origin',(-8.79294639276217,-1.09073999807298,7.05));
#2209=CARTESIAN_POINT('',(-8.79294639276217,-2.4814799961459,7.35));
#2210=CARTESIAN_POINT('',(-8.79294639276217,-1.09073999807298,7.35));
#2211=CARTESIAN_POINT('',(-8.49294639276217,-2.1814799961459,7.05));
#2212=CARTESIAN_POINT('Origin',(-8.79294639276217,-2.4814799961459,7.05));
#2213=CARTESIAN_POINT('',(-8.49294639276217,-1.09073999807298,7.05));
#2214=CARTESIAN_POINT('Origin',(-2.34032562693335,-2.4814799961459,7.05));
#2215=CARTESIAN_POINT('',(-4.38065125386643,-2.4814799961459,7.35));
#2216=CARTESIAN_POINT('',(-2.34032562693335,-2.4814799961459,7.35));
#2217=CARTESIAN_POINT('',(-4.68065125386643,-2.1814799961459,7.05));
#2218=CARTESIAN_POINT('Origin',(-4.38065125386643,-2.4814799961459,7.05));
#2219=CARTESIAN_POINT('',(-2.34032562693335,-2.1814799961459,7.05));
#2220=CARTESIAN_POINT('Origin',(-4.38065125386643,-0.328280970293832,7.05));
#2221=CARTESIAN_POINT('',(-4.38065125386643,-0.9565619405876,7.35));
#2222=CARTESIAN_POINT('',(-4.38065125386643,-0.328280970293832,7.35));
#2223=CARTESIAN_POINT('',(-4.68065125386643,-0.6565619405876,7.05));
#2224=CARTESIAN_POINT('Origin',(-4.38065125386643,-0.9565619405876,7.05));
#2225=CARTESIAN_POINT('',(-4.68065125386643,-0.328280970293832,7.05));
#2226=CARTESIAN_POINT('Origin',(-1.56727689043505,-0.9565619405876,7.05));
#2227=CARTESIAN_POINT('',(-3.43455378086983,-0.9565619405876,7.35));
#2228=CARTESIAN_POINT('',(-1.56727689043505,-0.9565619405876,7.35));
#2229=CARTESIAN_POINT('',(-3.13455378086983,-0.6565619405876,7.05));
#2230=CARTESIAN_POINT('Origin',(-3.43455378086983,-0.9565619405876,7.05));
#2231=CARTESIAN_POINT('',(-1.56727689043505,-0.6565619405876,7.05));
#2232=CARTESIAN_POINT('Origin',(-3.43455378086983,-1.09073999807298,7.05));
#2233=CARTESIAN_POINT('',(-3.43455378086983,-2.4814799961459,7.35));
#2234=CARTESIAN_POINT('',(-3.43455378086983,-1.09073999807298,7.35));
#2235=CARTESIAN_POINT('',(-3.13455378086983,-2.1814799961459,7.05));
#2236=CARTESIAN_POINT('Origin',(-3.43455378086983,-2.4814799961459,7.05));
#2237=CARTESIAN_POINT('',(-3.13455378086983,-1.09073999807298,7.05));
#2238=CARTESIAN_POINT('Origin',(1.56727689043478,-2.4814799961459,7.05));
#2239=CARTESIAN_POINT('',(3.43455378086983,-2.4814799961459,7.35));
#2240=CARTESIAN_POINT('',(1.56727689043478,-2.4814799961459,7.35));
#2241=CARTESIAN_POINT('',(3.13455378086983,-2.1814799961459,7.05));
#2242=CARTESIAN_POINT('Origin',(3.43455378086983,-2.4814799961459,7.05));
#2243=CARTESIAN_POINT('',(1.56727689043478,-2.1814799961459,7.05));
#2244=CARTESIAN_POINT('Origin',(3.43455378086983,-0.328280970293832,7.05));
#2245=CARTESIAN_POINT('',(3.43455378086983,-0.9565619405876,7.35));
#2246=CARTESIAN_POINT('',(3.43455378086983,-0.328280970293832,7.35));
#2247=CARTESIAN_POINT('',(3.13455378086983,-0.6565619405876,7.05));
#2248=CARTESIAN_POINT('Origin',(3.43455378086983,-0.9565619405876,7.05));
#2249=CARTESIAN_POINT('',(3.13455378086983,-0.328280970293832,7.05));
#2250=CARTESIAN_POINT('Origin',(2.34032562693281,-0.9565619405876,7.05));
#2251=CARTESIAN_POINT('',(4.38065125386589,-0.9565619405876,7.35));
#2252=CARTESIAN_POINT('',(2.34032562693281,-0.9565619405876,7.35));
#2253=CARTESIAN_POINT('',(4.68065125386589,-0.6565619405876,7.05));
#2254=CARTESIAN_POINT('Origin',(4.38065125386589,-0.9565619405876,7.05));
#2255=CARTESIAN_POINT('',(2.34032562693281,-0.6565619405876,7.05));
#2256=CARTESIAN_POINT('Origin',(4.24647319638068,-2.4814799961459,7.05));
#2257=CARTESIAN_POINT('',(4.38065125386589,-2.4814799961459,7.35));
#2258=CARTESIAN_POINT('',(8.79294639276163,-2.4814799961459,7.35));
#2259=CARTESIAN_POINT('',(4.24647319638068,-2.4814799961459,7.35));
#2260=CARTESIAN_POINT('',(8.49294639276163,-2.1814799961459,7.05));
#2261=CARTESIAN_POINT('Origin',(8.79294639276163,-2.4814799961459,7.05));
#2262=CARTESIAN_POINT('',(4.68065125386589,-2.1814799961459,7.05));
#2263=CARTESIAN_POINT('',(4.24647319638068,-2.1814799961459,7.05));
#2264=CARTESIAN_POINT('Origin',(4.38065125386589,-2.4814799961459,7.05));
#2265=CARTESIAN_POINT('Origin',(8.79294639276163,1.09073999807291,7.05));
#2266=CARTESIAN_POINT('',(8.49294639276163,2.18147999614589,7.05));
#2267=CARTESIAN_POINT('',(8.49294639276163,1.09073999807291,7.05));
#2268=CARTESIAN_POINT('',(8.79294639276163,2.48147999614589,7.35));
#2269=CARTESIAN_POINT('',(8.79294639276163,1.09073999807291,7.35));
#2270=CARTESIAN_POINT('Origin',(8.79294639276163,2.48147999614589,7.05));
#2271=CARTESIAN_POINT('Origin',(4.38065125386589,-1.09073999807298,7.05));
#2272=CARTESIAN_POINT('',(4.38065125386589,-1.09073999807298,7.35));
#2273=CARTESIAN_POINT('',(4.68065125386589,-1.09073999807298,7.05));
#2274=CARTESIAN_POINT('Origin',(2.34032562693281,2.48147999614589,7.05));
#2275=CARTESIAN_POINT('',(4.68065125386589,2.18147999614589,7.05));
#2276=CARTESIAN_POINT('',(2.34032562693281,2.18147999614589,7.05));
#2277=CARTESIAN_POINT('',(4.38065125386589,2.48147999614589,7.35));
#2278=CARTESIAN_POINT('',(2.34032562693281,2.48147999614589,7.35));
#2279=CARTESIAN_POINT('Origin',(4.38065125386589,2.48147999614589,7.05));
#2280=CARTESIAN_POINT('Origin',(4.38065125386589,0.328280970293767,7.05));
#2281=CARTESIAN_POINT('',(4.68065125386589,0.6565619405876,7.05));
#2282=CARTESIAN_POINT('',(4.68065125386589,0.328280970293767,7.05));
#2283=CARTESIAN_POINT('',(4.38065125386589,0.9565619405876,7.35));
#2284=CARTESIAN_POINT('',(4.38065125386589,0.328280970293767,7.35));
#2285=CARTESIAN_POINT('Origin',(4.38065125386589,0.9565619405876,7.05));
#2286=CARTESIAN_POINT('Origin',(1.56727689043478,0.9565619405876,7.05));
#2287=CARTESIAN_POINT('',(3.13455378086983,0.6565619405876,7.05));
#2288=CARTESIAN_POINT('',(1.56727689043478,0.6565619405876,7.05));
#2289=CARTESIAN_POINT('',(3.43455378086983,0.9565619405876,7.35));
#2290=CARTESIAN_POINT('',(1.56727689043478,0.9565619405876,7.35));
#2291=CARTESIAN_POINT('Origin',(3.43455378086983,0.9565619405876,7.05));
#2292=CARTESIAN_POINT('Origin',(3.43455378086983,1.09073999807292,7.05));
#2293=CARTESIAN_POINT('',(3.13455378086983,2.1814799961459,7.05));
#2294=CARTESIAN_POINT('',(3.13455378086983,1.09073999807292,7.05));
#2295=CARTESIAN_POINT('',(3.43455378086983,2.4814799961459,7.35));
#2296=CARTESIAN_POINT('',(3.43455378086983,1.09073999807292,7.35));
#2297=CARTESIAN_POINT('Origin',(3.43455378086983,2.4814799961459,7.05));
#2298=CARTESIAN_POINT('Origin',(-1.56727689043505,2.4814799961459,7.05));
#2299=CARTESIAN_POINT('',(-3.13455378086983,2.1814799961459,7.05));
#2300=CARTESIAN_POINT('',(-1.56727689043505,2.1814799961459,7.05));
#2301=CARTESIAN_POINT('',(-3.43455378086983,2.4814799961459,7.35));
#2302=CARTESIAN_POINT('',(-1.56727689043505,2.4814799961459,7.35));
#2303=CARTESIAN_POINT('Origin',(-3.43455378086983,2.4814799961459,7.05));
#2304=CARTESIAN_POINT('Origin',(-3.43455378086983,0.328280970293768,7.05));
#2305=CARTESIAN_POINT('',(-3.13455378086983,0.6565619405876,7.05));
#2306=CARTESIAN_POINT('',(-3.13455378086983,0.328280970293768,7.05));
#2307=CARTESIAN_POINT('',(-3.43455378086983,0.9565619405876,7.35));
#2308=CARTESIAN_POINT('',(-3.43455378086983,0.328280970293768,7.35));
#2309=CARTESIAN_POINT('Origin',(-3.43455378086983,0.9565619405876,7.05));
#2310=CARTESIAN_POINT('Origin',(-2.34032562693335,0.9565619405876,7.05));
#2311=CARTESIAN_POINT('',(-4.68065125386643,0.6565619405876,7.05));
#2312=CARTESIAN_POINT('',(-2.34032562693335,0.6565619405876,7.05));
#2313=CARTESIAN_POINT('',(-4.38065125386643,0.9565619405876,7.35));
#2314=CARTESIAN_POINT('',(-2.34032562693335,0.9565619405876,7.35));
#2315=CARTESIAN_POINT('Origin',(-4.38065125386643,0.9565619405876,7.05));
#2316=CARTESIAN_POINT('Origin',(-4.38065125386643,1.09073999807292,7.05));
#2317=CARTESIAN_POINT('',(-4.68065125386643,1.09073999807292,7.05));
#2318=CARTESIAN_POINT('',(-4.38065125386643,1.09073999807292,7.35));
#2319=CARTESIAN_POINT('Origin',(-8.49294639276217,-2.1814799961459,7.35));
#2320=CARTESIAN_POINT('',(-8.49294639276217,-2.1814799961459,1.85));
#2321=CARTESIAN_POINT('',(-8.49294639276217,-2.1814799961459,7.35));
#2322=CARTESIAN_POINT('',(-8.49294639276217,2.1814799961459,1.85));
#2323=CARTESIAN_POINT('',(-8.49294639276217,-2.1814799961459,1.85));
#2324=CARTESIAN_POINT('',(-8.49294639276217,2.1814799961459,7.35));
#2325=CARTESIAN_POINT('Origin',(-4.68065125386643,-2.1814799961459,7.35));
#2326=CARTESIAN_POINT('',(-4.68065125386643,-2.1814799961459,1.85));
#2327=CARTESIAN_POINT('',(-4.68065125386643,-2.1814799961459,7.35));
#2328=CARTESIAN_POINT('',(-4.68065125386643,-2.1814799961459,1.85));
#2329=CARTESIAN_POINT('Origin',(-4.68065125386643,-0.6565619405876,7.35));
#2330=CARTESIAN_POINT('',(-4.68065125386643,-0.6565619405876,1.85));
#2331=CARTESIAN_POINT('',(-4.68065125386643,-0.6565619405876,7.35));
#2332=CARTESIAN_POINT('',(-4.68065125386643,2.1814799961459,1.85));
#2333=CARTESIAN_POINT('Origin',(-3.13455378086983,-0.6565619405876,7.35));
#2334=CARTESIAN_POINT('',(-3.13455378086983,-0.6565619405876,1.85));
#2335=CARTESIAN_POINT('',(-3.13455378086983,-0.6565619405876,7.35));
#2336=CARTESIAN_POINT('',(6.75623416282078,-0.6565619405876,1.85));
#2337=CARTESIAN_POINT('Origin',(-3.13455378086983,-2.1814799961459,7.35));
#2338=CARTESIAN_POINT('',(-3.13455378086983,-2.1814799961459,1.85));
#2339=CARTESIAN_POINT('',(-3.13455378086983,-2.1814799961459,7.35));
#2340=CARTESIAN_POINT('',(-3.13455378086983,-2.1814799961459,1.85));
#2341=CARTESIAN_POINT('Origin',(3.13455378086983,-2.1814799961459,7.35));
#2342=CARTESIAN_POINT('',(3.13455378086983,-2.1814799961459,1.85));
#2343=CARTESIAN_POINT('',(3.13455378086983,-2.1814799961459,7.35));
#2344=CARTESIAN_POINT('',(3.13455378086983,-2.1814799961459,1.85));
#2345=CARTESIAN_POINT('Origin',(3.13455378086983,-0.6565619405876,7.35));
#2346=CARTESIAN_POINT('',(3.13455378086983,-0.6565619405876,1.85));
#2347=CARTESIAN_POINT('',(3.13455378086983,-0.6565619405876,7.35));
#2348=CARTESIAN_POINT('',(3.13455378086983,2.1814799961459,1.85));
#2349=CARTESIAN_POINT('Origin',(4.68065125386589,-0.6565619405876,7.35));
#2350=CARTESIAN_POINT('',(4.68065125386589,-0.6565619405876,1.85));
#2351=CARTESIAN_POINT('',(4.68065125386589,-0.6565619405876,7.35));
#2352=CARTESIAN_POINT('',(6.75623416282078,-0.6565619405876,1.85));
#2353=CARTESIAN_POINT('Origin',(4.68065125386589,-2.1814799961459,7.35));
#2354=CARTESIAN_POINT('',(4.68065125386589,-2.1814799961459,1.85));
#2355=CARTESIAN_POINT('',(4.68065125386589,-2.1814799961459,7.35));
#2356=CARTESIAN_POINT('',(4.68065125386589,2.18147999614589,1.85));
#2357=CARTESIAN_POINT('Origin',(8.49294639276163,-2.1814799961459,7.35));
#2358=CARTESIAN_POINT('',(8.49294639276163,-2.1814799961459,1.85));
#2359=CARTESIAN_POINT('',(8.49294639276163,-2.1814799961459,7.35));
#2360=CARTESIAN_POINT('',(4.68065125386589,-2.1814799961459,1.85));
#2361=CARTESIAN_POINT('Origin',(-2.69784194983913E-13,-6.43929354282591E-14,
7.35));
#2362=CARTESIAN_POINT('',(9.59999999999973,3.04999999999994,7.35));
#2363=CARTESIAN_POINT('',(9.59999999999973,-3.05000000000006,7.35));
#2364=CARTESIAN_POINT('',(9.59999999999973,-1.67500000000006,7.35));
#2365=CARTESIAN_POINT('',(-9.60000000000027,3.04999999999994,7.35));
#2366=CARTESIAN_POINT('',(4.94999999999973,3.04999999999994,7.35));
#2367=CARTESIAN_POINT('',(-9.60000000000027,-3.05000000000006,7.35));
#2368=CARTESIAN_POINT('',(-9.60000000000027,1.67499999999994,7.35));
#2369=CARTESIAN_POINT('',(-4.95000000000027,-3.05000000000006,7.35));
#2370=CARTESIAN_POINT('Origin',(9.59999999999973,3.04999999999994,7.05));
#2371=CARTESIAN_POINT('',(9.89999999999973,3.04999999999994,7.05));
#2372=CARTESIAN_POINT('Origin',(9.59999999999973,3.04999999999994,7.05));
#2373=CARTESIAN_POINT('',(9.59999999999973,3.34999999999994,7.05));
#2374=CARTESIAN_POINT('Origin',(9.59999999999973,3.04999999999994,7.05));
#2375=CARTESIAN_POINT('Origin',(9.59999999999973,3.04999999999994,7.05));
#2376=CARTESIAN_POINT('Origin',(9.59999999999973,3.04999999999994,0.));
#2377=CARTESIAN_POINT('',(9.89999999999973,3.04999999999994,0.));
#2378=CARTESIAN_POINT('',(9.59999999999973,3.34999999999994,0.));
#2379=CARTESIAN_POINT('Origin',(9.59999999999973,3.04999999999994,0.));
#2380=CARTESIAN_POINT('',(9.59999999999973,3.34999999999994,0.));
#2381=CARTESIAN_POINT('',(9.89999999999973,3.04999999999994,0.));
#2382=CARTESIAN_POINT('Origin',(9.59999999999973,-3.05000000000006,7.05));
#2383=CARTESIAN_POINT('',(9.59999999999973,-3.35000000000006,7.05));
#2384=CARTESIAN_POINT('Origin',(9.59999999999973,-3.05000000000006,7.05));
#2385=CARTESIAN_POINT('',(9.89999999999973,-3.05000000000006,7.05));
#2386=CARTESIAN_POINT('Origin',(9.59999999999973,-3.05000000000006,7.05));
#2387=CARTESIAN_POINT('Origin',(9.59999999999973,-3.05000000000006,7.05));
#2388=CARTESIAN_POINT('Origin',(9.59999999999973,-3.05000000000006,0.));
#2389=CARTESIAN_POINT('',(9.59999999999973,-3.35000000000006,0.));
#2390=CARTESIAN_POINT('',(9.89999999999973,-3.05000000000006,0.));
#2391=CARTESIAN_POINT('Origin',(9.59999999999973,-3.05000000000006,0.));
#2392=CARTESIAN_POINT('',(9.89999999999973,-3.05000000000006,0.));
#2393=CARTESIAN_POINT('',(9.59999999999973,-3.35000000000006,0.));
#2394=CARTESIAN_POINT('Origin',(9.59999999999973,-1.67500000000006,7.05));
#2395=CARTESIAN_POINT('',(9.89999999999973,-1.67500000000006,7.05));
#2396=CARTESIAN_POINT('Origin',(-9.60000000000027,3.04999999999994,7.05));
#2397=CARTESIAN_POINT('',(-9.60000000000027,3.34999999999994,7.05));
#2398=CARTESIAN_POINT('Origin',(-9.60000000000027,3.04999999999994,7.05));
#2399=CARTESIAN_POINT('',(-9.90000000000027,3.04999999999994,7.05));
#2400=CARTESIAN_POINT('Origin',(-9.60000000000027,3.04999999999994,7.05));
#2401=CARTESIAN_POINT('Origin',(-9.60000000000027,3.04999999999994,7.05));
#2402=CARTESIAN_POINT('Origin',(-9.60000000000027,3.04999999999994,0.));
#2403=CARTESIAN_POINT('',(-9.60000000000027,3.34999999999994,0.));
#2404=CARTESIAN_POINT('',(-9.90000000000027,3.04999999999994,0.));
#2405=CARTESIAN_POINT('Origin',(-9.60000000000027,3.04999999999994,0.));
#2406=CARTESIAN_POINT('',(-9.90000000000027,3.04999999999994,0.));
#2407=CARTESIAN_POINT('',(-9.60000000000027,3.34999999999994,0.));
#2408=CARTESIAN_POINT('Origin',(-9.60000000000027,-3.05000000000006,7.05));
#2409=CARTESIAN_POINT('',(-9.90000000000027,-3.05000000000006,7.05));
#2410=CARTESIAN_POINT('Origin',(-9.60000000000027,-3.05000000000006,7.05));
#2411=CARTESIAN_POINT('',(-9.60000000000027,-3.35000000000006,7.05));
#2412=CARTESIAN_POINT('Origin',(-9.60000000000027,-3.05000000000006,7.05));
#2413=CARTESIAN_POINT('Origin',(-9.60000000000027,-3.05000000000006,7.05));
#2414=CARTESIAN_POINT('Origin',(-9.60000000000027,-3.05000000000006,0.));
#2415=CARTESIAN_POINT('',(-9.90000000000027,-3.05000000000006,0.));
#2416=CARTESIAN_POINT('',(-9.60000000000027,-3.35000000000006,0.));
#2417=CARTESIAN_POINT('Origin',(-9.60000000000027,-3.05000000000006,0.));
#2418=CARTESIAN_POINT('',(-9.60000000000027,-3.35000000000006,0.));
#2419=CARTESIAN_POINT('',(-9.90000000000027,-3.05000000000006,0.));
#2420=CARTESIAN_POINT('Origin',(-4.95000000000027,-3.05000000000006,7.05));
#2421=CARTESIAN_POINT('',(-4.95000000000027,-3.35000000000006,7.05));
#2422=CARTESIAN_POINT('Origin',(-9.60000000000027,1.67499999999994,7.05));
#2423=CARTESIAN_POINT('',(-9.90000000000027,1.67499999999994,7.05));
#2424=CARTESIAN_POINT('Origin',(4.94999999999973,3.04999999999994,7.05));
#2425=CARTESIAN_POINT('',(4.94999999999973,3.34999999999994,7.05));
#2426=CARTESIAN_POINT('Origin',(9.89999999999973,-3.35000000000006,0.));
#2427=CARTESIAN_POINT('',(9.89999999999973,-3.35000000000006,0.));
#2428=CARTESIAN_POINT('Origin',(-9.90000000000027,-3.35000000000006,0.));
#2429=CARTESIAN_POINT('',(-9.90000000000027,-3.35000000000006,0.));
#2430=CARTESIAN_POINT('Origin',(8.49294639276163,2.18147999614589,7.35));
#2431=CARTESIAN_POINT('',(8.49294639276163,2.18147999614589,1.85));
#2432=CARTESIAN_POINT('',(8.49294639276163,2.18147999614589,7.35));
#2433=CARTESIAN_POINT('',(8.49294639276163,-2.1814799961459,1.85));
#2434=CARTESIAN_POINT('Origin',(4.68065125386589,2.18147999614589,7.35));
#2435=CARTESIAN_POINT('',(4.68065125386589,2.18147999614589,1.85));
#2436=CARTESIAN_POINT('',(4.68065125386589,2.18147999614589,7.35));
#2437=CARTESIAN_POINT('',(8.49294639276163,2.18147999614589,1.85));
#2438=CARTESIAN_POINT('Origin',(4.68065125386589,0.6565619405876,7.35));
#2439=CARTESIAN_POINT('',(4.68065125386589,0.6565619405876,1.85));
#2440=CARTESIAN_POINT('',(4.68065125386589,0.6565619405876,7.35));
#2441=CARTESIAN_POINT('',(4.68065125386589,2.18147999614589,1.85));
#2442=CARTESIAN_POINT('Origin',(3.13455378086983,0.6565619405876,7.35));
#2443=CARTESIAN_POINT('',(3.13455378086983,0.6565619405876,1.85));
#2444=CARTESIAN_POINT('',(3.13455378086983,0.6565619405876,7.35));
#2445=CARTESIAN_POINT('',(-6.75623416282078,0.6565619405876,1.85));
#2446=CARTESIAN_POINT('Origin',(3.13455378086983,2.1814799961459,7.35));
#2447=CARTESIAN_POINT('',(3.13455378086983,2.1814799961459,1.85));
#2448=CARTESIAN_POINT('',(3.13455378086983,2.1814799961459,7.35));
#2449=CARTESIAN_POINT('',(3.13455378086983,2.1814799961459,1.85));
#2450=CARTESIAN_POINT('Origin',(-3.13455378086983,2.1814799961459,7.35));
#2451=CARTESIAN_POINT('',(-3.13455378086983,2.1814799961459,1.85));
#2452=CARTESIAN_POINT('',(-3.13455378086983,2.1814799961459,7.35));
#2453=CARTESIAN_POINT('',(-3.13455378086983,2.1814799961459,1.85));
#2454=CARTESIAN_POINT('Origin',(-3.13455378086983,0.6565619405876,7.35));
#2455=CARTESIAN_POINT('',(-3.13455378086983,0.6565619405876,1.85));
#2456=CARTESIAN_POINT('',(-3.13455378086983,0.6565619405876,7.35));
#2457=CARTESIAN_POINT('',(-3.13455378086983,-2.1814799961459,1.85));
#2458=CARTESIAN_POINT('Origin',(-4.68065125386643,0.6565619405876,7.35));
#2459=CARTESIAN_POINT('',(-4.68065125386643,0.6565619405876,1.85));
#2460=CARTESIAN_POINT('',(-4.68065125386643,0.6565619405876,7.35));
#2461=CARTESIAN_POINT('',(-6.75623416282078,0.6565619405876,1.85));
#2462=CARTESIAN_POINT('Origin',(-4.68065125386643,2.1814799961459,7.35));
#2463=CARTESIAN_POINT('',(-4.68065125386643,2.1814799961459,1.85));
#2464=CARTESIAN_POINT('',(-4.68065125386643,2.1814799961459,7.35));
#2465=CARTESIAN_POINT('',(-4.68065125386643,2.1814799961459,1.85));
#2466=CARTESIAN_POINT('Origin',(-8.49294639276217,2.1814799961459,7.35));
#2467=CARTESIAN_POINT('',(-8.49294639276217,2.1814799961459,1.85));
#2468=CARTESIAN_POINT('Origin',(-2.69784194983913E-13,-1.94289029309402E-15,
1.85));
#2469=CARTESIAN_POINT('Origin',(-9.90000000000027,3.34999999999994,0.));
#2470=CARTESIAN_POINT('',(-9.90000000000027,3.34999999999994,0.));
#2471=CARTESIAN_POINT('Origin',(9.89999999999973,3.34999999999994,0.));
#2472=CARTESIAN_POINT('',(9.89999999999973,3.34999999999994,0.));
#2473=CARTESIAN_POINT('Origin',(-2.69784194983913E-13,-6.43929354282591E-14,
0.));
#2474=CARTESIAN_POINT('Origin',(-7.34210678118655,1.575,-2.75));
#2475=CARTESIAN_POINT('',(-7.24210678118655,1.75,-2.85));
#2476=CARTESIAN_POINT('',(-7.24210678118655,1.65,-2.85));
#2477=CARTESIAN_POINT('',(-7.24210678118655,1.575,-2.85));
#2478=CARTESIAN_POINT('',(-7.44210678118655,1.45,-2.65));
#2479=CARTESIAN_POINT('',(-7.24210678118655,1.65,-2.85));
#2480=CARTESIAN_POINT('',(-7.44210678118655,1.95,-2.65));
#2481=CARTESIAN_POINT('',(-7.44210678118655,1.575,-2.65));
#2482=CARTESIAN_POINT('',(-7.24210678118655,1.75,-2.85));
#2483=CARTESIAN_POINT('Origin',(-6.38144660940672,1.55,-2.75));
#2484=CARTESIAN_POINT('',(-6.22789321881345,1.65,-2.85));
#2485=CARTESIAN_POINT('',(-6.38144660940672,1.65,-2.85));
#2486=CARTESIAN_POINT('',(-6.02789321881345,1.45,-2.65));
#2487=CARTESIAN_POINT('',(-6.22789321881345,1.65,-2.85));
#2488=CARTESIAN_POINT('',(-6.38144660940672,1.45,-2.65));
#2489=CARTESIAN_POINT('Origin',(-6.12789321881345,1.825,-2.75));
#2490=CARTESIAN_POINT('',(-6.22789321881345,1.75,-2.85));
#2491=CARTESIAN_POINT('',(-6.22789321881345,1.825,-2.85));
#2492=CARTESIAN_POINT('',(-6.02789321881345,1.95,-2.65));
#2493=CARTESIAN_POINT('',(-6.22789321881345,1.75,-2.85));
#2494=CARTESIAN_POINT('',(-6.02789321881345,1.825,-2.65));
#2495=CARTESIAN_POINT('Origin',(-7.08855339059327,1.85,-2.75));
#2496=CARTESIAN_POINT('',(-7.08855339059327,1.95,-2.65));
#2497=CARTESIAN_POINT('',(-7.08855339059327,1.75,-2.85));
#2498=CARTESIAN_POINT('Origin',(-7.44210678118655,1.95,0.));
#2499=CARTESIAN_POINT('',(-7.44210678118655,1.95,0.));
#2500=CARTESIAN_POINT('',(-7.44210678118655,1.95,0.));
#2501=CARTESIAN_POINT('',(-6.02789321881345,1.95,0.));
#2502=CARTESIAN_POINT('',(-7.44210678118655,1.95,0.));
#2503=CARTESIAN_POINT('',(-6.02789321881345,1.95,0.));
#2504=CARTESIAN_POINT('Origin',(-7.44210678118655,1.45,0.));
#2505=CARTESIAN_POINT('',(-7.44210678118655,1.45,0.));
#2506=CARTESIAN_POINT('',(-7.44210678118655,1.45,0.));
#2507=CARTESIAN_POINT('',(-7.44210678118655,1.45,0.));
#2508=CARTESIAN_POINT('Origin',(-6.735,1.7,-2.85));
#2509=CARTESIAN_POINT('Origin',(-6.02789321881345,1.45,0.));
#2510=CARTESIAN_POINT('',(-6.02789321881345,1.45,0.));
#2511=CARTESIAN_POINT('',(-6.02789321881345,1.45,0.));
#2512=CARTESIAN_POINT('',(-6.02789321881345,1.45,0.));
#2513=CARTESIAN_POINT('Origin',(-6.02789321881345,1.95,0.));
#2514=CARTESIAN_POINT('',(-6.02789321881345,1.95,0.));
#2515=CARTESIAN_POINT('Origin',(-6.735,1.7,0.));
#2516=CARTESIAN_POINT('Origin',(6.085,1.575,-2.75));
#2517=CARTESIAN_POINT('',(6.185,1.75,-2.85));
#2518=CARTESIAN_POINT('',(6.185,1.65,-2.85));
#2519=CARTESIAN_POINT('',(6.185,1.575,-2.85));
#2520=CARTESIAN_POINT('',(5.985,1.45,-2.65));
#2521=CARTESIAN_POINT('',(6.185,1.65,-2.85));
#2522=CARTESIAN_POINT('',(5.985,1.95,-2.65));
#2523=CARTESIAN_POINT('',(5.985,1.575,-2.65));
#2524=CARTESIAN_POINT('',(6.185,1.75,-2.85));
#2525=CARTESIAN_POINT('Origin',(7.11,1.55,-2.75));
#2526=CARTESIAN_POINT('',(7.285,1.65,-2.85));
#2527=CARTESIAN_POINT('',(7.11,1.65,-2.85));
#2528=CARTESIAN_POINT('',(7.485,1.45,-2.65));
#2529=CARTESIAN_POINT('',(7.285,1.65,-2.85));
#2530=CARTESIAN_POINT('',(7.11,1.45,-2.65));
#2531=CARTESIAN_POINT('Origin',(7.385,1.825,-2.75));
#2532=CARTESIAN_POINT('',(7.285,1.75,-2.85));
#2533=CARTESIAN_POINT('',(7.285,1.825,-2.85));
#2534=CARTESIAN_POINT('',(7.485,1.95,-2.65));
#2535=CARTESIAN_POINT('',(7.285,1.75,-2.85));
#2536=CARTESIAN_POINT('',(7.485,1.825,-2.65));
#2537=CARTESIAN_POINT('Origin',(6.36,1.85,-2.75));
#2538=CARTESIAN_POINT('',(6.36,1.95,-2.65));
#2539=CARTESIAN_POINT('',(6.36,1.75,-2.85));
#2540=CARTESIAN_POINT('Origin',(5.985,1.95,0.));
#2541=CARTESIAN_POINT('',(5.985,1.95,0.));
#2542=CARTESIAN_POINT('',(5.985,1.95,0.));
#2543=CARTESIAN_POINT('',(7.485,1.95,0.));
#2544=CARTESIAN_POINT('',(5.985,1.95,0.));
#2545=CARTESIAN_POINT('',(7.485,1.95,0.));
#2546=CARTESIAN_POINT('Origin',(5.985,1.45,0.));
#2547=CARTESIAN_POINT('',(5.985,1.45,0.));
#2548=CARTESIAN_POINT('',(5.985,1.45,0.));
#2549=CARTESIAN_POINT('',(5.985,1.45,0.));
#2550=CARTESIAN_POINT('Origin',(6.735,1.7,-2.85));
#2551=CARTESIAN_POINT('Origin',(7.485,1.45,0.));
#2552=CARTESIAN_POINT('',(7.485,1.45,0.));
#2553=CARTESIAN_POINT('',(7.485,1.45,0.));
#2554=CARTESIAN_POINT('',(7.485,1.45,0.));
#2555=CARTESIAN_POINT('Origin',(7.485,1.95,0.));
#2556=CARTESIAN_POINT('',(7.485,1.95,0.));
#2557=CARTESIAN_POINT('Origin',(6.735,1.7,0.));
#2558=CARTESIAN_POINT('Origin',(-7.385,-1.825,-2.75));
#2559=CARTESIAN_POINT('',(-7.285,-1.65,-2.85));
#2560=CARTESIAN_POINT('',(-7.285,-1.75,-2.85));
#2561=CARTESIAN_POINT('',(-7.285,-1.825,-2.85));
#2562=CARTESIAN_POINT('',(-7.485,-1.95,-2.65));
#2563=CARTESIAN_POINT('',(-7.285,-1.75,-2.85));
#2564=CARTESIAN_POINT('',(-7.485,-1.45,-2.65));
#2565=CARTESIAN_POINT('',(-7.485,-1.825,-2.65));
#2566=CARTESIAN_POINT('',(-7.285,-1.65,-2.85));
#2567=CARTESIAN_POINT('Origin',(-6.36,-1.85,-2.75));
#2568=CARTESIAN_POINT('',(-6.185,-1.75,-2.85));
#2569=CARTESIAN_POINT('',(-6.36,-1.75,-2.85));
#2570=CARTESIAN_POINT('',(-5.985,-1.95,-2.65));
#2571=CARTESIAN_POINT('',(-6.185,-1.75,-2.85));
#2572=CARTESIAN_POINT('',(-6.36,-1.95,-2.65));
#2573=CARTESIAN_POINT('Origin',(-6.085,-1.575,-2.75));
#2574=CARTESIAN_POINT('',(-6.185,-1.65,-2.85));
#2575=CARTESIAN_POINT('',(-6.185,-1.575,-2.85));
#2576=CARTESIAN_POINT('',(-5.985,-1.45,-2.65));
#2577=CARTESIAN_POINT('',(-6.185,-1.65,-2.85));
#2578=CARTESIAN_POINT('',(-5.985,-1.575,-2.65));
#2579=CARTESIAN_POINT('Origin',(-7.11,-1.55,-2.75));
#2580=CARTESIAN_POINT('',(-7.11,-1.45,-2.65));
#2581=CARTESIAN_POINT('',(-7.11,-1.65,-2.85));
#2582=CARTESIAN_POINT('Origin',(-7.485,-1.45,0.));
#2583=CARTESIAN_POINT('',(-7.485,-1.45,0.));
#2584=CARTESIAN_POINT('',(-7.485,-1.45,0.));
#2585=CARTESIAN_POINT('',(-5.985,-1.45,0.));
#2586=CARTESIAN_POINT('',(-7.485,-1.45,0.));
#2587=CARTESIAN_POINT('',(-5.985,-1.45,0.));
#2588=CARTESIAN_POINT('Origin',(-7.485,-1.95,0.));
#2589=CARTESIAN_POINT('',(-7.485,-1.95,0.));
#2590=CARTESIAN_POINT('',(-7.485,-1.95,0.));
#2591=CARTESIAN_POINT('',(-7.485,-1.95,0.));
#2592=CARTESIAN_POINT('Origin',(-6.735,-1.7,-2.85));
#2593=CARTESIAN_POINT('Origin',(-5.985,-1.95,0.));
#2594=CARTESIAN_POINT('',(-5.985,-1.95,0.));
#2595=CARTESIAN_POINT('',(-5.985,-1.95,0.));
#2596=CARTESIAN_POINT('',(-5.985,-1.95,0.));
#2597=CARTESIAN_POINT('Origin',(-5.985,-1.45,0.));
#2598=CARTESIAN_POINT('',(-5.985,-1.45,0.));
#2599=CARTESIAN_POINT('Origin',(-6.735,-1.7,0.));
#2600=CARTESIAN_POINT('Origin',(6.085,-1.825,-2.75));
#2601=CARTESIAN_POINT('',(6.185,-1.65,-2.85));
#2602=CARTESIAN_POINT('',(6.185,-1.75,-2.85));
#2603=CARTESIAN_POINT('',(6.185,-1.825,-2.85));
#2604=CARTESIAN_POINT('',(5.985,-1.95,-2.65));
#2605=CARTESIAN_POINT('',(6.185,-1.75,-2.85));
#2606=CARTESIAN_POINT('',(5.985,-1.45,-2.65));
#2607=CARTESIAN_POINT('',(5.985,-1.825,-2.65));
#2608=CARTESIAN_POINT('',(6.185,-1.65,-2.85));
#2609=CARTESIAN_POINT('Origin',(7.11,-1.85,-2.75));
#2610=CARTESIAN_POINT('',(7.285,-1.75,-2.85));
#2611=CARTESIAN_POINT('',(7.11,-1.75,-2.85));
#2612=CARTESIAN_POINT('',(7.485,-1.95,-2.65));
#2613=CARTESIAN_POINT('',(7.285,-1.75,-2.85));
#2614=CARTESIAN_POINT('',(7.11,-1.95,-2.65));
#2615=CARTESIAN_POINT('Origin',(7.385,-1.575,-2.75));
#2616=CARTESIAN_POINT('',(7.285,-1.65,-2.85));
#2617=CARTESIAN_POINT('',(7.285,-1.575,-2.85));
#2618=CARTESIAN_POINT('',(7.485,-1.45,-2.65));
#2619=CARTESIAN_POINT('',(7.285,-1.65,-2.85));
#2620=CARTESIAN_POINT('',(7.485,-1.575,-2.65));
#2621=CARTESIAN_POINT('Origin',(6.36,-1.55,-2.75));
#2622=CARTESIAN_POINT('',(6.36,-1.45,-2.65));
#2623=CARTESIAN_POINT('',(6.36,-1.65,-2.85));
#2624=CARTESIAN_POINT('Origin',(5.985,-1.45,0.));
#2625=CARTESIAN_POINT('',(5.985,-1.45,0.));
#2626=CARTESIAN_POINT('',(5.985,-1.45,0.));
#2627=CARTESIAN_POINT('',(7.485,-1.45,0.));
#2628=CARTESIAN_POINT('',(5.985,-1.45,0.));
#2629=CARTESIAN_POINT('',(7.485,-1.45,0.));
#2630=CARTESIAN_POINT('Origin',(5.985,-1.95,0.));
#2631=CARTESIAN_POINT('',(5.985,-1.95,0.));
#2632=CARTESIAN_POINT('',(5.985,-1.95,0.));
#2633=CARTESIAN_POINT('',(5.985,-1.95,0.));
#2634=CARTESIAN_POINT('Origin',(6.735,-1.7,-2.85));
#2635=CARTESIAN_POINT('Origin',(7.485,-1.95,0.));
#2636=CARTESIAN_POINT('',(7.485,-1.95,0.));
#2637=CARTESIAN_POINT('',(7.485,-1.95,0.));
#2638=CARTESIAN_POINT('',(7.485,-1.95,0.));
#2639=CARTESIAN_POINT('Origin',(7.485,-1.45,0.));
#2640=CARTESIAN_POINT('',(7.485,-1.45,0.));
#2641=CARTESIAN_POINT('Origin',(6.735,-1.7,0.));
#2642=UNCERTAINTY_MEASURE_WITH_UNIT(LENGTH_MEASURE(0.01),#2646,
'DISTANCE_ACCURACY_VALUE',
'Maximum model space distance between geometric entities at asserted c
onnectivities');
#2643=UNCERTAINTY_MEASURE_WITH_UNIT(LENGTH_MEASURE(0.01),#2646,
'DISTANCE_ACCURACY_VALUE',
'Maximum model space distance between geometric entities at asserted c
onnectivities');
#2644=(
GEOMETRIC_REPRESENTATION_CONTEXT(3)
GLOBAL_UNCERTAINTY_ASSIGNED_CONTEXT((#2642))
GLOBAL_UNIT_ASSIGNED_CONTEXT((#2646,#2648,#2649))
REPRESENTATION_CONTEXT('','3D')
);
#2645=(
GEOMETRIC_REPRESENTATION_CONTEXT(3)
GLOBAL_UNCERTAINTY_ASSIGNED_CONTEXT((#2643))
GLOBAL_UNIT_ASSIGNED_CONTEXT((#2646,#2648,#2649))
REPRESENTATION_CONTEXT('','3D')
);
#2646=(
LENGTH_UNIT()
NAMED_UNIT(*)
SI_UNIT(.MILLI.,.METRE.)
);
#2647=(
LENGTH_UNIT()
NAMED_UNIT(*)
SI_UNIT($,.METRE.)
);
#2648=(
NAMED_UNIT(*)
PLANE_ANGLE_UNIT()
SI_UNIT($,.RADIAN.)
);
#2649=(
NAMED_UNIT(*)
SI_UNIT($,.STERADIAN.)
SOLID_ANGLE_UNIT()
);
#2650=SHAPE_DEFINITION_REPRESENTATION(#2651,#2652);
#2651=PRODUCT_DEFINITION_SHAPE('',$,#2654);
#2652=SHAPE_REPRESENTATION('',(#1610),#2644);
#2653=PRODUCT_DEFINITION_CONTEXT('part definition',#2658,'design');
#2654=PRODUCT_DEFINITION('XFCN XF-508P-A-B','XFCN XF-508P-A-B v0',#2655,
#2653);
#2655=PRODUCT_DEFINITION_FORMATION('',$,#2660);
#2656=PRODUCT_RELATED_PRODUCT_CATEGORY('XFCN XF-508P-A-B v0',
'XFCN XF-508P-A-B v0',(#2660));
#2657=APPLICATION_PROTOCOL_DEFINITION('international standard',
'automotive_design',2009,#2658);
#2658=APPLICATION_CONTEXT(
'Core Data for Automotive Mechanical Design Process');
#2659=PRODUCT_CONTEXT('part definition',#2658,'mechanical');
#2660=PRODUCT('XFCN XF-508P-A-B','XFCN XF-508P-A-B v0',$,(#2659));
#2661=PRESENTATION_STYLE_ASSIGNMENT((#2664));
#2662=PRESENTATION_STYLE_ASSIGNMENT((#2665));
#2663=PRESENTATION_STYLE_ASSIGNMENT((#2666));
#2664=SURFACE_STYLE_USAGE(.BOTH.,#2667);
#2665=SURFACE_STYLE_USAGE(.BOTH.,#2668);
#2666=SURFACE_STYLE_USAGE(.BOTH.,#2669);
#2667=SURFACE_SIDE_STYLE('',(#2670));
#2668=SURFACE_SIDE_STYLE('',(#2671));
#2669=SURFACE_SIDE_STYLE('',(#2672));
#2670=SURFACE_STYLE_FILL_AREA(#2673);
#2671=SURFACE_STYLE_FILL_AREA(#2674);
#2672=SURFACE_STYLE_FILL_AREA(#2675);
#2673=FILL_AREA_STYLE('Steel - Satin',(#2676));
#2674=FILL_AREA_STYLE('Nylon 6-6 (White)',(#2677));
#2675=FILL_AREA_STYLE('Nickel - Satin',(#2678));
#2676=FILL_AREA_STYLE_COLOUR('Steel - Satin',#2679);
#2677=FILL_AREA_STYLE_COLOUR('Nylon 6-6 (White)',#2680);
#2678=FILL_AREA_STYLE_COLOUR('Nickel - Satin',#2681);
#2679=COLOUR_RGB('Steel - Satin',0.627450980392157,0.627450980392157,0.627450980392157);
#2680=COLOUR_RGB('Nylon 6-6 (White)',0.207843137254902,0.207843137254902,
0.203921568627451);
#2681=COLOUR_RGB('Nickel - Satin',0.819607843137255,0.8,0.752941176470588);
ENDSEC;
END-ISO-10303-21;
